sample_id,source_relpath,sha256,assigned_label
classification/train/0/00002.jpg,classification/train/0/00002.jpg,132e8159ba3ef4fe5f3a45555141785cf057a96791bf2896b364208fcf828ea2,0
classification/train/0/00005.jpg,classification/train/0/00005.jpg,e19a6c1c321987d985b0fccdc62de601e88ad957a408b7b65de120d47db987e3,0
classification/train/0/00011.jpg,classification/train/0/00011.jpg,0cab76e1d53f47d6dff9b4806e98963167abe5ca6d24192fb24c796eb76db549,0
classification/train/0/00017.jpg,classification/train/0/00017.jpg,a562229f6e244dcd7298deb3cd14470a0d6804cc68dd21729845bc782b8893d3,0
classification/train/0/00019.jpg,classification/train/0/00019.jpg,7e6841feb7f555a0d540b4ed85da82aaf2a5a4fcb6bb4199d93b27fd2018a6bc,0
classification/train/0/00021.jpg,classification/train/0/00021.jpg,039f05ac20188ab6a70b8a537964f33ce22dbc5ab2284e54c3d604812763cf49,0
classification/train/0/00024.jpg,classification/train/0/00024.jpg,8f85cdc24d1b873749eb38d18e5096b818a3f54fcf3e602302343ba6725b6175,0
classification/train/0/00025.jpg,classification/train/0/00025.jpg,d3bbeb5159babeb15b96d4f43afa80c3a71ffd8a28f61deb24ed60aef86d90a5,0
classification/train/0/00041.jpg,classification/train/0/00041.jpg,3361204ded92daeeca6aed66b17fd422555f67165dd2a1f1f53ac67307b1de90,0
classification/train/0/00042.jpg,classification/train/0/00042.jpg,83a21ff3a7358872e2048daf2b05c5dda5457ba9d5ec062e43e2ba137d63e17c,0
classification/train/0/00053.jpg,classification/train/0/00053.jpg,19fe1a02b9450b0bd90e414b77a955b4e6b40b273cb12607212ba7c4626486e8,0
classification/train/0/00055.jpg,classification/train/0/00055.jpg,6cd8e56367a9e068f442e7f3da18217b6f9bd86be8a954b0adfc14d7e3d7a718,0
classification/train/0/00060.jpg,classification/train/0/00060.jpg,f99cab2828469fa67348b55a3b12400f1d6b5957b46e0673e6e8102e5102a867,0
classification/train/0/00074.jpg,classification/train/0/00074.jpg,6022f565136e7aaa28a45a2c6b07d1e6b47aed41420d7f7446856dbd6ee0ff54,0
classification/train/0/00081.jpg,classification/train/0/00081.jpg,ce34056ed2ab4148dec9b5d94a87200f0468761871a0506dba01ad645f42bfd5,0
classification/train/0/00086.jpg,classification/train/0/00086.jpg,9903d806db37abbfe14bfe8f8b0f2d20a7626b264db0efce676df1d69903fa93,0
classification/train/0/00096.jpg,classification/train/0/00096.jpg,456a5436af569ec6f8fd4b73546b7c133025e01be5c12fdeea4577fb2d27d101,0
classification/train/0/00101.jpg,classification/train/0/00101.jpg,5571e0602e74ff0d4d40ccb4dc5635a5ddf711ba5ddb4037b35b55593aca51a7,0
classification/train/0/00129.jpg,classification/train/0/00129.jpg,19e71c37d7113c900401f7a2527804c189e45f14661d20536dacc0e1a56c487a,0
classification/train/0/00131.jpg,classification/train/0/00131.jpg,6e8740cd515c44f721a5d66098a9dd7749948954a8a4a2e6f6e4946e2d2886a8,0
classification/train/0/00145.jpg,classification/train/0/00145.jpg,4df6d4eae8b3c1336047cdd8fe5d2b7146a2c2cb86bee3846a188a431ed11102,0
classification/train/0/00148.jpg,classification/train/0/00148.jpg,e7e9b7d6a9da985284755ce641c5a0cc2c1070b4ab3bab76575b3fbcf660d9e5,0
classification/train/0/00149.jpg,classification/train/0/00149.jpg,47fb994f1e5a4a516c839cea97e75163df435b291625351ab34bdaaac9c30f50,0
classification/train/0/00151.jpg,classification/train/0/00151.jpg,e669a45bb8494216e6369dbc2d16853132edfe5838abaa9fbb5b83a2f95caaa4,0
classification/train/0/00159.jpg,classification/train/0/00159.jpg,cf7a0c9cbd7e0c6329e727ec9571fa71f0843cfcb3a31fdfbf7604923295e917,0
classification/train/0/00160.jpg,classification/train/0/00160.jpg,14b943ca2cadf77e0560d0b3ed80d1924fac7ad94d029c9e93692e4db0303f47,0
classification/train/0/00163.jpg,classification/train/0/00163.jpg,d79fe7d0396f1595e3c0a617ffbb6fd08d7dceef985be281d4bc320f11cc36d5,0
classification/train/0/00168.jpg,classification/train/0/00168.jpg,6d17be6046e58163559a8c5893cd84b5ffcda6739f0db992e9ba2769f762a1b6,0
classification/train/0/00171.jpg,classification/train/0/00171.jpg,8e079942d3bcef9bd7eb87180abf7d2b4647a51d2d58ce56c85d767f1040f15b,0
classification/train/0/00180.jpg,classification/train/0/00180.jpg,0f58da2e8575a917e9520bb328b5ab04f7ccb0ee5565c40d0b7efc3abd1fae4d,0
classification/train/0/00189.jpg,classification/train/0/00189.jpg,db94b3f84b3728fec482c55c0669d3370b9f0e96ce9b8e66fc4f769af4669e65,0
classification/train/0/00196.jpg,classification/train/0/00196.jpg,fdd0ccb3debee59b8cab3b87b5ba41b4aaf9ddc48fd45237186a340825ed1850,0
classification/train/0/00201.jpg,classification/train/0/00201.jpg,0926caddf4010fdd80d4f4531fe1f32874b761d4adacdc5b4c1bd7856efaecda,0
classification/train/0/00203.jpg,classification/train/0/00203.jpg,9ff5bf162c1f1f39d9673fbed983b283c2884691fdf8320c63aaa5b1170f6302,0
classification/train/0/00206.jpg,classification/train/0/00206.jpg,9d07749766081954bc73076daa0fa2017be0e4c3d3000ad2a0e7ea664319fd1a,0
classification/train/0/00219.jpg,classification/train/0/00219.jpg,e426c2a88a525ee917d1afa49a106998e3179a64319b8a84d9459909fced2e1e,0
classification/train/0/00221.jpg,classification/train/0/00221.jpg,be16f1acf69bba55d1b1be2943ebd08f76150c3535ffcf15354034e06119d643,0
classification/train/0/00228.jpg,classification/train/0/00228.jpg,ee02776f0275fd86cc3fe671a66d96d565f8142df09294988975faa6a46ec28f,0
classification/train/0/00235.jpg,classification/train/0/00235.jpg,c500726902a030cac98769980d560241bb9caa1d1940c65f32055945428bf153,0
classification/train/0/00239.jpg,classification/train/0/00239.jpg,afae21da12de43a76a96712a4bc2ed280931b0f8cb546d94f0bb47211f2e9c11,0
classification/train/0/00244.jpg,classification/train/0/00244.jpg,7fff1e98f06660677bebd966cf67dd39a47d4167ce3745259f1c9346bfd495ec,0
classification/train/0/00249.jpg,classification/train/0/00249.jpg,cf9c99379394ba173df01c6f858c6e70375018160945263142765e05da1add09,0
classification/train/0/00252.jpg,classification/train/0/00252.jpg,8414620ed1fbed92c0c28dd6c1779e4cab25184e9fbb7da51c3612d902865efd,0
classification/train/0/00257.jpg,classification/train/0/00257.jpg,10909f36d464ad70cf1c1106964666b5f72d97f4268d17f00b850f0671e754c9,0
classification/train/0/00267.jpg,classification/train/0/00267.jpg,c8b8d7e45382c7be6ac80d4421045fadae028449f4203a305d31adeb958c1052,0
classification/train/0/00270.jpg,classification/train/0/00270.jpg,b84f180abcef251193d0cd4b01864215d7769e7d0765de919c0f91fea6ee50e8,0
classification/train/0/00271.jpg,classification/train/0/00271.jpg,48ae80ad2f28f244cd47ee871e5c05ff1b3a0b237301856bd048b1077efb05ff,0
classification/train/0/00289.jpg,classification/train/0/00289.jpg,3d9c7386c1fa06e5aa92d3a35231d7c37186424a751a95a5a67736f31f12f433,0
classification/train/0/00293.jpg,classification/train/0/00293.jpg,b72350e427928ac86739573b00d50e40f6cfc36379371a09a169c0070d703bab,0
classification/train/0/00302.jpg,classification/train/0/00302.jpg,cc1049fb7d6896124eccac0fc7a59dbe788807a1571f07d8a96fb61da3dc5adf,0
classification/train/0/00308.jpg,classification/train/0/00308.jpg,3cf2ec5f012bbf3678e789df35da78c11b479953d0683d6010f9cf5ff548659c,0
classification/train/0/00321.jpg,classification/train/0/00321.jpg,5def6b3cdf75c6bc1c611e1ed2b50283dbef2b0b73ebbe9e66a0775432274049,0
classification/train/0/00329.jpg,classification/train/0/00329.jpg,a8a9dcc623267832eb5c33772268c11c6925950bbb4f5701f923555869e81519,0
classification/train/0/00330.jpg,classification/train/0/00330.jpg,87f69a98d3f1c00308c84cab6d178deb05ff80fdc4cc3abca1c561028b97ec62,0
classification/train/0/00335.jpg,classification/train/0/00335.jpg,37b58d24606856c59eb44b1a4743ba4827980e3e3d6e118216b692321ae7c072,0
classification/train/0/00353.jpg,classification/train/0/00353.jpg,574407a883a1786211c3a65199c1c978ba0d877c257b73ae9cc882ba3e8c26d6,0
classification/train/0/00366.jpg,classification/train/0/00366.jpg,8beec58469be1527ea6b179fb22b2724c6f24f556855652fa3209e2d734dbc14,0
classification/train/0/00378.jpg,classification/train/0/00378.jpg,692691c87ef9620f31d40265ff0dd4f5cded697dd59b56221451670e38bbd326,0
classification/train/0/00379.jpg,classification/train/0/00379.jpg,4ec4d40cb220623d4da01d3ffbdc0fbdd2caaabba8dfc6c6d5c5c077a89e2582,0
classification/train/0/00380.jpg,classification/train/0/00380.jpg,373b88181d7b29a62801271e999c0e5f27f8fcac3e8cbdac4facac3ff9e2f36e,0
classification/train/0/00385.jpg,classification/train/0/00385.jpg,faa765547329342e33c0763d33ab1c6988c2c1dd150de94482116687699b5b4b,0
classification/train/0/00393.jpg,classification/train/0/00393.jpg,88e7f066b29228ec88e45ef9501d484a9a28f7849450f9aa4db33b621b8a2d31,0
classification/train/0/00399.jpg,classification/train/0/00399.jpg,b1ef2b9d88381b76336c4ced1c2a85bd8bc141e964d73d7ac92f660af7283930,0
classification/train/0/00401.jpg,classification/train/0/00401.jpg,d8d92b1bac9102b6c72d140387cc360f6377a002925c25698095faefec941611,0
classification/train/0/00420.jpg,classification/train/0/00420.jpg,2eb243a0f8584bd4aaf4996c305695615da9f93aa507c7be44af93493acbc26f,0
classification/train/0/00425.jpg,classification/train/0/00425.jpg,fcb87b19c492f670f3db7e4057d94f998768f351a7ee8eb7aff5344ec17b6db0,0
classification/train/0/00429.jpg,classification/train/0/00429.jpg,87ace90772e1e65fd9c8043035e44d47fb00639b74afcbfca4d7e17e4697a264,0
classification/train/0/00437.jpg,classification/train/0/00437.jpg,a4a921b20cfd800ba7b8a5d1129d85c40cbb0375bb350a865e7998bbf4aa61ac,0
classification/train/0/00441.jpg,classification/train/0/00441.jpg,2a820898a7cb440bc9eea34d676192f0d9c38de83ad83fa2d686f2e14ece1ecb,0
classification/train/0/00447.jpg,classification/train/0/00447.jpg,af0c79bd7556d2d4b011071285032d132de4a5c9c00a4a7c3a1a304ffa438176,0
classification/train/0/00450.jpg,classification/train/0/00450.jpg,666fa400f04b8550bcad2e3536ce341f99c8e53c4e40e32bd71f4c038fa69f93,0
classification/train/0/00463.jpg,classification/train/0/00463.jpg,dcd92e2bb67d82d994d4631252d8c9ed39cbb0a92447deddf9ccb187d9bb9b73,0
classification/train/0/00465.jpg,classification/train/0/00465.jpg,04caee2041218600ba45c1ebe623ad3c677c003887ad6cbb89f1597328dad469,0
classification/train/0/00466.jpg,classification/train/0/00466.jpg,c08ddb7588e3e192ff26baefdbc82f55e92c46754400abf0d1eb28d97faa5f63,0
classification/train/0/00494.jpg,classification/train/0/00494.jpg,56b1029dd5045764a721b902e7354c6f18a89a59c43bd9ff7e267356593d9595,0
classification/train/0/00497.jpg,classification/train/0/00497.jpg,e964ee1fef79f354743155d6227688f8fc5285e7c20fd6ce255d84a624a9e585,0
classification/train/0/00501.jpg,classification/train/0/00501.jpg,3b1ef6675a12df00158f9da4eedcac86ada1d53e90c8f89720b646fe34e03861,0
classification/train/0/00504.jpg,classification/train/0/00504.jpg,b7c9ea13a2996e548faec1bdc1696d227450a96389c08eb40c3d1a72803d9a68,0
classification/train/0/00510.jpg,classification/train/0/00510.jpg,ebef89633963bafbba1c0f0d5824b35ab7ff48b1c9391c5f78e374804b1950be,0
classification/train/0/00511.jpg,classification/train/0/00511.jpg,388f1b03ee002ef86b5f00be9008dbe53298f66f2934d4277bd8c842bfb3f64b,0
classification/train/0/00533.jpg,classification/train/0/00533.jpg,2eceb31ac71110400c5fb12ecea0670d3afcb51cafd3fc87ff2ae27909ca3838,0
classification/train/0/00537.jpg,classification/train/0/00537.jpg,2304b497eae796653987c5cc109b7593dd3ed0b3f643d0ee07f4362a397c6917,0
classification/train/0/00538.jpg,classification/train/0/00538.jpg,3d5848e4eef1c93d6911ccdfff5411b787c94270bc7f5bca392bb40a6c9870ac,0
classification/train/0/00549.jpg,classification/train/0/00549.jpg,ffe985c004f578b508becf20a0c5b47b866f3f989ab051d779f5e17186efc22e,0
classification/train/0/00553.jpg,classification/train/0/00553.jpg,26f34bbd1019186f9deacd7d900b9d496b2f93bdadd642b0debbbf943d78a1d3,0
classification/train/0/00556.jpg,classification/train/0/00556.jpg,da3a9db13a3e6e22d93e15020526788561775789377f7f7b1269e6057f4cfaa9,0
classification/train/0/00561.jpg,classification/train/0/00561.jpg,e4dff78688366d097de5a0b568537027df0d2d0f8c0ebee6e84738563f555dc2,0
classification/train/0/00567.jpg,classification/train/0/00567.jpg,62dd7da5a2b107c10f64552d39b5ad831d93271f923c631a501c1c7f2c851397,0
classification/train/0/00599.jpg,classification/train/0/00599.jpg,31d45b00faad08a3d172ffbad39c0f77023864673765a558f360e64b76058226,0
classification/train/0/00601.jpg,classification/train/0/00601.jpg,9c7724420c78771ff68d3257ef38e5d12645bd9bf43f30cb0d40732cf3d40823,0
classification/train/0/00609.jpg,classification/train/0/00609.jpg,dc64e2f4dcf907ce59a16b6fb2c84da126cedcaff10c4d17b6c6b140550ff9af,0
classification/train/0/00621.jpg,classification/train/0/00621.jpg,78151957fe4dd3fdf790c8eeb292fad11f7e28c689176335b516203b2af5cb94,0
classification/train/0/00631.jpg,classification/train/0/00631.jpg,744031e1728af93a9b2f57b6b3cfe9ecd76d020f62ef5883b03d601a2899eecb,0
classification/train/0/00641.jpg,classification/train/0/00641.jpg,fd9374266bbedbe8e0e6454d3eab767cef9615c72090c78e08a5afd5250cc7ab,0
classification/train/0/00650.jpg,classification/train/0/00650.jpg,1401fe876b432fa8019470b6ea2d7c7958c7fb8f5b473252bf5143cd9b388cd5,0
classification/train/0/00653.jpg,classification/train/0/00653.jpg,e8ade9e7dcd6fc3d8bec218311d1434b91030133c5dec48726ad54afcd5eb396,0
classification/train/0/00662.jpg,classification/train/0/00662.jpg,ca6b953d9a477c41a489f1bdfc7ebbcdccec31e6c0e2506683ca7a77da7402ec,0
classification/train/0/00675.jpg,classification/train/0/00675.jpg,7f05815044f408cd7ffbf93d43adadbac2181eebf891da93805ca3bc34c9cabe,0
classification/train/0/00681.jpg,classification/train/0/00681.jpg,747ad3f0869ecf6a90b5e165d413e62ff2456c1550630621e9d9a29de75231c7,0
classification/train/0/00691.jpg,classification/train/0/00691.jpg,784f68185fb8a210b012ef93fa6554a4ed2ce48956f042b905c86e911ffb84bb,0
classification/train/0/00693.jpg,classification/train/0/00693.jpg,136f8114bc747dd9171065c1f83e60645d38bc8fb6aaf9ef654b30254a457d1e,0
classification/train/0/00694.jpg,classification/train/0/00694.jpg,7a9ec41147630bca0eb581fd99f3b49fd37879563896464446c7d5d40e6edad8,0
classification/train/0/00697.jpg,classification/train/0/00697.jpg,a2d2c7a17c6898e37befdd73984452ad2714fb60187849547605e23eb0c33f79,0
classification/train/0/00699.jpg,classification/train/0/00699.jpg,10b1573d1a174aa6910c2a1056cb8502166d376037c2f30d2e7cace484c0993f,0
classification/train/0/00700.jpg,classification/train/0/00700.jpg,4c666ac3f20aa74d548c62d5fab9c472f5850b06e23fb2674f9e68319fc47b6d,0
classification/train/0/00714.jpg,classification/train/0/00714.jpg,520c8aecd186db7d370eef0829f7c7ee0d97a08c399d1d2c4b3edcc947285160,0
classification/train/0/00724.jpg,classification/train/0/00724.jpg,5dbcc10f7cc252f1e44975524ee1e60cdfe30093f6590b2812bcd8fa4bc12c8d,0
classification/train/0/00730.jpg,classification/train/0/00730.jpg,f61a4ee2e6102aec2662ac273ec765bd30de28e8ff34813386f9a75ae01abada,0
classification/train/0/00735.jpg,classification/train/0/00735.jpg,c80d741b1ff68b9267bcb688241ecc268563dec3b8aefd721dc0a2b139875e6c,0
classification/train/0/00738.jpg,classification/train/0/00738.jpg,b47e1bca9da34511f893aa6e2b45ee5962476367309740730c812f1ebaf7f76d,0
classification/train/0/00742.jpg,classification/train/0/00742.jpg,9ef96f2b9818e59da5b3e318712e7babc6bad4fd993ab5819d1b501db51ad6d4,0
classification/train/0/00749.jpg,classification/train/0/00749.jpg,3b975e7bd3ba6bbd67beb44614b8e53cf756ad8d8a3bc589bc436563e64d4c31,0
classification/train/0/00756.jpg,classification/train/0/00756.jpg,722816ed4c72feb43a0ca4559363f67a73065a18f69718474a36e71b0b4d9738,0
classification/train/0/00759.jpg,classification/train/0/00759.jpg,82f3e21dadccdc5ef6192ee37825d7cbfb02489aa4a4c21c08f5d4c139a244c0,0
classification/train/0/00764.jpg,classification/train/0/00764.jpg,e470e7079ee292b5e80cec34b07e5a726af1851446885d3b207e7f199da5d8df,0
classification/train/0/00768.jpg,classification/train/0/00768.jpg,d4e0289b37d8bdf3b0b0f359f75b9ca799219b4294e0409a25a878470616a447,0
classification/train/0/00773.jpg,classification/train/0/00773.jpg,06b67525bc12d5ba5508a41b600a25d1a7b3ab6ffbd413a22d2b0c5e46f7733a,0
classification/train/0/00783.jpg,classification/train/0/00783.jpg,bcda205ad413fe297498725893d7f0d2a5aff21de7aa05acd195717e2fa1b56a,0
classification/train/0/00785.jpg,classification/train/0/00785.jpg,1e56091a3b7d71087fdc798ca955e03800d40b9ed0e68e36dfbc357febc6bf7f,0
classification/train/0/00786.jpg,classification/train/0/00786.jpg,56336028f10fb5daf27c28a086b0e4e07576083d13825055a8afa4a37b2e826c,0
classification/train/0/00798.jpg,classification/train/0/00798.jpg,830a8302ca39af2956622e696f90388f44520edbce71b429467cc0ab647dc998,0
classification/train/0/00802.jpg,classification/train/0/00802.jpg,1c303a11a66db99a2f1d700afa611a0db46112b4fefd58a6b55b4636c7d2b954,0
classification/train/0/00803.jpg,classification/train/0/00803.jpg,5999923c47bd8116aca923c0668dde156fd12cdf3f87b99a994178139767efdf,0
classification/train/0/00806.jpg,classification/train/0/00806.jpg,fb80d4da412490f6cb3e1adfc43f70b22d3eba0512613d21385dd5ccd59a0e36,0
classification/train/0/00813.jpg,classification/train/0/00813.jpg,f43471e579617b4d22b4995616bee83ab6f47555f9ad1a84a870e208bb448320,0
classification/train/0/00814.jpg,classification/train/0/00814.jpg,d8eace1f5188c088d97b0d82e388284784ed2865a74317dc36576a42b4445156,0
classification/train/0/00816.jpg,classification/train/0/00816.jpg,e785304570b6440b1a57a77f2f702eceefe1f93810667298a3133ecbc088f34e,0
classification/train/0/00819.jpg,classification/train/0/00819.jpg,6bee23c1ab8d0eb72e55c6d9987868ef6d585746ef541fd7a870c967e3b8a4d1,0
classification/train/0/00821.jpg,classification/train/0/00821.jpg,e53532d8256a99d3c2605a8e7fed51c00c97cbf654a1e5a14d13a3c5d1aff0b0,0
classification/train/0/00822.jpg,classification/train/0/00822.jpg,9e2da1e18cf7e764eb33b282d702db4590240bf7b8d9875a19823ec0e8ef9a05,0
classification/train/0/00831.jpg,classification/train/0/00831.jpg,988f1a1e8321bc6077e3731391a800cfe349b4d4b8a0ff30fd5fed54ee632511,0
classification/train/0/00836.jpg,classification/train/0/00836.jpg,84f8f9c8a677ca571a87a3e66c7b12f85b348f42b46035975d40feaf74653d9f,0
classification/train/0/00844.jpg,classification/train/0/00844.jpg,42a8284b5d7b3f8b67e95b5f35cd66110672017d54fdd8c91b8e3ff99dd1cd83,0
classification/train/0/00851.jpg,classification/train/0/00851.jpg,b1a20f5fdb9f490a0d380088b76ece9192c813babad7c228d173c43c6902b3db,0
classification/train/0/00853.jpg,classification/train/0/00853.jpg,61257c623f58da3f965462943e69aba5e1d9e81cc2b306e7fcd9a4c258a322fd,0
classification/train/0/00854.jpg,classification/train/0/00854.jpg,2f252a48615b9c9223e264b2b6c4fc09f8c2f86359f599b30c164fb8b3a1ed10,0
classification/train/0/00861.jpg,classification/train/0/00861.jpg,51b09ef9a0ab642d6a3c3a709bf10ad6fc87b9c420316d708d78ce6c70e5f1ee,0
classification/train/0/00862.jpg,classification/train/0/00862.jpg,36d0f9733eb2b6bad848246685cc6a7f016a8d9201eea76d871af92452d692ed,0
classification/train/0/00863.jpg,classification/train/0/00863.jpg,25a738a60b6b67d371137f2782358dd286964bc84a77e6cc652346aba1fd06e9,0
classification/train/0/00867.jpg,classification/train/0/00867.jpg,5cdceccaa4b6c7bbe84bcb89b6f619e34c69afc5b7da806a6e8595a859ea2670,0
classification/train/0/00868.jpg,classification/train/0/00868.jpg,58efbfcc5be38eb3b3ac96ce7c7b725b701af3a982b2925411a9adbb5749f524,0
classification/train/0/00874.jpg,classification/train/0/00874.jpg,49a9901e4f2a5308a1e9eda283e46b9a832091d75825693117d75637f3bce274,0
classification/train/0/00877.jpg,classification/train/0/00877.jpg,fc59e9f45b68fd699234a1e66c63707e36b6b67c3c1e721bfe87dde75aeac228,0
classification/train/0/00883.jpg,classification/train/0/00883.jpg,112f26397b338e24d5ef283427d384aea0b33c4657b43970108d252206953d27,0
classification/train/0/00886.jpg,classification/train/0/00886.jpg,302a9e2e538fcde0243ecee13e1843d7178e2a4fbd4f2e6648810068aef79112,0
classification/train/0/00887.jpg,classification/train/0/00887.jpg,f72a3818d72ca08f4c5dafd04c97d6d556bf49ab6dd787fd9d5f28d0f911b6e6,0
classification/train/0/00889.jpg,classification/train/0/00889.jpg,bbcc2c15fd841357387cd7cad5e9c659945d08930aaf24f8fc6007187185b40d,0
classification/train/0/00895.jpg,classification/train/0/00895.jpg,ad2011ab9e2461142ca24c98ce66f726ba0b6ebc37a7ba9092bea5a4b59a2c6a,0
classification/train/0/00906.jpg,classification/train/0/00906.jpg,0798c783b4bf6df26d4cc735af875eade264e6ae10ea51d8ce22631fea8a3d09,0
classification/train/0/00911.jpg,classification/train/0/00911.jpg,002563e74c751ac5e598f3de7b29770019697b997ebc5666118e79d91ebaeb46,0
classification/train/0/00917.jpg,classification/train/0/00917.jpg,541fafe971ce3509dfc3bda5fa717741a62b141d9501188dbd24e8627101f83d,0
classification/train/0/00918.jpg,classification/train/0/00918.jpg,facc4652b73923b223f17390fc773c9018565681e501c67e4c221966fb59132f,0
classification/train/0/00922.jpg,classification/train/0/00922.jpg,6e62b18484c62a171b9a95420ae41b882663c9959e467a7b58c44549fa1ce7eb,0
classification/train/0/00927.jpg,classification/train/0/00927.jpg,7e81e693b0ff5ac05e2bb3a61e3fb197ea5226d2925abb1eb9534a53d217fa27,0
classification/train/0/00929.jpg,classification/train/0/00929.jpg,6e2ff783443d09e62ad97ff0a283cf910aefa30287dbd0e7e3e8b883e39dd9fb,0
classification/train/0/00937.jpg,classification/train/0/00937.jpg,52557c8fa76d1f0043c917df3e45cb08835f3885269c3d7d05a5049e47c271d2,0
classification/train/0/00944.jpg,classification/train/0/00944.jpg,25c90d2e3469640ddfe0a66293a0c3c9f7a03df5e541c1cf405579293c880531,0
classification/train/0/00946.jpg,classification/train/0/00946.jpg,6b55782c251ac6b27511d9d5c63ce9669f84500b5af19549b6558830946b4ced,0
classification/train/0/00949.jpg,classification/train/0/00949.jpg,b7b6c00b1883b02a125efc5767c32363e0035ca65902e99f1384c594940f7559,0
classification/train/0/00950.jpg,classification/train/0/00950.jpg,6a8a6a0e46888f108767e8263102d331f1a7cc3cae4859277d9bca26defe737f,0
classification/train/0/00954.jpg,classification/train/0/00954.jpg,ed638bc4948d6ad108963836463761937bd1d83605c2c0b6ea30a04ee4ec5cee,0
classification/train/0/00956.jpg,classification/train/0/00956.jpg,ffbd07e980095fa522aad61c697ba0bbe3259cda61d7e51cbfa50e1e32f565af,0
classification/train/0/00959.jpg,classification/train/0/00959.jpg,1201e26b2bb163559c16c32b42f8edf67be686cad961356239b8213b4eed4012,0
classification/train/0/00963.jpg,classification/train/0/00963.jpg,d8bbd6d4b8160dba6d3118cdf87f24b5813b853e384560246ca51c0289693936,0
classification/train/0/00966.jpg,classification/train/0/00966.jpg,16ccd17aab57dca19915d51d91ce0baf93e994aa98aa690b33a972b86389b6b3,0
classification/train/0/00971.jpg,classification/train/0/00971.jpg,c25b639004eaaf0bc336e264e1642678e6e2a7e96833fce0ee1ad78a7e9dcecb,0
classification/train/0/00973.jpg,classification/train/0/00973.jpg,5477bb3a6a9d192a8f2cac98cae1027054b459be09560b288e07f7abedd67468,0
classification/train/0/00981.jpg,classification/train/0/00981.jpg,c5c9e27c773b8637af8e75b4864196b3a40c8c7957067252cece44d3e7f0b0f4,0
classification/train/0/00986.jpg,classification/train/0/00986.jpg,9038d420f1984111009eeeddaa7fbdc60ac2b89da8fec5dfa0a3e84e022c3dfc,0
classification/train/0/00989.jpg,classification/train/0/00989.jpg,094f501574f353b64ed1ddb75875d7b5d1eef208d8e50688b9e36461aa9096fb,0
classification/train/0/00990.jpg,classification/train/0/00990.jpg,07d24844326b40dbc45cec4e2c4e1b19d466e40c18318a37adc063b19b7d784d,0
classification/train/0/00994.jpg,classification/train/0/00994.jpg,6c4b412fc4e612f3508060e5e7ae8ed7a9f26d932719a28ccda44af197d46595,0
classification/train/0/00999.jpg,classification/train/0/00999.jpg,aac27491c60e026a12f0cca2277d4f1f759b4f6c1e82aa4a5dfa6193bf71dc76,0
classification/train/0/01001.jpg,classification/train/0/01001.jpg,59804a9490194e08c2249a1475d73a4f9150fa7d376dea0f5adec08e31ad5dc9,0
classification/train/0/01006.jpg,classification/train/0/01006.jpg,4c4c8036767098617ff666e15f21e2ad76029d7e0c3bc63e88d0ed82e0d0e6ba,0
classification/train/0/01008.jpg,classification/train/0/01008.jpg,0df03ac4d05ae6457d7448a6241735e197bd4f7312a2824a1038ddd52a5513dc,0
classification/train/0/01013.jpg,classification/train/0/01013.jpg,41b1b600b6aa8b2929be5c70081381633943d44c9f6054a44277745a2c6713db,0
classification/train/0/01028.jpg,classification/train/0/01028.jpg,89f3abc3357f6d0b216a001a7dd61d395af8f3b53e64c2c96d2aeb10437c37cf,0
classification/train/0/01030.jpg,classification/train/0/01030.jpg,4b5b1a502cff4c071447a810e12bec6a2d10df4c7cb49f806d3a097f401102fb,0
classification/train/0/01032.jpg,classification/train/0/01032.jpg,33562d401ca8ab26193b664f022e18a961ab1b50a33117eaf5697e27788dbc2e,0
classification/train/0/01050.jpg,classification/train/0/01050.jpg,df64f6ae809a4577b50c6c6c100f2704f55cad9d51081ed609e03dfce990184f,0
classification/train/0/01051.jpg,classification/train/0/01051.jpg,6c906822a73d0dd92e0760c1c6557914f287c86fecbde41a7de9ef2af5c611e4,0
classification/train/0/01054.jpg,classification/train/0/01054.jpg,288efc518c255136fee4f8850b4ce2bf44277111b07aa95e82ba4404af6f21dc,0
classification/train/0/01055.jpg,classification/train/0/01055.jpg,081d69bb89d4d00bf3b57e4f570d5cd3576714c86f7684bc9f516039ce1a0331,0
classification/train/0/01061.jpg,classification/train/0/01061.jpg,871adde2483c09bad327e7a886e240cc29d682f8b75f6820c48558a57f40b2a0,0
classification/train/0/01062.jpg,classification/train/0/01062.jpg,48b334613ff5569b5e530f13ddc6d179f6965a74d66f7e59289d8ddc2f464651,0
classification/train/0/01063.jpg,classification/train/0/01063.jpg,4632efc8907124014aad72495fa038e8108a2e5d1f5451a72eeb190e619a9d34,0
classification/train/0/01064.jpg,classification/train/0/01064.jpg,cc5b57f66279d0ef8ebd882b1049c70f17fd17e11aec4d489cb4d3c959518599,0
classification/train/0/01067.jpg,classification/train/0/01067.jpg,a5f0bd8e2a0c0d72ec9793a0018bd46bd5c6619c962a472d8894fc28214e78a3,0
classification/train/0/01075.jpg,classification/train/0/01075.jpg,3ac2a18d5c4812a5a9958fe611874f0e826b9414fae4c49ebf98d2aabce78c1f,0
classification/train/0/01077.jpg,classification/train/0/01077.jpg,66719a28fbeeb14ed153999552e7f9e31ccfaf34c41a4aa09d202f991b3176a2,0
classification/train/0/01081.jpg,classification/train/0/01081.jpg,dc0893821f2a720dda9cf5d912eb5effca4c1337ed8895cb35dda7bd94307006,0
classification/train/0/01082.jpg,classification/train/0/01082.jpg,e057e822ab3b97abed19da6f05702ae7834cca344a107ad24ff6ccc1b27492c5,0
classification/train/0/01090.jpg,classification/train/0/01090.jpg,8d07bf614aa8a81d5f7c8a917442d1523c626fae4c2f73a1de4610e10b9b28ea,0
classification/train/0/01092.jpg,classification/train/0/01092.jpg,ebb8f0c8be6d20604fc326634a27ff6679f0b1145979006dfceb9c23a6c1d30a,0
classification/train/0/01093.jpg,classification/train/0/01093.jpg,b35bdd0ae5b2df0280de40725a4f4dcd4eeca2030a8f0d1129dde2dadc9e2c51,0
classification/train/0/01098.jpg,classification/train/0/01098.jpg,2cab740fec0bef723fbbc17c45815c33f86099e726e1a56f4a15d0bceecd4aa7,0
classification/train/0/01099.jpg,classification/train/0/01099.jpg,ccfe0eb83205686d8ff4713732d4d482dcc856d07f764077cfafbbdecf7e6e1a,0
classification/train/0/01103.jpg,classification/train/0/01103.jpg,57b1ca7f7d2bcd03dcd96db47c802ca8a7a63b924280b39f4e1a0650083e2174,0
classification/train/0/01104.jpg,classification/train/0/01104.jpg,67e5f3425cbb52fa1b6432cd62eb8ada580354347546d6bf84f16c70557990bd,0
classification/train/1/01116.jpg,classification/train/1/01116.jpg,fb9e01886b57f0eb3d1c758ab86f9fea0aa53b53085cca502fa60931ea74fdd2,1
classification/train/1/01122.jpg,classification/train/1/01122.jpg,7e4541708ab5cd201e7ac620145270029f278b6828c8f13029cf64cf9e77e7cd,1
classification/train/1/01125.jpg,classification/train/1/01125.jpg,2502d0e8049388377f2b7bc91de2ff244da6e7747a9fe026f44404dd258b293e,1
classification/train/1/01130.jpg,classification/train/1/01130.jpg,0a8a2985eb2840239ee3dc17c905a2ea5fb4d02ac3b463f116e9168c57cd8ec0,1
classification/train/1/01131.jpg,classification/train/1/01131.jpg,db3a6218f2bdf72ad682949c7d5934068c694fd9d6e427e42c53a8513b6d4d07,1
classification/train/1/01134.jpg,classification/train/1/01134.jpg,3ccf921eff9cfd25de05a8306322258ae40fd857065ca8bfa14f483b2cf83397,1
classification/train/1/01136.jpg,classification/train/1/01136.jpg,e459962b0dfd670bb7d6ecefb77057cb1536b0eb6f42aa208822f32a72239ef9,1
classification/train/1/01145.jpg,classification/train/1/01145.jpg,76095ffc5cce2bb48f468da5f7496b797055bff8c3f0062fd524432c41142e20,1
classification/train/1/01146.jpg,classification/train/1/01146.jpg,57112eb732f6e009c23ba4d107a5b72669ead540a99fcf856a2d154b2add7475,1
classification/train/1/01147.jpg,classification/train/1/01147.jpg,b478fef386751f2927f1ecf7bc49a16194d05296892157340a24e8818b60c446,1
classification/train/1/01148.jpg,classification/train/1/01148.jpg,51c2c783d6d3afc27b107983bc2b5d4cf4d4b7fc9d47549ba808c8362fd5ceff,1
classification/train/1/01154.jpg,classification/train/1/01154.jpg,22b02bb1154db455106e65f533b1c40c1063be83a0032334795d1932901bf40a,1
classification/train/1/01157.jpg,classification/train/1/01157.jpg,5af5e893c25c85fe54d79b65181425b559175e150e2b97d67fad34e472828045,1
classification/train/1/01162.jpg,classification/train/1/01162.jpg,6632631bbd73ed472c7ee6806fa758a2d64335869db1e44fa53947ef47ee94ac,1
classification/train/1/01168.jpg,classification/train/1/01168.jpg,9f9b2a4eb767993ae73ef8e9dcd43977d8f34259cd39014885ccee966c739eb2,1
classification/train/1/01170.jpg,classification/train/1/01170.jpg,cdf2b8099441275ca3e8747151108f66729bca3bb39a924e31d57303ed88d334,1
classification/train/1/01171.jpg,classification/train/1/01171.jpg,36e8fea22c597c2527e08d995c1f3ee4a8455d78720abd298a8cd026a19b4d04,1
classification/train/1/01174.jpg,classification/train/1/01174.jpg,3ec01bd016a6a01897333164cfcafef960bb3d7e5b2ac3b0df44dda4fdc69236,1
classification/train/1/01175.jpg,classification/train/1/01175.jpg,28bb8161181e0259c18337cc7b40e68dcee39820fc0293037d11f77e1d861425,1
classification/train/1/01177.jpg,classification/train/1/01177.jpg,33abe772c0bd0b3fb16a7d30f1fc259e60bda55a8c956f55512fad727ee92cc6,1
classification/train/1/01179.jpg,classification/train/1/01179.jpg,80063c5f4de3bb1ac84a3b3d37da4f8985572334363c82ec05db63132553f212,1
classification/train/1/01186.jpg,classification/train/1/01186.jpg,2d9f6c3b5249dd015632ac5af92a3cdf0676f4604ba5ba1c5e21e9d7f0a78798,1
classification/train/1/01189.jpg,classification/train/1/01189.jpg,409d0715cec59e3dc96dffcc2b9bce9ca8de4be61727eeb7126c2debfd0f2bc5,1
classification/train/1/01192.jpg,classification/train/1/01192.jpg,488bcd45bddf2a8194f8d64ab4cc949b52061ed9b9a415bc7fc2d47cddc4c3f7,1
classification/train/1/01197.jpg,classification/train/1/01197.jpg,bb2d0d872cb9166b5a6d47d4aef7cc8e3b94bd241099e442f345074d9152e850,1
classification/train/1/01199.jpg,classification/train/1/01199.jpg,16ee87210612f1bdcbb609a9549a6204c46271f6fa65f6f39a1bdc6edd17398e,1
classification/train/1/01201.jpg,classification/train/1/01201.jpg,8cdcf9c594e04f46be6b8d528e84973b9a34b87d809fb05bdc45e267ea0d5704,1
classification/train/1/01202.jpg,classification/train/1/01202.jpg,ca9a2f37eabb792f7cbdb9213114ecaa5fddea6dd2bfe5ef418768bc1373d8a5,1
classification/train/1/01204.jpg,classification/train/1/01204.jpg,6dcfc1e80ae3d5b0f005304de8b6a4994c4e1b14bca028712afd6208fee10352,1
classification/train/1/01205.jpg,classification/train/1/01205.jpg,23bfb1340c61fb808f2ce513118c9a7876992d665f19b7dfcbc89273dcfefb83,1
classification/train/1/01207.jpg,classification/train/1/01207.jpg,013260a2e2e83c4ce20dd79d432373ce02c4d20c6a0e2f66c1db804c93ad82c4,1
classification/train/1/01213.jpg,classification/train/1/01213.jpg,9ac5d840ab6259cc5590210197fd08cc1cdc7e2d4ec1c00b1fa6651c37ba5e8b,1
classification/train/1/01217.jpg,classification/train/1/01217.jpg,e8045eefdc59008d06c1a4f3af2d818732ad9e03adb3213307ccde164ef3feb8,1
classification/train/1/01218.jpg,classification/train/1/01218.jpg,7a8f3fe98fdbcbfcd64ca10465435840371e9e84b4da1a0cb3272cf18f41a8d9,1
classification/train/1/01222.jpg,classification/train/1/01222.jpg,80f73f242738f8700bf78dae0eb9aef555019a3e96bb3de1402a1d7b12a5f483,1
classification/train/1/01223.jpg,classification/train/1/01223.jpg,9f449744c7ca781e5e88c33f94d9618f5bdd044cf616f43e21d3fb2a5669206c,1
classification/train/1/01228.jpg,classification/train/1/01228.jpg,407301b04f5ff1d0e6e866cad881be894d9433af59e2f95ee8849e9158e274ed,1
classification/train/1/01229.jpg,classification/train/1/01229.jpg,c7cf99628e45e937a76abb4a88435ab0179c7f6ec80bda81d2fe00b8946ec216,1
classification/train/1/01231.jpg,classification/train/1/01231.jpg,78546bf90ca2e00d51ea6d3c598ad5e4af7ca86c60a30a17675cb8cb01cdc4c2,1
classification/train/1/01232.jpg,classification/train/1/01232.jpg,b17aaf220fad93e68aa6a5453842154711c97b9c363c69532e455c51aec400d5,1
classification/train/1/01233.jpg,classification/train/1/01233.jpg,e4f66b2e1b0050e10662178c9c2d8ad44b2a0ab4a4fd27a573342bfd53239f51,1
classification/train/1/01234.jpg,classification/train/1/01234.jpg,271518259145c9ee0e7aafe86897ef8a1c22e56dc9674606fdb7f70d3ffb2fc6,1
classification/train/1/01238.jpg,classification/train/1/01238.jpg,44b560b9d384593306bde9fc8706ab3dc8cd4234f852cc86175c941d13174586,1
classification/train/1/01239.jpg,classification/train/1/01239.jpg,8cd9fdd19a615291691ffdb09a51f96d646ac805a5cd922212883d28d2ffedb8,1
classification/train/1/01243.jpg,classification/train/1/01243.jpg,08e2f8d45a1cb6a1c4649af844bb264d32c7e247ef23b76cd71232792bd5cf02,1
classification/train/1/01245.jpg,classification/train/1/01245.jpg,47a004a1f38096f2ad7e6fbd45563b4b3802941360244bf3876677c271d249fd,1
classification/train/1/01246.jpg,classification/train/1/01246.jpg,25ab4d9be84cca3c5bbdbb018828c7d06e449273b3254143b4ec0bd51f0d1db8,1
classification/train/1/01247.jpg,classification/train/1/01247.jpg,f4ae35c13ef15239cb5899f125b8cf20337fb144292c18c91cd9754637cd6be9,1
classification/train/1/01248.jpg,classification/train/1/01248.jpg,2cce7ce0061978997014bfb989f7828e9eebb7e3ada0c4c32fac34a996e8ef36,1
classification/train/1/01252.jpg,classification/train/1/01252.jpg,22fc9d8c91355e57a4b8ed7705473e64c2721555281ce44ba9e0865daf759d88,1
classification/train/1/01257.jpg,classification/train/1/01257.jpg,cfa4c5d4d62416f75b59c6e6983ef1d231d3ff102c4409f0fcee081681410ed8,1
classification/train/1/01258.jpg,classification/train/1/01258.jpg,c9bb93aa6bb5147b75f4cf7c04e2d59d83b603c4e310cbf68231864b96f92447,1
classification/train/1/01259.jpg,classification/train/1/01259.jpg,4eae0ea5cbee9615408a605b53729b2d8d5dfd00517f62103c7582bdb53f09d5,1
classification/train/1/01261.jpg,classification/train/1/01261.jpg,4603cecfe97f217f6260f870c1ef575a81b8728c150313065f4ae0965ddcee02,1
classification/train/1/01262.jpg,classification/train/1/01262.jpg,55c60758921c1142b78dd1f1989cde73cba3940b1d53c6fe07fa9de1dfd63a0c,1
classification/train/1/01266.jpg,classification/train/1/01266.jpg,55854886d2bcfaa814d3c6029bf3ec5e76f465f196d6805abfa0dadb01606b49,1
classification/train/1/01267.jpg,classification/train/1/01267.jpg,63bfb48a2245147e06df245ec9e535e0ff79a954d83d4d05fffb2007efde0e13,1
classification/train/1/01268.jpg,classification/train/1/01268.jpg,a87e0ab1e8ab7b90e7760d3a8cb7a5fa8f3ce487e0582b5dfe962a0076d522d1,1
classification/train/1/01269.jpg,classification/train/1/01269.jpg,fd1c0f97fb7f82816d0bc0e07ef62d4575f17ae3a89f4fe79d11eb44764b459b,1
classification/train/1/01270.jpg,classification/train/1/01270.jpg,ee4e565c76d267bb133f60e8d49fb680d2479a4ffb9f0a1a9f4743a1bd322b6d,1
classification/train/1/01271.jpg,classification/train/1/01271.jpg,2dbed616f3c3102660322ff2c2f23795b92c81c330907a991e637564f523696e,1
classification/train/1/01278.jpg,classification/train/1/01278.jpg,36799fc6b04799bbf52b7cc48b8992d809f5505358406dba6ec0c19f961d9b32,1
classification/train/1/01280.jpg,classification/train/1/01280.jpg,1ae96d2d601b068c11396548ab03feb467387850fb719c572ffcc0fcf2489d24,1
classification/train/1/01286.jpg,classification/train/1/01286.jpg,2600ca9a92426cbb86389dff45485b12c013b8e98202bcdda225fcf00ae957c3,1
classification/train/1/01290.jpg,classification/train/1/01290.jpg,499eb29c314b563ba55310507c9f1ff7ccd3c1ea387e114249bce579ece51492,1
classification/train/1/01291.jpg,classification/train/1/01291.jpg,d33cf6362f2d0e518c60ebedf7baff3625c3a5b660b60591797425a67f0df28f,1
classification/train/1/01293.jpg,classification/train/1/01293.jpg,1301da897342a5dcade9561807ce5bcb033a865d0ba269c5be139056dd907dc2,1
classification/train/1/01294.jpg,classification/train/1/01294.jpg,e219fe9e343ad33a9e227836dddee20470803502d343c0e211157c5eef90bfcc,1
classification/train/1/01296.jpg,classification/train/1/01296.jpg,eae61c67afddb166d910a0f0c19bf3a2b603a7363809b9c767b2e9800307d686,1
classification/train/1/01298.jpg,classification/train/1/01298.jpg,4e9da799f65aeb6d05f940e75d94a5ba33f0b8ce0e6c3354793421ce1d7aaabc,1
classification/train/1/01299.jpg,classification/train/1/01299.jpg,3c6df7142f389703001776de4e9b9c1982809d6378f8d700956eabe7cdb67bde,1
classification/train/1/01301.jpg,classification/train/1/01301.jpg,3f3f21db1a9b6c672c8360714301e6ac6fc3a3c3ef9b5cdb7f35642e3ebb5b5d,1
classification/train/1/01303.jpg,classification/train/1/01303.jpg,2f7cf780205220866c17fa000f4baf1030f1bf6bb629eae218d18a79096a2524,1
classification/train/1/01304.jpg,classification/train/1/01304.jpg,59f928518c5741a4974a41bd366bac2baa91bc2d90fee127c1d6888e1a98c71f,1
classification/train/1/01305.jpg,classification/train/1/01305.jpg,16d64a585ea4aa702264eee49fa9b6d60db2c1d7f3856d63ee38dfa7ca0d4d92,1
classification/train/1/01312.jpg,classification/train/1/01312.jpg,977c9b0f319ac1cbb5af96e46cabd984ccdad4d9c6ccf1822ea7ab9703a85755,1
classification/train/1/01313.jpg,classification/train/1/01313.jpg,f1733ac5b7f83856061e27bccd57324ca681b0c11d47922205738ab87535954f,1
classification/train/1/01316.jpg,classification/train/1/01316.jpg,90e80d12e83656534fcbcce136cbbe82b450c2408c030185662a9deaf1488d73,1
classification/train/1/01318.jpg,classification/train/1/01318.jpg,5a0a77c558c0a8250a9b75ec2c12927e96d9118bf7462f43e2e7dba25280e302,1
classification/train/1/01323.jpg,classification/train/1/01323.jpg,e1efe11eb0dc3f89ef1106159c02e9ba2646cbe37a0a7f88beb2f6680f1f0b37,1
classification/train/1/01324.jpg,classification/train/1/01324.jpg,8f299dd66bb2c91c0228aa13c49d3e91d70b139a7ef49e594fdaa4ade78002f0,1
classification/train/1/01330.jpg,classification/train/1/01330.jpg,b048203427c323fad473179ffe1ef65af73dcc1793153acc5bcc34c3a052cdfe,1
classification/train/1/01331.jpg,classification/train/1/01331.jpg,5aca9678507a047f5ded1ee57fd7a1dc0ba72fe52f66ecd726a214ba04b4968a,1
classification/train/1/01334.jpg,classification/train/1/01334.jpg,ffb6dd0e23b0c0c1121b15bc9b79bf1d01f0be89aefffac1193a68ead4ec4f0d,1
classification/train/1/01338.jpg,classification/train/1/01338.jpg,f7643525ac9f92eac1349c3f68eef4036a7f52351a2f6183476da57f131a28eb,1
classification/train/1/01339.jpg,classification/train/1/01339.jpg,db5a9ade890012bea361190b35b42941d7c664bd66f5b73231e40ccd5c507c79,1
classification/train/1/01341.jpg,classification/train/1/01341.jpg,f8fb1c79720f87b274efe6bc83422cdfe419d1b95cce3bbf9179af1425aa1c9f,1
classification/train/1/01342.jpg,classification/train/1/01342.jpg,65f42a51cbdfdb6858e7fa0767724b292241e9079ec797041bd3147219a22173,1
classification/train/1/01343.jpg,classification/train/1/01343.jpg,c473c1d737b6547b9f6a240647b11ec383b907c4cf8ab23d790941bca8da4f51,1
classification/train/1/01344.jpg,classification/train/1/01344.jpg,3f49d4816d84e55b9a9b5c7103218821dd1d69dc29a1df041d507aa2ce4d1ea3,1
classification/train/1/01348.jpg,classification/train/1/01348.jpg,9c8d9f9cc9fe88cb59c020a99fdb8c42173f51fc9c5dee54d3b781ea497d5f33,1
classification/train/1/01349.jpg,classification/train/1/01349.jpg,84802f411c8abe017a293d58db246139a39f155a4d6e909d80c4492f234b1a8f,1
classification/train/1/01350.jpg,classification/train/1/01350.jpg,e845d1d0260c98935d9ee0049f3fb9ae25b5f6ac69abd473dd58d3f2e6374389,1
classification/train/1/01351.jpg,classification/train/1/01351.jpg,d6c23eedc09e1db56846638f17a8c2ea5059a53a70d2f387e72a4d6c432dd472,1
classification/train/1/01352.jpg,classification/train/1/01352.jpg,2cdac3c39974635b52ab9a23e1fae34b50e5bc45d1e6dafc9ab6f5389a18a632,1
classification/train/1/01355.jpg,classification/train/1/01355.jpg,8b73cc0991b887f305b8617cb7ec7264197d2d2b7d99acf86a6c7988c74265d7,1
classification/train/1/01357.jpg,classification/train/1/01357.jpg,9ef35de53fb69a76edccf6784eed7fc664623a099cddaa19fa51b7fbada06214,1
classification/train/1/01358.jpg,classification/train/1/01358.jpg,5e95eb12ae30cc632df71a99b726e7f6df0a873e08787a0af3a1bff9ca240ddc,1
classification/train/1/01361.jpg,classification/train/1/01361.jpg,7c14eaf1b2d1bb2c1e80c2aaa549867dae8748a3810b86b3088c8ea2095f3e85,1
classification/train/1/01362.jpg,classification/train/1/01362.jpg,c673969eabf106496febd5f2d0778cb4253c0333bf6b5577aa4dfd4cb25d00db,1
classification/train/1/01365.jpg,classification/train/1/01365.jpg,c28e77d44f497320943faf3fa8e9915442744678f00fc27e4b0e0cb6218bbcbd,1
classification/train/1/01369.jpg,classification/train/1/01369.jpg,d3fa1bd31660b1973cd8bf32b0eb6073fc874bd467766847efadf118823ad13e,1
classification/train/1/01375.jpg,classification/train/1/01375.jpg,8e4809b0d75336b651c103b8d64aa6896bbb089c886c1995fa52df0633907049,1
classification/train/1/01380.jpg,classification/train/1/01380.jpg,da0c90800390cb56948d133b5db4a3ef81c55ce621fc8d31512fcec99e926a75,1
classification/train/1/01382.jpg,classification/train/1/01382.jpg,50bc7cd314795ee3b95d3d061045aab6a8a5bc272b0b5ab0ab9d0ca48811b460,1
classification/train/1/01383.jpg,classification/train/1/01383.jpg,e767ee2516c9114c43161a7d363aba37b099cd851e2687dbd7b8496b3fa9d321,1
classification/train/1/01385.jpg,classification/train/1/01385.jpg,e75b9b6654f489599d373c1efde7b2789ec9c43e2d31e2ee3ad1896d3c35f64d,1
classification/train/1/01386.jpg,classification/train/1/01386.jpg,cbc6dd7bc4f931e91b18ed17fda4a0b17358ae1445f8bac1d6fa6f0c68813f56,1
classification/train/1/01388.jpg,classification/train/1/01388.jpg,29c48d346375bb1142adf77e58fcaaf5dd243b91694492938c854ae228db67b5,1
classification/train/1/01390.jpg,classification/train/1/01390.jpg,29bdbeaf32849a33d0b0c108a1fcab5a0e694cffe0d88b98463d4cc3ab48ec8b,1
classification/train/1/01391.jpg,classification/train/1/01391.jpg,1e31fcede3cd4eb4160130924852d174eb0a0d52ae21c8185bce62579712886a,1
classification/train/1/01393.jpg,classification/train/1/01393.jpg,993f147ee23816b34b6223b554119fdc91035a14b5efe2ce53e14d6b345572fe,1
classification/train/1/01394.jpg,classification/train/1/01394.jpg,6e9bb43bbef4831cb1a77146271086a7f76d9dfeb28391a9c92ea02930939bc4,1
classification/train/1/01398.jpg,classification/train/1/01398.jpg,f29e3e0c2244a067e209c945883d2c65a9e7b768a6f3bb0759c1993be5e2314e,1
classification/train/1/01399.jpg,classification/train/1/01399.jpg,05d6b461abf56ec00321a64af66fe9f9cacdf9d16a2aba75b3f8d8eb03c09770,1
classification/train/1/01400.jpg,classification/train/1/01400.jpg,a82e0d16e2cf60fef7bab9c9e5097a0455997e7496253ad9e6fd68f8b2e7d9a7,1
classification/train/1/01401.jpg,classification/train/1/01401.jpg,af956e19f5c116279a8dd4ed9f5e6d79c54b6f6e6c3a1f67c4e14ddad2146cb6,1
classification/train/1/01403.jpg,classification/train/1/01403.jpg,0bb393a7d9576b295724529220e73b25223ddee2c3287d6894331c94c49bae94,1
classification/train/1/01405.jpg,classification/train/1/01405.jpg,d8ea13d15f2ff7c2c956df624484825f23e32b515cf1baf6d0d9278973b11ad3,1
classification/train/1/01406.jpg,classification/train/1/01406.jpg,1fe5704a817e76a66341824df3104ac9fbe7f49c621d5adba507ee111e5ca453,1
classification/train/1/01411.jpg,classification/train/1/01411.jpg,1417d1b8c25283e80b1969fe7ef8828790c9ab8ec2d225bedc8331c34daf4a4a,1
classification/train/1/01414.jpg,classification/train/1/01414.jpg,6756abc998eea1331101820934b0bc0dea1535bdb0f85ce1e63cd89533b2fefa,1
classification/train/1/01415.jpg,classification/train/1/01415.jpg,4f01109254c08832a2f86d56944502f81419c65c14ce281b5949365a2aefef02,1
classification/train/1/01417.jpg,classification/train/1/01417.jpg,5d95b490172afbee4d2cbaa645431d91b477cbf788e8bf92e8a9a2658092cb96,1
classification/train/1/01419.jpg,classification/train/1/01419.jpg,28cbf395de05c9408e9b2329da44640b3a593797dbaa68ffa1a1ca3861ff0ac2,1
classification/train/1/01421.jpg,classification/train/1/01421.jpg,8a52421fa822f6ab889000bfe9c51b8340a5732cacb634568222218e68e5886d,1
classification/train/1/01423.jpg,classification/train/1/01423.jpg,2fbf6a9e1b2ce7c522de17c793fee6135839ae2afeff6dbefaf6ae4ec89b0b2f,1
classification/train/1/01424.jpg,classification/train/1/01424.jpg,a5b8cfd64c5ca228003e2f5a3e307509a5e768b55bcfbd4d3d29a66d2a0531e5,1
classification/train/1/01427.jpg,classification/train/1/01427.jpg,53ddeb69678c9878e0befe2b5d973e3dc20e5ced37831672c457d346aaa4d321,1
classification/train/1/01428.jpg,classification/train/1/01428.jpg,253eb1eb969b49a8f9d2c112362e39b96c39422804c3c95b0801fa7fe6ee468b,1
classification/train/1/01432.jpg,classification/train/1/01432.jpg,d753c6f6adf9f066ca7000333577edc65d023863abb45eaa54b95daad52187e1,1
classification/train/1/01433.jpg,classification/train/1/01433.jpg,05697e57671258134f8c2d43aebf3f4b353dfeac134a2987be15c9d80ffc80de,1
classification/train/1/01435.jpg,classification/train/1/01435.jpg,702cdd9c6630677acea233aeb7aeb23aad435102f6e1a9d0395b9e41c111ad07,1
classification/train/1/01437.jpg,classification/train/1/01437.jpg,57c4bf9a1f541a0dea15a1291e264bb1a510fdcce110e0b642f8ba484141a17f,1
classification/train/1/01440.jpg,classification/train/1/01440.jpg,5ecba2d268afb19d55fbd9013fedcfbfe9ca6f3436295a2c210d816ab11e83bb,1
classification/train/1/01442.jpg,classification/train/1/01442.jpg,dba546eb56452089d89f6632f36cb171d711b2c27141c49f4a67ee7ea4dbec6b,1
classification/train/1/01444.jpg,classification/train/1/01444.jpg,084f6a26357ac538143a4a6bebc07eae1454d4a21b911d260d9813234fdb5d9a,1
classification/train/1/01447.jpg,classification/train/1/01447.jpg,9d3ac482533b05a6431f0731b02d2592d51a564227f78555d050f788cc758446,1
classification/train/1/01448.jpg,classification/train/1/01448.jpg,531a170570fc35cab02948d31534ed3a5ee8e55766cc5669c2618ca109b3fa07,1
classification/train/1/01449.jpg,classification/train/1/01449.jpg,9a9a634bff0c00cdf0ee34a26568a7991107e0d79e439ac6e5b890a07756e22b,1
classification/train/1/01451.jpg,classification/train/1/01451.jpg,9ac83e959a98cf0f2a6fd53c0ef2fd3434af81a0cbd8494e4857247c877d01c0,1
classification/train/1/01453.jpg,classification/train/1/01453.jpg,f6152a380b9d661bc6a749a9fffc6e4583a1b58db3e870c355e39af793be01cd,1
classification/train/1/01454.jpg,classification/train/1/01454.jpg,b7b81cd43f01e30629321aaa82d8efa5d8eff0bad5b3c66e6c4c08c32d60cd41,1
classification/train/1/01455.jpg,classification/train/1/01455.jpg,0549b48aa60222d2e6fd9b062129987457f62c5582058ad21e0b39f98dc16bf9,1
classification/train/1/01456.jpg,classification/train/1/01456.jpg,61cbab30fd6a17cc78efe3adc3152d04ef80948b5789b3710981503e5499a265,1
classification/train/1/01457.jpg,classification/train/1/01457.jpg,c174c0247492febfaf6afec3e5cd2d703b6ae39f0b92fc8c07721693c47ef57a,1
classification/train/1/01458.jpg,classification/train/1/01458.jpg,7014a1fb60b26de3897c61a2b605e645bea5c719c268d26a4b6102231f426541,1
classification/train/1/01462.jpg,classification/train/1/01462.jpg,1e83e4c8ad407f2f8b044c2c71094c8ad7b02a79b0923ca2ce905bf9488ef2eb,1
classification/train/1/01463.jpg,classification/train/1/01463.jpg,ee69310acbb7d6be43e25c43fd1f32f1b20f0458bda9dfed7143ab1a064529e8,1
classification/train/1/01466.jpg,classification/train/1/01466.jpg,6eec6f69983eac1e4bff3808f8c9301ee47a672a8a2ccf87abc8e04a3d120509,1
classification/train/1/01467.jpg,classification/train/1/01467.jpg,85be2d8a818759ef5340532d6ed3d4d809964dedb391a767459158097d27556e,1
classification/train/1/01468.jpg,classification/train/1/01468.jpg,79d2e9b6ab7a12a660a4cdee87019a52b17ee7c3b0b29c9a063d149801ed10dd,1
classification/train/1/01472.jpg,classification/train/1/01472.jpg,c47258ba1effc9cce45ee64e603615b9618c2c115ba6985b466d416a2b0e3b48,1
classification/train/1/01474.jpg,classification/train/1/01474.jpg,281c330ffcce9adf96c1a329c94627aa5295343381aad408dd81eee43456176c,1
classification/train/1/01475.jpg,classification/train/1/01475.jpg,11e72fa671a575b3213b5e23cabf79266174a63f4bf5bc5171ded3cde022b661,1
classification/train/1/01482.jpg,classification/train/1/01482.jpg,c366a86cffefd2b5eb194f9e7e59913360d56108ad6525ac0d69e14fd87771f4,1
classification/train/1/01485.jpg,classification/train/1/01485.jpg,4f97b95185e1dac0fb14d2615ed09eeec7e33c1504d57f28e68daddb563ceafc,1
classification/train/1/01488.jpg,classification/train/1/01488.jpg,287187a370e36be7429e179559f579c6e7fc076230a530558f0a26591106692c,1
classification/train/1/01490.jpg,classification/train/1/01490.jpg,ea7dbf039538f88f2aac4a9093fb3b1e94a777d29ff20df5b54cb19891c666ec,1
classification/train/1/01492.jpg,classification/train/1/01492.jpg,56bb7fefb5a8786a5be46d03fedf81a9df9da0ed2afe92ebe477311ce4f804b1,1
classification/train/1/01501.jpg,classification/train/1/01501.jpg,0bb65e890534c7b3b2a74f5e46e43df74c28e10c3c1f6a9c35179500a5b0f055,1
classification/train/1/01504.jpg,classification/train/1/01504.jpg,df043a782d003b4609f27281dfb2d86a3be473a7bc21df62668b0071bfd89554,1
classification/train/1/01505.jpg,classification/train/1/01505.jpg,795c32c32213ec00de7b18d95ba64601e3556c80ad65c5a26f0a4a7337c1e8ae,1
classification/train/1/01507.jpg,classification/train/1/01507.jpg,6edf0d200174cdcbf902dab38e0eeef577249fbf531104d2de50c0d8d1ff973d,1
classification/train/1/01516.jpg,classification/train/1/01516.jpg,1279212fe63faad17c00e579aafb754bd52cdba8a5a598b39b5dcec4cb927ab5,1
classification/train/1/01518.jpg,classification/train/1/01518.jpg,a206b17ba7ba3c61e47a8a2b83476f6f4436144641c3708c58ec5423e6ac11c4,1
classification/train/1/01522.jpg,classification/train/1/01522.jpg,b0c99bc5cef15325f6daaf4c9ea7bb16b49c7e630664bd6aa1f391953b800938,1
classification/train/1/01523.jpg,classification/train/1/01523.jpg,fa3ad57083f9e5555e42a8048990621b59eaaa2f4219b3a36788555c7bb68bc4,1
classification/train/1/01524.jpg,classification/train/1/01524.jpg,46a0079e22f2ffd22107a6d59e9688e0f19ef60afc9b0ef1e90106505c33316d,1
classification/train/1/01529.jpg,classification/train/1/01529.jpg,f702a2a38b1aef9095d3fc6873af57d146c6c7b0a5d0e09a9bb98023afea87e2,1
classification/train/1/01532.jpg,classification/train/1/01532.jpg,00614951657ca5c1e87dd57490391ebc6d310c4b7e99b731c328ba3476629ab2,1
classification/train/1/01534.jpg,classification/train/1/01534.jpg,f240fe98f343277567c44e500d8186ba9edafc1f8547fc69d1420ea26069b075,1
classification/train/1/01535.jpg,classification/train/1/01535.jpg,adc8f7f5aba97033dd26faea8e22b9b4a3a436fee70b7eb3f8c6a0b8ebacd622,1
classification/train/1/01536.jpg,classification/train/1/01536.jpg,db5fea44e4f24defd5ca303eb9d6b8dfd494468930c0d0d76e07d11ac5fe2fbc,1
classification/train/1/01543.jpg,classification/train/1/01543.jpg,4566adcbcba718361cf9c0ae638a62f49599cdf271f2ebd285920513fead1f87,1
classification/train/1/01544.jpg,classification/train/1/01544.jpg,940c5af1cea6a9e49c347c5cc9117beb267d9849c6773fbfc165e3bb386808b8,1
classification/train/1/01549.jpg,classification/train/1/01549.jpg,4396dcbb5c70ef311c7db12530601776e377456aa1394a1137d12527cb7e0563,1
classification/train/1/01550.jpg,classification/train/1/01550.jpg,0ef99e0e75bef9371d3a24006b4241b9a1dd658d77e62ba8cd2cb8dcad0c98c6,1
classification/train/1/01559.jpg,classification/train/1/01559.jpg,4795fac8f850e80346ee052131b2b6ff82c07c00241d40362b83232dcb5eb721,1
classification/train/1/01560.jpg,classification/train/1/01560.jpg,17ad77c17945b0667fc4d206c20f5d05c71a3a8b62e6f48b77983669a5332270,1
classification/train/1/01561.jpg,classification/train/1/01561.jpg,01940cbcc4ea9560a5002d39dbfb878d1a00cc1c99de49fe7bd7f0e063ac3666,1
classification/train/1/01562.jpg,classification/train/1/01562.jpg,308f8d21112aa7e9d3c5b1baaf0c785a65adcada773c7796ea19fd95ded23fe7,1
classification/train/1/01565.jpg,classification/train/1/01565.jpg,5a0db82400b8b4cbe3dff5716b841a25813082854faee6fd90e096f35f3a8769,1
classification/train/1/01569.jpg,classification/train/1/01569.jpg,740fc41336a2570aa07e9950b4e30521259655cae6593cfc0ec4de058a163f80,1
classification/train/1/01570.jpg,classification/train/1/01570.jpg,da1684dc71d2fd62fe73e6f538e32dc6c1c6982720387f8100612abb98075746,1
classification/train/1/01571.jpg,classification/train/1/01571.jpg,b80785a756d9af9d8366fffd76aa17b21305d162360f49729f9829da4323ab85,1
classification/train/1/01572.jpg,classification/train/1/01572.jpg,ad93ccbba60a7fc77a61235dc69a3a8313ec05c26d8f6780944d39c5602ea726,1
classification/train/1/01573.jpg,classification/train/1/01573.jpg,5ae53d7ae21b4d66d13857d6d9511f90b8e38cefa2a9fde0776d11aaff7e894e,1
classification/train/1/01577.jpg,classification/train/1/01577.jpg,8419755b87cd925272bbccc28ca96f0086b14dbf17aea0528e7f18484b966649,1
classification/train/1/01580.jpg,classification/train/1/01580.jpg,c27fa7f7d5d89521c9aed8fed251604d61898519aaaf773f245b1bf3a45e9d47,1
classification/train/1/01581.jpg,classification/train/1/01581.jpg,9a07276188c993c4bef39c023e02dfe3c680ba560869887997afd9d06aac7f70,1
classification/train/1/01582.jpg,classification/train/1/01582.jpg,3bdebbe8c61ecab608f9bf370a1d41e89f532fa57d49bbe7e8d7fe730ce2b360,1
classification/train/1/01583.jpg,classification/train/1/01583.jpg,3d056da5ee1e7d8e197816808e6a8c49f175be0eddac1f1ae64f34f191f76966,1
classification/train/1/01587.jpg,classification/train/1/01587.jpg,797d8fcb71f591f4bd97dee046cf40398c6deab75eb745da7aabcbf48a64ade4,1
classification/train/1/01588.jpg,classification/train/1/01588.jpg,45ef6ea47f60558bb90570db875451f224b070bed478967c16532831f6f57f9e,1
classification/train/1/01593.jpg,classification/train/1/01593.jpg,a7ed35208a11208d90788addc1c2157125045b757554a10e4c6b29664b829567,1
classification/train/1/01594.jpg,classification/train/1/01594.jpg,7a942f6086c93809e51dd70fd9a6e85ed905bb63ad069aff66d19e6b103eafb2,1
classification/train/1/01598.jpg,classification/train/1/01598.jpg,3cff48481fae580eafde446985d1363c428755acd61bc1cf4c3a1b77fa6bc7a8,1
classification/train/1/01599.jpg,classification/train/1/01599.jpg,ec57d2621987083d0260b3ec12ed69b32ecd4e96cdcbf385460e1641c4138836,1
classification/train/1/01600.jpg,classification/train/1/01600.jpg,de28e6da00e8e8d6cb031abb06d87330d932b197be209d351e1c92413f362077,1
classification/train/3/01868.jpg,classification/train/3/01868.jpg,12e006206d19b752135acb70ab55db906030367eec8b6eade946dd2d38df3885,3
classification/train/3/01874.jpg,classification/train/3/01874.jpg,a51bb10ca1bf2e58707c17243afb7ce3bec42989daabd1fc2d359ce81baa6ee6,3
classification/train/3/01885.jpg,classification/train/3/01885.jpg,029004fc25103591e2e95d8bd6e787f691fb9fdeae5ddfe22e81d45c422cf5a7,3
classification/train/3/01889.jpg,classification/train/3/01889.jpg,9616161ab2b9b036b3461bd7edea632a340d560d13346c050452db43ce67f048,3
classification/train/3/01897.jpg,classification/train/3/01897.jpg,dc14f0100ec045efbc71a06a72a8cfa495380dfaad02bf53468514993e8f58df,3
classification/train/3/01900.jpg,classification/train/3/01900.jpg,8366e953326e6c67ba00deecabf3f4c49d2e46f5d02bcab61c3b717cefa7b3dd,3
classification/train/3/01909.jpg,classification/train/3/01909.jpg,ca523345705e2682f072adad84e65acd2c7a2d4512afef17cca13d4f4bdf1f4a,3
classification/train/3/01921.jpg,classification/train/3/01921.jpg,f393f29de8e2a2ded3b844f7ce97eb824f67d6a98f733f885ed2589faeabaa6d,3
classification/train/3/01923.jpg,classification/train/3/01923.jpg,b736e988b331b49d7f399ad554664123b8dcffa0f18e816be88f2996ac238871,3
classification/train/3/01933.jpg,classification/train/3/01933.jpg,a2e33c5eee7faf5a6a531b527441942ba255aa78e55197012dcc069c0188cd20,3
classification/train/3/01937.jpg,classification/train/3/01937.jpg,ec071476542c7385374054e88e109ec2b0f4a5a5d933d223b9bfa4b62a26208a,3
classification/train/3/01945.jpg,classification/train/3/01945.jpg,cf4e13dd17df9d0a870a4fa27036a96802003495b89ec21fd0d1a615f7337002,3
classification/train/3/01947.jpg,classification/train/3/01947.jpg,31ac23b257e9722f111baa4eafa82ea57b8636d3d02656eba48b2301d1e041b6,3
classification/train/3/01948.jpg,classification/train/3/01948.jpg,3abb7eab98a6a847ed5613e02f09d1a16e47529a8ca4ad690151388a7ca99d66,3
classification/train/3/01972.jpg,classification/train/3/01972.jpg,e8568be099379842a00a335f5955611e1dd78611c07af2aab2d4cf1607543ee0,3
classification/train/3/01976.jpg,classification/train/3/01976.jpg,f261d42312fab97cb48a1f112c1435e969b0616ebd8e959088701ed15ea84cdd,3
classification/train/3/01977.jpg,classification/train/3/01977.jpg,237ef226e9e8e0352a73de8920a88c2f06100f0ecac59d9891deedc024edebf0,3
classification/train/3/01978.jpg,classification/train/3/01978.jpg,78ec2df606f7e085b237b1693e72b7c94941e367a1dc8ec282682a9d26e60429,3
classification/train/3/01983.jpg,classification/train/3/01983.jpg,342187accd989b93d82951d6b96d6fc918f3973954d4cb7b2066401f7d87b673,3
classification/train/3/01997.jpg,classification/train/3/01997.jpg,ee0cb40e311c22b71dec02e5d823db97525bb44cc2931db654e075c7b697f9d3,3
classification/train/3/02007.jpg,classification/train/3/02007.jpg,1be09cb8e329127d46185089c0c56602581c6b1dc71961bf0b89f392c0609f5e,3
classification/train/3/02019.jpg,classification/train/3/02019.jpg,4c78023b94c34894152bfe55b9d52bb18c3fff70c07a4a6787a39a6448193f7a,3
classification/train/3/02020.jpg,classification/train/3/02020.jpg,8fe3fbef9baad257e12fc34e00c6e48f86e9d40dc9eb06a7b5c16c42434de429,3
classification/train/3/02025.jpg,classification/train/3/02025.jpg,92154af64718182eef512192b3eb4b16a2a7238d38e6c81627d4cf67f5198c59,3
classification/train/3/02030.jpg,classification/train/3/02030.jpg,722f63d04332ba290187264b6eee26cbfc35cfec84181fc00911b8d0d46f1b32,3
classification/train/3/02049.jpg,classification/train/3/02049.jpg,c6b6c49d57f5a2f00d3d47ce65da740ffef2c58623f14a881088e0a8448534f4,3
classification/train/3/02056.jpg,classification/train/3/02056.jpg,9a30247b8ff14adc6e4c7ae4072afd261a4ec3b1ce0314eff6631d054a495d5f,3
classification/train/3/02060.jpg,classification/train/3/02060.jpg,0bbbd6f4f1e0ed3ffe42341038e7af1b904a4a87c88b8aae87fc1d6e281a2b42,3
classification/train/3/02063.jpg,classification/train/3/02063.jpg,dc4ac1215efaa8cfdf6d8c41461b54caa994e07504bf72904bd75a4a08ca3236,3
classification/train/3/02066.jpg,classification/train/3/02066.jpg,0645cdaa5f91e70945caec300d8e9752c7f45e5f3b8e4b87f086aa44a79459ad,3
classification/train/3/02070.jpg,classification/train/3/02070.jpg,9eaa18ae094ad149b28680fac680bf43224ec658d56af5daa04071a15e1b6227,3
classification/train/3/02074.jpg,classification/train/3/02074.jpg,b853bbb96245aca431430acf718ed3163c042bafdf5700897d841762c1bef4f6,3
classification/train/3/02079.jpg,classification/train/3/02079.jpg,c9e5ced1d88848945141303ccdd32edae82b34a8e84fe1c62f7af247560c104e,3
classification/train/3/02091.jpg,classification/train/3/02091.jpg,bebbdb543a00f4615fb045f95aa3c98fea32165a269b8852f566691bd4324046,3
classification/train/3/02095.jpg,classification/train/3/02095.jpg,80acffede4ca1518539023034f05ab9ac7e1419d1ecea5eea343efc278f4d123,3
classification/train/3/02106.jpg,classification/train/3/02106.jpg,2cfccbcd7f3ed4ae9909158ba5f40600d073548ed3a6b8ba5772da79a765d97c,3
classification/train/3/02107.jpg,classification/train/3/02107.jpg,2120ff1d20e66c2be41e6b0e6bb8f64d978481a4974e2149d94ef4eec49bf716,3
classification/train/3/02109.jpg,classification/train/3/02109.jpg,9a422975d7da0bafb22f221ebd7bbe613ff541cfe3ac42ee1dbc6c535af7052a,3
classification/train/3/02112.jpg,classification/train/3/02112.jpg,7b4634ab06ea5e769cf659009f1dd26aa852c19ebf2d59d46501a3af37bef433,3
classification/train/3/02121.jpg,classification/train/3/02121.jpg,391fc74df037ee075e99c290be067ac3e06740aca91f17ce2653c1b08a16872a,3
classification/train/3/02129.jpg,classification/train/3/02129.jpg,26d2491446930d1c48ce2ae0dee682028da2b3946d81ed378a4c1f911c1425dd,3
classification/train/3/02139.jpg,classification/train/3/02139.jpg,31689009ecceb20fd30bbccd630a8526fb1606b08a995367484f2dbc7645bac4,3
classification/train/3/02144.jpg,classification/train/3/02144.jpg,7eaba5b164d974b536dac14ca9749bac86791d384076fd22b79998c0d56b024d,3
classification/train/3/02151.jpg,classification/train/3/02151.jpg,800085db91c732de80cb3a8693deba807663d6b5382bc61ace20b654d29f6a77,3
classification/train/3/02154.jpg,classification/train/3/02154.jpg,0f5432a3d968418c23c81992bedae8a3c0f5990ca665c4e423651de3beb369c5,3
classification/train/3/02156.jpg,classification/train/3/02156.jpg,1b9bab1cf026d6ea546efee5240de2d23f388383df1f723db0a26ec1fd7f7b1a,3
classification/train/3/02158.jpg,classification/train/3/02158.jpg,b2e0cd0f93d7be59c2eae7320ba329b991867a692456dd6f111cc4b61800aa74,3
classification/train/3/02159.jpg,classification/train/3/02159.jpg,29ae722c84ee69ee9dbe4e324b10695cde3286cf08844ca7512fcc2882be3873,3
classification/train/3/02161.jpg,classification/train/3/02161.jpg,c69585bd4fde3009d9d6bc8deefb3b6ea10516562307c311a457d945d7d09978,3
classification/train/3/02162.jpg,classification/train/3/02162.jpg,a86a3214032bad6e0b6738529c27d850d129fc5fb8f699358640d89009e8714c,3
classification/train/3/02164.jpg,classification/train/3/02164.jpg,17e67b1ffead5bfc69756ffdab122f2e4709a0eb16e4fc2694ff559d679258ce,3
classification/train/3/02165.jpg,classification/train/3/02165.jpg,43b17540345c32359ecfecf87a7111bd0997349be7d2c8b3d6b7c579a6c6c0b4,3
classification/train/3/02167.jpg,classification/train/3/02167.jpg,23a0b0cf943f763093bfb7055e8ce396b3c130295e99e269e8fe497ee338912c,3
classification/train/3/02168.jpg,classification/train/3/02168.jpg,d314b4eed559310bc69d07fd85ac5219186161b7f74c101a751ae0edcea491b9,3
classification/train/3/02169.jpg,classification/train/3/02169.jpg,aa924c4f206f21ee4381f08337fe14ff8efaca730f46cf4b93200675196c2914,3
classification/train/3/02178.jpg,classification/train/3/02178.jpg,9c24780f12bc91fce3d73dc1cbb9e1302c430bd3787fe21c097eeb24781485c6,3
classification/train/3/02180.jpg,classification/train/3/02180.jpg,69ca2fa734a9ca25443cd90c45e1bdea977d62841598347d6684e602f6b4c3c9,3
classification/train/3/02183.jpg,classification/train/3/02183.jpg,aaa007b71ce4b2f73b76e30ee78dbe864b93c25ff10e1737b5bfc07489b3b5bf,3
classification/train/3/02184.jpg,classification/train/3/02184.jpg,9ac0759d5fcd8c934ff6050cbc226b3e33cc1d8bd345fb6e4d2f861ea7f0f706,3
classification/train/3/02188.jpg,classification/train/3/02188.jpg,e47661484fce611b48c7653ddf3ba06e2b47b2a2dfdb5fa85ed45c22062fc2a0,3
classification/train/3/02197.jpg,classification/train/3/02197.jpg,48d658b15c8c91df15df3d3d16d0aa5e687780e90aafe94deea09cfc622b1e61,3
classification/train/3/02198.jpg,classification/train/3/02198.jpg,9b97e2eedc2038a763772c864350bd39f2e02ce0b1292e8f81e658e3e5757df1,3
classification/train/3/02202.jpg,classification/train/3/02202.jpg,64635c66831d3e773c9fc10b1b2eacece4ce03728ec0359e7f75932aaf3e97b6,3
classification/train/3/02203.jpg,classification/train/3/02203.jpg,43bb7f888081e0b73f08f6cf6a2a025f2ab47bf71b4d73cd491e300e34e782c5,3
classification/train/3/02224.jpg,classification/train/3/02224.jpg,b2911ed2ccc8cdd795f4a83a4663eb17f9c07f6081983a0f9de0000e95f92461,3
classification/train/3/02225.jpg,classification/train/3/02225.jpg,37fd1cb53fd0c297ec52861fd9af9c9d8c67a8f9ab2615c478093dcc4742af37,3
classification/train/3/02229.jpg,classification/train/3/02229.jpg,8b1d27d60c8db13ef63a7cfedd30ab5c3c71e26d549bb4ad313357d65edeec67,3
classification/train/3/02248.jpg,classification/train/3/02248.jpg,c039e9c2bd45439d8e27152d1a328daac49a1240aeee607028176846f0a6883e,3
classification/train/3/02249.jpg,classification/train/3/02249.jpg,c7204fab848eee7232e83c0fe86774944440c1e38b7ac32249b95fc49b43cefc,3
classification/train/3/02252.jpg,classification/train/3/02252.jpg,1b8be4eb6772fcaf51d9696ef7064632f182ee14c5e78c57c01bd0df3666c82b,3
classification/train/3/02262.jpg,classification/train/3/02262.jpg,8f949b168f674db6fe4abaed43125e0af14429f2652947ca8204806d5c43b4fc,3
classification/train/3/02263.jpg,classification/train/3/02263.jpg,f422fdddd29f316d8bc3076fe73ac5c279ac83396f26cb9eaff163d53fc4d5d5,3
classification/train/3/02272.jpg,classification/train/3/02272.jpg,6049ab0dadad708a957968749fe298f62dfad5362a1002c45ba96f5f9857ff8e,3
classification/train/3/02278.jpg,classification/train/3/02278.jpg,961b4c026dcb40e0a8e7851ce6faeb12b83e7a9586dca8667a13b5721421dd3b,3
classification/train/3/02279.jpg,classification/train/3/02279.jpg,53fa3907a23c63d95998a78d35198e082b3b70fec875b24536e034db539f3efe,3
classification/train/3/02284.jpg,classification/train/3/02284.jpg,26a44cdb476d1e35ba444a2cc9c33f155c21fe2a8cbf9bd3263e5679261622b6,3
classification/train/3/02296.jpg,classification/train/3/02296.jpg,2ed71881ea6e68bd37817c2c35ebf4b805a34b44705968c24dcf2b2273110f51,3
classification/train/3/02301.jpg,classification/train/3/02301.jpg,e0d7a36c4745c9c0943ce3e0c3de0818b22316672909f18abb5cecf437d16d9d,3
classification/train/3/02304.jpg,classification/train/3/02304.jpg,3fe7cfcf6bc6b11674e68e783b5a6cc78df149ceec669a7d457bf619ec29e155,3
classification/train/3/02305.jpg,classification/train/3/02305.jpg,8d4651b843985d1bcfb0b19b9ff6263700b9ac982e8e086cbe90b451a5ee8afe,3
classification/train/3/02306.jpg,classification/train/3/02306.jpg,17a52004a7e9bdd023373ebe5648ceb9cbffb2711614cadef58877e59c22eb7f,3
classification/train/3/02313.jpg,classification/train/3/02313.jpg,1e082bda1739c88e6b75041afedfc9d69334a2c155ee2a9b11cd469531bc5bb1,3
classification/train/3/02316.jpg,classification/train/3/02316.jpg,2e25ecc4bc386c81e0c21e8024bddca7cdeb27ca34daecf96032f76f330ffd3c,3
classification/train/3/02325.jpg,classification/train/3/02325.jpg,8df89e2edabdd9f47058bd0a392cc6c6fd2c3ed76c7eadfe8a2afa554e403c79,3
classification/train/3/02329.jpg,classification/train/3/02329.jpg,a4519a4bfb22b3e4a777e2dc8ccd1cc6d16492abcde92e93cd11091d9748fb02,3
classification/train/3/02338.jpg,classification/train/3/02338.jpg,506747e6318a2b8a6c115b1d8679c5bd9d283f09fb23a49d2725a19edf51b592,3
classification/train/3/02339.jpg,classification/train/3/02339.jpg,bb8f66faa4b8bd21e41aec1c9bcef75e96ce99db94974ad3bc37f9c7fd860383,3
classification/train/3/02357.jpg,classification/train/3/02357.jpg,0400370f18cd5f0d83f3a9207c6f738cb8edc52e89bddbac31b3ba3f97e7e96e,3
classification/train/3/02359.jpg,classification/train/3/02359.jpg,c2441138fb8292019dbbb33f1684698b94c1745c047c4b3718e398638c6d73a2,3
classification/train/3/02360.jpg,classification/train/3/02360.jpg,1229a5b55fc43c39699dccf271f57e6737b7f2641ef935c63fe5a136850cf4b0,3
classification/train/3/02365.jpg,classification/train/3/02365.jpg,14f763c118766353cae6bf84f666d2a9b5a3e95430aefdce101e23987db968af,3
classification/train/3/02370.jpg,classification/train/3/02370.jpg,ef6af9d161b666b3c9311767a63c7c58c38ecef74149f9d914bf60455b6682b9,3
classification/train/3/02372.jpg,classification/train/3/02372.jpg,e2a4e74b42ef02867910e47eae7d9668558a0e8556c1829be9693b915fdae332,3
classification/train/3/02388.jpg,classification/train/3/02388.jpg,22e2194663c04398810b33dde3716fc854848f6799014bb05eecf5d4385048cc,3
classification/train/3/02391.jpg,classification/train/3/02391.jpg,aa3a6e2e68abf11ae4fbedc266a2eb2ad4e82a2c15269809569ba5263bd210f6,3
classification/train/3/02397.jpg,classification/train/3/02397.jpg,c2ca8f194d5d53e9b59a5eb0c205e7009854bc1cd28b5cd2c9b22d55e2f8416c,3
classification/train/3/02400.jpg,classification/train/3/02400.jpg,eadbfa70aceaffef0db240bf22372d4d336b63e7f4bb0fd58ded9fa067d75f5d,3
classification/train/3/02412.jpg,classification/train/3/02412.jpg,21cbbc868647720c81cc88350727bc153c752a9a845d8092a21bdae110032b2b,3
classification/train/3/02416.jpg,classification/train/3/02416.jpg,1c58090f4d46dd9847ea67be9c03c6c4b65112ded29d201860c9f9f983f26565,3
classification/train/3/02418.jpg,classification/train/3/02418.jpg,a022e6878788b2b140033e3736c76bbdbaeb2576f04d0e4b3d21d080e775a21b,3
classification/train/3/02421.jpg,classification/train/3/02421.jpg,d381a8bb951ca6884b613eb3ac1d6ea141f7cfa2c0dbc0e59448030f3fa30c40,3
classification/train/3/02424.jpg,classification/train/3/02424.jpg,af74f7f6b127b736ff14dfacaa459aa7f43ea8b408472e535fbbd57ffd45c8b1,3
classification/train/3/02428.jpg,classification/train/3/02428.jpg,bc469dd24c498d6e605d6c46909294efb959e70e24772dac2a85b35e86f0b1eb,3
classification/train/3/02437.jpg,classification/train/3/02437.jpg,c75276986d2c5fc923cf076363295e39bbeddb03a9778d281575cb60d45c747f,3
classification/train/3/02442.jpg,classification/train/3/02442.jpg,b0ce974254e7f65e7a5a268f8b9afee20a9443ea935c3d32320aa73d58e73ff7,3
classification/train/3/02445.jpg,classification/train/3/02445.jpg,eed4decb0f676689acd9e5f84e34da4c3947e6b2e16da9f17392c8bb2425973b,3
classification/train/3/02447.jpg,classification/train/3/02447.jpg,5e5e079e2263725073fe461f10d30ca3eaa6a4de80b597d627c7d5d4befd6e0a,3
classification/train/3/02450.jpg,classification/train/3/02450.jpg,893a5b4faf9c073f3a7b723cc821307d537393e1c1dc85fc6067d1323bf3bdc4,3
classification/train/3/02457.jpg,classification/train/3/02457.jpg,3f642f68116571f37ad7fbc489ec4d2fa4fec31a1170d69f4429bac9a3fbf378,3
classification/train/3/02458.jpg,classification/train/3/02458.jpg,758f81b2102f06c86d0ddc834765f52f6095607af128e7c4acd83787927327cf,3
classification/train/3/02460.jpg,classification/train/3/02460.jpg,352b59ed05ee4bc03b7a14bfe1836cc8ea03144ae0f8f0336f44b294a654ae48,3
classification/train/3/02463.jpg,classification/train/3/02463.jpg,9a68c321d2e08184b107ed32a5e1685124154086033460cce3c8dc71d958d795,3
classification/train/3/02479.jpg,classification/train/3/02479.jpg,bd55e1931bdfb65a55ae8fe80a33187679d4e629721a9d1244d0e3c70e337443,3
classification/train/3/02481.jpg,classification/train/3/02481.jpg,200b0518680b744cbee0d3434a921d612731bfb0bca96a3c38e0df9468832da5,3
classification/train/3/02483.jpg,classification/train/3/02483.jpg,0d6a1e8111e2a30ef90ea62560db9401cdac40ba5c865ccf9e8e66a884c82d01,3
classification/train/3/02485.jpg,classification/train/3/02485.jpg,f3538d59789af8d93aa81a184b863329461c51be28e781fb1fde237f3d9ab592,3
classification/train/3/02486.jpg,classification/train/3/02486.jpg,c1d912cfb95c068c7d4a5fd482a697d67869e4fd28e2a07d3ce4d6655c2130a8,3
classification/train/3/02490.jpg,classification/train/3/02490.jpg,a85049671affbc8f2db29acc51ae8ec470cdaf98c386b4cd96dfa8b48b8d7115,3
classification/train/3/02499.jpg,classification/train/3/02499.jpg,08989b8294adc98bce2b1cbecb392e52d80c6553b9127276bf0e4d43dae60f0d,3
classification/train/3/02507.jpg,classification/train/3/02507.jpg,f587147817e377e4e1fbc686a7429b5aa84869f1ed5ed81557c0a4a837b5434e,3
classification/train/3/02508.jpg,classification/train/3/02508.jpg,a99d5b94a0aef36ac8fa0078f7e6b2f302066c9a82eaa2c4483735a4d217af6f,3
classification/train/3/02511.jpg,classification/train/3/02511.jpg,652ae7b9b0625d641fa64384c47de1626ec87c272c42d8547d3873e160a5af27,3
classification/train/3/02513.jpg,classification/train/3/02513.jpg,737a9ccee6fd5268c16ae1556ec7b3ffe2eb5066486443f98263e01138c98ac5,3
classification/train/3/02516.jpg,classification/train/3/02516.jpg,2acb8983833f2379deed02b94e99aff1567001b6761ce85adabc5853d91fbeaf,3
classification/train/3/02518.jpg,classification/train/3/02518.jpg,4aed688ee2d5234a809f9b6bf305e5af0e1dfedf11dbfa9af9e1ba11061a3174,3
classification/train/3/02520.jpg,classification/train/3/02520.jpg,2209a904f83ec87d4664a4b3b3cc8c4091e37c25e127718c65210254f3f27f7f,3
classification/train/3/02528.jpg,classification/train/3/02528.jpg,3b4d54a177cd649da1635d7f013a15234410718c8a94d14fcbfb62de2eede479,3
classification/train/3/02529.jpg,classification/train/3/02529.jpg,b93a27ef3716c83c9640d2973ef02a26d39909a8f3f1811baa131e79399122e9,3
classification/train/3/02535.jpg,classification/train/3/02535.jpg,b516f5aa675b0993d3304accc7fc130681b25058b84efebe5414cc51a6a7e7dc,3
classification/train/3/02536.jpg,classification/train/3/02536.jpg,347a712c905fcdd4aab2d0a442dd99f28fb021bca0745d71b75191573bd4a0fb,3
classification/train/3/02542.jpg,classification/train/3/02542.jpg,3a02b9d341f279eedbfd8856b79b1379399e0024aeac083d348dcbe2bca6a543,3
classification/train/3/02544.jpg,classification/train/3/02544.jpg,844caca9812ab3c8c3ea8fb5902acc1cfa455f4b5686f8bc16a46e81b2cfcfe8,3
classification/train/3/02552.jpg,classification/train/3/02552.jpg,7eaffde52f1094f18c99349a025fe1cf5feb668de8b36ab08027aca23d984cfc,3
classification/train/3/02553.jpg,classification/train/3/02553.jpg,b9d51fe4ba0031f0eb51f1ac41a360f56613310b3502f6bbe3f5187827ebde49,3
classification/train/3/02556.jpg,classification/train/3/02556.jpg,49a03d859e17b3c3827e40e0972ce868f86e810a2598770d7ae3720e6e87c9f7,3
classification/train/3/02562.jpg,classification/train/3/02562.jpg,b1a0e7d7629f7b13c5dc2081dbd02fd2ab53cabc6eec56f2a364e58a4e011927,3
classification/train/3/02565.jpg,classification/train/3/02565.jpg,7862fe14f04b77d6eab179af8cc14754476504d382532085fb116ff5add70659,3
classification/train/3/02568.jpg,classification/train/3/02568.jpg,577f159200b52409027edd34220d823c69f2acb98f6f1d1b18f97120dda7e64b,3
classification/train/3/02573.jpg,classification/train/3/02573.jpg,b9de831808fbdfb569d85bfa2009427025f84350cd144b4aaa502a9e4c41d2c7,3
classification/train/3/02574.jpg,classification/train/3/02574.jpg,7bf3ebb2d32d207466a0d147b9cb1dd7309b18e736863fbac4528d6a5729a407,3
classification/train/3/02577.jpg,classification/train/3/02577.jpg,36b3f304fed2c60721b8e2308db11251ccbac5b0cbf92aa98a9df732009abca1,3
classification/train/3/02583.jpg,classification/train/3/02583.jpg,47d7f782dd893f9fd3fa111d31c27ff7933b1a1c34d8bb4d80e8559acdcb9b33,3
classification/train/3/02586.jpg,classification/train/3/02586.jpg,bb41f8b996ba9cb00e631e658cd8a62b0a4f9e1baa1a63a54b0a49d20488f05d,3
classification/train/3/02599.jpg,classification/train/3/02599.jpg,68966e83fa0af8feea027f92d97af30caa0a1333095aeaa6f25f7e585ee5c459,3
classification/train/3/02608.jpg,classification/train/3/02608.jpg,5afeba50f8e428dc4be9a74454513747e0cbc1ef237efe50bfa13f6b03b3f473,3
classification/train/3/02634.jpg,classification/train/3/02634.jpg,368ea16c73beb188ee5a6947fabe098c2fd6856c2fecfe33bcfa0a11224b9b90,3
classification/train/3/02644.jpg,classification/train/3/02644.jpg,b4af0eeb9b50f77fc2ca806cb185b5ca781f6ccba252667c5a199238efa34537,3
classification/train/3/02645.jpg,classification/train/3/02645.jpg,4f172271161fda58b0c7098a8324e78028ac4315bbe98913309f85595d14e469,3
classification/train/3/02649.jpg,classification/train/3/02649.jpg,ccfc9492621c5d5514a1628f7eb11df2c0e611de24dc7b718cf1376759bf7ef1,3
classification/train/3/02651.jpg,classification/train/3/02651.jpg,798de442a96cce88059b23b2042a4c6ddd413750e2c04a615a7dce237fdb4df9,3
classification/train/3/02652.jpg,classification/train/3/02652.jpg,b26e95e99dcd252aec0bc64dfee4c5c150982e8c9b0a17213c993ae6ae3bcdcf,3
classification/train/3/02653.jpg,classification/train/3/02653.jpg,d1d562cdb2edfebbc454587d8e7ab54eb3c9819bfe3c682e277bfd6dd89bbbbc,3
classification/train/3/02679.jpg,classification/train/3/02679.jpg,2099dc3df5711208005ca0d93ef924ad9b2d4c6d14df7a9da87f5cc97dad01fe,3
classification/train/3/02684.jpg,classification/train/3/02684.jpg,abb197d87a0c02b0441216b293ebc502341c3815f1b6e8d22891f6de4819c630,3
classification/train/3/02688.jpg,classification/train/3/02688.jpg,551ef25258b17059bdabdc68ef931567cdfe53f1b1916d220111498cad3f4e6a,3
classification/train/3/02693.jpg,classification/train/3/02693.jpg,6b12e51e1957d91bf6476a57bb0b9094cbebf70d1be90a259aacb1d75b3de1c1,3
classification/train/3/02695.jpg,classification/train/3/02695.jpg,3ff64e2377eee2ea1cc018fb66fe0fb79c53dccf4e86a83fb7bfb596402de898,3
classification/train/3/02702.jpg,classification/train/3/02702.jpg,a23da547b73dac40c1fb85c4c4b7e6df1fbc021ff37b684651613376b6d4f71a,3
classification/train/3/02718.jpg,classification/train/3/02718.jpg,020545394e17a8471814f7b987b8eeda8b06e6be894c54b70dc2453173962075,3
classification/train/3/02719.jpg,classification/train/3/02719.jpg,a58980d4116f0efdc408bdb2f023abc832810ebb64a709f571345fa7dd18bcc7,3
classification/train/3/02731.jpg,classification/train/3/02731.jpg,107f1cbf2ca6944f3d83c019940573848dea52fd9fb2ca4b821bffbb9fd8e9e0,3
classification/train/3/02740.jpg,classification/train/3/02740.jpg,2d6dca515ba6e0e68f1805d1662ed774ac44a25ffd6ca335b41e2f0cbb2e78a4,3
classification/train/3/02743.jpg,classification/train/3/02743.jpg,aa2ae7a6878efe6d00328dcf7b029bb5b6c80c6c9606961f4b666d88866c969b,3
classification/train/3/02744.jpg,classification/train/3/02744.jpg,3ff3db4751f3dda8c89945dbd24ffabc78d25e67b4c0586e7997d3342f462eb6,3
classification/train/3/02749.jpg,classification/train/3/02749.jpg,1af4e63cbfc3f504b73f52fdec1b7f64cb06bd34dc72f4693784d218eb9b0e99,3
classification/train/3/02752.jpg,classification/train/3/02752.jpg,f94d483dd1d929ad79e8d2eebfb8599f3908afcd489c6e8c802217b418f21671,3
classification/train/3/02758.jpg,classification/train/3/02758.jpg,83c7fd85ff1a27a8513100c7b9edf8ca481be93287e5631d3c86f79c841f75b1,3
classification/train/3/02759.jpg,classification/train/3/02759.jpg,a5c10e698971254b2a06788e0c0765ae8e636c2e64fd4869280822fed9ff9575,3
classification/train/3/02764.jpg,classification/train/3/02764.jpg,10867fee18e9d17091f873a9391fe3b4e8ba977bc6263851c6ce3174832f2b5b,3
classification/train/3/02771.jpg,classification/train/3/02771.jpg,4d73cbd558dde73a75cb5cd6d109b5fc198a4cffb5e704ca3b6891ab0078b9bc,3
classification/train/3/02774.jpg,classification/train/3/02774.jpg,d8e38af27dea510774d0da2cc771210ddd47dd1c20d8ec5405230bafb172eee3,3
classification/train/3/02776.jpg,classification/train/3/02776.jpg,d29124741903df78c160900637fac9b1fb8bfe5b250ef1f713223927f11a6f50,3
classification/train/3/02779.jpg,classification/train/3/02779.jpg,163d565f3f87866944077c1a9e34e1dd48ce9b80253a9ee900d8900a5bfb333e,3
classification/train/3/02781.jpg,classification/train/3/02781.jpg,b51574dc90e0e1819f5277f273300c6f64132025c1d56c331c78e83cf7eb6487,3
classification/train/3/02785.jpg,classification/train/3/02785.jpg,8ea69659adebead6e16de6df2315337087f53593febcda6186d88f0f07ccdac9,3
classification/train/3/02786.jpg,classification/train/3/02786.jpg,5e121cef433a6cb87c4030443b63870c5fe8ca2b5640026c89821d8e6ac77842,3
classification/train/3/02788.jpg,classification/train/3/02788.jpg,f063c6fd6807fc78b0fb33bef9043d46e1e720131e89c23f2b9d8387ab5e455d,3
classification/train/3/02790.jpg,classification/train/3/02790.jpg,f6bc7c570972c39b4d2c2060cd621697acd9c455d36da2adc2417d51a954698b,3
classification/train/3/02793.jpg,classification/train/3/02793.jpg,9eb80d53c1b3294d4b093b275418e199e034d70f924e69c97f8fc8c8332ad8cd,3
classification/train/3/02794.jpg,classification/train/3/02794.jpg,624924a7e58d632190badf2d1c710a9c0051d67d7260a3e4edbe52bb864001da,3
classification/train/3/02798.jpg,classification/train/3/02798.jpg,8270da295ca7706554e5b9e8787f64c3893167c60d6af33f2d257d6b3b7052e2,3
classification/train/3/02808.jpg,classification/train/3/02808.jpg,e15d0ed653c6747153514a5463d2b802b6b5c334f2c43de2fe7364df6388f85e,3
classification/train/3/02809.jpg,classification/train/3/02809.jpg,f6022fa0ccc33f4d29722cbe9d154a7f047e3782afad6fd68c9d48bab3cb07bc,3
classification/train/3/02813.jpg,classification/train/3/02813.jpg,17baeb63b531b252626171e803ce35f290f33314ec077f6c0c04c9fd510a2d68,3
classification/train/3/02821.jpg,classification/train/3/02821.jpg,e5eaa75c6c855a09cc69696a4278d1eec1e40c583d1ac66dcdb002a1cf3ad45e,3
classification/train/3/02825.jpg,classification/train/3/02825.jpg,42b11717eb64b32bc5a9e6fa9b9511d7625a0937b5ae73cea2343955c72dd8c9,3
classification/train/3/02826.jpg,classification/train/3/02826.jpg,e216425fcff80c1e235ef0acaa372306f76d21df18d6621b26e60a95c59c8668,3
classification/train/3/02833.jpg,classification/train/3/02833.jpg,559a3ea551fd7303ee40aabe6e302e52439bc271a0d53f86786320cf0020f53b,3
classification/train/3/02834.jpg,classification/train/3/02834.jpg,88ee4c9b8691785f6918955c37cbca1a00c01b5b751e85e1f54832494a93c001,3
classification/train/3/02847.jpg,classification/train/3/02847.jpg,70c649f7d4df5e0f05ef6cf8597c0fe254472e7304d8646c5a585fa03371ba5a,3
classification/train/3/02860.jpg,classification/train/3/02860.jpg,f8635bfa597ce024a30f96dcac5e557480fb4e7d79f7e8185c0e29656b8d991f,3
classification/train/3/02861.jpg,classification/train/3/02861.jpg,c3c26426e92877c2ed7641efeb74d1a0a260c72c956267ec29aa191d1e5caa88,3
classification/train/3/02873.jpg,classification/train/3/02873.jpg,2c9900ef5aa9d6dfc2868b0176db6eb34529112efec83417d2e0b4ed6b4ef259,3
classification/train/3/02876.jpg,classification/train/3/02876.jpg,00876b06312dfd8f6b13fd7c8d586729d9ab8fc7946650388811ea761549ac00,3
classification/train/3/02878.jpg,classification/train/3/02878.jpg,060db9fbea27aafe56bbfaee3e511fc26d8793ac68a8775b86c4bd8ed4ce550d,3
classification/train/3/02882.jpg,classification/train/3/02882.jpg,ae45ec6c8c024dd84c813203230518f7edeedada55b80ce421a3e171cf9d21ef,3
classification/train/3/02894.jpg,classification/train/3/02894.jpg,b41d19c09432d97a3beac315d6ee79f9ce8f66ffaa984716253a65b45271ab21,3
classification/train/3/02896.jpg,classification/train/3/02896.jpg,fa9a13950aa305936232dbc46251097d23158595063b86ee02f54a9b7295981e,3
classification/train/3/02898.jpg,classification/train/3/02898.jpg,cf4d9e00afa1104b8a332e313fd961745e8cfeb4fed721cb7429958ed47ab964,3
classification/train/3/02905.jpg,classification/train/3/02905.jpg,e0954751a8d314d6616840534b6fe1f73c523a95aa62bd25b3a93e220151dbb4,3
classification/train/4/02919.jpg,classification/train/4/02919.jpg,46dca6ae7ff7d9632078f56f2aa1bac1318b26da221f86b13d6c77b2351e5bf5,4
classification/train/4/02923.jpg,classification/train/4/02923.jpg,80f05d02b70ee8cdd1b62965fad557b03150861a2153421e011f22d7d21aa0c6,4
classification/train/4/02925.jpg,classification/train/4/02925.jpg,9f39d3479da7c0eff8167a721b2039348a18d5e69e739d416420c95d55a323fd,4
classification/train/4/02926.jpg,classification/train/4/02926.jpg,865c8f3f35bbac42d7d240d3ced339e68b8fc460f2ea35f2405794c9a383e31e,4
classification/train/4/02927.jpg,classification/train/4/02927.jpg,36451239542047b7ddc2e3f5e5c6f627de151e8218f72323a27107fe03b0a007,4
classification/train/4/02928.jpg,classification/train/4/02928.jpg,01417f7afbc2cb35c3ff172bbda6ac136789bde41089222f6b44f43ee283cf66,4
classification/train/4/02931.jpg,classification/train/4/02931.jpg,6f8e913db5a6f863a102025bc256f383fdde1be48a6a007dc975278d164b1a26,4
classification/train/4/02938.jpg,classification/train/4/02938.jpg,e422bd88a225c63e050a2c39e30b98109700e84d591f5db49988743108c51a89,4
classification/train/4/02941.jpg,classification/train/4/02941.jpg,c5a7f1496d9d30fc767be26cb8ae53875732766572311b61693cb3a26bdddd3b,4
classification/train/4/02942.jpg,classification/train/4/02942.jpg,9cade2f177d480fe8fd87ab1ab16912e9ae4231bede0a0aa77eb119e88d6a2a8,4
classification/train/4/02943.jpg,classification/train/4/02943.jpg,dbc51c87efff4f8ae8c2a3c7606b9bd448591f0a058c33e97c5967485940934f,4
classification/train/4/02947.jpg,classification/train/4/02947.jpg,5942a308e9c186eeb74c8d0037e0ffe8f92bcbfda319157a8e42d5b3a53b2027,4
classification/train/4/02948.jpg,classification/train/4/02948.jpg,b5db700144156223ee53370dfafe64c5b51a925d12cb4a1f7dc5aed14619c85c,4
classification/train/4/02949.jpg,classification/train/4/02949.jpg,9b5355e9e83163ebfe1a1b3b24b4bc6425a8bba95887626811630e21d89ade64,4
classification/train/4/02950.jpg,classification/train/4/02950.jpg,63806548822636ff4111e6f0ebbe6271e38853bdd4d92f5e292396a5cd33896c,4
classification/train/4/02952.jpg,classification/train/4/02952.jpg,ba38d9bc1e5c635fe44e0e8d798fecd6331259a2b3bff140072e29f6150d631d,4
classification/train/4/02953.jpg,classification/train/4/02953.jpg,0857e4149589cea382530ea8ce1115c79bfc9369be45b51e352549aeffa46750,4
classification/train/4/02957.jpg,classification/train/4/02957.jpg,45023aae8eda8ec1b19f1688dcb6cbd92cc2d4a68390f58c9922c864e5bd5f30,4
classification/train/4/02962.jpg,classification/train/4/02962.jpg,5ea89813cbf2f69eaa408543a82515a0a9c074119e1b2cad9837d3e84a757598,4
classification/train/4/02965.jpg,classification/train/4/02965.jpg,9a006dc0dad8ed98e25f3a6d38290c3de4e29816d0a979f507173248f23ebbe5,4
classification/train/4/02966.jpg,classification/train/4/02966.jpg,6bc5ff66b32dfac4aa03f0ece7d19b6adb63040c471cc8af29cce5577accf953,4
classification/train/4/02968.jpg,classification/train/4/02968.jpg,1e780288f885535e6029d1683159794e59c3018d2d921e290fb392d2844af0bc,4
classification/train/4/02970.jpg,classification/train/4/02970.jpg,1bc1bf2a2ad4056670612c0eb63da9f13b7942581344703a13972d2908b525d8,4
classification/train/4/02972.jpg,classification/train/4/02972.jpg,4c6320634345db9bcdadd050a3b0190d389c5ae877531f8d1e2be6d5360ced8c,4
classification/train/4/02974.jpg,classification/train/4/02974.jpg,5ebaf880a43fcb00548a057a09f40a845bbe3770da83e7988400cbd837286535,4
classification/train/4/02978.jpg,classification/train/4/02978.jpg,163f25ea9389919ec2bbd8d94e98171b2e029d1fe3fe8f0b1267e0639746124f,4
classification/train/4/02993.jpg,classification/train/4/02993.jpg,daec244d7b61d99134b52af3009111020a46519b74651190fbe6d9407a0802e9,4
classification/train/4/02994.jpg,classification/train/4/02994.jpg,fe849c217ca8fd8fccbfb071a034bd67b2b883e64f679ac57bdf121d22fb2e19,4
classification/train/4/02996.jpg,classification/train/4/02996.jpg,d073da8f92a976bc13286f25e6765a4b1c6dbe60b046d14a6adb393cb025a522,4
classification/train/4/02997.jpg,classification/train/4/02997.jpg,5916d0d905d11e069dbfb81f48d001c8572344180ba609c6169d72b18f21ccd6,4
classification/train/4/02998.jpg,classification/train/4/02998.jpg,71ddeaa35cce3dfa63c2e4c859aa9aba4fe80830b78d7ac6532fcf38336519a2,4
classification/train/4/03000.jpg,classification/train/4/03000.jpg,6fd4194144a1022e24d1aeb1a1d4bc9255fd9c720a35792da7651268f1ec2750,4
classification/train/4/03009.jpg,classification/train/4/03009.jpg,31bb31320a436c49a21abdc3734cb5fefa3e544cf877bb524cf11d4ed70569ad,4
classification/train/4/03011.jpg,classification/train/4/03011.jpg,0ca914d0758d1230090473e34c11b8567781aad8b671629c30cfe8bba9500c97,4
classification/train/4/03012.jpg,classification/train/4/03012.jpg,3c6834d0401722a0393006676703f9de980f1bb6b77f4295d32e47bd53592199,4
classification/train/4/03013.jpg,classification/train/4/03013.jpg,d6770b817a61561e8ae63ca707d45771f826b6c4f04db07e8812ee9273b54743,4
classification/train/4/03014.jpg,classification/train/4/03014.jpg,f57dcea35bb409ae2689f8d4d19917f772d0bf1330913e4453630f6545c3f1a4,4
classification/train/4/03015.jpg,classification/train/4/03015.jpg,f8ee016dbecfa11becfc2f6903342f7c743cb90822757ded115f8f11b9cbd764,4
classification/train/4/03017.jpg,classification/train/4/03017.jpg,af672518ddd3db1308c11f7a6384ee3625df3eca89107e43fc76c401969e8dff,4
classification/train/4/03018.jpg,classification/train/4/03018.jpg,8ca243c7eeb724709be231a01f29afcb347284783b88676abbbb2c1fb141aaef,4
classification/train/4/03022.jpg,classification/train/4/03022.jpg,e7fe2818fb5b82eacb1313cfc49c3bc76e790e8d3e1d61ca3db87944ecb7f150,4
classification/train/4/03025.jpg,classification/train/4/03025.jpg,44617c7e93751c0e59e40333dec7195bc381db63963b88480fa26f9bb9bd6964,4
classification/train/4/03026.jpg,classification/train/4/03026.jpg,5b3c99d979f1f8d323c9f63cbb24cc9fe1d34975914c0b8dfd6cb0053536e684,4
classification/train/4/03029.jpg,classification/train/4/03029.jpg,f5af74d81aa86e19215c5a0189b5fb69c03f03315537da52c668c84ba5352106,4
classification/train/4/03030.jpg,classification/train/4/03030.jpg,eb5685a63d9f9cd7c52a8fe241126e4a1e344d65ee3cae6b6e6ad77aba448ad4,4
classification/train/4/03031.jpg,classification/train/4/03031.jpg,b7b487c14736457265b4b1a0fddae1eda3a7aff6b626fddccb49c7755f8426b5,4
classification/train/4/03036.jpg,classification/train/4/03036.jpg,6d995b6a03276f5515a935b18bf5ff35b0735da20813efcace0ac424457421c4,4
classification/train/4/03037.jpg,classification/train/4/03037.jpg,646823914ebcfa751fac8b82f0ec267f6de6586bee9b7bcc9443d8c11bba5516,4
classification/train/4/03040.jpg,classification/train/4/03040.jpg,8c3686728ed7c9be7f97dd82aebda8d36ed4dd385e4cfa5201631003545e4277,4
classification/train/4/03043.jpg,classification/train/4/03043.jpg,d66f4df4c10cc0e235c482327304c506e93610bc54e81c84124c1b66480b87e8,4
classification/train/4/03046.jpg,classification/train/4/03046.jpg,ca1ed3af68c60cd77f0856d7a77d257d319780289ac6deed6730a379b3d66335,4
classification/train/4/03048.jpg,classification/train/4/03048.jpg,e7c6cf1501160be0a4ae9702fc7c0aaf7b757045bb5af17f3297356bf75bbff2,4
classification/train/4/03053.jpg,classification/train/4/03053.jpg,6ff7166b9f3e4e9e9256443803041326b2b0bd2f002e0c1390a0431f22d1ce10,4
classification/train/4/03055.jpg,classification/train/4/03055.jpg,59d57780841ea32ed59c5a58ce93118db0c87bc00d7c7e026e2586d3f0773b2e,4
classification/train/4/03057.jpg,classification/train/4/03057.jpg,8804cb491edfa8f57505eebe48762250c5a7ebc589ce0e753954a14abb0c8023,4
classification/train/4/03060.jpg,classification/train/4/03060.jpg,363ec7895f69a37c86eb101874e13ded8b94240f7e134d24fe5ddc4447992ff9,4
classification/train/4/03061.jpg,classification/train/4/03061.jpg,e6e3ed6f4aaea8f1da76666e335ea9bdc6bf5cbbfc95342f46c571ac8ea7aa5c,4
classification/train/4/03065.jpg,classification/train/4/03065.jpg,e87b5a766bca03efaabd71edb773ad1903776fb7724a7801859627dd1bfc279a,4
classification/train/4/03066.jpg,classification/train/4/03066.jpg,e45e3b32f7d9c8d15bc82a1c15b71efd0d127f05f30ad080876b1df22452d325,4
classification/train/4/03067.jpg,classification/train/4/03067.jpg,5f20a1c86568c951f62f78d283fb01ee1b6084d8f75c2b6b059a8c75248b7f15,4
classification/train/4/03072.jpg,classification/train/4/03072.jpg,ebf12d15ad315a339f87944da79539effff42361e6bc059c402e23e8da9964a5,4
classification/train/4/03074.jpg,classification/train/4/03074.jpg,8c6eae8d4b2bd46ec42556034cee0dee88c8a4bc62db4b4da2e41f2f85b9b900,4
classification/train/4/03075.jpg,classification/train/4/03075.jpg,f92de17415e258a0e04fc0fbdbdbfa2b1e86fe8e3bf05faaae1c6c4f0e908618,4
classification/train/4/03079.jpg,classification/train/4/03079.jpg,e19146241ce9602706f173fcace945bbe83cd1a85b9d1fb272049b9ad9a641a5,4
classification/train/4/03083.jpg,classification/train/4/03083.jpg,2efdd713df0e2a290bed5e5e696a5d1bdb9c707f6163cb535534f5fe3a1039c2,4
classification/train/4/03086.jpg,classification/train/4/03086.jpg,df23df8f47b220c6dd1c825f03c0769df05b4e2437c4a2551f437f9f9e38e49c,4
classification/train/4/03088.jpg,classification/train/4/03088.jpg,8bf79b0091ac1a329c06463558f4ee83f696a964f8ca6b53ac61c6154d21def2,4
classification/train/4/03090.jpg,classification/train/4/03090.jpg,59e3bdeac19121f2b87daef14a4d5f9f8c006e46a5bbcfd62c46f84fe484f9de,4
classification/train/4/03092.jpg,classification/train/4/03092.jpg,b941afa2bd5594150f1b47a6ac24c0213ffe834c3fb7776b7f5b632097941f71,4
classification/train/4/03094.jpg,classification/train/4/03094.jpg,a70520557a956770d71f894076bfd9c8daf0a64aafa7ddadce35dabaefb389df,4
classification/train/4/03095.jpg,classification/train/4/03095.jpg,398de33f232980a4ce56a8d1af5d1c98d550a82e4c6b39ee28670d454e12e872,4
classification/train/4/03103.jpg,classification/train/4/03103.jpg,86a13d761809a3c05068631177309b557cf6232954f45118553ac291647b0799,4
classification/train/4/03105.jpg,classification/train/4/03105.jpg,e3fc7b3dc8b8a8a08e1a75f3e375a5a490b139f05b23fa5e109c171e8f1f1d15,4
classification/train/4/03109.jpg,classification/train/4/03109.jpg,f85be5b1718dc256a2091d1ca9f16c056957e8e850d4b3811af367e92bfa714c,4
classification/train/4/03115.jpg,classification/train/4/03115.jpg,98dc41856e51c36ef66d5c0858322069ed53226be6a291ff7eb0d17d7ad847a6,4
classification/train/4/03116.jpg,classification/train/4/03116.jpg,adaa6a8ca2f41cce0fecf863256d330545cb9380a66dee6bd936d1fc6e34cc83,4
classification/train/4/03117.jpg,classification/train/4/03117.jpg,586b495de9484cd676af92a0b244679f0bebd918a5a40a7b461482138a3e50ef,4
classification/train/4/03118.jpg,classification/train/4/03118.jpg,1d0a5fa8cc96fa1318e02279a9777c0a49c6f9615ea1f31cb606acda0c5d1898,4
classification/train/4/03122.jpg,classification/train/4/03122.jpg,5133be53a4e5b4e24d1197f489a07a933a6d2c3af58b4e9d15f730c2cb172e56,4
classification/train/4/03123.jpg,classification/train/4/03123.jpg,2b6d88291be4d3b70f8663cd474054374e0bec01be86fe38be4b3b2d4f77d0cf,4
classification/train/4/03126.jpg,classification/train/4/03126.jpg,28a4db21d815e71c3de25eaee1b25f750506bbe06ae3ccce520430e1812f5f4d,4
classification/train/4/03133.jpg,classification/train/4/03133.jpg,3f9e199d9847c30ef4fdacae1369554f4e71dbe253cf8bf6449774a62d5f7048,4
classification/train/4/03134.jpg,classification/train/4/03134.jpg,4e931a49f88dc586bd1fba588ce741121c3281a308c4b1271a82673b5cf83a6b,4
classification/train/4/03135.jpg,classification/train/4/03135.jpg,3d96888b939ead4a1c6a7054b9f5f093f900be4cf2b830fc9beb483d17e4ff91,4
classification/train/4/03136.jpg,classification/train/4/03136.jpg,43ba93d59d3000e3f400a9100ddf4c96505b4648e55382f53826cc5891e274dc,4
classification/train/4/03137.jpg,classification/train/4/03137.jpg,2d8a135e68d0565f113bc27d0a6a3c0a1c763c841eb9382ff64cd509edfce3eb,4
classification/train/4/03138.jpg,classification/train/4/03138.jpg,6c8f2769201477da267bd2c258069c4da223801816bbac04199505487ef6ec50,4
classification/train/4/03139.jpg,classification/train/4/03139.jpg,cbd3f21b5a312690c8706f451490c1e2350489ac286b560d07dcd1b4d261a1cd,4
classification/train/4/03140.jpg,classification/train/4/03140.jpg,3ff4296188b83de1460c6f52f46e6554fd55d6b25ae6f517dccd30ad2252a138,4
classification/train/4/03141.jpg,classification/train/4/03141.jpg,8550f0acd73390cb999746d46256b9dbaaf259b4e18c6ce1ebe590d95c354f47,4
classification/train/4/03143.jpg,classification/train/4/03143.jpg,52442193ffde0f2f8578929131e937a92fa9c8fe12db140fe81ebf54b348db24,4
classification/train/4/03144.jpg,classification/train/4/03144.jpg,d55f82939fc491202f2d897d10b99cdb7e94fe0da3e306bd350806242a54cb5e,4
classification/train/4/03146.jpg,classification/train/4/03146.jpg,08035176460ae7b174d630d2d53c253b182b2100ca33c81f24c9a4d889bcbdcc,4
classification/train/4/03148.jpg,classification/train/4/03148.jpg,135e3a74bd7d9de46288a04b213de1cdbac4470e76b5739538598839196bd0ba,4
classification/train/4/03153.jpg,classification/train/4/03153.jpg,8c2129b8b020e07bc95a0aa2c15fcc277beae5eac88df106050d47eec2f0a4af,4
classification/train/4/03159.jpg,classification/train/4/03159.jpg,7aed6f617fc29c5e76df997f9ab4f27adacd01e0b400fe0deae50d327590ad4e,4
classification/train/4/03163.jpg,classification/train/4/03163.jpg,ef30fd131656f51a0cb335fcef14db297f30158a8840f382668d34af67500d3d,4
classification/train/4/03165.jpg,classification/train/4/03165.jpg,a1f1804fe2ec26ad256d12b8d863db572a62039890be30eac3e1b860e44f3da6,4
classification/train/4/03168.jpg,classification/train/4/03168.jpg,ff0f3b452a5f2fe49e013756ce38561679c14b0a7bd6288afe8d47cc616c272e,4
classification/train/4/03170.jpg,classification/train/4/03170.jpg,88c46ce30f750f0450dcab77c889f247c570aabc39f5a215ca776252571ba764,4
classification/train/4/03172.jpg,classification/train/4/03172.jpg,ad7a9fc21d03233c3b58b49bdda99e480148037e61d2d910e45eeb8a4866d3de,4
classification/train/4/03173.jpg,classification/train/4/03173.jpg,3647f55a8a4d164773b4db5e12bee5c5ae61c873fd2c0344ffdb17b8de4af82f,4
classification/train/4/03175.jpg,classification/train/4/03175.jpg,28bb8a7bfbbb4b468a4cffc3b9c21d8dc3599ea4249bf32ef5aff34098c9988d,4
classification/train/4/03177.jpg,classification/train/4/03177.jpg,3d3c0f5e0d73b949ed1222bbecf0034dd9e8e6b76baaf7300b60fd766eddceb6,4
classification/train/4/03178.jpg,classification/train/4/03178.jpg,a7a79bee861036848e69a3a2b16946094fcca7551f4a938f364271180ba58ca4,4
classification/train/4/03179.jpg,classification/train/4/03179.jpg,dbb42dccfc205928871cd28a0fdd4491a3b666824685a360819967a26288c71d,4
classification/train/4/03181.jpg,classification/train/4/03181.jpg,b7ea78a6c8b7c5ca424a7d0c631b70a01dfb085294ec2c08a847af5cd2b1de5d,4
classification/train/4/03182.jpg,classification/train/4/03182.jpg,64251455e38b870250fc97208b41a2822952c871254da3281e65bd26be88f207,4
classification/train/4/03184.jpg,classification/train/4/03184.jpg,cf51ab752d84449cdd43002f36cefd8d3d0627f5d139d541b09e13fcf54e3e43,4
classification/train/4/03186.jpg,classification/train/4/03186.jpg,7a190491027aaf1bcaee74011151b70cbb32473f0a39ada2d018b75b70182b87,4
classification/train/4/03189.jpg,classification/train/4/03189.jpg,44b5ca08bbe8b10a61a23bcdabc9c6db8a6329a7eb95fa4ea24828af8369ba2d,4
classification/train/4/03191.jpg,classification/train/4/03191.jpg,71391d99073ad04c90dc7249a3aded3172fc9e4661aac5353a0f0a5c6a746c49,4
classification/train/4/03193.jpg,classification/train/4/03193.jpg,fab479329efd6ff6f6ed1bff2ab588f35e80fc069506ba6e12a9acdb6d93be5a,4
classification/train/4/03194.jpg,classification/train/4/03194.jpg,50db4f56cbfbb9d28242aebe5760f688dfdfc1a7f6b90c9ed60dfcdbd6fa7523,4
classification/train/4/03196.jpg,classification/train/4/03196.jpg,29b264946d635e47d4bfb26cedbef2b04ef868b306fe5fb3aed3a6692ca127ce,4
classification/train/4/03197.jpg,classification/train/4/03197.jpg,f659bdfc3dc4264fa12052f59a2974ade99dd7fab74c0bbd3e29d161a4b99766,4
classification/train/4/03202.jpg,classification/train/4/03202.jpg,a8d60fdd487c7554853b2c7374efbc17a546b3bc0310fad814f141a27c655a38,4
classification/train/4/03208.jpg,classification/train/4/03208.jpg,cebf8d5a7e0b4b2928672005c5f2a5e575f02608310b8b2d6fe28e0632611ff0,4
classification/train/4/03209.jpg,classification/train/4/03209.jpg,a963e9e81fcdd8c9071fe17726324d459d155325f1120fb85f072693028cc16b,4
classification/train/4/03217.jpg,classification/train/4/03217.jpg,9b82f43eb3a28bad8a3f503b34fc62fac8055c7296b3b7b5be760887b0c8bbbb,4
classification/train/4/03219.jpg,classification/train/4/03219.jpg,f9050ca6b195b46f31a7435eee4d673c7148355b0109c72d57a57c72b12625e5,4
classification/train/4/03221.jpg,classification/train/4/03221.jpg,69077279a721325b05309ff0968033ea0403731d22352fdae304ab676a08b139,4
classification/train/4/03225.jpg,classification/train/4/03225.jpg,ed2cc80bd28eda6900793e638fcf2ac04e96fd42a87c463b3bb46f788e9fd38b,4
classification/train/4/03226.jpg,classification/train/4/03226.jpg,d529b12cf28f1d027550ed38d1b8349271e4c2ea3b7cbaa064eddfcc8eb3923c,4
classification/train/4/03227.jpg,classification/train/4/03227.jpg,b56501d63a11a52439cf6aed1708847c7c9f6e36098a1658c8c5fcaf6fa01ca3,4
classification/train/4/03233.jpg,classification/train/4/03233.jpg,f9dd3bc73fb6e1cf04c5f51324a42e17057cf5a38f1ed707ec39d64c8efce065,4
classification/train/4/03236.jpg,classification/train/4/03236.jpg,49dca0f6528e510644c25c523a5328fc0cc030bf74b66e3d8a0ae17fbca467bc,4
classification/train/4/03238.jpg,classification/train/4/03238.jpg,03cf84e731738db96408446741fcd1b83a830b80b038f6213b4f2077c2a3ee73,4
classification/train/4/03239.jpg,classification/train/4/03239.jpg,9217615b1d65d2307f2eef85f4601d1b7fd1dbe8e756f2298cc5f21d25b63c39,4
classification/train/4/03245.jpg,classification/train/4/03245.jpg,d894fd65b7687dcd7d6e71c282285365f13ae158eb21da741ac86516f82a0363,4
classification/train/4/03249.jpg,classification/train/4/03249.jpg,e5498e5eced4ee5143f50d827c8b780a13ef0ed1806de73106ea4ec4fe1cfef9,4
classification/train/4/03251.jpg,classification/train/4/03251.jpg,63a33f6c47851241f541fa4b6eb60e41910e8077048a18df2af861676ba4d287,4
classification/train/4/03253.jpg,classification/train/4/03253.jpg,d9dcf9b60378faf07292a7435cb8b5c55301706bd163a4bec620b5dc4bb2f218,4
classification/train/4/03254.jpg,classification/train/4/03254.jpg,c5ac4382ca63601e45ce2c54ec2bfaab15193be65786f298b8e79070a71aabf9,4
classification/train/4/03255.jpg,classification/train/4/03255.jpg,4ac93863650c86affd02ad78e518ddc6c7d6b19b0fb925d78701e5b62154872f,4
classification/train/4/03256.jpg,classification/train/4/03256.jpg,a995d7c7e5b16ea272dca8852fc9d6515b0feeb9434e0e2ea238610534ac9ecd,4
classification/train/4/03257.jpg,classification/train/4/03257.jpg,5d7404255ca5fe6ad5f80d2e8f5d2334e974637034fd19324e1ded388216777b,4
classification/train/4/03258.jpg,classification/train/4/03258.jpg,54f3c168c5ec1f8756f74b1fe399d0411e4573536e1c0f8a33163e9838d70818,4
classification/train/4/03260.jpg,classification/train/4/03260.jpg,28793a9182b120d2fdf092bb7dcbe8c1cf247d14ece7ee09c13297404cb952ee,4
classification/train/4/03264.jpg,classification/train/4/03264.jpg,5281fa13165c24afb7997d727f299b4230c12130803cd9a55026ea36a2426f9b,4
classification/train/4/03265.jpg,classification/train/4/03265.jpg,927f1ffdc612a6aacbfbca190c59232ab46ed2fa9a38e795275d690784ce70fe,4
classification/train/4/03266.jpg,classification/train/4/03266.jpg,ae728fd6de4949ec807c1203f2a7f462b210585196e2c22aeae90d5cf1f00bb5,4
classification/train/4/03268.jpg,classification/train/4/03268.jpg,0aab941a5b7d3cc99da16444f45bd9e4b5224046d12336b4b1f99c8d1998ba6d,4
classification/train/4/03271.jpg,classification/train/4/03271.jpg,3855c7066ed58e9e55719fc2c04a334258d748646d9be068cb579839315fb3a9,4
classification/train/4/03272.jpg,classification/train/4/03272.jpg,2a74ffe3e25a211008d643b77e6b3b77196d6bb59060bd90f73fed5df8fad18d,4
classification/train/4/03274.jpg,classification/train/4/03274.jpg,94479bf1ddb0f877f8a11eceb1c7f8a01a3c76e67f61aec74f04fec1553037e4,4
classification/train/4/03285.jpg,classification/train/4/03285.jpg,c87b53b87eeb6aa38b181bd35358b45db9f50e4fa06381f7bf602692e47eb4ef,4
classification/train/4/03286.jpg,classification/train/4/03286.jpg,5aa89568ff4ffe528b467021382b9d06c8228c24242931d8b4f37496764ff484,4
classification/train/4/03291.jpg,classification/train/4/03291.jpg,9ae6b91e0431b4aa832c186395ac4dafaaef01292c89ac57cfac0b52eda05e04,4
classification/train/4/03292.jpg,classification/train/4/03292.jpg,97e54b7e85209ff8980cd5bd1b881733d5845d32dc477f0d6558333c031e307d,4
classification/train/4/03293.jpg,classification/train/4/03293.jpg,1eba25ac1ebd50355c28d5cf788797a8a5b4f810b1d187304a5983a09ce02318,4
classification/train/4/03299.jpg,classification/train/4/03299.jpg,b00d9fc5fab683be91965cf9a8f9fffb25f1e9e2c479d2982ecbfa366a9a6eae,4
classification/train/4/03305.jpg,classification/train/4/03305.jpg,999ddb00bbb6b588f915b0e1fae0947bad06b395c9bb8d449588c2636f91a948,4
classification/train/4/03306.jpg,classification/train/4/03306.jpg,1a093fb4fcd969f749e21a601ea7ac1da709d4c30af9c94cbf76683c3c4e2a69,4
classification/train/4/03310.jpg,classification/train/4/03310.jpg,0a11118b02636f7d7bdfaa634a3a51f0fde27d6264fe09b0af5093fe6ce9f482,4
classification/train/4/03311.jpg,classification/train/4/03311.jpg,8d5b582a2cbba9b8fed80800bbdc12dd57828f04bf14d0b1c57db227d3f06aab,4
classification/train/4/03315.jpg,classification/train/4/03315.jpg,64a9b2bb17a8e75e5d24f41daf747eae49add1b13543a447a94cc282e1d32c6f,4
classification/train/4/03316.jpg,classification/train/4/03316.jpg,4e05d9786918afbc3e8e0446f74503afd3a5b8a140e3bdb9e05387816c10dca8,4
classification/train/4/03319.jpg,classification/train/4/03319.jpg,dcd68879ae9b570d62f22772c5bbab5bcf4b7f8f3e4aa7e1d48707213bdb512d,4
classification/train/4/03320.jpg,classification/train/4/03320.jpg,83456d5f8173f552e555db09b0ed183239b8c81d52ef82c01e5251649c9bf4d4,4
classification/train/4/03323.jpg,classification/train/4/03323.jpg,400845fc905851752aece6b003c85daef9ca90790096a985d11abcc3bac52e26,4
classification/train/4/03325.jpg,classification/train/4/03325.jpg,02ff71a29928ff6b9908725f1147f4761a49a57d2adc6b814aa3bf60b43b27a1,4
classification/train/4/03326.jpg,classification/train/4/03326.jpg,91a2c8e408b43e59696e99b954e87dd6552c2f996429587e9790e9ba7bf52b3f,4
classification/train/4/03330.jpg,classification/train/4/03330.jpg,2a50d03c3cafc18c3b9c0db444be69309807518792afeaa63573716066d5e2e4,4
classification/train/4/03336.jpg,classification/train/4/03336.jpg,8b88ca3bf6306512328d07af74f37ed3e18608079a4455c281ae2917bbde7d17,4
classification/train/4/03338.jpg,classification/train/4/03338.jpg,4c2f170a59d8e249b3a1e988910b4ce83022086a9405a04c5e1fe8f2455fb7b5,4
classification/train/4/03340.jpg,classification/train/4/03340.jpg,ae859fc7628739ad32758f4012db0f031cba8aa90f505679575801be2f70a30f,4
classification/train/4/03343.jpg,classification/train/4/03343.jpg,b2c35f4e5ba07e566da69b953598e7e3dd5820615038cad10563f4046232ba88,4
classification/train/4/03344.jpg,classification/train/4/03344.jpg,90503aaf9188470b8065b4c2a4afbafee9a05bd78016303d97b129314a2947e3,4
classification/train/4/03345.jpg,classification/train/4/03345.jpg,9636c86e59cfef97788f33c469f61a3cb3b83f7223d18de1cf4ea01b8f5e5af3,4
classification/train/4/03347.jpg,classification/train/4/03347.jpg,d7dfd22eb061a47ad3c0a046ceca69bcd02f9eb872c4034d9f2731a7f54adaed,4
classification/train/4/03348.jpg,classification/train/4/03348.jpg,bc32d546786818a3c15ae8b4add59535dd11fe65a5a37682d0938b438a3ceb14,4
classification/train/4/03351.jpg,classification/train/4/03351.jpg,91a327d125b048238963846766c45ddea22cfa254295163704502795709c58f5,4
classification/train/4/03358.jpg,classification/train/4/03358.jpg,7a3bad32e97e69ac9be512c503c5c375715abfba097233054779264763b43078,4
classification/train/4/03359.jpg,classification/train/4/03359.jpg,f5230416f1b0c71c5320282b17b19547a011bd71acb9ada4438983bf7f1a57a0,4
classification/train/4/03361.jpg,classification/train/4/03361.jpg,be28f189b354a439dce0c9adc3827169fc04629052f2e591d74cb589b7bca26a,4
classification/train/4/03364.jpg,classification/train/4/03364.jpg,3450e6e87cdf29f22c13801522cb44930b5daedeeb91a424cf24ff7b6ae7c1ac,4
classification/train/4/03369.jpg,classification/train/4/03369.jpg,9e912137a6d2f83b521e631c14d208ad919c99fecb3a306035f115c1cf7546e3,4
classification/train/4/03371.jpg,classification/train/4/03371.jpg,c684abd0c915df69e33cd7ac59a33ab90af7bdfa4f40e9ef8e953e683e626565,4
classification/train/4/03372.jpg,classification/train/4/03372.jpg,1ed006dc44dd94e9a31149196308b4334050cb2aada5e83f3b16fc6e017501bf,4
classification/train/4/03374.jpg,classification/train/4/03374.jpg,713eb5713a243e48bc576434d677cc1757014366eb6f59a866f4d955a4c6b346,4
classification/train/4/03379.jpg,classification/train/4/03379.jpg,502a760d02e9ea589e765706af563174f1db0941dc7af059c9f2d517570f114f,4
classification/train/4/03380.jpg,classification/train/4/03380.jpg,3f4375454569aca970d4726de464ed5cbd7418cee02adc64c269c9123b402f4e,4
classification/train/4/03382.jpg,classification/train/4/03382.jpg,f397e36e6edfb9c03d9b2196992919b1b2e389810045a0bf8341c39ee90734b3,4
classification/train/4/03383.jpg,classification/train/4/03383.jpg,221998cd39752fb248b76c7b10a73bb3d889b4133a52c188ea44b69610420a42,4
classification/train/4/03387.jpg,classification/train/4/03387.jpg,b865f566a93f8a63538db798c30fee1fb5e951ce071ba32f8312e6b1f5a4c2d0,4
classification/train/4/03388.jpg,classification/train/4/03388.jpg,d1a93103b2ac4ac719bd6cf26986d3c46c2c45d0b1f977ab14964f00b7f6b634,4
classification/train/4/03389.jpg,classification/train/4/03389.jpg,ef5843a42d7ec535a889b1c5c86f8d0ac0634d5db901ffb53ca8e20c39f8f9c6,4
classification/train/4/03393.jpg,classification/train/4/03393.jpg,55809b5d6e4f67f7d0afe42264fd50244c5e85db4f6846fb2e33f930097e64c1,4
classification/train/4/03394.jpg,classification/train/4/03394.jpg,24716d5f7a8bbc45b10e0fa15b503eaab46fd45e40eff079798d3bbff17714d6,4
classification/train/4/03397.jpg,classification/train/4/03397.jpg,a7eb2294e6191e05c10606861399461dc181bee2b96b51550270e84a9ecc6bd0,4
classification/train/4/03398.jpg,classification/train/4/03398.jpg,6fc964ca6e8b6f3ebd95079352e9e7d41b97da2cedad071428ba81ee2429d7e2,4
classification/train/4/03399.jpg,classification/train/4/03399.jpg,57d227a0ff0c0d53c5d2ed934596dd1f1a424601136a0d2a7b3f6292019daf70,4
classification/train/4/03404.jpg,classification/train/4/03404.jpg,807d4ff9465c08ecadc3a23cd0d2cd03db56505d00ba054131bec2f3b29a9cb2,4
classification/train/4/03406.jpg,classification/train/4/03406.jpg,dcd187893f5efe1cb0cf2f7e62ef5158b892a051cf452b3ea083210077e0e867,4
classification/train/4/03409.jpg,classification/train/4/03409.jpg,c2bbebc14eddd49fc587b4bb5da49884102371fc34a63b726dc8e4be6502c9cb,4
classification/train/4/03411.jpg,classification/train/4/03411.jpg,ece21bbadf26b7c7c723912fd52dd529ed094d1a7320f5c3f99fe44f853ccafb,4
classification/train/4/03413.jpg,classification/train/4/03413.jpg,7153de71f1c7e799b139602896f9247408bf05bdd45a6a5722376ffb6eca3c85,4
classification/train/4/03415.jpg,classification/train/4/03415.jpg,863ec28fac5ce68929d4dc3ab7f3b76d05b1ed9edd7e71b8be443588faa46143,4
classification/train/4/03418.jpg,classification/train/4/03418.jpg,321b0078d205f89110b43bd89ef2c764b71a4a12df2482e2cacf7507928391da,4
classification/train/5/03425.jpg,classification/train/5/03425.jpg,2585a3d45a63801ff851d6b97e7411c9b87645a762a062231fa290c0b007dc5f,5
classification/train/5/03427.jpg,classification/train/5/03427.jpg,0ea708a454d4be4912ced9ff170803832c3ebc49693a6e026e54ea6a190d8605,5
classification/train/5/03429.jpg,classification/train/5/03429.jpg,4becc0e2239758efc5da100d87a9205591f6481bbf926cb03f8fec83ed61ba77,5
classification/train/5/03430.jpg,classification/train/5/03430.jpg,ad9236554e0a8e70e2008386646b56fbcfb0ae36cb355be7c34e41decb02f8b5,5
classification/train/5/03432.jpg,classification/train/5/03432.jpg,74414710f7f2ce245f031b1858eeeaf64ad47ca585f591012ee964a40d164202,5
classification/train/5/03433.jpg,classification/train/5/03433.jpg,df6fcc3a389637556f61ca0e8a1e91cb795e925a50de6cfc519d7f442be067bf,5
classification/train/5/03434.jpg,classification/train/5/03434.jpg,11351957701799df5641dc95e5b8930b653b33bb03b53d78dfee274045d788bc,5
classification/train/5/03435.jpg,classification/train/5/03435.jpg,6b7a9d3f51e6dd65849ba8723a4fe9ef3fa21571a013043b73ac25de42eaf756,5
classification/train/5/03438.jpg,classification/train/5/03438.jpg,56c7eaffe49587fcf33e2e113227fc15bb589907b6f2907c5fb91ec1f05c84bf,5
classification/train/5/03440.jpg,classification/train/5/03440.jpg,317dd7aad3c52eb839b8c3b882d11df1169ebabad1db583af9316d5cb6e7f334,5
classification/train/5/03441.jpg,classification/train/5/03441.jpg,418ebe471e96dddb10fb0590b3308d7ada3d55b993b4adad146463fb8c3fdf07,5
classification/train/5/03444.jpg,classification/train/5/03444.jpg,a7e19a3cf7568adaf89d950fac9e9065a224b9276f2fcb571c115e2c633a7c26,5
classification/train/5/03445.jpg,classification/train/5/03445.jpg,25406c82c26f9fc4c9979846b9939f5c8b5b518ffc5c5be9a4ad3f0d716b9d2c,5
classification/train/5/03447.jpg,classification/train/5/03447.jpg,5590e5c8bc1ce09c0150e3c94cf0ec272027141512a310b4df25abdf670d8ac0,5
classification/train/5/03452.jpg,classification/train/5/03452.jpg,1073c1794d878615db2460601b3a3dc63abdc2aeb5fa56d9bba9b4fb7fd475ac,5
classification/train/5/03456.jpg,classification/train/5/03456.jpg,365f499a1be4dacfbf163eccead00aa58c8c7c6e5ed2fad2ff22bed9ba550df5,5
classification/train/5/03457.jpg,classification/train/5/03457.jpg,9d85fcb2b9ba90587de3a75fcecd5f132b281d9c56a0cb1ce06ba905c1c94662,5
classification/train/5/03461.jpg,classification/train/5/03461.jpg,9b69e4aa8f53f2e6bc35900b3307697acea3216bad1344844e61d7840f1f97c5,5
classification/train/5/03465.jpg,classification/train/5/03465.jpg,a14038c961e2db177ede7c5e48aae29fc7933452f95220463306c6f34b38ca40,5
classification/train/5/03469.jpg,classification/train/5/03469.jpg,06fdc4474ece05ad786a3ee150b2a877ef1ff088a68d2e6e4748ac4095e19b92,5
classification/train/5/03470.jpg,classification/train/5/03470.jpg,91b261ffc8f064b1935e2207e2da1ddc49375aa9ed9c8f6a2665f4980161e035,5
classification/train/5/03472.jpg,classification/train/5/03472.jpg,8ec4a779c02418e9818d8f8e9d0ab4eb16197a4f8ec3db24a33d9614d4027f6c,5
classification/train/5/03473.jpg,classification/train/5/03473.jpg,97fc526ae27e7b2c4324ada5681435ebafe7d45f89606940524da4d94d9ed028,5
classification/train/5/03479.jpg,classification/train/5/03479.jpg,3c9ee7b27033b204cec1396c13b49c128d9c08ce301f634a742de36204823437,5
classification/train/5/03480.jpg,classification/train/5/03480.jpg,df965214fb2cd5caf2f1b283264791b28c6fb99b97dbab8094e2643992f34198,5
classification/train/5/03482.jpg,classification/train/5/03482.jpg,453ff5906319735f83020a3d405d449e78f3bdea9518da8741e3ee5b14fd9b3c,5
classification/train/5/03483.jpg,classification/train/5/03483.jpg,4dcdb6c283cc75fc937ee9fad4477e6deb9dd18291e9cf0adc3c3ca71089b0f4,5
classification/train/5/03486.jpg,classification/train/5/03486.jpg,20148cfcd7f6b5ea1583795c1d16c0504223b592644e29d3fc4aeea6f2e7c8b5,5
classification/train/5/03488.jpg,classification/train/5/03488.jpg,e8c376b24697ae52c83da3bef09e8bb305ad160ac2ddff135f4e1f1fb5f662de,5
classification/train/5/03493.jpg,classification/train/5/03493.jpg,1082538bf4e617c46e9010f19ad5360c4589bb745ac741d657352945c5b85fe7,5
classification/train/5/03495.jpg,classification/train/5/03495.jpg,959e68a38b087be14a48a65f806bcd9653f24f6ed209347b5550311038d76ab2,5
classification/train/5/03496.jpg,classification/train/5/03496.jpg,a8e034eeeb800f148437b0ed95b8c795f8699a9f4e8a13269e0d0446d65f6ca6,5
classification/train/5/03502.jpg,classification/train/5/03502.jpg,fe2f49f280582d4dc4c6dc7f47e4e3212e2fb89bfbe3520a324beab5f09b47e4,5
classification/train/5/03504.jpg,classification/train/5/03504.jpg,d55bdc83d7088a7fa005c5f362a3783ef0cbb683dbadf12b2cb441be7e0ea715,5
classification/train/5/03506.jpg,classification/train/5/03506.jpg,955ac258b3ed21f2da7bbf3ba37014f0f77b4ed5cab92fcdfd4043c66ffe4595,5
classification/train/5/03512.jpg,classification/train/5/03512.jpg,a55d814e4938cb32d6092199338efddc380cb5677b1998da1831065f5444412f,5
classification/train/5/03517.jpg,classification/train/5/03517.jpg,5964ed66ea08117853959534cb4d75f8ad3097f778a946c52e0aab57b923d150,5
classification/train/5/03518.jpg,classification/train/5/03518.jpg,3c4f22277b43b8c27265d6baeabdedf629140c26b11237da8b646e370dc10343,5
classification/train/5/03525.jpg,classification/train/5/03525.jpg,f0c6f95d4605fa7ebdb3cf25c8d8c68e66d40a3901baac165144ffdec193e8f1,5
classification/train/5/03530.jpg,classification/train/5/03530.jpg,a10f918e79731469f72f866b64bda814eef9f06f40f4c5591adc6da478e4c30f,5
classification/train/5/03532.jpg,classification/train/5/03532.jpg,9d93f33603277dd038e4ed41f809fe7a12aa03bab2117e342547aa03ee9ad72c,5
classification/train/5/03535.jpg,classification/train/5/03535.jpg,f03b384d9a5c6c82e7625e488e5a374b48620c59b7d9678b0acdfb283c0b2acc,5
classification/train/5/03537.jpg,classification/train/5/03537.jpg,382eff540bedff39f0d703b80ab7eb67ac8e958ade1a2dc1156dc61a61196405,5
classification/train/5/03538.jpg,classification/train/5/03538.jpg,0c5bfbc4bf6e71def6b776318b5fa21035365c229078762f3295f9ab2e1e525d,5
classification/train/5/03541.jpg,classification/train/5/03541.jpg,249475080c9fe741c2be84e8740db40ab208e79cf36d75ae8b05a1e0715bd756,5
classification/train/5/03542.jpg,classification/train/5/03542.jpg,4f289b5701521c56b4300353ddb7ec1b0a6dd5492df2cba09f53a172a3862e93,5
classification/train/5/03543.jpg,classification/train/5/03543.jpg,9d3319b789082ec2385dfe88da7e1c31d197ac11d3f80b1cc556551c0be88a72,5
classification/train/5/03546.jpg,classification/train/5/03546.jpg,94d7e25a386d4d641ee9946fb8ca6dd8e642f604626737da5fd58c1f97a32f0f,5
classification/train/5/03550.jpg,classification/train/5/03550.jpg,4a3cfdded1352b8151146135390697339372818c76b2db8ea8db05796b661fd5,5
classification/train/5/03551.jpg,classification/train/5/03551.jpg,3b8e0633fe4a7ea38d469f7e4222c2ef6d672598ccffdecc470ad97c14eee5c4,5
classification/train/5/03552.jpg,classification/train/5/03552.jpg,2daa1c4025ad67dcc33149d5ea8a6ef766d32cfe0343627b3098199c3ce397c4,5
classification/train/5/03553.jpg,classification/train/5/03553.jpg,9c06d1247fbaaf5022defc6bf9800068c4a5aedbad10a35a3ec6fae65beef6a4,5
classification/train/5/03555.jpg,classification/train/5/03555.jpg,f0c68c50233cf6a177bf46ac34704569d93286793d7142a7a29b9108961f5ea5,5
classification/train/5/03557.jpg,classification/train/5/03557.jpg,7b4fef6a0d5b19f569f95430d85424f850b1dbc6a16165bed22adb32280d47e5,5
classification/train/5/03560.jpg,classification/train/5/03560.jpg,e47c1ce2d825462b5c4785b44bbd4b9cb4caf4ebfc1bed587acf66b84858dc59,5
classification/train/5/03561.jpg,classification/train/5/03561.jpg,c44733b87a4bd7dc9431cad93338f0682c0557c085e35632e0e3bfbbb7ad8fe3,5
classification/train/5/03564.jpg,classification/train/5/03564.jpg,ead9585c8b9bcbf867c3c8752977e8bbf2e0dcac8c9816bbdd457fd5def4d704,5
classification/train/5/03565.jpg,classification/train/5/03565.jpg,d106b4ac6d01ecc3aadfdda6fe57a4278ec665332c99189bd6345f0c4f599adb,5
classification/train/5/03568.jpg,classification/train/5/03568.jpg,1fecf483d1b742dbee69fdb5e7b89b25537e9afd7cfe01ed0f52020a69df978a,5
classification/train/5/03570.jpg,classification/train/5/03570.jpg,04c69cdcb99aabd14b4ac20c2cf648fb7c1ccd7eccda5c20cd7b7e7a4a2b63c9,5
classification/train/5/03572.jpg,classification/train/5/03572.jpg,c3d777dbe0b560068417671fe53c93bb3ba4bc3bd7eb85861069f9bd4339ee06,5
classification/train/5/03573.jpg,classification/train/5/03573.jpg,eed297f51382042617a1de12ddcd3216ac8d1206539043fe57cd45d8967ccbd5,5
classification/train/5/03576.jpg,classification/train/5/03576.jpg,900557894b743883ba8a68c0cd14551aa8791ed1913efd52658f6b0bf23c4424,5
classification/train/5/03577.jpg,classification/train/5/03577.jpg,ee0dee1623361bbb4064a0e4abb3b46b01edd8c1e61e222a7aca0f05c4a30a6c,5
classification/train/5/03581.jpg,classification/train/5/03581.jpg,e70ed80744ac09c7ad4aaeca1b89189c4f5428594ffc3a7011cacd1d3cb7af00,5
classification/train/5/03582.jpg,classification/train/5/03582.jpg,36fe91d44c670b96fd6397c4efa006a9c44cfbbf0a2a10f0cfa79a651693434c,5
classification/train/5/03584.jpg,classification/train/5/03584.jpg,ea225e83c58cde3396285d8f2c76c22bad3ac5511af53365f05b9f40fc312b03,5
classification/train/5/03586.jpg,classification/train/5/03586.jpg,ee80f36c6a491403b40d7792b378861bea6e2baf01e1442219c4998ce6591efd,5
classification/train/5/03587.jpg,classification/train/5/03587.jpg,adc91af7c8074fa5020125e32fed1259b7235e1afbd2b28bcd10b4f7442cc06f,5
classification/train/5/03590.jpg,classification/train/5/03590.jpg,414338ebc2a418b5800f4d45806ca0ae98c877d3e230721b6b0f023927fcd9dc,5
classification/train/5/03592.jpg,classification/train/5/03592.jpg,e6055a5e221481ed027e9c58c00e0d90e5be2eecfa3b0be56dd902a6dfd1e27d,5
classification/train/5/03594.jpg,classification/train/5/03594.jpg,79d4151c7e8c1afd1914bff4196c16a822388ae569c2ca8493a197efb9dc25b1,5
classification/train/5/03600.jpg,classification/train/5/03600.jpg,f75125a6b177fd6b64e81d4805ca9e5d0989a76a0e9a790158ffdc7ee74a345c,5
classification/train/5/03601.jpg,classification/train/5/03601.jpg,280e3f0adeeb6a1150172bf17a261d9a848b9b4eb2c77c73870b330c64a49b21,5
classification/train/5/03602.jpg,classification/train/5/03602.jpg,1f05afb08c24a091d801d9769946c498ac247fd721fa6d343fc4e60a05bbe553,5
classification/train/5/03603.jpg,classification/train/5/03603.jpg,174844a49fb5d1fdd3e82f03914732858e00599cf02578fcfc85605ebb13cf9e,5
classification/train/5/03606.jpg,classification/train/5/03606.jpg,4bc3569ee6fabeb5f9b1dcdcd3282d87d4e57e33aedf76d888d685addb64ba55,5
classification/train/5/03608.jpg,classification/train/5/03608.jpg,eee57f0ea59fc1b48bf00dc1d62f9898ce744bdcb0005200bc8c72f473cad43b,5
classification/train/5/03611.jpg,classification/train/5/03611.jpg,18d8280954d92b3c291a7f25c8b3a84b946072b4fc718d1dfdb2fb0ee00b444c,5
classification/train/5/03612.jpg,classification/train/5/03612.jpg,f03ddfd7af738ef789ca7f7feb1c28b9b15d287fec4790e992666574e8ddcc8e,5
classification/train/5/03614.jpg,classification/train/5/03614.jpg,59183a07453a5c4a3b84fd0e75131b26218f369a0cc03781b619d45a5378a271,5
classification/train/5/03615.jpg,classification/train/5/03615.jpg,3a435adf735d4439e501834669745b41189ee31814c589206463440b56f3a8fb,5
classification/train/5/03616.jpg,classification/train/5/03616.jpg,5776687d23ce7c40557656bda6e731a4ec0cbdbf53b491b53f06efd2be86b34c,5
classification/train/5/03617.jpg,classification/train/5/03617.jpg,c011ef4f07b38679bd124001ebcb01f932f3738065788922c8adf6ad0c30c6ad,5
classification/train/5/03618.jpg,classification/train/5/03618.jpg,5f582ebd773838bbada94e04687c97d3452751d614dd325f0d4d5969124a04c6,5
classification/train/5/03622.jpg,classification/train/5/03622.jpg,1e153fc9652886e546ae12c617576aec9d0bb03868ac426b81accc1a6dab1783,5
classification/train/5/03623.jpg,classification/train/5/03623.jpg,ca454c269bc5ff7fc60f005f1f21cfd98d31caea52b90b16db86775629e7a457,5
classification/train/5/03625.jpg,classification/train/5/03625.jpg,206b5ae8408cb8fd37a7a83afac7e9c0c1a9ce643b9d536df091f54ed4c50ac8,5
classification/train/5/03626.jpg,classification/train/5/03626.jpg,f5e12601a71628d2758eb55f57e4c50940b9d5502f4078834bcfcbbe9ca59ae6,5
classification/train/5/03627.jpg,classification/train/5/03627.jpg,791894d5c8e29b903a815b74252219421b1bfe945be2ba1b5dfcc8a2cca2d7f8,5
classification/train/5/03629.jpg,classification/train/5/03629.jpg,089ae4906add8d0afa856196a4265ab56e53d7547bd73db346f311aa657b9916,5
classification/train/5/03630.jpg,classification/train/5/03630.jpg,ad8c59e3ab981224936a49055c030463672ff2aa8130c902edfbbfe9751eacfa,5
classification/train/5/03631.jpg,classification/train/5/03631.jpg,7c895d1b7a3b25eaace773d5ab063c1897e4ba1b8f22bc1f2220c0f33950ac61,5
classification/train/5/03635.jpg,classification/train/5/03635.jpg,ff013782e5c5eddc3cb1ab53c3e2b61969a51948cbcc721d937a1e7b870301ae,5
classification/train/5/03637.jpg,classification/train/5/03637.jpg,55e0ef57090d1eaaedd16164d77772b51ee270827e7729671b51b8877da3dfce,5
classification/train/5/03639.jpg,classification/train/5/03639.jpg,ea4d4b864cb47b7932602411e5b99b52874e06737f6c49079bf853012df13579,5
classification/train/5/03641.jpg,classification/train/5/03641.jpg,097e6cb27908c95c34e0bd6e9e593fd7d8cc99ca77ff33789cd7f311171891a6,5
classification/train/5/03642.jpg,classification/train/5/03642.jpg,2f3e219e2e9686f7091c22abb4d1f0f525668602499ce1336e440276984a5973,5
classification/train/5/03644.jpg,classification/train/5/03644.jpg,58e657cfa16d00321239bdfc1d7a2b4cbab931e70b611b71dc0e04253afba7c4,5
classification/train/5/03645.jpg,classification/train/5/03645.jpg,03073a7c4102603f0b66a0f7f146b45a80cd3492834325a60bfc3f592d627499,5
classification/train/5/03646.jpg,classification/train/5/03646.jpg,8b8611e4f34cc5adf830c487114f95febef38121fc8c657c8298738ab44e6cef,5
classification/train/5/03650.jpg,classification/train/5/03650.jpg,3808b3e9a8304c0f2977b5d1f3dff755be7d2e3011e166feab30c15ddc7c1e2c,5
classification/train/5/03652.jpg,classification/train/5/03652.jpg,f4d4ade208d4383d7b568f767ff5ae60f4c2e961429ca816d8147157d7e27653,5
classification/train/5/03658.jpg,classification/train/5/03658.jpg,074999b9096555e119a5706b83685fc05141ce213f911b2c3f23cbff74dc3a19,5
classification/train/5/03661.jpg,classification/train/5/03661.jpg,c519e08b169fd89a10fe1fedae047d63077fca3aa58ea6d8ba415c7dbffd86ba,5
classification/train/5/03663.jpg,classification/train/5/03663.jpg,713fea5d7a6f5091e191663603dc3feba538c32e8a043f8d12125228bcde1139,5
classification/train/5/03664.jpg,classification/train/5/03664.jpg,23825d3bfafe892e1fbe762118643499771a9449b463410e5f6ed9cbd4ddc5ab,5
classification/train/5/03669.jpg,classification/train/5/03669.jpg,c2adaf379ddfee814d2c73a88bec52a429eb39880bed1c90aadf210c7784f01b,5
classification/train/5/03672.jpg,classification/train/5/03672.jpg,e162d80ad9637f7c7f417c8f0f5b4d3ff65d82d80e582d1851ff5a32d9a3c57f,5
classification/train/5/03673.jpg,classification/train/5/03673.jpg,b233487c86aad4f14e423086fc6c1262ddc35bec03f489cb556806c14e4bdb67,5
classification/train/5/03677.jpg,classification/train/5/03677.jpg,f648ca34d28b2b1829ab74b490b0782bfffaa37a59712c22fba70847199a45ae,5
classification/train/5/03678.jpg,classification/train/5/03678.jpg,cdae685308efbcdb120836cbf2b4b1f30ea062c11fe56950704c3a73396b035e,5
classification/train/5/03679.jpg,classification/train/5/03679.jpg,177d7530684d0725cfa2eff93e89fe78cd6227ba8b46fa9d2137543bdf373a1a,5
classification/train/5/03680.jpg,classification/train/5/03680.jpg,1ecc25c06a310c61c985b59be610de90c9d8e7e318578b5be7956fbb78b00b84,5
classification/train/5/03682.jpg,classification/train/5/03682.jpg,81450a599c72d3e382c700fd8e05d0f1ce98b8783165e438126e3a387afb27c1,5
classification/train/5/03684.jpg,classification/train/5/03684.jpg,eee4fbe35b4f68423ac43a2f90f7c1ea6cd99187a34b70ef3e26679b756fab32,5
classification/train/5/03685.jpg,classification/train/5/03685.jpg,0c5055f1139d17aea949569703e7be1eec20770bbe849434c9a1351c98ea608a,5
classification/train/5/03686.jpg,classification/train/5/03686.jpg,f05b75c2dc67933ba563a7fb3cbf413c5954dde9e8802f5f20efc55533563fd0,5
classification/train/5/03697.jpg,classification/train/5/03697.jpg,0a73670ad19b41ff3664991d3f5e08ea363efb6a4c02a9f3510e31fe23a2f28e,5
classification/train/5/03701.jpg,classification/train/5/03701.jpg,df027202840f039db434406a671d4196d8ef049e4fcb29c00b13bfc3c73c38e3,5
classification/train/5/03702.jpg,classification/train/5/03702.jpg,8d01d2bfbfdedabcc60ed3e47b99d3569df7c3d9b537308ff58cbab4af211034,5
classification/train/5/03703.jpg,classification/train/5/03703.jpg,c25bbda4e1b2b5a08f2f0b35e4ea74ee0280a0302d68aaa49667c9c96f665e79,5
classification/train/5/03705.jpg,classification/train/5/03705.jpg,3970572284890a9bd8875721b8ce964037dd25beea8ca3ee128a0c75ed2d84d9,5
classification/train/5/03706.jpg,classification/train/5/03706.jpg,136a36356eb8d3eaa5d64763d442eec87419761c60793b2d27d51357f307775a,5
classification/train/5/03709.jpg,classification/train/5/03709.jpg,9376a895e30955d421f4bda0055073c9f36780a8402149036141e92ea49a053f,5
classification/train/5/03710.jpg,classification/train/5/03710.jpg,b9fc0bbefac5eeea69ce7763c87cf7213fcbd280527ba2a80ee7930f20770802,5
classification/train/5/03711.jpg,classification/train/5/03711.jpg,1df725016c10b0489ef735f3ea7e330b88983a01f0706f0414732409201a3157,5
classification/train/5/03716.jpg,classification/train/5/03716.jpg,a03d9f5f91228bfbc41af87cd462f7a7ad273a9ce258141ff8c6926f7726cf16,5
classification/train/5/03718.jpg,classification/train/5/03718.jpg,3a88e57286f3378c42917ae041f358631d132a9f298fcd3c1305648985aa2eec,5
classification/train/5/03719.jpg,classification/train/5/03719.jpg,f2c9e295cf810fd3a0f00f8269b7a7c6d2317ff74245ed095205afaf2159765f,5
classification/train/5/03720.jpg,classification/train/5/03720.jpg,3ce1293cfeb1b2e2d65601315482fe31c0b88fe29e849443cce4e4245754a15f,5
classification/train/5/03722.jpg,classification/train/5/03722.jpg,544c6ca0644f67063ce0904332ba75fe6cf1d2dad4f6fbe15e2b33533d904bfb,5
classification/train/5/03724.jpg,classification/train/5/03724.jpg,45269352662bc1d02b3eed3d6380128e3081a6d39d6470b1155dcd3464aab50e,5
classification/train/5/03730.jpg,classification/train/5/03730.jpg,89942c34fffa9b165b5131add9f7fb2373c5d779da4f7bd66bd5794781f5973e,5
classification/train/5/03732.jpg,classification/train/5/03732.jpg,0793722ba90a7f2de5b508f5b23f6e3129292fa4ee3edf70315d9107f27dbb49,5
classification/train/5/03734.jpg,classification/train/5/03734.jpg,eda729acfae1cb84cc9c98cf86387e5a9dc246379c20b027303eb1b107e3de42,5
classification/train/5/03736.jpg,classification/train/5/03736.jpg,64b788a222894c9d2a75d9989e61841f0ea4e4ec4c1b3db9d9cc4e276ad0c891,5
classification/train/5/03740.jpg,classification/train/5/03740.jpg,26aabdb14dc2bdfb2c45e8d0be687e24e75dc52b7b608bd1a124f06ce881014d,5
classification/train/5/03744.jpg,classification/train/5/03744.jpg,a127dee793fb28a4f0c62e9bc0beab63a6ffdd63d241c8a987440ded5894c2c6,5
classification/train/5/03747.jpg,classification/train/5/03747.jpg,bd9840f934dc034578b89bbe89d761eb2b5cfc1343377a89128825d9d716c2ec,5
classification/train/5/03751.jpg,classification/train/5/03751.jpg,48d2d01f17e71864d8e78c7148281270f864d8e86232caa4d2a9a16c118bbf49,5
classification/train/5/03753.jpg,classification/train/5/03753.jpg,7965e3cb84d5f1e6ca490863aa5b885359b504b5ad7671739827e921e279aa38,5
classification/train/5/03757.jpg,classification/train/5/03757.jpg,4ccb83f5bf4957f8cb25f1aa0fe3821ca2bcba080b9b26878dfcb953d2693d60,5
classification/train/5/03762.jpg,classification/train/5/03762.jpg,1ebcdadfff04b270ec2c9473ef0d6cbd3d090dc23a3e5a393cdae6c03f85bc08,5
classification/train/5/03769.jpg,classification/train/5/03769.jpg,cbbc2f5c9999772bd1219c265aea4c9c7b17c7d9ba5547f5dc0a97046af25bf4,5
classification/train/5/03771.jpg,classification/train/5/03771.jpg,00b32da53d33bc7e1e5a1f4a0e1662e9a32deefca935bc66b9fd022cc6dedb00,5
classification/train/5/03776.jpg,classification/train/5/03776.jpg,48db1b9cec4a37195d1a0d82ab61281b789dc6c7bfcc6eb529e54e55f842c702,5
classification/train/5/03780.jpg,classification/train/5/03780.jpg,e1c8c10b874b60442e41fe851816eca838a46038c3dfdf49b28ae5f73aa74b4e,5
classification/train/5/03781.jpg,classification/train/5/03781.jpg,a2a5bdcd22d726f1be2f98b9b75556ec336834dbac9a4a379aa07abc20498414,5
classification/train/5/03793.jpg,classification/train/5/03793.jpg,622e405540b19240d23131fb0baea7c915a45bba31347453b5a22f518ef85669,5
classification/train/5/03798.jpg,classification/train/5/03798.jpg,48cfc953be3cc7e64bf00ec476f45fbae107c0761cd9c8155467198f74dce135,5
classification/train/5/03799.jpg,classification/train/5/03799.jpg,ac27f5f2bafa4468614081b3254e047b709df48ccf111e58320e04eed985758a,5
classification/train/5/03800.jpg,classification/train/5/03800.jpg,a65eb9b5540657a16ddac3306f3f0b8a6e6c05afb63b93b306ba03ac318e68d0,5
classification/train/5/03806.jpg,classification/train/5/03806.jpg,4e1e458d74b9f5364e0ed7f7fe8051788d004a17b1ca70e678936eb714215dd1,5
classification/train/5/03808.jpg,classification/train/5/03808.jpg,7f4bca2b469f5c1342ad9e8b52a581470e21c9bb01471d6f65dd0e1b36bc69e8,5
classification/train/5/03812.jpg,classification/train/5/03812.jpg,40685d98811bfca7c89543a24ddde96295f1ea02a9efe47eeb9ca9efb207cb54,5
classification/train/5/03818.jpg,classification/train/5/03818.jpg,62b676569eac3d314f959da7b4582bc451d3757c389544b236944ac1ca839101,5
classification/train/5/03819.jpg,classification/train/5/03819.jpg,45d4adece0b76808245cf4616238e2b8a8e3cdf823f7ea41867bbf90bdbbb89b,5
classification/train/5/03823.jpg,classification/train/5/03823.jpg,abc06ce4082f70f88c3e70450d04888eb5d18dc25d4d81532e491877429b9088,5
classification/train/5/03826.jpg,classification/train/5/03826.jpg,c0d7338bd5eaf39f318d27178a8b78a54eb1bd95f5618c188fffcb80e5b655d4,5
classification/train/5/03827.jpg,classification/train/5/03827.jpg,a5f4c857e5ebcc750d909c496d8fdbd14f8a57d4ecefa576f9e3c055310faa7c,5
classification/train/5/03835.jpg,classification/train/5/03835.jpg,f141ff7033ecc5da37f1b16fa9eb2c0135caf7d0d0074d01987d72dbe9acc31d,5
classification/train/5/03836.jpg,classification/train/5/03836.jpg,47508f6d26d8419f51f2a98e57042f1f30f594eedc63e9d3e5b86646379bef17,5
classification/train/5/03842.jpg,classification/train/5/03842.jpg,d2b22db276c8ba0360c9ebe82b3cf1e823b4fa2f1e225e5be27d88828229ec24,5
classification/train/5/03847.jpg,classification/train/5/03847.jpg,003c4610a07f687227e76578022e4515ede91e598be39d76a415b0c1f5eb816d,5
classification/train/5/03848.jpg,classification/train/5/03848.jpg,f50e9ea67351aa8ce79b9368cab58f9e774fe2d11b74358329bc35fe2ca69730,5
classification/train/5/03850.jpg,classification/train/5/03850.jpg,a47e446488ed3f5515d0a373cf28f3c3e25bbb2ddc6b65d496d593a669580bf0,5
classification/train/5/03851.jpg,classification/train/5/03851.jpg,718f2aafd350fb5b48559914e24a4d2f6eae3afd4bdb2067147fc21dd5867f77,5
classification/train/5/03855.jpg,classification/train/5/03855.jpg,bce42304326999e505238ef5e920259c14a61e9e44a59b222c6e7cfb347b82a1,5
classification/train/5/03857.jpg,classification/train/5/03857.jpg,1f326c98f9c3b0ce4c80d73bc0aa62727e9b7da8f06907cb684d35062e104e18,5
classification/train/5/03861.jpg,classification/train/5/03861.jpg,e8968872dff7f8c521d58dd482ca1ec7537569ca090ea7594af39c550e803245,5
classification/train/5/03862.jpg,classification/train/5/03862.jpg,ca3c01493cfc5aa8c7d34ad0cf554306367292354ca8a41714bde1fd83d4664d,5
classification/train/5/03864.jpg,classification/train/5/03864.jpg,1bfed7f322ae0b393f7086d96f2f3cd0184f7fe85cb60817ba7c24181344efbd,5
classification/train/5/03865.jpg,classification/train/5/03865.jpg,b86f92a15cd9d6e7edc95bd9122495321d85aadc56127048751a53cd1a400149,5
classification/train/5/03866.jpg,classification/train/5/03866.jpg,0e8dc630abd4defa86e196adf9c5d98940a046fac45d696d9d568091ab06f172,5
classification/train/5/03868.jpg,classification/train/5/03868.jpg,672cbfd9e4046acce445a316ca98941f0c17457dc176df27cb759cbac156d1e6,5
classification/train/5/03870.jpg,classification/train/5/03870.jpg,aec81734b5f9784b6bc1f74f911b86da9844b74f7bc8892c04593bb90a8a073b,5
classification/train/5/03875.jpg,classification/train/5/03875.jpg,671ec02817acfb633dd984fa847af82429a117cc61f4294fc2b38ff77f2193c2,5
classification/train/5/03876.jpg,classification/train/5/03876.jpg,e823244ca16bf09c5e58311948a77f0d7b969a4d74d852a1b2849a1c88af0faf,5
classification/train/5/03877.jpg,classification/train/5/03877.jpg,8b60d3170742785ca033a56aa94cf47bd16c0f61eea049166066d1a7fcc4d8ce,5
classification/train/5/03878.jpg,classification/train/5/03878.jpg,6cdd35a19b54b6942c2ee1f1d7a3e4550ba51f60e8529ed4483073a8b1a88ae6,5
classification/train/5/03882.jpg,classification/train/5/03882.jpg,4543244e486d584dbe490d527850b5063089985faff962dc80f98cbcab7f0716,5
classification/train/5/03884.jpg,classification/train/5/03884.jpg,eada4b47982b10c7e8a697ff6c6bae3a5f5574f1cf333268d6efab4d7d6d368e,5
classification/train/5/03885.jpg,classification/train/5/03885.jpg,355fc2c0c8519a499b6437da05895df1a91e54f941006f0abb2d4ec60b8a8beb,5
classification/train/5/03886.jpg,classification/train/5/03886.jpg,42ffbca694b19aa4321782266b2850b23ad0d5273af83060aceb16f746d261b6,5
classification/train/5/03889.jpg,classification/train/5/03889.jpg,f491db9b642eeadc940d87204b71042a063879e3eca8924ecef7d9c323a9f7b6,5
classification/train/5/03892.jpg,classification/train/5/03892.jpg,d8f24cd09f94ab2de43bfa3e3276c7d1d2475cf56a3005f1292895aaf4656ed6,5
classification/train/5/03893.jpg,classification/train/5/03893.jpg,eb86ffbbeeb81d414bdeb0e3b98f3cf18a964a823676ca0972f15b9e64fafc0c,5
classification/train/5/03895.jpg,classification/train/5/03895.jpg,37f086dafac30483d063bdb0b33259004f047a930b29646b0654ec42b4d7c07e,5
classification/train/5/03896.jpg,classification/train/5/03896.jpg,827fc454d4fba1e584d67514321bd46a42849e9a6defe3e414e80de526b9ff19,5
classification/train/5/03898.jpg,classification/train/5/03898.jpg,e5c3b22df529cc02fbde4ca295009ef2f4e86d869563a587ac8a03ce86a8bf24,5
classification/train/5/03903.jpg,classification/train/5/03903.jpg,ca6e7dc696755cba6920e533dcc6ca301a34b8e2c959b72181bd34f2e5c712f9,5
classification/train/5/03906.jpg,classification/train/5/03906.jpg,0cff5eba6eca0697c9d9cedcfee28689e9531e23cc70a1ea630a45cdf56d931d,5
classification/train/5/03909.jpg,classification/train/5/03909.jpg,c28e37930a520c9b034b6c828a95652bed9dac2592234a75b2416705a6f3da0b,5
classification/train/5/03913.jpg,classification/train/5/03913.jpg,e2ec7c4da61e5121320c7c802780a1d33495fcc3964a7e6ec4913561b18be948,5
classification/train/5/03916.jpg,classification/train/5/03916.jpg,820348b0856c70a63fbc2ddde8e52417ab477184de2ba4c30b9fee08d3e751d2,5
classification/train/5/03917.jpg,classification/train/5/03917.jpg,37677897a5d5a0e2053935da58ae78b3592ca5dc264b6197a5017d0bd703d535,5
classification/train/5/03919.jpg,classification/train/5/03919.jpg,36af4eed8213be3b10849ea88e9bec555f8e163ab0d5fe14cb806c2543660182,5
classification/train/5/03924.jpg,classification/train/5/03924.jpg,6017a01844188a884edffd4a48c897f3b9a39c7255199e424413528cfc25261b,5
classification/train/5/03925.jpg,classification/train/5/03925.jpg,045b56a02d3d242f1e4c10f514e78c0f3e34a98dfba4b193fc5476c968258ff9,5
