dataset,sample_id,decision,risk_score,poisoned,reasons
clean_subset,classification/train/0/00002.jpg,REVIEW,0.6738,False,12 of 15 nearest neighbours have a different candidate label; cross-validated classifier assigns only 16% confidence to the candidate label
clean_subset,classification/train/0/00005.jpg,QUARANTINE,0.856,False,13 of 15 nearest neighbours have a different candidate label; cross-validated classifier assigns only 8% confidence to the candidate label; embedding is 2.1 standard deviations farther from its candidate-class centroid than typical
clean_subset,classification/train/0/00011.jpg,REVIEW,0.6573,False,12 of 15 nearest neighbours have a different candidate label; cross-validated classifier assigns only 16% confidence to the candidate label
clean_subset,classification/train/0/00041.jpg,REVIEW,0.6289,False,11 of 15 nearest neighbours have a different candidate label; cross-validated classifier assigns only 16% confidence to the candidate label
clean_subset,classification/train/0/00060.jpg,REVIEW,0.706,False,13 of 15 nearest neighbours have a different candidate label; cross-validated classifier assigns only 10% confidence to the candidate label
clean_subset,classification/train/0/00086.jpg,QUARANTINE,0.8225,False,14 of 15 nearest neighbours have a different candidate label; cross-validated classifier assigns only 4% confidence to the candidate label
clean_subset,classification/train/0/00096.jpg,REVIEW,0.6368,False,13 of 15 nearest neighbours have a different candidate label; cross-validated classifier assigns only 27% confidence to the candidate label
clean_subset,classification/train/0/00129.jpg,REVIEW,0.7128,False,13 of 15 nearest neighbours have a different candidate label; cross-validated classifier assigns only 8% confidence to the candidate label
clean_subset,classification/train/0/00160.jpg,QUARANTINE,0.7559,False,15 of 15 nearest neighbours have a different candidate label; cross-validated classifier assigns only 11% confidence to the candidate label
clean_subset,classification/train/0/00201.jpg,REVIEW,0.724,False,12 of 15 nearest neighbours have a different candidate label; cross-validated classifier assigns only 10% confidence to the candidate label
clean_subset,classification/train/0/00203.jpg,REVIEW,0.6293,False,11 of 15 nearest neighbours have a different candidate label; cross-validated classifier assigns only 16% confidence to the candidate label
clean_subset,classification/train/0/00206.jpg,REVIEW,0.6465,False,11 of 15 nearest neighbours have a different candidate label; cross-validated classifier assigns only 12% confidence to the candidate label
clean_subset,classification/train/0/00221.jpg,REVIEW,0.7208,False,10 of 15 nearest neighbours have a different candidate label; cross-validated classifier assigns only 10% confidence to the candidate label
clean_subset,classification/train/0/00235.jpg,REVIEW,0.6513,False,12 of 15 nearest neighbours have a different candidate label; cross-validated classifier assigns only 28% confidence to the candidate label
clean_subset,classification/train/0/00239.jpg,REVIEW,0.6254,False,9 of 15 nearest neighbours have a different candidate label; cross-validated classifier assigns only 19% confidence to the candidate label
clean_subset,classification/train/0/00249.jpg,QUARANTINE,0.8143,False,12 of 15 nearest neighbours have a different candidate label; cross-validated classifier assigns only 6% confidence to the candidate label; embedding is 1.8 standard deviations farther from its candidate-class centroid than typical
clean_subset,classification/train/0/00267.jpg,REVIEW,0.6472,False,12 of 15 nearest neighbours have a different candidate label; cross-validated classifier assigns only 22% confidence to the candidate label
clean_subset,classification/train/0/00308.jpg,REVIEW,0.6398,False,13 of 15 nearest neighbours have a different candidate label; cross-validated classifier assigns only 27% confidence to the candidate label
clean_subset,classification/train/0/00330.jpg,REVIEW,0.6823,False,10 of 15 nearest neighbours have a different candidate label; cross-validated classifier assigns only 13% confidence to the candidate label
clean_subset,classification/train/0/00353.jpg,QUARANTINE,0.776,False,14 of 15 nearest neighbours have a different candidate label; cross-validated classifier assigns only 25% confidence to the candidate label; embedding is 1.6 standard deviations farther from its candidate-class centroid than typical
clean_subset,classification/train/0/00379.jpg,REVIEW,0.6777,False,12 of 15 nearest neighbours have a different candidate label; cross-validated classifier assigns only 11% confidence to the candidate label
clean_subset,classification/train/0/00437.jpg,QUARANTINE,0.7807,False,12 of 15 nearest neighbours have a different candidate label; cross-validated classifier assigns only 6% confidence to the candidate label
clean_subset,classification/train/0/00463.jpg,REVIEW,0.6907,False,12 of 15 nearest neighbours have a different candidate label; cross-validated classifier assigns only 25% confidence to the candidate label
clean_subset,classification/train/0/00465.jpg,QUARANTINE,0.8768,False,13 of 15 nearest neighbours have a different candidate label; cross-validated classifier assigns only 17% confidence to the candidate label; embedding is 3.3 standard deviations farther from its candidate-class centroid than typical
clean_subset,classification/train/0/00466.jpg,REVIEW,0.6664,False,13 of 15 nearest neighbours have a different candidate label; cross-validated classifier assigns only 20% confidence to the candidate label
clean_subset,classification/train/0/00494.jpg,REVIEW,0.6933,False,13 of 15 nearest neighbours have a different candidate label; cross-validated classifier assigns only 13% confidence to the candidate label
clean_subset,classification/train/0/00510.jpg,REVIEW,0.6472,False,11 of 15 nearest neighbours have a different candidate label; cross-validated classifier assigns only 12% confidence to the candidate label
clean_subset,classification/train/0/00549.jpg,REVIEW,0.7301,False,14 of 15 nearest neighbours have a different candidate label; cross-validated classifier assigns only 11% confidence to the candidate label
clean_subset,classification/train/0/00567.jpg,QUARANTINE,0.9742,False,15 of 15 nearest neighbours have a different candidate label; cross-validated classifier assigns only 5% confidence to the candidate label; embedding is 2.9 standard deviations farther from its candidate-class centroid than typical
clean_subset,classification/train/0/00601.jpg,QUARANTINE,0.7572,False,12 of 15 nearest neighbours have a different candidate label; cross-validated classifier assigns only 17% confidence to the candidate label; embedding is 1.6 standard deviations farther from its candidate-class centroid than typical
clean_subset,classification/train/0/00609.jpg,REVIEW,0.719,False,8 of 15 nearest neighbours have a different candidate label; cross-validated classifier assigns only 9% confidence to the candidate label; embedding is 2.1 standard deviations farther from its candidate-class centroid than typical
clean_subset,classification/train/0/00631.jpg,REVIEW,0.6386,False,12 of 15 nearest neighbours have a different candidate label; cross-validated classifier assigns only 20% confidence to the candidate label
clean_subset,classification/train/0/00691.jpg,QUARANTINE,0.9014,False,13 of 15 nearest neighbours have a different candidate label; cross-validated classifier assigns only 4% confidence to the candidate label; embedding is 2.6 standard deviations farther from its candidate-class centroid than typical
clean_subset,classification/train/0/00699.jpg,QUARANTINE,0.9861,False,15 of 15 nearest neighbours have a different candidate label; cross-validated classifier assigns only 3% confidence to the candidate label; embedding is 4.5 standard deviations farther from its candidate-class centroid than typical
clean_subset,classification/train/0/00735.jpg,QUARANTINE,0.9001,False,14 of 15 nearest neighbours have a different candidate label; cross-validated classifier assigns only 10% confidence to the candidate label; embedding is 2.5 standard deviations farther from its candidate-class centroid than typical
clean_subset,classification/train/0/00749.jpg,QUARANTINE,0.9293,False,14 of 15 nearest neighbours have a different candidate label; cross-validated classifier assigns only 11% confidence to the candidate label; embedding is 3.7 standard deviations farther from its candidate-class centroid than typical
clean_subset,classification/train/0/00768.jpg,REVIEW,0.6748,False,12 of 15 nearest neighbours have a different candidate label; cross-validated classifier assigns only 24% confidence to the candidate label
clean_subset,classification/train/0/00783.jpg,REVIEW,0.6816,False,13 of 15 nearest neighbours have a different candidate label; cross-validated classifier assigns only 16% confidence to the candidate label
clean_subset,classification/train/0/00803.jpg,REVIEW,0.6698,False,12 of 15 nearest neighbours have a different candidate label; cross-validated classifier assigns only 19% confidence to the candidate label
clean_subset,classification/train/0/00816.jpg,REVIEW,0.6912,False,10 of 15 nearest neighbours have a different candidate label; cross-validated classifier assigns only 17% confidence to the candidate label
clean_subset,classification/train/0/00831.jpg,QUARANTINE,0.8773,False,13 of 15 nearest neighbours have a different candidate label; cross-validated classifier assigns only 17% confidence to the candidate label; embedding is 3.4 standard deviations farther from its candidate-class centroid than typical
clean_subset,classification/train/0/00844.jpg,REVIEW,0.6324,False,12 of 15 nearest neighbours have a different candidate label; cross-validated classifier assigns only 22% confidence to the candidate label
clean_subset,classification/train/0/00883.jpg,REVIEW,0.6851,False,11 of 15 nearest neighbours have a different candidate label; cross-validated classifier assigns only 13% confidence to the candidate label
clean_subset,classification/train/0/00887.jpg,REVIEW,0.6346,False,12 of 15 nearest neighbours have a different candidate label; cross-validated classifier assigns only 21% confidence to the candidate label
clean_subset,classification/train/0/00906.jpg,REVIEW,0.7021,False,13 of 15 nearest neighbours have a different candidate label; cross-validated classifier assigns only 11% confidence to the candidate label
clean_subset,classification/train/0/00917.jpg,REVIEW,0.664,False,11 of 15 nearest neighbours have a different candidate label
clean_subset,classification/train/0/00949.jpg,REVIEW,0.7105,False,13 of 15 nearest neighbours have a different candidate label; cross-validated classifier assigns only 9% confidence to the candidate label
clean_subset,classification/train/0/00956.jpg,REVIEW,0.6632,False,10 of 15 nearest neighbours have a different candidate label; cross-validated classifier assigns only 15% confidence to the candidate label
clean_subset,classification/train/0/00981.jpg,REVIEW,0.661,False,12 of 15 nearest neighbours have a different candidate label; cross-validated classifier assigns only 25% confidence to the candidate label
clean_subset,classification/train/0/00994.jpg,QUARANTINE,0.7535,False,13 of 15 nearest neighbours have a different candidate label; cross-validated classifier assigns only 13% confidence to the candidate label
clean_subset,classification/train/0/01013.jpg,REVIEW,0.6817,False,11 of 15 nearest neighbours have a different candidate label; embedding is 3.0 standard deviations farther from its candidate-class centroid than typical
clean_subset,classification/train/0/01032.jpg,REVIEW,0.6442,False,10 of 15 nearest neighbours have a different candidate label; cross-validated classifier assigns only 19% confidence to the candidate label
clean_subset,classification/train/0/01054.jpg,REVIEW,0.6949,False,13 of 15 nearest neighbours have a different candidate label; cross-validated classifier assigns only 13% confidence to the candidate label
clean_subset,classification/train/0/01055.jpg,REVIEW,0.6608,False,12 of 15 nearest neighbours have a different candidate label; cross-validated classifier assigns only 19% confidence to the candidate label
clean_subset,classification/train/0/01062.jpg,REVIEW,0.654,False,12 of 15 nearest neighbours have a different candidate label; cross-validated classifier assigns only 16% confidence to the candidate label
clean_subset,classification/train/0/01063.jpg,REVIEW,0.6554,False,13 of 15 nearest neighbours have a different candidate label; embedding is 1.7 standard deviations farther from its candidate-class centroid than typical
clean_subset,classification/train/0/01067.jpg,REVIEW,0.6633,False,12 of 15 nearest neighbours have a different candidate label; cross-validated classifier assigns only 20% confidence to the candidate label
clean_subset,classification/train/0/01081.jpg,QUARANTINE,0.9254,False,13 of 15 nearest neighbours have a different candidate label; cross-validated classifier assigns only 5% confidence to the candidate label; embedding is 3.4 standard deviations farther from its candidate-class centroid than typical
clean_subset,classification/train/0/01093.jpg,REVIEW,0.6361,False,12 of 15 nearest neighbours have a different candidate label; cross-validated classifier assigns only 21% confidence to the candidate label
clean_subset,classification/train/0/01098.jpg,QUARANTINE,0.8822,False,13 of 15 nearest neighbours have a different candidate label; cross-validated classifier assigns only 16% confidence to the candidate label; embedding is 3.8 standard deviations farther from its candidate-class centroid than typical
clean_subset,classification/train/1/01116.jpg,REVIEW,0.6424,False,12 of 15 nearest neighbours have a different candidate label; embedding is 2.0 standard deviations farther from its candidate-class centroid than typical
clean_subset,classification/train/1/01122.jpg,REVIEW,0.6444,False,11 of 15 nearest neighbours have a different candidate label; embedding is 2.0 standard deviations farther from its candidate-class centroid than typical
clean_subset,classification/train/1/01168.jpg,REVIEW,0.6808,False,12 of 15 nearest neighbours have a different candidate label; cross-validated classifier assigns only 16% confidence to the candidate label
clean_subset,classification/train/1/01170.jpg,REVIEW,0.634,False,12 of 15 nearest neighbours have a different candidate label; cross-validated classifier assigns only 22% confidence to the candidate label
clean_subset,classification/train/1/01171.jpg,REVIEW,0.7215,False,13 of 15 nearest neighbours have a different candidate label; cross-validated classifier assigns only 18% confidence to the candidate label
clean_subset,classification/train/1/01174.jpg,REVIEW,0.6372,False,11 of 15 nearest neighbours have a different candidate label; cross-validated classifier assigns only 14% confidence to the candidate label
clean_subset,classification/train/1/01197.jpg,REVIEW,0.6612,False,12 of 15 nearest neighbours have a different candidate label; cross-validated classifier assigns only 15% confidence to the candidate label
clean_subset,classification/train/1/01199.jpg,QUARANTINE,0.781,False,13 of 15 nearest neighbours have a different candidate label; cross-validated classifier assigns only 9% confidence to the candidate label
clean_subset,classification/train/1/01201.jpg,REVIEW,0.6777,False,12 of 15 nearest neighbours have a different candidate label; cross-validated classifier assigns only 27% confidence to the candidate label
clean_subset,classification/train/1/01202.jpg,REVIEW,0.7055,False,13 of 15 nearest neighbours have a different candidate label; cross-validated classifier assigns only 11% confidence to the candidate label
clean_subset,classification/train/1/01204.jpg,REVIEW,0.6242,False,12 of 15 nearest neighbours have a different candidate label; cross-validated classifier assigns only 24% confidence to the candidate label
clean_subset,classification/train/1/01205.jpg,QUARANTINE,0.757,False,14 of 15 nearest neighbours have a different candidate label; cross-validated classifier assigns only 6% confidence to the candidate label
clean_subset,classification/train/1/01207.jpg,QUARANTINE,0.7929,False,15 of 15 nearest neighbours have a different candidate label; cross-validated classifier assigns only 10% confidence to the candidate label
clean_subset,classification/train/1/01217.jpg,QUARANTINE,0.8926,False,13 of 15 nearest neighbours have a different candidate label; cross-validated classifier assigns only 11% confidence to the candidate label; embedding is 2.8 standard deviations farther from its candidate-class centroid than typical
clean_subset,classification/train/1/01222.jpg,REVIEW,0.659,False,13 of 15 nearest neighbours have a different candidate label; cross-validated classifier assigns only 22% confidence to the candidate label
clean_subset,classification/train/1/01228.jpg,REVIEW,0.7152,False,11 of 15 nearest neighbours have a different candidate label; cross-validated classifier assigns only 9% confidence to the candidate label
clean_subset,classification/train/1/01232.jpg,REVIEW,0.6941,False,14 of 15 nearest neighbours have a different candidate label; cross-validated classifier assigns only 20% confidence to the candidate label
clean_subset,classification/train/1/01234.jpg,REVIEW,0.7077,False,15 of 15 nearest neighbours have a different candidate label; cross-validated classifier assigns only 23% confidence to the candidate label
clean_subset,classification/train/1/01239.jpg,QUARANTINE,0.8167,False,12 of 15 nearest neighbours have a different candidate label; cross-validated classifier assigns only 23% confidence to the candidate label; embedding is 2.9 standard deviations farther from its candidate-class centroid than typical
clean_subset,classification/train/1/01245.jpg,REVIEW,0.654,False,12 of 15 nearest neighbours have a different candidate label; cross-validated classifier assigns only 17% confidence to the candidate label
clean_subset,classification/train/1/01247.jpg,QUARANTINE,0.7563,False,12 of 15 nearest neighbours have a different candidate label; cross-validated classifier assigns only 8% confidence to the candidate label
clean_subset,classification/train/1/01266.jpg,REVIEW,0.7069,False,13 of 15 nearest neighbours have a different candidate label; cross-validated classifier assigns only 16% confidence to the candidate label
clean_subset,classification/train/1/01267.jpg,REVIEW,0.6484,False,13 of 15 nearest neighbours have a different candidate label; cross-validated classifier assigns only 25% confidence to the candidate label
clean_subset,classification/train/1/01268.jpg,REVIEW,0.684,False,14 of 15 nearest neighbours have a different candidate label; cross-validated classifier assigns only 22% confidence to the candidate label
clean_subset,classification/train/1/01269.jpg,QUARANTINE,0.9798,False,15 of 15 nearest neighbours have a different candidate label; cross-validated classifier assigns only 5% confidence to the candidate label; embedding is 4.4 standard deviations farther from its candidate-class centroid than typical
clean_subset,classification/train/1/01280.jpg,REVIEW,0.6638,False,14 of 15 nearest neighbours have a different candidate label; cross-validated classifier assigns only 27% confidence to the candidate label
clean_subset,classification/train/1/01291.jpg,REVIEW,0.7058,False,13 of 15 nearest neighbours have a different candidate label; cross-validated classifier assigns only 14% confidence to the candidate label
clean_subset,classification/train/1/01296.jpg,REVIEW,0.6404,False,13 of 15 nearest neighbours have a different candidate label; cross-validated classifier assigns only 27% confidence to the candidate label
clean_subset,classification/train/1/01298.jpg,REVIEW,0.6667,False,12 of 15 nearest neighbours have a different candidate label; cross-validated classifier assigns only 13% confidence to the candidate label
clean_subset,classification/train/1/01299.jpg,REVIEW,0.6661,False,13 of 15 nearest neighbours have a different candidate label; cross-validated classifier assigns only 20% confidence to the candidate label
clean_subset,classification/train/1/01304.jpg,REVIEW,0.6599,False,12 of 15 nearest neighbours have a different candidate label; cross-validated classifier assigns only 15% confidence to the candidate label
clean_subset,classification/train/1/01305.jpg,REVIEW,0.7464,False,12 of 15 nearest neighbours have a different candidate label; cross-validated classifier assigns only 21% confidence to the candidate label; embedding is 1.6 standard deviations farther from its candidate-class centroid than typical
clean_subset,classification/train/1/01313.jpg,REVIEW,0.6414,False,12 of 15 nearest neighbours have a different candidate label; cross-validated classifier assigns only 20% confidence to the candidate label
clean_subset,classification/train/1/01318.jpg,REVIEW,0.6694,False,14 of 15 nearest neighbours have a different candidate label; cross-validated classifier assigns only 26% confidence to the candidate label
clean_subset,classification/train/1/01323.jpg,REVIEW,0.6684,False,14 of 15 nearest neighbours have a different candidate label; cross-validated classifier assigns only 26% confidence to the candidate label
clean_subset,classification/train/1/01324.jpg,QUARANTINE,0.8544,False,13 of 15 nearest neighbours have a different candidate label; cross-validated classifier assigns only 23% confidence to the candidate label; embedding is 3.5 standard deviations farther from its candidate-class centroid than typical
clean_subset,classification/train/1/01330.jpg,REVIEW,0.67,False,10 of 15 nearest neighbours have a different candidate label; cross-validated classifier assigns only 8% confidence to the candidate label
clean_subset,classification/train/1/01334.jpg,REVIEW,0.6602,False,13 of 15 nearest neighbours have a different candidate label; cross-validated classifier assigns only 22% confidence to the candidate label
clean_subset,classification/train/1/01343.jpg,REVIEW,0.6526,False,13 of 15 nearest neighbours have a different candidate label; cross-validated classifier assigns only 24% confidence to the candidate label
clean_subset,classification/train/1/01344.jpg,REVIEW,0.6403,False,12 of 15 nearest neighbours have a different candidate label; cross-validated classifier assigns only 20% confidence to the candidate label
clean_subset,classification/train/1/01348.jpg,REVIEW,0.6239,False,11 of 15 nearest neighbours have a different candidate label; cross-validated classifier assigns only 17% confidence to the candidate label
clean_subset,classification/train/1/01349.jpg,REVIEW,0.6396,False,13 of 15 nearest neighbours have a different candidate label; cross-validated classifier assigns only 27% confidence to the candidate label
clean_subset,classification/train/1/01350.jpg,REVIEW,0.7022,False,12 of 15 nearest neighbours have a different candidate label; cross-validated classifier assigns only 14% confidence to the candidate label
clean_subset,classification/train/1/01351.jpg,QUARANTINE,0.8839,False,13 of 15 nearest neighbours have a different candidate label; cross-validated classifier assigns only 16% confidence to the candidate label; embedding is 3.1 standard deviations farther from its candidate-class centroid than typical
clean_subset,classification/train/1/01355.jpg,REVIEW,0.674,False,13 of 15 nearest neighbours have a different candidate label; cross-validated classifier assigns only 23% confidence to the candidate label
clean_subset,classification/train/1/01358.jpg,REVIEW,0.6499,False,12 of 15 nearest neighbours have a different candidate label; cross-validated classifier assigns only 18% confidence to the candidate label
clean_subset,classification/train/1/01361.jpg,REVIEW,0.6255,False,11 of 15 nearest neighbours have a different candidate label; cross-validated classifier assigns only 21% confidence to the candidate label
clean_subset,classification/train/1/01382.jpg,REVIEW,0.6504,False,12 of 15 nearest neighbours have a different candidate label; cross-validated classifier assigns only 17% confidence to the candidate label
clean_subset,classification/train/1/01383.jpg,QUARANTINE,0.9637,False,14 of 15 nearest neighbours have a different candidate label; cross-validated classifier assigns only 2% confidence to the candidate label; embedding is 3.9 standard deviations farther from its candidate-class centroid than typical
clean_subset,classification/train/1/01386.jpg,REVIEW,0.6726,False,14 of 15 nearest neighbours have a different candidate label; cross-validated classifier assigns only 25% confidence to the candidate label
clean_subset,classification/train/1/01388.jpg,REVIEW,0.7154,False,11 of 15 nearest neighbours have a different candidate label; cross-validated classifier assigns only 10% confidence to the candidate label
clean_subset,classification/train/1/01391.jpg,REVIEW,0.6468,False,13 of 15 nearest neighbours have a different candidate label; cross-validated classifier assigns only 25% confidence to the candidate label
clean_subset,classification/train/1/01393.jpg,QUARANTINE,0.7905,False,15 of 15 nearest neighbours have a different candidate label; cross-validated classifier assigns only 15% confidence to the candidate label
clean_subset,classification/train/1/01394.jpg,REVIEW,0.6813,False,13 of 15 nearest neighbours have a different candidate label; cross-validated classifier assigns only 26% confidence to the candidate label
clean_subset,classification/train/1/01398.jpg,REVIEW,0.6509,False,12 of 15 nearest neighbours have a different candidate label; cross-validated classifier assigns only 17% confidence to the candidate label
clean_subset,classification/train/1/01399.jpg,REVIEW,0.6484,False,13 of 15 nearest neighbours have a different candidate label; cross-validated classifier assigns only 25% confidence to the candidate label
clean_subset,classification/train/1/01401.jpg,REVIEW,0.6504,False,11 of 15 nearest neighbours have a different candidate label; cross-validated classifier assigns only 22% confidence to the candidate label
clean_subset,classification/train/1/01406.jpg,REVIEW,0.6843,False,12 of 15 nearest neighbours have a different candidate label; cross-validated classifier assigns only 16% confidence to the candidate label
clean_subset,classification/train/1/01415.jpg,REVIEW,0.6995,False,14 of 15 nearest neighbours have a different candidate label; cross-validated classifier assigns only 18% confidence to the candidate label
clean_subset,classification/train/1/01417.jpg,REVIEW,0.6747,False,13 of 15 nearest neighbours have a different candidate label; cross-validated classifier assigns only 18% confidence to the candidate label
clean_subset,classification/train/1/01419.jpg,REVIEW,0.6787,False,13 of 15 nearest neighbours have a different candidate label; cross-validated classifier assigns only 17% confidence to the candidate label
clean_subset,classification/train/1/01421.jpg,REVIEW,0.6336,False,12 of 15 nearest neighbours have a different candidate label; cross-validated classifier assigns only 22% confidence to the candidate label
clean_subset,classification/train/1/01424.jpg,REVIEW,0.6823,False,11 of 15 nearest neighbours have a different candidate label; cross-validated classifier assigns only 12% confidence to the candidate label
clean_subset,classification/train/1/01428.jpg,REVIEW,0.7413,False,12 of 15 nearest neighbours have a different candidate label; embedding is 2.8 standard deviations farther from its candidate-class centroid than typical
clean_subset,classification/train/1/01432.jpg,REVIEW,0.6967,False,13 of 15 nearest neighbours have a different candidate label; cross-validated classifier assigns only 13% confidence to the candidate label
clean_subset,classification/train/1/01435.jpg,REVIEW,0.6526,False,12 of 15 nearest neighbours have a different candidate label; cross-validated classifier assigns only 17% confidence to the candidate label
clean_subset,classification/train/1/01437.jpg,REVIEW,0.6463,False,11 of 15 nearest neighbours have a different candidate label; cross-validated classifier assigns only 19% confidence to the candidate label
clean_subset,classification/train/1/01440.jpg,QUARANTINE,0.867,False,14 of 15 nearest neighbours have a different candidate label; cross-validated classifier assigns only 27% confidence to the candidate label; embedding is 4.1 standard deviations farther from its candidate-class centroid than typical
clean_subset,classification/train/1/01442.jpg,REVIEW,0.6242,False,12 of 15 nearest neighbours have a different candidate label; cross-validated classifier assigns only 24% confidence to the candidate label
clean_subset,classification/train/1/01447.jpg,REVIEW,0.7382,False,15 of 15 nearest neighbours have a different candidate label; cross-validated classifier assigns only 15% confidence to the candidate label
clean_subset,classification/train/1/01448.jpg,REVIEW,0.6516,False,12 of 15 nearest neighbours have a different candidate label; cross-validated classifier assigns only 17% confidence to the candidate label
clean_subset,classification/train/1/01449.jpg,REVIEW,0.6846,False,10 of 15 nearest neighbours have a different candidate label; cross-validated classifier assigns only 24% confidence to the candidate label; embedding is 1.7 standard deviations farther from its candidate-class centroid than typical
clean_subset,classification/train/1/01451.jpg,REVIEW,0.6369,False,13 of 15 nearest neighbours have a different candidate label; cross-validated classifier assigns only 27% confidence to the candidate label
clean_subset,classification/train/1/01455.jpg,QUARANTINE,0.8868,False,13 of 15 nearest neighbours have a different candidate label; cross-validated classifier assigns only 15% confidence to the candidate label; embedding is 3.5 standard deviations farther from its candidate-class centroid than typical
clean_subset,classification/train/1/01457.jpg,REVIEW,0.6882,False,14 of 15 nearest neighbours have a different candidate label; cross-validated classifier assigns only 21% confidence to the candidate label
clean_subset,classification/train/1/01462.jpg,REVIEW,0.6919,False,13 of 15 nearest neighbours have a different candidate label; cross-validated classifier assigns only 14% confidence to the candidate label
clean_subset,classification/train/1/01467.jpg,REVIEW,0.6949,False,12 of 15 nearest neighbours have a different candidate label; cross-validated classifier assigns only 13% confidence to the candidate label
clean_subset,classification/train/1/01468.jpg,REVIEW,0.692,False,14 of 15 nearest neighbours have a different candidate label; cross-validated classifier assigns only 20% confidence to the candidate label
clean_subset,classification/train/1/01488.jpg,REVIEW,0.6358,False,10 of 15 nearest neighbours have a different candidate label; cross-validated classifier assigns only 10% confidence to the candidate label
clean_subset,classification/train/1/01490.jpg,REVIEW,0.6247,False,11 of 15 nearest neighbours have a different candidate label; cross-validated classifier assigns only 17% confidence to the candidate label
clean_subset,classification/train/1/01504.jpg,REVIEW,0.662,False,13 of 15 nearest neighbours have a different candidate label; cross-validated classifier assigns only 21% confidence to the candidate label
clean_subset,classification/train/1/01523.jpg,REVIEW,0.7097,False,11 of 15 nearest neighbours have a different candidate label; embedding is 2.1 standard deviations farther from its candidate-class centroid than typical
clean_subset,classification/train/1/01524.jpg,REVIEW,0.639,False,11 of 15 nearest neighbours have a different candidate label; cross-validated classifier assigns only 14% confidence to the candidate label
clean_subset,classification/train/1/01529.jpg,QUARANTINE,0.7714,False,14 of 15 nearest neighbours have a different candidate label; cross-validated classifier assigns only 11% confidence to the candidate label
clean_subset,classification/train/1/01534.jpg,REVIEW,0.6729,False,14 of 15 nearest neighbours have a different candidate label; cross-validated classifier assigns only 25% confidence to the candidate label
clean_subset,classification/train/1/01560.jpg,REVIEW,0.6614,False,10 of 15 nearest neighbours have a different candidate label; embedding is 2.2 standard deviations farther from its candidate-class centroid than typical
clean_subset,classification/train/1/01561.jpg,REVIEW,0.6281,False,11 of 15 nearest neighbours have a different candidate label; cross-validated classifier assigns only 16% confidence to the candidate label
clean_subset,classification/train/1/01562.jpg,REVIEW,0.7009,False,14 of 15 nearest neighbours have a different candidate label; cross-validated classifier assigns only 18% confidence to the candidate label
clean_subset,classification/train/1/01565.jpg,REVIEW,0.6399,False,12 of 15 nearest neighbours have a different candidate label; cross-validated classifier assigns only 20% confidence to the candidate label
clean_subset,classification/train/1/01570.jpg,REVIEW,0.6251,False,12 of 15 nearest neighbours have a different candidate label; cross-validated classifier assigns only 24% confidence to the candidate label
clean_subset,classification/train/1/01571.jpg,REVIEW,0.6969,False,15 of 15 nearest neighbours have a different candidate label; cross-validated classifier assigns only 26% confidence to the candidate label
clean_subset,classification/train/1/01572.jpg,REVIEW,0.6278,False,11 of 15 nearest neighbours have a different candidate label; cross-validated classifier assigns only 16% confidence to the candidate label
clean_subset,classification/train/1/01573.jpg,REVIEW,0.7132,False,13 of 15 nearest neighbours have a different candidate label; cross-validated classifier assigns only 13% confidence to the candidate label
clean_subset,classification/train/1/01580.jpg,QUARANTINE,0.797,False,15 of 15 nearest neighbours have a different candidate label; cross-validated classifier assigns only 13% confidence to the candidate label
clean_subset,classification/train/1/01583.jpg,REVIEW,0.6637,False,11 of 15 nearest neighbours have a different candidate label; cross-validated classifier assigns only 13% confidence to the candidate label
clean_subset,classification/train/1/01587.jpg,REVIEW,0.7382,False,11 of 15 nearest neighbours have a different candidate label; cross-validated classifier assigns only 7% confidence to the candidate label
clean_subset,classification/train/1/01588.jpg,REVIEW,0.7099,False,14 of 15 nearest neighbours have a different candidate label; cross-validated classifier assigns only 16% confidence to the candidate label
clean_subset,classification/train/1/01594.jpg,QUARANTINE,0.8384,False,14 of 15 nearest neighbours have a different candidate label; cross-validated classifier assigns only 17% confidence to the candidate label; embedding is 2.0 standard deviations farther from its candidate-class centroid than typical
clean_subset,classification/train/3/01874.jpg,REVIEW,0.6852,False,14 of 15 nearest neighbours have a different candidate label; cross-validated classifier assigns only 22% confidence to the candidate label
clean_subset,classification/train/3/01885.jpg,REVIEW,0.7299,False,11 of 15 nearest neighbours have a different candidate label; cross-validated classifier assigns only 15% confidence to the candidate label
clean_subset,classification/train/3/01889.jpg,REVIEW,0.6372,False,13 of 15 nearest neighbours have a different candidate label; cross-validated classifier assigns only 27% confidence to the candidate label
clean_subset,classification/train/3/01900.jpg,REVIEW,0.6347,False,14 of 15 nearest neighbours have a different candidate label
clean_subset,classification/train/3/01909.jpg,REVIEW,0.6485,False,14 of 15 nearest neighbours have a different candidate label
clean_subset,classification/train/3/01921.jpg,REVIEW,0.6689,False,12 of 15 nearest neighbours have a different candidate label; cross-validated classifier assigns only 25% confidence to the candidate label
clean_subset,classification/train/3/01923.jpg,QUARANTINE,0.9717,False,15 of 15 nearest neighbours have a different candidate label; cross-validated classifier assigns only 7% confidence to the candidate label; embedding is 3.5 standard deviations farther from its candidate-class centroid than typical
clean_subset,classification/train/3/01933.jpg,REVIEW,0.6589,False,14 of 15 nearest neighbours have a different candidate label; cross-validated classifier assigns only 29% confidence to the candidate label
clean_subset,classification/train/3/01937.jpg,REVIEW,0.6503,False,12 of 15 nearest neighbours have a different candidate label; cross-validated classifier assigns only 27% confidence to the candidate label
clean_subset,classification/train/3/01945.jpg,REVIEW,0.6317,False,13 of 15 nearest neighbours have a different candidate label; cross-validated classifier assigns only 29% confidence to the candidate label
clean_subset,classification/train/3/01972.jpg,QUARANTINE,0.905,False,15 of 15 nearest neighbours have a different candidate label; cross-validated classifier assigns only 24% confidence to the candidate label; embedding is 3.9 standard deviations farther from its candidate-class centroid than typical
clean_subset,classification/train/3/01983.jpg,REVIEW,0.6265,False,13 of 15 nearest neighbours have a different candidate label
clean_subset,classification/train/3/02019.jpg,QUARANTINE,0.8084,False,11 of 15 nearest neighbours have a different candidate label; cross-validated classifier assigns only 15% confidence to the candidate label; embedding is 2.7 standard deviations farther from its candidate-class centroid than typical
clean_subset,classification/train/3/02025.jpg,REVIEW,0.7422,False,13 of 15 nearest neighbours have a different candidate label; cross-validated classifier assigns only 18% confidence to the candidate label
clean_subset,classification/train/3/02063.jpg,REVIEW,0.645,False,14 of 15 nearest neighbours have a different candidate label
clean_subset,classification/train/3/02070.jpg,REVIEW,0.6965,False,10 of 15 nearest neighbours have a different candidate label; cross-validated classifier assigns only 17% confidence to the candidate label
clean_subset,classification/train/3/02091.jpg,REVIEW,0.6955,False,8 of 15 nearest neighbours have a different candidate label; cross-validated classifier assigns only 9% confidence to the candidate label; embedding is 1.8 standard deviations farther from its candidate-class centroid than typical
clean_subset,classification/train/3/02129.jpg,REVIEW,0.7416,False,11 of 15 nearest neighbours have a different candidate label; cross-validated classifier assigns only 16% confidence to the candidate label; embedding is 1.7 standard deviations farther from its candidate-class centroid than typical
clean_subset,classification/train/3/02144.jpg,REVIEW,0.6494,False,12 of 15 nearest neighbours have a different candidate label; cross-validated classifier assigns only 18% confidence to the candidate label
clean_subset,classification/train/3/02151.jpg,REVIEW,0.6229,False,11 of 15 nearest neighbours have a different candidate label; cross-validated classifier assigns only 24% confidence to the candidate label
clean_subset,classification/train/3/02154.jpg,REVIEW,0.6699,False,13 of 15 nearest neighbours have a different candidate label; cross-validated classifier assigns only 21% confidence to the candidate label
clean_subset,classification/train/3/02161.jpg,REVIEW,0.6512,False,11 of 15 nearest neighbours have a different candidate label; cross-validated classifier assigns only 19% confidence to the candidate label
clean_subset,classification/train/3/02167.jpg,REVIEW,0.7423,False,11 of 15 nearest neighbours have a different candidate label; cross-validated classifier assigns only 12% confidence to the candidate label
clean_subset,classification/train/3/02168.jpg,REVIEW,0.6289,False,12 of 15 nearest neighbours have a different candidate label; cross-validated classifier assigns only 23% confidence to the candidate label
clean_subset,classification/train/3/02183.jpg,REVIEW,0.64,False,12 of 15 nearest neighbours have a different candidate label; cross-validated classifier assigns only 23% confidence to the candidate label
clean_subset,classification/train/3/02197.jpg,REVIEW,0.7394,False,15 of 15 nearest neighbours have a different candidate label; cross-validated classifier assigns only 15% confidence to the candidate label
clean_subset,classification/train/3/02198.jpg,REVIEW,0.7268,False,11 of 15 nearest neighbours have a different candidate label; cross-validated classifier assigns only 20% confidence to the candidate label; embedding is 1.7 standard deviations farther from its candidate-class centroid than typical
clean_subset,classification/train/3/02203.jpg,REVIEW,0.6756,False,10 of 15 nearest neighbours have a different candidate label; cross-validated classifier assigns only 24% confidence to the candidate label; embedding is 1.6 standard deviations farther from its candidate-class centroid than typical
clean_subset,classification/train/3/02272.jpg,REVIEW,0.6755,False,15 of 15 nearest neighbours have a different candidate label
clean_subset,classification/train/3/02284.jpg,REVIEW,0.6536,False,10 of 15 nearest neighbours have a different candidate label; cross-validated classifier assigns only 23% confidence to the candidate label
clean_subset,classification/train/3/02304.jpg,QUARANTINE,0.7735,False,10 of 15 nearest neighbours have a different candidate label; cross-validated classifier assigns only 23% confidence to the candidate label; embedding is 3.0 standard deviations farther from its candidate-class centroid than typical
clean_subset,classification/train/3/02305.jpg,REVIEW,0.6489,False,12 of 15 nearest neighbours have a different candidate label; cross-validated classifier assigns only 18% confidence to the candidate label
clean_subset,classification/train/3/02313.jpg,REVIEW,0.6335,False,14 of 15 nearest neighbours have a different candidate label
clean_subset,classification/train/3/02338.jpg,QUARANTINE,0.951,False,15 of 15 nearest neighbours have a different candidate label; cross-validated classifier assigns only 12% confidence to the candidate label; embedding is 3.8 standard deviations farther from its candidate-class centroid than typical
clean_subset,classification/train/3/02370.jpg,QUARANTINE,0.8097,False,12 of 15 nearest neighbours have a different candidate label; cross-validated classifier assigns only 28% confidence to the candidate label; embedding is 3.7 standard deviations farther from its candidate-class centroid than typical
clean_subset,classification/train/3/02372.jpg,REVIEW,0.7048,False,14 of 15 nearest neighbours have a different candidate label; cross-validated classifier assigns only 17% confidence to the candidate label
clean_subset,classification/train/3/02391.jpg,QUARANTINE,0.7944,False,11 of 15 nearest neighbours have a different candidate label; cross-validated classifier assigns only 11% confidence to the candidate label; embedding is 2.2 standard deviations farther from its candidate-class centroid than typical
clean_subset,classification/train/3/02400.jpg,QUARANTINE,0.8082,False,12 of 15 nearest neighbours have a different candidate label; cross-validated classifier assigns only 28% confidence to the candidate label; embedding is 3.0 standard deviations farther from its candidate-class centroid than typical
clean_subset,classification/train/3/02412.jpg,REVIEW,0.6436,False,12 of 15 nearest neighbours have a different candidate label; cross-validated classifier assigns only 27% confidence to the candidate label
clean_subset,classification/train/3/02418.jpg,REVIEW,0.6763,False,13 of 15 nearest neighbours have a different candidate label; cross-validated classifier assigns only 24% confidence to the candidate label
clean_subset,classification/train/3/02428.jpg,REVIEW,0.6841,False,13 of 15 nearest neighbours have a different candidate label; cross-validated classifier assigns only 26% confidence to the candidate label
clean_subset,classification/train/3/02463.jpg,REVIEW,0.6389,False,8 of 15 nearest neighbours have a different candidate label; cross-validated classifier assigns only 20% confidence to the candidate label; embedding is 1.6 standard deviations farther from its candidate-class centroid than typical
clean_subset,classification/train/3/02479.jpg,REVIEW,0.6502,False,13 of 15 nearest neighbours have a different candidate label; cross-validated classifier assigns only 24% confidence to the candidate label
clean_subset,classification/train/3/02483.jpg,REVIEW,0.6798,False,14 of 15 nearest neighbours have a different candidate label; cross-validated classifier assigns only 28% confidence to the candidate label
clean_subset,classification/train/3/02486.jpg,REVIEW,0.644,False,cross-validated classifier assigns only 22% confidence to the candidate label; embedding is 2.2 standard deviations farther from its candidate-class centroid than typical
clean_subset,classification/train/3/02528.jpg,REVIEW,0.6326,False,11 of 15 nearest neighbours have a different candidate label; cross-validated classifier assigns only 29% confidence to the candidate label
clean_subset,classification/train/3/02529.jpg,REVIEW,0.6633,False,10 of 15 nearest neighbours have a different candidate label; cross-validated classifier assigns only 19% confidence to the candidate label
clean_subset,classification/train/3/02535.jpg,QUARANTINE,0.7807,False,10 of 15 nearest neighbours have a different candidate label; cross-validated classifier assigns only 20% confidence to the candidate label; embedding is 2.9 standard deviations farther from its candidate-class centroid than typical
clean_subset,classification/train/3/02553.jpg,REVIEW,0.7348,False,14 of 15 nearest neighbours have a different candidate label; cross-validated classifier assigns only 18% confidence to the candidate label
clean_subset,classification/train/3/02556.jpg,QUARANTINE,0.7664,False,11 of 15 nearest neighbours have a different candidate label; embedding is 3.1 standard deviations farther from its candidate-class centroid than typical
clean_subset,classification/train/3/02573.jpg,REVIEW,0.673,False,14 of 15 nearest neighbours have a different candidate label; cross-validated classifier assigns only 25% confidence to the candidate label
clean_subset,classification/train/3/02574.jpg,REVIEW,0.6361,False,11 of 15 nearest neighbours have a different candidate label; cross-validated classifier assigns only 21% confidence to the candidate label
clean_subset,classification/train/3/02577.jpg,REVIEW,0.6334,False,13 of 15 nearest neighbours have a different candidate label; cross-validated classifier assigns only 28% confidence to the candidate label
clean_subset,classification/train/3/02644.jpg,REVIEW,0.6673,False,13 of 15 nearest neighbours have a different candidate label
clean_subset,classification/train/3/02652.jpg,REVIEW,0.6429,False,13 of 15 nearest neighbours have a different candidate label; cross-validated classifier assigns only 26% confidence to the candidate label
clean_subset,classification/train/3/02695.jpg,REVIEW,0.6704,False,13 of 15 nearest neighbours have a different candidate label; cross-validated classifier assigns only 19% confidence to the candidate label
clean_subset,classification/train/3/02702.jpg,REVIEW,0.6991,False,13 of 15 nearest neighbours have a different candidate label; cross-validated classifier assigns only 24% confidence to the candidate label
clean_subset,classification/train/3/02740.jpg,REVIEW,0.6213,False,10 of 15 nearest neighbours have a different candidate label; cross-validated classifier assigns only 15% confidence to the candidate label
clean_subset,classification/train/3/02752.jpg,REVIEW,0.6667,False,14 of 15 nearest neighbours have a different candidate label; cross-validated classifier assigns only 27% confidence to the candidate label
clean_subset,classification/train/3/02774.jpg,REVIEW,0.6496,False,14 of 15 nearest neighbours have a different candidate label
clean_subset,classification/train/3/02779.jpg,REVIEW,0.6327,False,13 of 15 nearest neighbours have a different candidate label; cross-validated classifier assigns only 28% confidence to the candidate label
clean_subset,classification/train/3/02785.jpg,REVIEW,0.6771,False,14 of 15 nearest neighbours have a different candidate label; cross-validated classifier assigns only 24% confidence to the candidate label
clean_subset,classification/train/3/02788.jpg,REVIEW,0.6437,False,12 of 15 nearest neighbours have a different candidate label; cross-validated classifier assigns only 25% confidence to the candidate label
clean_subset,classification/train/3/02793.jpg,QUARANTINE,0.7924,False,15 of 15 nearest neighbours have a different candidate label; cross-validated classifier assigns only 11% confidence to the candidate label
clean_subset,classification/train/3/02794.jpg,REVIEW,0.6739,False,13 of 15 nearest neighbours have a different candidate label; cross-validated classifier assigns only 18% confidence to the candidate label
clean_subset,classification/train/3/02808.jpg,REVIEW,0.7121,False,11 of 15 nearest neighbours have a different candidate label; cross-validated classifier assigns only 22% confidence to the candidate label; embedding is 1.6 standard deviations farther from its candidate-class centroid than typical
clean_subset,classification/train/3/02821.jpg,REVIEW,0.6619,False,14 of 15 nearest neighbours have a different candidate label; cross-validated classifier assigns only 28% confidence to the candidate label
clean_subset,classification/train/3/02834.jpg,REVIEW,0.6721,False,11 of 15 nearest neighbours have a different candidate label; cross-validated classifier assigns only 18% confidence to the candidate label
clean_subset,classification/train/3/02847.jpg,QUARANTINE,0.7828,False,13 of 15 nearest neighbours have a different candidate label; cross-validated classifier assigns only 13% confidence to the candidate label
clean_subset,classification/train/3/02860.jpg,REVIEW,0.7007,False,12 of 15 nearest neighbours have a different candidate label; cross-validated classifier assigns only 22% confidence to the candidate label
clean_subset,classification/train/3/02876.jpg,QUARANTINE,0.8436,False,10 of 15 nearest neighbours have a different candidate label; cross-validated classifier assigns only 5% confidence to the candidate label; embedding is 3.0 standard deviations farther from its candidate-class centroid than typical
clean_subset,classification/train/4/02919.jpg,QUARANTINE,0.7592,False,13 of 15 nearest neighbours have a different candidate label; cross-validated classifier assigns only 6% confidence to the candidate label
clean_subset,classification/train/4/02923.jpg,REVIEW,0.6261,False,12 of 15 nearest neighbours have a different candidate label; cross-validated classifier assigns only 23% confidence to the candidate label
clean_subset,classification/train/4/02931.jpg,QUARANTINE,0.7584,False,14 of 15 nearest neighbours have a different candidate label; cross-validated classifier assigns only 17% confidence to the candidate label
clean_subset,classification/train/4/02938.jpg,REVIEW,0.7155,False,14 of 15 nearest neighbours have a different candidate label; cross-validated classifier assigns only 22% confidence to the candidate label
clean_subset,classification/train/4/02943.jpg,REVIEW,0.6944,False,13 of 15 nearest neighbours have a different candidate label; cross-validated classifier assigns only 17% confidence to the candidate label
clean_subset,classification/train/4/02947.jpg,QUARANTINE,0.783,False,11 of 15 nearest neighbours have a different candidate label; cross-validated classifier assigns only 21% confidence to the candidate label; embedding is 2.6 standard deviations farther from its candidate-class centroid than typical
clean_subset,classification/train/4/02965.jpg,REVIEW,0.6768,False,13 of 15 nearest neighbours have a different candidate label; cross-validated classifier assigns only 20% confidence to the candidate label
clean_subset,classification/train/4/03000.jpg,REVIEW,0.7081,False,15 of 15 nearest neighbours have a different candidate label; cross-validated classifier assigns only 24% confidence to the candidate label
clean_subset,classification/train/4/03014.jpg,REVIEW,0.6629,False,10 of 15 nearest neighbours have a different candidate label; embedding is 1.9 standard deviations farther from its candidate-class centroid than typical
clean_subset,classification/train/4/03015.jpg,REVIEW,0.639,False,13 of 15 nearest neighbours have a different candidate label; cross-validated classifier assigns only 27% confidence to the candidate label
clean_subset,classification/train/4/03017.jpg,QUARANTINE,0.8069,False,13 of 15 nearest neighbours have a different candidate label; cross-validated classifier assigns only 12% confidence to the candidate label; embedding is 1.6 standard deviations farther from its candidate-class centroid than typical
clean_subset,classification/train/4/03018.jpg,REVIEW,0.6615,False,13 of 15 nearest neighbours have a different candidate label; cross-validated classifier assigns only 21% confidence to the candidate label
clean_subset,classification/train/4/03057.jpg,QUARANTINE,0.988,False,15 of 15 nearest neighbours have a different candidate label; cross-validated classifier assigns only 3% confidence to the candidate label; embedding is 4.5 standard deviations farther from its candidate-class centroid than typical
clean_subset,classification/train/4/03061.jpg,REVIEW,0.6692,False,14 of 15 nearest neighbours have a different candidate label; cross-validated classifier assigns only 26% confidence to the candidate label
clean_subset,classification/train/4/03094.jpg,QUARANTINE,0.7836,False,12 of 15 nearest neighbours have a different candidate label; cross-validated classifier assigns only 4% confidence to the candidate label
clean_subset,classification/train/4/03109.jpg,REVIEW,0.6409,False,13 of 15 nearest neighbours have a different candidate label; cross-validated classifier assigns only 26% confidence to the candidate label
clean_subset,classification/train/4/03116.jpg,QUARANTINE,0.8693,False,15 of 15 nearest neighbours have a different candidate label; cross-validated classifier assigns only 10% confidence to the candidate label; embedding is 1.6 standard deviations farther from its candidate-class centroid than typical
clean_subset,classification/train/4/03118.jpg,QUARANTINE,0.9652,False,14 of 15 nearest neighbours have a different candidate label; cross-validated classifier assigns only 2% confidence to the candidate label; embedding is 4.4 standard deviations farther from its candidate-class centroid than typical
clean_subset,classification/train/4/03122.jpg,QUARANTINE,0.8759,False,14 of 15 nearest neighbours have a different candidate label; cross-validated classifier assigns only 12% confidence to the candidate label; embedding is 2.3 standard deviations farther from its candidate-class centroid than typical
clean_subset,classification/train/4/03135.jpg,REVIEW,0.7026,False,14 of 15 nearest neighbours have a different candidate label; cross-validated classifier assigns only 18% confidence to the candidate label
clean_subset,classification/train/4/03140.jpg,REVIEW,0.6846,False,14 of 15 nearest neighbours have a different candidate label; cross-validated classifier assigns only 22% confidence to the candidate label
clean_subset,classification/train/4/03148.jpg,QUARANTINE,0.9603,False,14 of 15 nearest neighbours have a different candidate label; cross-validated classifier assigns only 3% confidence to the candidate label; embedding is 4.4 standard deviations farther from its candidate-class centroid than typical
clean_subset,classification/train/4/03163.jpg,QUARANTINE,0.7932,False,14 of 15 nearest neighbours have a different candidate label; cross-validated classifier assigns only 11% confidence to the candidate label
clean_subset,classification/train/4/03165.jpg,REVIEW,0.734,False,12 of 15 nearest neighbours have a different candidate label; cross-validated classifier assigns only 7% confidence to the candidate label
clean_subset,classification/train/4/03168.jpg,REVIEW,0.6517,False,12 of 15 nearest neighbours have a different candidate label; cross-validated classifier assigns only 17% confidence to the candidate label
clean_subset,classification/train/4/03170.jpg,REVIEW,0.6394,False,11 of 15 nearest neighbours have a different candidate label; cross-validated classifier assigns only 13% confidence to the candidate label
clean_subset,classification/train/4/03178.jpg,REVIEW,0.6664,False,13 of 15 nearest neighbours have a different candidate label; cross-validated classifier assigns only 20% confidence to the candidate label
clean_subset,classification/train/4/03179.jpg,QUARANTINE,0.9384,False,13 of 15 nearest neighbours have a different candidate label; cross-validated classifier assigns only 2% confidence to the candidate label; embedding is 4.6 standard deviations farther from its candidate-class centroid than typical
clean_subset,classification/train/4/03184.jpg,QUARANTINE,0.9304,False,13 of 15 nearest neighbours have a different candidate label; cross-validated classifier assigns only 4% confidence to the candidate label; embedding is 4.3 standard deviations farther from its candidate-class centroid than typical
clean_subset,classification/train/4/03193.jpg,REVIEW,0.6597,False,13 of 15 nearest neighbours have a different candidate label; cross-validated classifier assigns only 22% confidence to the candidate label
clean_subset,classification/train/4/03209.jpg,REVIEW,0.6913,False,12 of 15 nearest neighbours have a different candidate label; cross-validated classifier assigns only 10% confidence to the candidate label
clean_subset,classification/train/4/03238.jpg,QUARANTINE,0.7522,False,13 of 15 nearest neighbours have a different candidate label; cross-validated classifier assigns only 7% confidence to the candidate label
clean_subset,classification/train/4/03245.jpg,REVIEW,0.6372,False,13 of 15 nearest neighbours have a different candidate label; cross-validated classifier assigns only 27% confidence to the candidate label
clean_subset,classification/train/4/03253.jpg,QUARANTINE,0.9024,False,12 of 15 nearest neighbours have a different candidate label; cross-validated classifier assigns only 4% confidence to the candidate label; embedding is 4.2 standard deviations farther from its candidate-class centroid than typical
clean_subset,classification/train/4/03260.jpg,QUARANTINE,0.7809,False,13 of 15 nearest neighbours have a different candidate label; cross-validated classifier assigns only 22% confidence to the candidate label; embedding is 1.8 standard deviations farther from its candidate-class centroid than typical
clean_subset,classification/train/4/03264.jpg,REVIEW,0.7225,False,14 of 15 nearest neighbours have a different candidate label; cross-validated classifier assigns only 16% confidence to the candidate label
clean_subset,classification/train/4/03265.jpg,REVIEW,0.7241,False,15 of 15 nearest neighbours have a different candidate label; cross-validated classifier assigns only 19% confidence to the candidate label
clean_subset,classification/train/4/03326.jpg,REVIEW,0.6726,False,12 of 15 nearest neighbours have a different candidate label; cross-validated classifier assigns only 13% confidence to the candidate label
clean_subset,classification/train/4/03347.jpg,QUARANTINE,0.8495,False,10 of 15 nearest neighbours have a different candidate label; cross-validated classifier assigns only 4% confidence to the candidate label; embedding is 3.8 standard deviations farther from its candidate-class centroid than typical
clean_subset,classification/train/4/03358.jpg,QUARANTINE,0.7672,False,14 of 15 nearest neighbours have a different candidate label; cross-validated classifier assigns only 14% confidence to the candidate label
clean_subset,classification/train/4/03364.jpg,REVIEW,0.6663,False,14 of 15 nearest neighbours have a different candidate label; cross-validated classifier assigns only 27% confidence to the candidate label
clean_subset,classification/train/4/03369.jpg,REVIEW,0.731,False,13 of 15 nearest neighbours have a different candidate label; cross-validated classifier assigns only 8% confidence to the candidate label
clean_subset,classification/train/4/03399.jpg,REVIEW,0.7113,False,14 of 15 nearest neighbours have a different candidate label; cross-validated classifier assigns only 23% confidence to the candidate label
clean_subset,classification/train/4/03413.jpg,REVIEW,0.704,False,13 of 15 nearest neighbours have a different candidate label; cross-validated classifier assigns only 11% confidence to the candidate label
clean_subset,classification/train/4/03415.jpg,QUARANTINE,0.8385,False,15 of 15 nearest neighbours have a different candidate label; cross-validated classifier assigns only 13% confidence to the candidate label
clean_subset,classification/train/5/03427.jpg,QUARANTINE,0.8351,False,14 of 15 nearest neighbours have a different candidate label; cross-validated classifier assigns only 11% confidence to the candidate label; embedding is 1.6 standard deviations farther from its candidate-class centroid than typical
clean_subset,classification/train/5/03432.jpg,REVIEW,0.6518,False,11 of 15 nearest neighbours have a different candidate label; cross-validated classifier assigns only 29% confidence to the candidate label
clean_subset,classification/train/5/03434.jpg,QUARANTINE,0.7701,False,14 of 15 nearest neighbours have a different candidate label; cross-validated classifier assigns only 23% confidence to the candidate label
clean_subset,classification/train/5/03435.jpg,QUARANTINE,0.7815,False,13 of 15 nearest neighbours have a different candidate label; cross-validated classifier assigns only 15% confidence to the candidate label
clean_subset,classification/train/5/03438.jpg,QUARANTINE,0.8181,False,14 of 15 nearest neighbours have a different candidate label; cross-validated classifier assigns only 14% confidence to the candidate label; embedding is 1.5 standard deviations farther from its candidate-class centroid than typical
clean_subset,classification/train/5/03444.jpg,QUARANTINE,0.7704,False,12 of 15 nearest neighbours have a different candidate label; cross-validated classifier assigns only 12% confidence to the candidate label
clean_subset,classification/train/5/03456.jpg,REVIEW,0.6829,False,12 of 15 nearest neighbours have a different candidate label; cross-validated classifier assigns only 27% confidence to the candidate label
clean_subset,classification/train/5/03461.jpg,QUARANTINE,0.8072,False,15 of 15 nearest neighbours have a different candidate label; cross-validated classifier assigns only 20% confidence to the candidate label
clean_subset,classification/train/5/03470.jpg,QUARANTINE,0.7924,False,14 of 15 nearest neighbours have a different candidate label; cross-validated classifier assigns only 15% confidence to the candidate label
clean_subset,classification/train/5/03480.jpg,QUARANTINE,0.7825,False,12 of 15 nearest neighbours have a different candidate label; cross-validated classifier assigns only 11% confidence to the candidate label; embedding is 1.6 standard deviations farther from its candidate-class centroid than typical
clean_subset,classification/train/5/03482.jpg,QUARANTINE,0.7784,False,13 of 15 nearest neighbours have a different candidate label; cross-validated classifier assigns only 8% confidence to the candidate label
clean_subset,classification/train/5/03483.jpg,QUARANTINE,0.863,False,15 of 15 nearest neighbours have a different candidate label; cross-validated classifier assigns only 10% confidence to the candidate label; embedding is 1.5 standard deviations farther from its candidate-class centroid than typical
clean_subset,classification/train/5/03488.jpg,QUARANTINE,0.9301,False,15 of 15 nearest neighbours have a different candidate label; cross-validated classifier assigns only 1% confidence to the candidate label; embedding is 2.0 standard deviations farther from its candidate-class centroid than typical
clean_subset,classification/train/5/03541.jpg,QUARANTINE,0.8262,False,13 of 15 nearest neighbours have a different candidate label; cross-validated classifier assigns only 7% confidence to the candidate label; embedding is 1.6 standard deviations farther from its candidate-class centroid than typical
clean_subset,classification/train/5/03546.jpg,QUARANTINE,0.8527,False,15 of 15 nearest neighbours have a different candidate label; cross-validated classifier assigns only 11% confidence to the candidate label
clean_subset,classification/train/5/03550.jpg,REVIEW,0.7266,False,12 of 15 nearest neighbours have a different candidate label; cross-validated classifier assigns only 18% confidence to the candidate label
clean_subset,classification/train/5/03551.jpg,QUARANTINE,0.7978,False,13 of 15 nearest neighbours have a different candidate label; cross-validated classifier assigns only 14% confidence to the candidate label; embedding is 1.6 standard deviations farther from its candidate-class centroid than typical
clean_subset,classification/train/5/03552.jpg,REVIEW,0.7036,False,11 of 15 nearest neighbours have a different candidate label; cross-validated classifier assigns only 20% confidence to the candidate label
clean_subset,classification/train/5/03557.jpg,REVIEW,0.7099,False,14 of 15 nearest neighbours have a different candidate label
clean_subset,classification/train/5/03560.jpg,QUARANTINE,0.8138,False,15 of 15 nearest neighbours have a different candidate label; cross-validated classifier assigns only 14% confidence to the candidate label
clean_subset,classification/train/5/03561.jpg,QUARANTINE,0.784,False,13 of 15 nearest neighbours have a different candidate label; cross-validated classifier assigns only 14% confidence to the candidate label
clean_subset,classification/train/5/03564.jpg,REVIEW,0.6783,False,14 of 15 nearest neighbours have a different candidate label
clean_subset,classification/train/5/03565.jpg,QUARANTINE,0.916,False,15 of 15 nearest neighbours have a different candidate label; cross-validated classifier assigns only 3% confidence to the candidate label; embedding is 1.9 standard deviations farther from its candidate-class centroid than typical
clean_subset,classification/train/5/03582.jpg,REVIEW,0.7408,False,13 of 15 nearest neighbours have a different candidate label; cross-validated classifier assigns only 25% confidence to the candidate label
clean_subset,classification/train/5/03586.jpg,REVIEW,0.63,False,11 of 15 nearest neighbours have a different candidate label; cross-validated classifier assigns only 29% confidence to the candidate label
clean_subset,classification/train/5/03594.jpg,REVIEW,0.7238,False,12 of 15 nearest neighbours have a different candidate label; cross-validated classifier assigns only 17% confidence to the candidate label
clean_subset,classification/train/5/03600.jpg,QUARANTINE,0.8888,False,15 of 15 nearest neighbours have a different candidate label; cross-validated classifier assigns only 7% confidence to the candidate label; embedding is 1.8 standard deviations farther from its candidate-class centroid than typical
clean_subset,classification/train/5/03603.jpg,QUARANTINE,0.8806,False,15 of 15 nearest neighbours have a different candidate label; cross-validated classifier assigns only 6% confidence to the candidate label; embedding is 1.6 standard deviations farther from its candidate-class centroid than typical
clean_subset,classification/train/5/03606.jpg,REVIEW,0.6342,False,12 of 15 nearest neighbours have a different candidate label
clean_subset,classification/train/5/03608.jpg,REVIEW,0.7348,False,12 of 15 nearest neighbours have a different candidate label; cross-validated classifier assigns only 18% confidence to the candidate label
clean_subset,classification/train/5/03617.jpg,QUARANTINE,0.8409,False,15 of 15 nearest neighbours have a different candidate label; cross-validated classifier assigns only 6% confidence to the candidate label
clean_subset,classification/train/5/03618.jpg,QUARANTINE,0.8356,False,14 of 15 nearest neighbours have a different candidate label; cross-validated classifier assigns only 9% confidence to the candidate label
clean_subset,classification/train/5/03623.jpg,REVIEW,0.6602,False,11 of 15 nearest neighbours have a different candidate label; cross-validated classifier assigns only 26% confidence to the candidate label
clean_subset,classification/train/5/03626.jpg,QUARANTINE,0.8418,False,15 of 15 nearest neighbours have a different candidate label; cross-validated classifier assigns only 11% confidence to the candidate label
clean_subset,classification/train/5/03629.jpg,REVIEW,0.678,False,12 of 15 nearest neighbours have a different candidate label; cross-validated classifier assigns only 27% confidence to the candidate label
clean_subset,classification/train/5/03630.jpg,QUARANTINE,0.8063,False,13 of 15 nearest neighbours have a different candidate label; cross-validated classifier assigns only 10% confidence to the candidate label
clean_subset,classification/train/5/03635.jpg,QUARANTINE,0.8156,False,15 of 15 nearest neighbours have a different candidate label; cross-validated classifier assigns only 20% confidence to the candidate label
clean_subset,classification/train/5/03637.jpg,QUARANTINE,0.8115,False,13 of 15 nearest neighbours have a different candidate label; cross-validated classifier assigns only 9% confidence to the candidate label; embedding is 1.5 standard deviations farther from its candidate-class centroid than typical
clean_subset,classification/train/5/03639.jpg,QUARANTINE,0.8362,False,14 of 15 nearest neighbours have a different candidate label; cross-validated classifier assigns only 9% confidence to the candidate label
clean_subset,classification/train/5/03641.jpg,QUARANTINE,0.8206,False,14 of 15 nearest neighbours have a different candidate label; cross-validated classifier assigns only 10% confidence to the candidate label
clean_subset,classification/train/5/03642.jpg,QUARANTINE,0.8823,False,15 of 15 nearest neighbours have a different candidate label; cross-validated classifier assigns only 6% confidence to the candidate label; embedding is 1.6 standard deviations farther from its candidate-class centroid than typical
clean_subset,classification/train/5/03644.jpg,QUARANTINE,0.87,False,15 of 15 nearest neighbours have a different candidate label; cross-validated classifier assigns only 7% confidence to the candidate label
clean_subset,classification/train/5/03650.jpg,REVIEW,0.6736,False,12 of 15 nearest neighbours have a different candidate label; cross-validated classifier assigns only 28% confidence to the candidate label
clean_subset,classification/train/5/03678.jpg,REVIEW,0.7017,False,13 of 15 nearest neighbours have a different candidate label; cross-validated classifier assigns only 30% confidence to the candidate label
clean_subset,classification/train/5/03679.jpg,REVIEW,0.7433,False,12 of 15 nearest neighbours have a different candidate label; cross-validated classifier assigns only 17% confidence to the candidate label
clean_subset,classification/train/5/03684.jpg,QUARANTINE,0.886,False,15 of 15 nearest neighbours have a different candidate label; cross-validated classifier assigns only 7% confidence to the candidate label; embedding is 1.7 standard deviations farther from its candidate-class centroid than typical
clean_subset,classification/train/5/03732.jpg,REVIEW,0.7193,False,12 of 15 nearest neighbours have a different candidate label; cross-validated classifier assigns only 23% confidence to the candidate label
clean_subset,classification/train/5/03734.jpg,QUARANTINE,0.7945,False,14 of 15 nearest neighbours have a different candidate label; cross-validated classifier assigns only 18% confidence to the candidate label
clean_subset,classification/train/5/03740.jpg,REVIEW,0.7243,False,12 of 15 nearest neighbours have a different candidate label; cross-validated classifier assigns only 22% confidence to the candidate label
clean_subset,classification/train/5/03744.jpg,REVIEW,0.7181,False,10 of 15 nearest neighbours have a different candidate label; cross-validated classifier assigns only 13% confidence to the candidate label; embedding is 1.5 standard deviations farther from its candidate-class centroid than typical
clean_subset,classification/train/5/03776.jpg,QUARANTINE,0.8464,False,15 of 15 nearest neighbours have a different candidate label; cross-validated classifier assigns only 10% confidence to the candidate label
clean_subset,classification/train/5/03798.jpg,QUARANTINE,0.8922,False,15 of 15 nearest neighbours have a different candidate label; cross-validated classifier assigns only 5% confidence to the candidate label; embedding is 1.7 standard deviations farther from its candidate-class centroid than typical
clean_subset,classification/train/5/03799.jpg,REVIEW,0.7247,False,10 of 15 nearest neighbours have a different candidate label; cross-validated classifier assigns only 10% confidence to the candidate label
clean_subset,classification/train/5/03800.jpg,REVIEW,0.6435,False,12 of 15 nearest neighbours have a different candidate label
clean_subset,classification/train/5/03819.jpg,REVIEW,0.6946,False,12 of 15 nearest neighbours have a different candidate label; cross-validated classifier assigns only 24% confidence to the candidate label
clean_subset,classification/train/5/03827.jpg,QUARANTINE,0.8014,False,13 of 15 nearest neighbours have a different candidate label; cross-validated classifier assigns only 12% confidence to the candidate label; embedding is 1.5 standard deviations farther from its candidate-class centroid than typical
clean_subset,classification/train/5/03836.jpg,REVIEW,0.6485,False,12 of 15 nearest neighbours have a different candidate label
clean_subset,classification/train/5/03855.jpg,QUARANTINE,0.8802,False,14 of 15 nearest neighbours have a different candidate label; cross-validated classifier assigns only 2% confidence to the candidate label; embedding is 1.7 standard deviations farther from its candidate-class centroid than typical
clean_subset,classification/train/5/03864.jpg,REVIEW,0.6692,False,9 of 15 nearest neighbours have a different candidate label; cross-validated classifier assigns only 15% confidence to the candidate label
clean_subset,classification/train/5/03882.jpg,REVIEW,0.6588,False,12 of 15 nearest neighbours have a different candidate label
clean_subset,classification/train/5/03884.jpg,QUARANTINE,0.7789,False,13 of 15 nearest neighbours have a different candidate label; cross-validated classifier assigns only 12% confidence to the candidate label
clean_subset,classification/train/5/03896.jpg,QUARANTINE,0.7896,False,14 of 15 nearest neighbours have a different candidate label; cross-validated classifier assigns only 18% confidence to the candidate label
clean_subset,classification/train/5/03913.jpg,QUARANTINE,0.7555,False,12 of 15 nearest neighbours have a different candidate label; cross-validated classifier assigns only 13% confidence to the candidate label
clean_subset,classification/train/5/03925.jpg,QUARANTINE,0.8213,False,14 of 15 nearest neighbours have a different candidate label; cross-validated classifier assigns only 14% confidence to the candidate label; embedding is 1.6 standard deviations farther from its candidate-class centroid than typical
label_flip_05,classification/train/0/00002.jpg,REVIEW,0.6663,False,12 of 15 nearest neighbours have a different candidate label; cross-validated classifier assigns only 19% confidence to the candidate label
label_flip_05,classification/train/0/00005.jpg,QUARANTINE,0.8285,False,13 of 15 nearest neighbours have a different candidate label; cross-validated classifier assigns only 13% confidence to the candidate label; embedding is 2.0 standard deviations farther from its candidate-class centroid than typical
label_flip_05,classification/train/0/00041.jpg,REVIEW,0.6485,True,12 of 15 nearest neighbours have a different candidate label; cross-validated classifier assigns only 18% confidence to the candidate label
label_flip_05,classification/train/0/00060.jpg,REVIEW,0.7057,False,14 of 15 nearest neighbours have a different candidate label; cross-validated classifier assigns only 17% confidence to the candidate label
label_flip_05,classification/train/0/00086.jpg,QUARANTINE,0.7581,False,13 of 15 nearest neighbours have a different candidate label; cross-validated classifier assigns only 13% confidence to the candidate label
label_flip_05,classification/train/0/00096.jpg,REVIEW,0.6473,False,13 of 15 nearest neighbours have a different candidate label; cross-validated classifier assigns only 25% confidence to the candidate label
label_flip_05,classification/train/0/00101.jpg,REVIEW,0.6533,True,13 of 15 nearest neighbours have a different candidate label; cross-validated classifier assigns only 23% confidence to the candidate label
label_flip_05,classification/train/0/00129.jpg,REVIEW,0.6795,False,13 of 15 nearest neighbours have a different candidate label; cross-validated classifier assigns only 17% confidence to the candidate label
label_flip_05,classification/train/0/00160.jpg,REVIEW,0.7469,False,15 of 15 nearest neighbours have a different candidate label; cross-validated classifier assigns only 13% confidence to the candidate label
label_flip_05,classification/train/0/00201.jpg,REVIEW,0.6725,False,12 of 15 nearest neighbours have a different candidate label; cross-validated classifier assigns only 21% confidence to the candidate label
label_flip_05,classification/train/0/00221.jpg,REVIEW,0.702,False,11 of 15 nearest neighbours have a different candidate label; cross-validated classifier assigns only 21% confidence to the candidate label
label_flip_05,classification/train/0/00235.jpg,REVIEW,0.6501,False,12 of 15 nearest neighbours have a different candidate label; cross-validated classifier assigns only 29% confidence to the candidate label
label_flip_05,classification/train/0/00239.jpg,REVIEW,0.638,False,10 of 15 nearest neighbours have a different candidate label; cross-validated classifier assigns only 22% confidence to the candidate label
label_flip_05,classification/train/0/00244.jpg,REVIEW,0.6429,True,12 of 15 nearest neighbours have a different candidate label; cross-validated classifier assigns only 19% confidence to the candidate label
label_flip_05,classification/train/0/00249.jpg,QUARANTINE,0.7895,False,12 of 15 nearest neighbours have a different candidate label; cross-validated classifier assigns only 11% confidence to the candidate label; embedding is 1.7 standard deviations farther from its candidate-class centroid than typical
label_flip_05,classification/train/0/00308.jpg,REVIEW,0.6503,False,13 of 15 nearest neighbours have a different candidate label; cross-validated classifier assigns only 24% confidence to the candidate label
label_flip_05,classification/train/0/00329.jpg,REVIEW,0.6413,False,11 of 15 nearest neighbours have a different candidate label; cross-validated classifier assigns only 20% confidence to the candidate label
label_flip_05,classification/train/0/00330.jpg,REVIEW,0.6669,False,11 of 15 nearest neighbours have a different candidate label; cross-validated classifier assigns only 24% confidence to the candidate label
label_flip_05,classification/train/0/00353.jpg,QUARANTINE,0.7944,False,14 of 15 nearest neighbours have a different candidate label; cross-validated classifier assigns only 19% confidence to the candidate label
label_flip_05,classification/train/0/00378.jpg,REVIEW,0.6277,True,12 of 15 nearest neighbours have a different candidate label; cross-validated classifier assigns only 23% confidence to the candidate label
label_flip_05,classification/train/0/00379.jpg,REVIEW,0.6519,False,13 of 15 nearest neighbours have a different candidate label; cross-validated classifier assigns only 24% confidence to the candidate label
label_flip_05,classification/train/0/00437.jpg,REVIEW,0.7278,False,12 of 15 nearest neighbours have a different candidate label; cross-validated classifier assigns only 17% confidence to the candidate label
label_flip_05,classification/train/0/00463.jpg,REVIEW,0.6313,False,12 of 15 nearest neighbours have a different candidate label
label_flip_05,classification/train/0/00465.jpg,QUARANTINE,0.8322,False,12 of 15 nearest neighbours have a different candidate label; cross-validated classifier assigns only 22% confidence to the candidate label; embedding is 3.1 standard deviations farther from its candidate-class centroid than typical
label_flip_05,classification/train/0/00494.jpg,REVIEW,0.6945,False,14 of 15 nearest neighbours have a different candidate label; cross-validated classifier assigns only 20% confidence to the candidate label
label_flip_05,classification/train/0/00549.jpg,REVIEW,0.7049,False,14 of 15 nearest neighbours have a different candidate label; cross-validated classifier assigns only 17% confidence to the candidate label
label_flip_05,classification/train/0/00567.jpg,QUARANTINE,0.9552,False,15 of 15 nearest neighbours have a different candidate label; cross-validated classifier assigns only 7% confidence to the candidate label; embedding is 2.8 standard deviations farther from its candidate-class centroid than typical
label_flip_05,classification/train/0/00601.jpg,REVIEW,0.7211,False,12 of 15 nearest neighbours have a different candidate label; cross-validated classifier assigns only 24% confidence to the candidate label
label_flip_05,classification/train/0/00609.jpg,QUARANTINE,0.8908,True,14 of 15 nearest neighbours have a different candidate label; cross-validated classifier assigns only 5% confidence to the candidate label; embedding is 2.1 standard deviations farther from its candidate-class centroid than typical
label_flip_05,classification/train/0/00691.jpg,QUARANTINE,0.8717,False,13 of 15 nearest neighbours have a different candidate label; cross-validated classifier assigns only 9% confidence to the candidate label; embedding is 2.4 standard deviations farther from its candidate-class centroid than typical
label_flip_05,classification/train/0/00699.jpg,QUARANTINE,0.995,False,15 of 15 nearest neighbours have a different candidate label; cross-validated classifier assigns only 1% confidence to the candidate label; embedding is 4.4 standard deviations farther from its candidate-class centroid than typical
label_flip_05,classification/train/0/00735.jpg,QUARANTINE,0.9162,False,14 of 15 nearest neighbours have a different candidate label; cross-validated classifier assigns only 4% confidence to the candidate label; embedding is 2.4 standard deviations farther from its candidate-class centroid than typical
label_flip_05,classification/train/0/00749.jpg,QUARANTINE,0.9167,False,14 of 15 nearest neighbours have a different candidate label; cross-validated classifier assigns only 14% confidence to the candidate label; embedding is 3.5 standard deviations farther from its candidate-class centroid than typical
label_flip_05,classification/train/0/00768.jpg,REVIEW,0.6508,False,12 of 15 nearest neighbours have a different candidate label
label_flip_05,classification/train/0/00783.jpg,REVIEW,0.6312,False,12 of 15 nearest neighbours have a different candidate label; cross-validated classifier assigns only 22% confidence to the candidate label
label_flip_05,classification/train/0/00803.jpg,REVIEW,0.6664,False,13 of 15 nearest neighbours have a different candidate label; cross-validated classifier assigns only 27% confidence to the candidate label
label_flip_05,classification/train/0/00816.jpg,REVIEW,0.6876,False,11 of 15 nearest neighbours have a different candidate label; cross-validated classifier assigns only 24% confidence to the candidate label
label_flip_05,classification/train/0/00831.jpg,QUARANTINE,0.8664,False,13 of 15 nearest neighbours have a different candidate label; cross-validated classifier assigns only 20% confidence to the candidate label; embedding is 3.2 standard deviations farther from its candidate-class centroid than typical
label_flip_05,classification/train/0/00861.jpg,REVIEW,0.6395,True,11 of 15 nearest neighbours have a different candidate label; cross-validated classifier assigns only 29% confidence to the candidate label
label_flip_05,classification/train/0/00906.jpg,REVIEW,0.64,False,12 of 15 nearest neighbours have a different candidate label; cross-validated classifier assigns only 20% confidence to the candidate label
label_flip_05,classification/train/0/00917.jpg,REVIEW,0.6319,False,11 of 15 nearest neighbours have a different candidate label
label_flip_05,classification/train/0/00949.jpg,REVIEW,0.653,False,12 of 15 nearest neighbours have a different candidate label; cross-validated classifier assigns only 17% confidence to the candidate label
label_flip_05,classification/train/0/00981.jpg,REVIEW,0.6792,False,12 of 15 nearest neighbours have a different candidate label; cross-validated classifier assigns only 21% confidence to the candidate label
label_flip_05,classification/train/0/00994.jpg,QUARANTINE,0.8014,True,15 of 15 nearest neighbours have a different candidate label; cross-validated classifier assigns only 14% confidence to the candidate label
label_flip_05,classification/train/0/01013.jpg,REVIEW,0.6435,False,11 of 15 nearest neighbours have a different candidate label; embedding is 2.9 standard deviations farther from its candidate-class centroid than typical
label_flip_05,classification/train/0/01032.jpg,REVIEW,0.6333,False,11 of 15 nearest neighbours have a different candidate label; cross-validated classifier assigns only 28% confidence to the candidate label
label_flip_05,classification/train/0/01054.jpg,REVIEW,0.6724,False,13 of 15 nearest neighbours have a different candidate label; cross-validated classifier assigns only 19% confidence to the candidate label
label_flip_05,classification/train/0/01055.jpg,REVIEW,0.638,True,11 of 15 nearest neighbours have a different candidate label; cross-validated classifier assigns only 29% confidence to the candidate label
label_flip_05,classification/train/0/01063.jpg,REVIEW,0.6713,False,13 of 15 nearest neighbours have a different candidate label; embedding is 1.6 standard deviations farther from its candidate-class centroid than typical
label_flip_05,classification/train/0/01067.jpg,REVIEW,0.6648,False,13 of 15 nearest neighbours have a different candidate label; cross-validated classifier assigns only 26% confidence to the candidate label
label_flip_05,classification/train/0/01081.jpg,QUARANTINE,0.8986,False,13 of 15 nearest neighbours have a different candidate label; cross-validated classifier assigns only 12% confidence to the candidate label; embedding is 3.2 standard deviations farther from its candidate-class centroid than typical
label_flip_05,classification/train/0/01093.jpg,REVIEW,0.6283,False,13 of 15 nearest neighbours have a different candidate label; cross-validated classifier assigns only 30% confidence to the candidate label
label_flip_05,classification/train/0/01098.jpg,QUARANTINE,0.9066,False,13 of 15 nearest neighbours have a different candidate label; cross-validated classifier assigns only 10% confidence to the candidate label; embedding is 3.6 standard deviations farther from its candidate-class centroid than typical
label_flip_05,classification/train/0/01104.jpg,QUARANTINE,0.8938,True,15 of 15 nearest neighbours have a different candidate label; cross-validated classifier assigns only 6% confidence to the candidate label; embedding is 1.8 standard deviations farther from its candidate-class centroid than typical
label_flip_05,classification/train/1/01116.jpg,QUARANTINE,0.8781,True,15 of 15 nearest neighbours have a different candidate label; cross-validated classifier assigns only 4% confidence to the candidate label
label_flip_05,classification/train/1/01122.jpg,REVIEW,0.6364,False,11 of 15 nearest neighbours have a different candidate label; embedding is 1.8 standard deviations farther from its candidate-class centroid than typical
label_flip_05,classification/train/1/01146.jpg,REVIEW,0.6325,False,12 of 15 nearest neighbours have a different candidate label; cross-validated classifier assigns only 22% confidence to the candidate label
label_flip_05,classification/train/1/01168.jpg,REVIEW,0.6649,False,12 of 15 nearest neighbours have a different candidate label; cross-validated classifier assigns only 18% confidence to the candidate label
label_flip_05,classification/train/1/01170.jpg,REVIEW,0.6222,False,12 of 15 nearest neighbours have a different candidate label; cross-validated classifier assigns only 24% confidence to the candidate label
label_flip_05,classification/train/1/01171.jpg,REVIEW,0.7132,False,13 of 15 nearest neighbours have a different candidate label; cross-validated classifier assigns only 18% confidence to the candidate label
label_flip_05,classification/train/1/01175.jpg,REVIEW,0.6626,False,12 of 15 nearest neighbours have a different candidate label; cross-validated classifier assigns only 14% confidence to the candidate label
label_flip_05,classification/train/1/01186.jpg,REVIEW,0.6327,False,13 of 15 nearest neighbours have a different candidate label; cross-validated classifier assigns only 28% confidence to the candidate label
label_flip_05,classification/train/1/01197.jpg,REVIEW,0.6365,False,12 of 15 nearest neighbours have a different candidate label; cross-validated classifier assigns only 21% confidence to the candidate label
label_flip_05,classification/train/1/01199.jpg,QUARANTINE,0.7796,False,13 of 15 nearest neighbours have a different candidate label; cross-validated classifier assigns only 7% confidence to the candidate label
label_flip_05,classification/train/1/01201.jpg,REVIEW,0.6832,True,11 of 15 nearest neighbours have a different candidate label; cross-validated classifier assigns only 17% confidence to the candidate label
label_flip_05,classification/train/1/01202.jpg,REVIEW,0.7028,False,13 of 15 nearest neighbours have a different candidate label; cross-validated classifier assigns only 11% confidence to the candidate label
label_flip_05,classification/train/1/01204.jpg,REVIEW,0.6237,False,12 of 15 nearest neighbours have a different candidate label; cross-validated classifier assigns only 24% confidence to the candidate label
label_flip_05,classification/train/1/01205.jpg,REVIEW,0.73,False,14 of 15 nearest neighbours have a different candidate label; cross-validated classifier assigns only 12% confidence to the candidate label
label_flip_05,classification/train/1/01207.jpg,QUARANTINE,0.796,False,15 of 15 nearest neighbours have a different candidate label; cross-validated classifier assigns only 7% confidence to the candidate label
label_flip_05,classification/train/1/01217.jpg,QUARANTINE,0.8561,False,13 of 15 nearest neighbours have a different candidate label; cross-validated classifier assigns only 15% confidence to the candidate label; embedding is 2.5 standard deviations farther from its candidate-class centroid than typical
label_flip_05,classification/train/1/01222.jpg,REVIEW,0.6511,False,13 of 15 nearest neighbours have a different candidate label; cross-validated classifier assigns only 24% confidence to the candidate label
label_flip_05,classification/train/1/01228.jpg,REVIEW,0.6833,True,12 of 15 nearest neighbours have a different candidate label; cross-validated classifier assigns only 18% confidence to the candidate label
label_flip_05,classification/train/1/01232.jpg,REVIEW,0.6705,False,14 of 15 nearest neighbours have a different candidate label; cross-validated classifier assigns only 26% confidence to the candidate label
label_flip_05,classification/train/1/01234.jpg,REVIEW,0.7231,False,15 of 15 nearest neighbours have a different candidate label; cross-validated classifier assigns only 19% confidence to the candidate label
label_flip_05,classification/train/1/01239.jpg,QUARANTINE,0.7584,False,12 of 15 nearest neighbours have a different candidate label; embedding is 2.5 standard deviations farther from its candidate-class centroid than typical
label_flip_05,classification/train/1/01245.jpg,REVIEW,0.6251,False,12 of 15 nearest neighbours have a different candidate label; cross-validated classifier assigns only 24% confidence to the candidate label
label_flip_05,classification/train/1/01247.jpg,REVIEW,0.7491,False,13 of 15 nearest neighbours have a different candidate label; cross-validated classifier assigns only 14% confidence to the candidate label
label_flip_05,classification/train/1/01266.jpg,REVIEW,0.6953,False,13 of 15 nearest neighbours have a different candidate label; cross-validated classifier assigns only 18% confidence to the candidate label
label_flip_05,classification/train/1/01267.jpg,REVIEW,0.6506,False,13 of 15 nearest neighbours have a different candidate label; cross-validated classifier assigns only 24% confidence to the candidate label
label_flip_05,classification/train/1/01268.jpg,REVIEW,0.6817,False,14 of 15 nearest neighbours have a different candidate label; cross-validated classifier assigns only 23% confidence to the candidate label
label_flip_05,classification/train/1/01269.jpg,QUARANTINE,0.9452,False,14 of 15 nearest neighbours have a different candidate label; cross-validated classifier assigns only 7% confidence to the candidate label; embedding is 4.0 standard deviations farther from its candidate-class centroid than typical
label_flip_05,classification/train/1/01291.jpg,REVIEW,0.6956,False,13 of 15 nearest neighbours have a different candidate label; cross-validated classifier assigns only 16% confidence to the candidate label
label_flip_05,classification/train/1/01298.jpg,REVIEW,0.6462,False,12 of 15 nearest neighbours have a different candidate label; cross-validated classifier assigns only 18% confidence to the candidate label
label_flip_05,classification/train/1/01304.jpg,REVIEW,0.6335,False,12 of 15 nearest neighbours have a different candidate label; cross-validated classifier assigns only 22% confidence to the candidate label
label_flip_05,classification/train/1/01305.jpg,REVIEW,0.7206,False,11 of 15 nearest neighbours have a different candidate label; cross-validated classifier assigns only 17% confidence to the candidate label
label_flip_05,classification/train/1/01313.jpg,REVIEW,0.6291,False,12 of 15 nearest neighbours have a different candidate label; cross-validated classifier assigns only 23% confidence to the candidate label
label_flip_05,classification/train/1/01316.jpg,REVIEW,0.6281,False,12 of 15 nearest neighbours have a different candidate label; cross-validated classifier assigns only 23% confidence to the candidate label
label_flip_05,classification/train/1/01318.jpg,REVIEW,0.7352,True,15 of 15 nearest neighbours have a different candidate label; cross-validated classifier assigns only 16% confidence to the candidate label
label_flip_05,classification/train/1/01323.jpg,REVIEW,0.6825,False,14 of 15 nearest neighbours have a different candidate label; cross-validated classifier assigns only 23% confidence to the candidate label
label_flip_05,classification/train/1/01324.jpg,QUARANTINE,0.8423,False,13 of 15 nearest neighbours have a different candidate label; cross-validated classifier assigns only 26% confidence to the candidate label; embedding is 3.1 standard deviations farther from its candidate-class centroid than typical
label_flip_05,classification/train/1/01330.jpg,REVIEW,0.6498,False,10 of 15 nearest neighbours have a different candidate label; cross-validated classifier assigns only 11% confidence to the candidate label
label_flip_05,classification/train/1/01331.jpg,REVIEW,0.6988,True,13 of 15 nearest neighbours have a different candidate label; cross-validated classifier assigns only 17% confidence to the candidate label
label_flip_05,classification/train/1/01334.jpg,REVIEW,0.6551,False,13 of 15 nearest neighbours have a different candidate label; cross-validated classifier assigns only 23% confidence to the candidate label
label_flip_05,classification/train/1/01342.jpg,REVIEW,0.621,True,12 of 15 nearest neighbours have a different candidate label; cross-validated classifier assigns only 25% confidence to the candidate label
label_flip_05,classification/train/1/01343.jpg,REVIEW,0.646,False,13 of 15 nearest neighbours have a different candidate label; cross-validated classifier assigns only 25% confidence to the candidate label
label_flip_05,classification/train/1/01350.jpg,REVIEW,0.6831,False,12 of 15 nearest neighbours have a different candidate label; cross-validated classifier assigns only 16% confidence to the candidate label
label_flip_05,classification/train/1/01351.jpg,QUARANTINE,0.8998,False,14 of 15 nearest neighbours have a different candidate label; cross-validated classifier assigns only 15% confidence to the candidate label; embedding is 2.8 standard deviations farther from its candidate-class centroid than typical
label_flip_05,classification/train/1/01355.jpg,REVIEW,0.6597,False,12 of 15 nearest neighbours have a different candidate label; cross-validated classifier assigns only 19% confidence to the candidate label
label_flip_05,classification/train/1/01358.jpg,REVIEW,0.649,False,13 of 15 nearest neighbours have a different candidate label; cross-validated classifier assigns only 24% confidence to the candidate label
label_flip_05,classification/train/1/01361.jpg,REVIEW,0.6348,False,11 of 15 nearest neighbours have a different candidate label; cross-validated classifier assigns only 17% confidence to the candidate label
label_flip_05,classification/train/1/01382.jpg,REVIEW,0.6222,False,12 of 15 nearest neighbours have a different candidate label; cross-validated classifier assigns only 24% confidence to the candidate label
label_flip_05,classification/train/1/01383.jpg,QUARANTINE,0.951,False,14 of 15 nearest neighbours have a different candidate label; cross-validated classifier assigns only 6% confidence to the candidate label; embedding is 3.5 standard deviations farther from its candidate-class centroid than typical
label_flip_05,classification/train/1/01386.jpg,REVIEW,0.6972,False,14 of 15 nearest neighbours have a different candidate label; cross-validated classifier assigns only 19% confidence to the candidate label
label_flip_05,classification/train/1/01388.jpg,REVIEW,0.7093,False,12 of 15 nearest neighbours have a different candidate label; cross-validated classifier assigns only 16% confidence to the candidate label
label_flip_05,classification/train/1/01390.jpg,REVIEW,0.6262,False,11 of 15 nearest neighbours have a different candidate label; cross-validated classifier assigns only 17% confidence to the candidate label
label_flip_05,classification/train/1/01391.jpg,REVIEW,0.6422,False,13 of 15 nearest neighbours have a different candidate label; cross-validated classifier assigns only 26% confidence to the candidate label
label_flip_05,classification/train/1/01393.jpg,QUARANTINE,0.8043,False,15 of 15 nearest neighbours have a different candidate label; cross-validated classifier assigns only 9% confidence to the candidate label
label_flip_05,classification/train/1/01394.jpg,REVIEW,0.67,False,13 of 15 nearest neighbours have a different candidate label; cross-validated classifier assigns only 27% confidence to the candidate label
label_flip_05,classification/train/1/01398.jpg,REVIEW,0.6423,False,12 of 15 nearest neighbours have a different candidate label; cross-validated classifier assigns only 19% confidence to the candidate label
label_flip_05,classification/train/1/01399.jpg,REVIEW,0.6784,False,14 of 15 nearest neighbours have a different candidate label; cross-validated classifier assigns only 24% confidence to the candidate label
label_flip_05,classification/train/1/01406.jpg,REVIEW,0.6837,False,12 of 15 nearest neighbours have a different candidate label; cross-validated classifier assigns only 14% confidence to the candidate label
label_flip_05,classification/train/1/01414.jpg,REVIEW,0.6529,False,11 of 15 nearest neighbours have a different candidate label; cross-validated classifier assigns only 12% confidence to the candidate label
label_flip_05,classification/train/1/01415.jpg,REVIEW,0.6945,False,14 of 15 nearest neighbours have a different candidate label; cross-validated classifier assigns only 20% confidence to the candidate label
label_flip_05,classification/train/1/01417.jpg,REVIEW,0.6648,False,13 of 15 nearest neighbours have a different candidate label; cross-validated classifier assigns only 20% confidence to the candidate label
label_flip_05,classification/train/1/01419.jpg,REVIEW,0.6852,False,14 of 15 nearest neighbours have a different candidate label; cross-validated classifier assigns only 22% confidence to the candidate label
label_flip_05,classification/train/1/01421.jpg,REVIEW,0.6393,False,12 of 15 nearest neighbours have a different candidate label; cross-validated classifier assigns only 20% confidence to the candidate label
label_flip_05,classification/train/1/01424.jpg,REVIEW,0.6817,False,12 of 15 nearest neighbours have a different candidate label; cross-validated classifier assigns only 17% confidence to the candidate label
label_flip_05,classification/train/1/01428.jpg,REVIEW,0.6585,False,12 of 15 nearest neighbours have a different candidate label; embedding is 2.5 standard deviations farther from its candidate-class centroid than typical
label_flip_05,classification/train/1/01432.jpg,REVIEW,0.6782,False,13 of 15 nearest neighbours have a different candidate label; cross-validated classifier assigns only 17% confidence to the candidate label
label_flip_05,classification/train/1/01435.jpg,REVIEW,0.6672,False,12 of 15 nearest neighbours have a different candidate label; cross-validated classifier assigns only 13% confidence to the candidate label
label_flip_05,classification/train/1/01440.jpg,QUARANTINE,0.8896,False,14 of 15 nearest neighbours have a different candidate label; cross-validated classifier assigns only 21% confidence to the candidate label; embedding is 3.6 standard deviations farther from its candidate-class centroid than typical
label_flip_05,classification/train/1/01442.jpg,REVIEW,0.6315,False,12 of 15 nearest neighbours have a different candidate label; cross-validated classifier assigns only 22% confidence to the candidate label
label_flip_05,classification/train/1/01447.jpg,REVIEW,0.7315,False,15 of 15 nearest neighbours have a different candidate label; cross-validated classifier assigns only 17% confidence to the candidate label
label_flip_05,classification/train/1/01448.jpg,REVIEW,0.6588,False,12 of 15 nearest neighbours have a different candidate label; cross-validated classifier assigns only 15% confidence to the candidate label
label_flip_05,classification/train/1/01449.jpg,QUARANTINE,0.8118,True,15 of 15 nearest neighbours have a different candidate label; cross-validated classifier assigns only 11% confidence to the candidate label
label_flip_05,classification/train/1/01451.jpg,REVIEW,0.6518,False,13 of 15 nearest neighbours have a different candidate label; cross-validated classifier assigns only 24% confidence to the candidate label
label_flip_05,classification/train/1/01455.jpg,QUARANTINE,0.8332,False,13 of 15 nearest neighbours have a different candidate label; cross-validated classifier assigns only 28% confidence to the candidate label; embedding is 3.2 standard deviations farther from its candidate-class centroid than typical
label_flip_05,classification/train/1/01457.jpg,REVIEW,0.6883,False,14 of 15 nearest neighbours have a different candidate label; cross-validated classifier assigns only 21% confidence to the candidate label
label_flip_05,classification/train/1/01458.jpg,REVIEW,0.6446,True,12 of 15 nearest neighbours have a different candidate label; cross-validated classifier assigns only 19% confidence to the candidate label
label_flip_05,classification/train/1/01462.jpg,REVIEW,0.6865,True,13 of 15 nearest neighbours have a different candidate label; cross-validated classifier assigns only 15% confidence to the candidate label
label_flip_05,classification/train/1/01467.jpg,REVIEW,0.6944,False,12 of 15 nearest neighbours have a different candidate label; cross-validated classifier assigns only 12% confidence to the candidate label
label_flip_05,classification/train/1/01468.jpg,REVIEW,0.6918,False,14 of 15 nearest neighbours have a different candidate label; cross-validated classifier assigns only 20% confidence to the candidate label
label_flip_05,classification/train/1/01474.jpg,REVIEW,0.626,False,12 of 15 nearest neighbours have a different candidate label; cross-validated classifier assigns only 24% confidence to the candidate label
label_flip_05,classification/train/1/01504.jpg,REVIEW,0.6426,False,12 of 15 nearest neighbours have a different candidate label; cross-validated classifier assigns only 19% confidence to the candidate label
label_flip_05,classification/train/1/01523.jpg,REVIEW,0.6801,False,10 of 15 nearest neighbours have a different candidate label; cross-validated classifier assigns only 27% confidence to the candidate label; embedding is 1.8 standard deviations farther from its candidate-class centroid than typical
label_flip_05,classification/train/1/01529.jpg,REVIEW,0.7305,False,13 of 15 nearest neighbours have a different candidate label; cross-validated classifier assigns only 12% confidence to the candidate label
label_flip_05,classification/train/1/01534.jpg,REVIEW,0.6886,False,14 of 15 nearest neighbours have a different candidate label; cross-validated classifier assigns only 21% confidence to the candidate label
label_flip_05,classification/train/1/01543.jpg,REVIEW,0.6384,False,12 of 15 nearest neighbours have a different candidate label; cross-validated classifier assigns only 20% confidence to the candidate label
label_flip_05,classification/train/1/01549.jpg,REVIEW,0.6333,True,13 of 15 nearest neighbours have a different candidate label; cross-validated classifier assigns only 28% confidence to the candidate label
label_flip_05,classification/train/1/01550.jpg,QUARANTINE,0.8389,True,14 of 15 nearest neighbours have a different candidate label; cross-validated classifier assigns only 6% confidence to the candidate label
label_flip_05,classification/train/1/01559.jpg,REVIEW,0.6233,True,10 of 15 nearest neighbours have a different candidate label; cross-validated classifier assigns only 26% confidence to the candidate label
label_flip_05,classification/train/1/01561.jpg,REVIEW,0.6341,False,12 of 15 nearest neighbours have a different candidate label; cross-validated classifier assigns only 21% confidence to the candidate label
label_flip_05,classification/train/1/01562.jpg,REVIEW,0.6708,False,13 of 15 nearest neighbours have a different candidate label; cross-validated classifier assigns only 19% confidence to the candidate label
label_flip_05,classification/train/1/01565.jpg,REVIEW,0.6277,False,12 of 15 nearest neighbours have a different candidate label; cross-validated classifier assigns only 23% confidence to the candidate label
label_flip_05,classification/train/1/01570.jpg,REVIEW,0.6269,False,12 of 15 nearest neighbours have a different candidate label; cross-validated classifier assigns only 23% confidence to the candidate label
label_flip_05,classification/train/1/01571.jpg,REVIEW,0.7158,False,15 of 15 nearest neighbours have a different candidate label; cross-validated classifier assigns only 21% confidence to the candidate label
label_flip_05,classification/train/1/01572.jpg,REVIEW,0.6244,False,11 of 15 nearest neighbours have a different candidate label; cross-validated classifier assigns only 17% confidence to the candidate label
label_flip_05,classification/train/1/01573.jpg,REVIEW,0.7012,False,13 of 15 nearest neighbours have a different candidate label; cross-validated classifier assigns only 15% confidence to the candidate label
label_flip_05,classification/train/1/01580.jpg,QUARANTINE,0.7849,False,15 of 15 nearest neighbours have a different candidate label; cross-validated classifier assigns only 15% confidence to the candidate label
label_flip_05,classification/train/1/01581.jpg,REVIEW,0.6337,False,12 of 15 nearest neighbours have a different candidate label; cross-validated classifier assigns only 22% confidence to the candidate label
label_flip_05,classification/train/1/01583.jpg,REVIEW,0.6354,False,11 of 15 nearest neighbours have a different candidate label; cross-validated classifier assigns only 19% confidence to the candidate label
label_flip_05,classification/train/1/01587.jpg,REVIEW,0.7395,False,12 of 15 nearest neighbours have a different candidate label; cross-validated classifier assigns only 11% confidence to the candidate label
label_flip_05,classification/train/1/01594.jpg,QUARANTINE,0.7578,False,14 of 15 nearest neighbours have a different candidate label; embedding is 1.8 standard deviations farther from its candidate-class centroid than typical
label_flip_05,classification/train/1/01600.jpg,REVIEW,0.6207,False,11 of 15 nearest neighbours have a different candidate label; cross-validated classifier assigns only 18% confidence to the candidate label
label_flip_05,classification/train/3/01868.jpg,REVIEW,0.6358,False,13 of 15 nearest neighbours have a different candidate label; cross-validated classifier assigns only 28% confidence to the candidate label
label_flip_05,classification/train/3/01874.jpg,REVIEW,0.6787,False,14 of 15 nearest neighbours have a different candidate label; cross-validated classifier assigns only 24% confidence to the candidate label
label_flip_05,classification/train/3/01885.jpg,REVIEW,0.7249,False,11 of 15 nearest neighbours have a different candidate label; cross-validated classifier assigns only 18% confidence to the candidate label; embedding is 1.5 standard deviations farther from its candidate-class centroid than typical
label_flip_05,classification/train/3/01889.jpg,REVIEW,0.6501,False,13 of 15 nearest neighbours have a different candidate label; cross-validated classifier assigns only 24% confidence to the candidate label
label_flip_05,classification/train/3/01900.jpg,REVIEW,0.66,False,14 of 15 nearest neighbours have a different candidate label; cross-validated classifier assigns only 28% confidence to the candidate label
label_flip_05,classification/train/3/01909.jpg,REVIEW,0.6731,False,14 of 15 nearest neighbours have a different candidate label; cross-validated classifier assigns only 25% confidence to the candidate label
label_flip_05,classification/train/3/01921.jpg,REVIEW,0.6931,False,12 of 15 nearest neighbours have a different candidate label; cross-validated classifier assigns only 18% confidence to the candidate label
label_flip_05,classification/train/3/01923.jpg,QUARANTINE,0.9761,False,15 of 15 nearest neighbours have a different candidate label; cross-validated classifier assigns only 6% confidence to the candidate label; embedding is 3.6 standard deviations farther from its candidate-class centroid than typical
label_flip_05,classification/train/3/01933.jpg,REVIEW,0.6779,False,14 of 15 nearest neighbours have a different candidate label; cross-validated classifier assigns only 24% confidence to the candidate label
label_flip_05,classification/train/3/01937.jpg,REVIEW,0.6446,False,11 of 15 nearest neighbours have a different candidate label; cross-validated classifier assigns only 20% confidence to the candidate label
label_flip_05,classification/train/3/01972.jpg,QUARANTINE,0.9537,False,15 of 15 nearest neighbours have a different candidate label; cross-validated classifier assigns only 12% confidence to the candidate label; embedding is 4.0 standard deviations farther from its candidate-class centroid than typical
label_flip_05,classification/train/3/01976.jpg,REVIEW,0.6343,False,13 of 15 nearest neighbours have a different candidate label; cross-validated classifier assigns only 28% confidence to the candidate label
label_flip_05,classification/train/3/01983.jpg,REVIEW,0.6502,False,13 of 15 nearest neighbours have a different candidate label; cross-validated classifier assigns only 24% confidence to the candidate label
label_flip_05,classification/train/3/02019.jpg,REVIEW,0.6446,True,11 of 15 nearest neighbours have a different candidate label; embedding is 2.2 standard deviations farther from its candidate-class centroid than typical
label_flip_05,classification/train/3/02025.jpg,REVIEW,0.7405,False,12 of 15 nearest neighbours have a different candidate label; cross-validated classifier assigns only 11% confidence to the candidate label
label_flip_05,classification/train/3/02070.jpg,REVIEW,0.7045,False,10 of 15 nearest neighbours have a different candidate label; cross-validated classifier assigns only 14% confidence to the candidate label
label_flip_05,classification/train/3/02091.jpg,REVIEW,0.697,False,8 of 15 nearest neighbours have a different candidate label; cross-validated classifier assigns only 8% confidence to the candidate label; embedding is 1.8 standard deviations farther from its candidate-class centroid than typical
label_flip_05,classification/train/3/02129.jpg,REVIEW,0.6986,True,11 of 15 nearest neighbours have a different candidate label; cross-validated classifier assigns only 20% confidence to the candidate label
label_flip_05,classification/train/3/02151.jpg,REVIEW,0.6281,False,11 of 15 nearest neighbours have a different candidate label; cross-validated classifier assigns only 21% confidence to the candidate label
label_flip_05,classification/train/3/02154.jpg,REVIEW,0.7001,False,13 of 15 nearest neighbours have a different candidate label; cross-validated classifier assigns only 15% confidence to the candidate label
label_flip_05,classification/train/3/02161.jpg,REVIEW,0.7057,False,12 of 15 nearest neighbours have a different candidate label; cross-validated classifier assigns only 14% confidence to the candidate label
label_flip_05,classification/train/3/02164.jpg,REVIEW,0.6228,False,12 of 15 nearest neighbours have a different candidate label; cross-validated classifier assigns only 24% confidence to the candidate label
label_flip_05,classification/train/3/02167.jpg,QUARANTINE,0.7516,False,11 of 15 nearest neighbours have a different candidate label; cross-validated classifier assigns only 9% confidence to the candidate label
label_flip_05,classification/train/3/02168.jpg,QUARANTINE,0.7666,True,15 of 15 nearest neighbours have a different candidate label; cross-validated classifier assigns only 11% confidence to the candidate label
label_flip_05,classification/train/3/02183.jpg,REVIEW,0.6531,False,12 of 15 nearest neighbours have a different candidate label; cross-validated classifier assigns only 19% confidence to the candidate label
label_flip_05,classification/train/3/02197.jpg,REVIEW,0.7236,False,15 of 15 nearest neighbours have a different candidate label; cross-validated classifier assigns only 19% confidence to the candidate label
label_flip_05,classification/train/3/02198.jpg,QUARANTINE,0.7705,False,12 of 15 nearest neighbours have a different candidate label; cross-validated classifier assigns only 18% confidence to the candidate label; embedding is 1.8 standard deviations farther from its candidate-class centroid than typical
label_flip_05,classification/train/3/02203.jpg,REVIEW,0.6952,False,10 of 15 nearest neighbours have a different candidate label; cross-validated classifier assigns only 21% confidence to the candidate label; embedding is 1.7 standard deviations farther from its candidate-class centroid than typical
label_flip_05,classification/train/3/02249.jpg,REVIEW,0.6509,False,11 of 15 nearest neighbours have a different candidate label; cross-validated classifier assigns only 17% confidence to the candidate label
label_flip_05,classification/train/3/02272.jpg,REVIEW,0.7026,False,15 of 15 nearest neighbours have a different candidate label; cross-validated classifier assigns only 24% confidence to the candidate label
label_flip_05,classification/train/3/02284.jpg,REVIEW,0.6805,False,11 of 15 nearest neighbours have a different candidate label; cross-validated classifier assigns only 24% confidence to the candidate label
label_flip_05,classification/train/3/02304.jpg,QUARANTINE,0.8535,False,11 of 15 nearest neighbours have a different candidate label; cross-validated classifier assigns only 10% confidence to the candidate label; embedding is 3.1 standard deviations farther from its candidate-class centroid than typical
label_flip_05,classification/train/3/02305.jpg,REVIEW,0.6417,False,12 of 15 nearest neighbours have a different candidate label; cross-validated classifier assigns only 20% confidence to the candidate label
label_flip_05,classification/train/3/02313.jpg,REVIEW,0.6708,False,14 of 15 nearest neighbours have a different candidate label; cross-validated classifier assigns only 26% confidence to the candidate label
label_flip_05,classification/train/3/02316.jpg,REVIEW,0.6297,False,12 of 15 nearest neighbours have a different candidate label; cross-validated classifier assigns only 23% confidence to the candidate label
label_flip_05,classification/train/3/02338.jpg,QUARANTINE,0.9742,False,15 of 15 nearest neighbours have a different candidate label; cross-validated classifier assigns only 6% confidence to the candidate label; embedding is 3.9 standard deviations farther from its candidate-class centroid than typical
label_flip_05,classification/train/3/02365.jpg,REVIEW,0.6888,False,14 of 15 nearest neighbours have a different candidate label; cross-validated classifier assigns only 21% confidence to the candidate label
label_flip_05,classification/train/3/02372.jpg,REVIEW,0.6682,False,13 of 15 nearest neighbours have a different candidate label; cross-validated classifier assigns only 20% confidence to the candidate label
label_flip_05,classification/train/3/02391.jpg,QUARANTINE,0.8492,False,12 of 15 nearest neighbours have a different candidate label; cross-validated classifier assigns only 5% confidence to the candidate label; embedding is 2.2 standard deviations farther from its candidate-class centroid than typical
label_flip_05,classification/train/3/02400.jpg,QUARANTINE,0.912,False,13 of 15 nearest neighbours have a different candidate label; cross-validated classifier assigns only 9% confidence to the candidate label; embedding is 3.1 standard deviations farther from its candidate-class centroid than typical
label_flip_05,classification/train/3/02412.jpg,REVIEW,0.6879,False,12 of 15 nearest neighbours have a different candidate label; cross-validated classifier assigns only 18% confidence to the candidate label
label_flip_05,classification/train/3/02418.jpg,REVIEW,0.7227,False,13 of 15 nearest neighbours have a different candidate label; cross-validated classifier assigns only 14% confidence to the candidate label
label_flip_05,classification/train/3/02428.jpg,REVIEW,0.7338,False,13 of 15 nearest neighbours have a different candidate label; cross-validated classifier assigns only 15% confidence to the candidate label
label_flip_05,classification/train/3/02445.jpg,REVIEW,0.626,False,12 of 15 nearest neighbours have a different candidate label; cross-validated classifier assigns only 23% confidence to the candidate label
label_flip_05,classification/train/3/02460.jpg,REVIEW,0.6225,False,11 of 15 nearest neighbours have a different candidate label; cross-validated classifier assigns only 24% confidence to the candidate label
label_flip_05,classification/train/3/02463.jpg,REVIEW,0.6358,False,8 of 15 nearest neighbours have a different candidate label; cross-validated classifier assigns only 21% confidence to the candidate label; embedding is 1.6 standard deviations farther from its candidate-class centroid than typical
label_flip_05,classification/train/3/02479.jpg,REVIEW,0.6578,False,13 of 15 nearest neighbours have a different candidate label; cross-validated classifier assigns only 22% confidence to the candidate label
label_flip_05,classification/train/3/02483.jpg,REVIEW,0.7172,False,14 of 15 nearest neighbours have a different candidate label; cross-validated classifier assigns only 18% confidence to the candidate label
label_flip_05,classification/train/3/02485.jpg,REVIEW,0.6466,False,13 of 15 nearest neighbours have a different candidate label; cross-validated classifier assigns only 25% confidence to the candidate label
label_flip_05,classification/train/3/02486.jpg,REVIEW,0.7132,False,8 of 15 nearest neighbours have a different candidate label; cross-validated classifier assigns only 13% confidence to the candidate label; embedding is 2.3 standard deviations farther from its candidate-class centroid than typical
label_flip_05,classification/train/3/02507.jpg,REVIEW,0.6578,False,12 of 15 nearest neighbours have a different candidate label; cross-validated classifier assigns only 21% confidence to the candidate label
label_flip_05,classification/train/3/02508.jpg,REVIEW,0.6329,False,11 of 15 nearest neighbours have a different candidate label; cross-validated classifier assigns only 22% confidence to the candidate label
label_flip_05,classification/train/3/02516.jpg,REVIEW,0.6229,False,12 of 15 nearest neighbours have a different candidate label; cross-validated classifier assigns only 25% confidence to the candidate label
label_flip_05,classification/train/3/02528.jpg,REVIEW,0.6978,False,12 of 15 nearest neighbours have a different candidate label; cross-validated classifier assigns only 21% confidence to the candidate label
label_flip_05,classification/train/3/02529.jpg,REVIEW,0.6605,False,10 of 15 nearest neighbours have a different candidate label; cross-validated classifier assigns only 19% confidence to the candidate label
label_flip_05,classification/train/3/02535.jpg,QUARANTINE,0.8359,False,11 of 15 nearest neighbours have a different candidate label; cross-validated classifier assigns only 14% confidence to the candidate label; embedding is 3.0 standard deviations farther from its candidate-class centroid than typical
label_flip_05,classification/train/3/02544.jpg,REVIEW,0.6402,False,13 of 15 nearest neighbours have a different candidate label; cross-validated classifier assigns only 27% confidence to the candidate label
label_flip_05,classification/train/3/02553.jpg,QUARANTINE,0.7671,False,14 of 15 nearest neighbours have a different candidate label; cross-validated classifier assigns only 11% confidence to the candidate label
label_flip_05,classification/train/3/02556.jpg,QUARANTINE,0.8713,False,12 of 15 nearest neighbours have a different candidate label; cross-validated classifier assigns only 12% confidence to the candidate label; embedding is 3.2 standard deviations farther from its candidate-class centroid than typical
label_flip_05,classification/train/3/02573.jpg,REVIEW,0.6892,False,14 of 15 nearest neighbours have a different candidate label; cross-validated classifier assigns only 21% confidence to the candidate label
label_flip_05,classification/train/3/02574.jpg,REVIEW,0.6851,False,12 of 15 nearest neighbours have a different candidate label; cross-validated classifier assigns only 17% confidence to the candidate label
label_flip_05,classification/train/3/02577.jpg,REVIEW,0.6585,False,13 of 15 nearest neighbours have a different candidate label; cross-validated classifier assigns only 22% confidence to the candidate label
label_flip_05,classification/train/3/02644.jpg,QUARANTINE,0.7502,False,13 of 15 nearest neighbours have a different candidate label; cross-validated classifier assigns only 13% confidence to the candidate label
label_flip_05,classification/train/3/02652.jpg,REVIEW,0.6539,False,13 of 15 nearest neighbours have a different candidate label; cross-validated classifier assigns only 23% confidence to the candidate label
label_flip_05,classification/train/3/02695.jpg,REVIEW,0.6471,False,13 of 15 nearest neighbours have a different candidate label; cross-validated classifier assigns only 25% confidence to the candidate label
label_flip_05,classification/train/3/02702.jpg,REVIEW,0.7256,False,13 of 15 nearest neighbours have a different candidate label; cross-validated classifier assigns only 19% confidence to the candidate label
label_flip_05,classification/train/3/02731.jpg,REVIEW,0.6947,True,14 of 15 nearest neighbours have a different candidate label; cross-validated classifier assigns only 20% confidence to the candidate label
label_flip_05,classification/train/3/02752.jpg,REVIEW,0.6963,False,14 of 15 nearest neighbours have a different candidate label; cross-validated classifier assigns only 19% confidence to the candidate label
label_flip_05,classification/train/3/02758.jpg,REVIEW,0.6467,False,12 of 15 nearest neighbours have a different candidate label; cross-validated classifier assigns only 18% confidence to the candidate label
label_flip_05,classification/train/3/02774.jpg,REVIEW,0.6873,False,14 of 15 nearest neighbours have a different candidate label; cross-validated classifier assigns only 21% confidence to the candidate label
label_flip_05,classification/train/3/02776.jpg,REVIEW,0.6349,False,12 of 15 nearest neighbours have a different candidate label; cross-validated classifier assigns only 21% confidence to the candidate label
label_flip_05,classification/train/3/02779.jpg,REVIEW,0.6222,False,13 of 15 nearest neighbours have a different candidate label
label_flip_05,classification/train/3/02785.jpg,REVIEW,0.701,False,14 of 15 nearest neighbours have a different candidate label; cross-validated classifier assigns only 18% confidence to the candidate label
label_flip_05,classification/train/3/02788.jpg,REVIEW,0.6465,False,12 of 15 nearest neighbours have a different candidate label; cross-validated classifier assigns only 23% confidence to the candidate label
label_flip_05,classification/train/3/02793.jpg,QUARANTINE,0.8124,False,15 of 15 nearest neighbours have a different candidate label; cross-validated classifier assigns only 6% confidence to the candidate label
label_flip_05,classification/train/3/02794.jpg,REVIEW,0.6597,False,13 of 15 nearest neighbours have a different candidate label; cross-validated classifier assigns only 22% confidence to the candidate label
label_flip_05,classification/train/3/02808.jpg,QUARANTINE,0.7751,False,12 of 15 nearest neighbours have a different candidate label; cross-validated classifier assigns only 15% confidence to the candidate label; embedding is 1.7 standard deviations farther from its candidate-class centroid than typical
label_flip_05,classification/train/3/02821.jpg,REVIEW,0.689,False,14 of 15 nearest neighbours have a different candidate label; cross-validated classifier assigns only 21% confidence to the candidate label
label_flip_05,classification/train/3/02834.jpg,REVIEW,0.6858,False,11 of 15 nearest neighbours have a different candidate label; cross-validated classifier assigns only 14% confidence to the candidate label
label_flip_05,classification/train/3/02847.jpg,QUARANTINE,0.798,False,13 of 15 nearest neighbours have a different candidate label; cross-validated classifier assigns only 9% confidence to the candidate label
label_flip_05,classification/train/3/02860.jpg,REVIEW,0.7216,False,12 of 15 nearest neighbours have a different candidate label; cross-validated classifier assigns only 18% confidence to the candidate label
label_flip_05,classification/train/3/02873.jpg,REVIEW,0.6541,True,13 of 15 nearest neighbours have a different candidate label; cross-validated classifier assigns only 23% confidence to the candidate label
label_flip_05,classification/train/3/02876.jpg,QUARANTINE,0.8514,False,10 of 15 nearest neighbours have a different candidate label; cross-validated classifier assigns only 3% confidence to the candidate label; embedding is 3.0 standard deviations farther from its candidate-class centroid than typical
label_flip_05,classification/train/3/02905.jpg,REVIEW,0.6402,False,13 of 15 nearest neighbours have a different candidate label; cross-validated classifier assigns only 27% confidence to the candidate label
label_flip_05,classification/train/4/02919.jpg,REVIEW,0.7403,False,13 of 15 nearest neighbours have a different candidate label; cross-validated classifier assigns only 10% confidence to the candidate label
label_flip_05,classification/train/4/02931.jpg,QUARANTINE,0.7904,False,15 of 15 nearest neighbours have a different candidate label; cross-validated classifier assigns only 16% confidence to the candidate label
label_flip_05,classification/train/4/02938.jpg,REVIEW,0.7392,False,14 of 15 nearest neighbours have a different candidate label; cross-validated classifier assigns only 16% confidence to the candidate label
label_flip_05,classification/train/4/02943.jpg,REVIEW,0.6795,False,12 of 15 nearest neighbours have a different candidate label; cross-validated classifier assigns only 14% confidence to the candidate label
label_flip_05,classification/train/4/02947.jpg,QUARANTINE,0.8258,False,12 of 15 nearest neighbours have a different candidate label; cross-validated classifier assigns only 17% confidence to the candidate label; embedding is 2.6 standard deviations farther from its candidate-class centroid than typical
label_flip_05,classification/train/4/02965.jpg,REVIEW,0.6784,False,13 of 15 nearest neighbours have a different candidate label; cross-validated classifier assigns only 20% confidence to the candidate label
label_flip_05,classification/train/4/02994.jpg,REVIEW,0.653,False,14 of 15 nearest neighbours have a different candidate label
label_flip_05,classification/train/4/03000.jpg,REVIEW,0.7222,False,15 of 15 nearest neighbours have a different candidate label; cross-validated classifier assigns only 20% confidence to the candidate label
label_flip_05,classification/train/4/03015.jpg,REVIEW,0.6591,False,13 of 15 nearest neighbours have a different candidate label; cross-validated classifier assigns only 22% confidence to the candidate label
label_flip_05,classification/train/4/03017.jpg,QUARANTINE,0.8048,False,13 of 15 nearest neighbours have a different candidate label; cross-validated classifier assigns only 12% confidence to the candidate label; embedding is 1.6 standard deviations farther from its candidate-class centroid than typical
label_flip_05,classification/train/4/03018.jpg,REVIEW,0.665,False,13 of 15 nearest neighbours have a different candidate label; cross-validated classifier assigns only 20% confidence to the candidate label
label_flip_05,classification/train/4/03057.jpg,QUARANTINE,0.9907,False,15 of 15 nearest neighbours have a different candidate label; cross-validated classifier assigns only 2% confidence to the candidate label; embedding is 4.5 standard deviations farther from its candidate-class centroid than typical
label_flip_05,classification/train/4/03061.jpg,REVIEW,0.6953,False,14 of 15 nearest neighbours have a different candidate label; cross-validated classifier assigns only 20% confidence to the candidate label
label_flip_05,classification/train/4/03072.jpg,REVIEW,0.6494,False,14 of 15 nearest neighbours have a different candidate label
label_flip_05,classification/train/4/03094.jpg,REVIEW,0.7451,False,11 of 15 nearest neighbours have a different candidate label; cross-validated classifier assigns only 6% confidence to the candidate label
label_flip_05,classification/train/4/03109.jpg,REVIEW,0.6724,False,13 of 15 nearest neighbours have a different candidate label; cross-validated classifier assigns only 19% confidence to the candidate label
label_flip_05,classification/train/4/03116.jpg,QUARANTINE,0.8757,False,15 of 15 nearest neighbours have a different candidate label; cross-validated classifier assigns only 9% confidence to the candidate label; embedding is 1.6 standard deviations farther from its candidate-class centroid than typical
label_flip_05,classification/train/4/03118.jpg,QUARANTINE,0.9647,False,14 of 15 nearest neighbours have a different candidate label; cross-validated classifier assigns only 2% confidence to the candidate label; embedding is 4.4 standard deviations farther from its candidate-class centroid than typical
label_flip_05,classification/train/4/03122.jpg,QUARANTINE,0.8778,False,14 of 15 nearest neighbours have a different candidate label; cross-validated classifier assigns only 12% confidence to the candidate label; embedding is 2.3 standard deviations farther from its candidate-class centroid than typical
label_flip_05,classification/train/4/03126.jpg,QUARANTINE,0.8744,True,14 of 15 nearest neighbours have a different candidate label; cross-validated classifier assigns only 3% confidence to the candidate label; embedding is 1.7 standard deviations farther from its candidate-class centroid than typical
label_flip_05,classification/train/4/03135.jpg,REVIEW,0.7128,False,14 of 15 nearest neighbours have a different candidate label; cross-validated classifier assigns only 15% confidence to the candidate label
label_flip_05,classification/train/4/03148.jpg,QUARANTINE,0.9632,False,14 of 15 nearest neighbours have a different candidate label; cross-validated classifier assigns only 3% confidence to the candidate label; embedding is 4.4 standard deviations farther from its candidate-class centroid than typical
label_flip_05,classification/train/4/03163.jpg,QUARANTINE,0.7998,False,14 of 15 nearest neighbours have a different candidate label; cross-validated classifier assigns only 9% confidence to the candidate label
label_flip_05,classification/train/4/03165.jpg,REVIEW,0.7219,False,12 of 15 nearest neighbours have a different candidate label; cross-validated classifier assigns only 9% confidence to the candidate label
label_flip_05,classification/train/4/03168.jpg,REVIEW,0.6274,False,12 of 15 nearest neighbours have a different candidate label; cross-validated classifier assigns only 23% confidence to the candidate label
label_flip_05,classification/train/4/03170.jpg,REVIEW,0.6312,False,11 of 15 nearest neighbours have a different candidate label; cross-validated classifier assigns only 16% confidence to the candidate label
label_flip_05,classification/train/4/03178.jpg,REVIEW,0.6758,False,13 of 15 nearest neighbours have a different candidate label; cross-validated classifier assigns only 18% confidence to the candidate label
label_flip_05,classification/train/4/03179.jpg,QUARANTINE,0.9403,False,13 of 15 nearest neighbours have a different candidate label; cross-validated classifier assigns only 2% confidence to the candidate label; embedding is 4.6 standard deviations farther from its candidate-class centroid than typical
label_flip_05,classification/train/4/03184.jpg,QUARANTINE,0.9361,False,13 of 15 nearest neighbours have a different candidate label; cross-validated classifier assigns only 3% confidence to the candidate label; embedding is 4.3 standard deviations farther from its candidate-class centroid than typical
label_flip_05,classification/train/4/03191.jpg,REVIEW,0.6322,False,12 of 15 nearest neighbours have a different candidate label; cross-validated classifier assigns only 22% confidence to the candidate label
label_flip_05,classification/train/4/03193.jpg,REVIEW,0.68,False,14 of 15 nearest neighbours have a different candidate label; cross-validated classifier assigns only 23% confidence to the candidate label
label_flip_05,classification/train/4/03209.jpg,REVIEW,0.6799,False,12 of 15 nearest neighbours have a different candidate label; cross-validated classifier assigns only 13% confidence to the candidate label
label_flip_05,classification/train/4/03221.jpg,REVIEW,0.7462,True,15 of 15 nearest neighbours have a different candidate label; cross-validated classifier assigns only 13% confidence to the candidate label
label_flip_05,classification/train/4/03233.jpg,REVIEW,0.6202,False,12 of 15 nearest neighbours have a different candidate label; cross-validated classifier assigns only 25% confidence to the candidate label
label_flip_05,classification/train/4/03238.jpg,REVIEW,0.7073,False,12 of 15 nearest neighbours have a different candidate label; cross-validated classifier assigns only 11% confidence to the candidate label
label_flip_05,classification/train/4/03253.jpg,QUARANTINE,0.9112,False,12 of 15 nearest neighbours have a different candidate label; cross-validated classifier assigns only 2% confidence to the candidate label; embedding is 4.3 standard deviations farther from its candidate-class centroid than typical
label_flip_05,classification/train/4/03260.jpg,REVIEW,0.6958,True,12 of 15 nearest neighbours have a different candidate label; embedding is 1.6 standard deviations farther from its candidate-class centroid than typical
label_flip_05,classification/train/4/03264.jpg,REVIEW,0.734,False,14 of 15 nearest neighbours have a different candidate label; cross-validated classifier assigns only 13% confidence to the candidate label
label_flip_05,classification/train/4/03265.jpg,REVIEW,0.7371,False,15 of 15 nearest neighbours have a different candidate label; cross-validated classifier assigns only 16% confidence to the candidate label
label_flip_05,classification/train/4/03272.jpg,QUARANTINE,0.8776,True,14 of 15 nearest neighbours have a different candidate label; cross-validated classifier assigns only 3% confidence to the candidate label; embedding is 1.8 standard deviations farther from its candidate-class centroid than typical
label_flip_05,classification/train/4/03326.jpg,REVIEW,0.6539,False,12 of 15 nearest neighbours have a different candidate label; cross-validated classifier assigns only 17% confidence to the candidate label
label_flip_05,classification/train/4/03347.jpg,QUARANTINE,0.8538,False,10 of 15 nearest neighbours have a different candidate label; cross-validated classifier assigns only 3% confidence to the candidate label; embedding is 3.8 standard deviations farther from its candidate-class centroid than typical
label_flip_05,classification/train/4/03358.jpg,QUARANTINE,0.779,False,14 of 15 nearest neighbours have a different candidate label; cross-validated classifier assigns only 11% confidence to the candidate label
label_flip_05,classification/train/4/03364.jpg,REVIEW,0.6367,False,13 of 15 nearest neighbours have a different candidate label; cross-validated classifier assigns only 27% confidence to the candidate label
label_flip_05,classification/train/4/03369.jpg,REVIEW,0.6871,False,12 of 15 nearest neighbours have a different candidate label; cross-validated classifier assigns only 12% confidence to the candidate label
label_flip_05,classification/train/4/03387.jpg,REVIEW,0.7202,True,14 of 15 nearest neighbours have a different candidate label; cross-validated classifier assigns only 13% confidence to the candidate label
label_flip_05,classification/train/4/03413.jpg,REVIEW,0.6908,False,13 of 15 nearest neighbours have a different candidate label; cross-validated classifier assigns only 14% confidence to the candidate label
label_flip_05,classification/train/4/03415.jpg,QUARANTINE,0.8537,False,15 of 15 nearest neighbours have a different candidate label; cross-validated classifier assigns only 9% confidence to the candidate label
label_flip_05,classification/train/5/03427.jpg,QUARANTINE,0.8457,False,14 of 15 nearest neighbours have a different candidate label; cross-validated classifier assigns only 8% confidence to the candidate label; embedding is 1.5 standard deviations farther from its candidate-class centroid than typical
label_flip_05,classification/train/5/03429.jpg,QUARANTINE,0.9848,True,15 of 15 nearest neighbours have a different candidate label; cross-validated classifier assigns only 4% confidence to the candidate label; embedding is 4.2 standard deviations farther from its candidate-class centroid than typical
label_flip_05,classification/train/5/03432.jpg,REVIEW,0.6365,False,11 of 15 nearest neighbours have a different candidate label
label_flip_05,classification/train/5/03434.jpg,QUARANTINE,0.817,False,15 of 15 nearest neighbours have a different candidate label; cross-validated classifier assigns only 16% confidence to the candidate label
label_flip_05,classification/train/5/03435.jpg,QUARANTINE,0.776,False,13 of 15 nearest neighbours have a different candidate label; cross-validated classifier assigns only 14% confidence to the candidate label
label_flip_05,classification/train/5/03438.jpg,QUARANTINE,0.8263,False,14 of 15 nearest neighbours have a different candidate label; cross-validated classifier assigns only 10% confidence to the candidate label
label_flip_05,classification/train/5/03444.jpg,QUARANTINE,0.7672,False,12 of 15 nearest neighbours have a different candidate label; cross-validated classifier assigns only 11% confidence to the candidate label
label_flip_05,classification/train/5/03456.jpg,REVIEW,0.6761,False,12 of 15 nearest neighbours have a different candidate label; cross-validated classifier assigns only 27% confidence to the candidate label
label_flip_05,classification/train/5/03461.jpg,QUARANTINE,0.7721,False,14 of 15 nearest neighbours have a different candidate label; cross-validated classifier assigns only 21% confidence to the candidate label
label_flip_05,classification/train/5/03470.jpg,QUARANTINE,0.7682,False,14 of 15 nearest neighbours have a different candidate label; cross-validated classifier assigns only 19% confidence to the candidate label
label_flip_05,classification/train/5/03480.jpg,QUARANTINE,0.7776,False,12 of 15 nearest neighbours have a different candidate label; cross-validated classifier assigns only 12% confidence to the candidate label; embedding is 1.6 standard deviations farther from its candidate-class centroid than typical
label_flip_05,classification/train/5/03482.jpg,REVIEW,0.7399,False,13 of 15 nearest neighbours have a different candidate label; cross-validated classifier assigns only 17% confidence to the candidate label
label_flip_05,classification/train/5/03483.jpg,QUARANTINE,0.868,False,15 of 15 nearest neighbours have a different candidate label; cross-validated classifier assigns only 8% confidence to the candidate label
label_flip_05,classification/train/5/03488.jpg,QUARANTINE,0.9323,False,15 of 15 nearest neighbours have a different candidate label; cross-validated classifier assigns only 1% confidence to the candidate label; embedding is 2.0 standard deviations farther from its candidate-class centroid than typical
label_flip_05,classification/train/5/03495.jpg,QUARANTINE,0.9547,True,14 of 15 nearest neighbours have a different candidate label; cross-validated classifier assigns only 5% confidence to the candidate label; embedding is 4.0 standard deviations farther from its candidate-class centroid than typical
label_flip_05,classification/train/5/03541.jpg,QUARANTINE,0.8156,False,13 of 15 nearest neighbours have a different candidate label; cross-validated classifier assigns only 9% confidence to the candidate label; embedding is 1.5 standard deviations farther from its candidate-class centroid than typical
label_flip_05,classification/train/5/03546.jpg,QUARANTINE,0.8483,False,15 of 15 nearest neighbours have a different candidate label; cross-validated classifier assigns only 11% confidence to the candidate label
label_flip_05,classification/train/5/03550.jpg,REVIEW,0.6922,False,11 of 15 nearest neighbours have a different candidate label; cross-validated classifier assigns only 18% confidence to the candidate label
label_flip_05,classification/train/5/03551.jpg,QUARANTINE,0.8022,False,13 of 15 nearest neighbours have a different candidate label; cross-validated classifier assigns only 12% confidence to the candidate label; embedding is 1.5 standard deviations farther from its candidate-class centroid than typical
label_flip_05,classification/train/5/03552.jpg,REVIEW,0.6815,False,10 of 15 nearest neighbours have a different candidate label; cross-validated classifier assigns only 17% confidence to the candidate label
label_flip_05,classification/train/5/03557.jpg,REVIEW,0.7287,False,13 of 15 nearest neighbours have a different candidate label; cross-validated classifier assigns only 21% confidence to the candidate label
label_flip_05,classification/train/5/03560.jpg,QUARANTINE,0.7892,False,15 of 15 nearest neighbours have a different candidate label; cross-validated classifier assigns only 18% confidence to the candidate label
label_flip_05,classification/train/5/03561.jpg,QUARANTINE,0.7775,False,13 of 15 nearest neighbours have a different candidate label; cross-validated classifier assigns only 14% confidence to the candidate label
label_flip_05,classification/train/5/03564.jpg,REVIEW,0.6702,False,13 of 15 nearest neighbours have a different candidate label
label_flip_05,classification/train/5/03565.jpg,QUARANTINE,0.9113,False,15 of 15 nearest neighbours have a different candidate label; cross-validated classifier assigns only 4% confidence to the candidate label; embedding is 1.9 standard deviations farther from its candidate-class centroid than typical
label_flip_05,classification/train/5/03582.jpg,QUARANTINE,0.7559,False,13 of 15 nearest neighbours have a different candidate label; cross-validated classifier assigns only 20% confidence to the candidate label
label_flip_05,classification/train/5/03594.jpg,REVIEW,0.7169,False,12 of 15 nearest neighbours have a different candidate label; cross-validated classifier assigns only 17% confidence to the candidate label
label_flip_05,classification/train/5/03600.jpg,QUARANTINE,0.883,False,15 of 15 nearest neighbours have a different candidate label; cross-validated classifier assigns only 8% confidence to the candidate label; embedding is 1.7 standard deviations farther from its candidate-class centroid than typical
label_flip_05,classification/train/5/03603.jpg,QUARANTINE,0.872,False,15 of 15 nearest neighbours have a different candidate label; cross-validated classifier assigns only 7% confidence to the candidate label; embedding is 1.5 standard deviations farther from its candidate-class centroid than typical
label_flip_05,classification/train/5/03608.jpg,REVIEW,0.7211,False,12 of 15 nearest neighbours have a different candidate label; cross-validated classifier assigns only 20% confidence to the candidate label
label_flip_05,classification/train/5/03617.jpg,QUARANTINE,0.8047,False,14 of 15 nearest neighbours have a different candidate label; cross-validated classifier assigns only 7% confidence to the candidate label
label_flip_05,classification/train/5/03618.jpg,QUARANTINE,0.822,False,14 of 15 nearest neighbours have a different candidate label; cross-validated classifier assigns only 11% confidence to the candidate label
label_flip_05,classification/train/5/03623.jpg,REVIEW,0.6509,False,11 of 15 nearest neighbours have a different candidate label; cross-validated classifier assigns only 27% confidence to the candidate label
label_flip_05,classification/train/5/03626.jpg,QUARANTINE,0.8327,False,15 of 15 nearest neighbours have a different candidate label; cross-validated classifier assigns only 12% confidence to the candidate label
label_flip_05,classification/train/5/03629.jpg,REVIEW,0.6754,False,12 of 15 nearest neighbours have a different candidate label; cross-validated classifier assigns only 26% confidence to the candidate label
label_flip_05,classification/train/5/03630.jpg,QUARANTINE,0.8012,False,13 of 15 nearest neighbours have a different candidate label; cross-validated classifier assigns only 10% confidence to the candidate label
label_flip_05,classification/train/5/03631.jpg,QUARANTINE,0.9973,True,15 of 15 nearest neighbours have a different candidate label; cross-validated classifier assigns only 1% confidence to the candidate label; embedding is 4.4 standard deviations farther from its candidate-class centroid than typical
label_flip_05,classification/train/5/03635.jpg,QUARANTINE,0.8295,False,15 of 15 nearest neighbours have a different candidate label; cross-validated classifier assigns only 15% confidence to the candidate label
label_flip_05,classification/train/5/03637.jpg,QUARANTINE,0.8008,False,13 of 15 nearest neighbours have a different candidate label; cross-validated classifier assigns only 11% confidence to the candidate label
label_flip_05,classification/train/5/03639.jpg,QUARANTINE,0.8306,False,14 of 15 nearest neighbours have a different candidate label; cross-validated classifier assigns only 9% confidence to the candidate label
label_flip_05,classification/train/5/03641.jpg,QUARANTINE,0.802,False,14 of 15 nearest neighbours have a different candidate label; cross-validated classifier assigns only 12% confidence to the candidate label
label_flip_05,classification/train/5/03642.jpg,QUARANTINE,0.8765,False,15 of 15 nearest neighbours have a different candidate label; cross-validated classifier assigns only 7% confidence to the candidate label; embedding is 1.5 standard deviations farther from its candidate-class centroid than typical
label_flip_05,classification/train/5/03644.jpg,QUARANTINE,0.867,False,15 of 15 nearest neighbours have a different candidate label; cross-validated classifier assigns only 7% confidence to the candidate label
label_flip_05,classification/train/5/03650.jpg,REVIEW,0.6832,False,11 of 15 nearest neighbours have a different candidate label; cross-validated classifier assigns only 20% confidence to the candidate label
label_flip_05,classification/train/5/03678.jpg,REVIEW,0.7029,False,13 of 15 nearest neighbours have a different candidate label; cross-validated classifier assigns only 27% confidence to the candidate label
label_flip_05,classification/train/5/03679.jpg,QUARANTINE,0.7514,False,12 of 15 nearest neighbours have a different candidate label; cross-validated classifier assigns only 14% confidence to the candidate label
label_flip_05,classification/train/5/03684.jpg,QUARANTINE,0.8977,False,15 of 15 nearest neighbours have a different candidate label; cross-validated classifier assigns only 4% confidence to the candidate label; embedding is 1.7 standard deviations farther from its candidate-class centroid than typical
label_flip_05,classification/train/5/03706.jpg,REVIEW,0.6329,False,11 of 15 nearest neighbours have a different candidate label; cross-validated classifier assigns only 30% confidence to the candidate label
label_flip_05,classification/train/5/03711.jpg,REVIEW,0.6285,False,11 of 15 nearest neighbours have a different candidate label
label_flip_05,classification/train/5/03732.jpg,REVIEW,0.7168,False,11 of 15 nearest neighbours have a different candidate label; cross-validated classifier assigns only 16% confidence to the candidate label
label_flip_05,classification/train/5/03734.jpg,REVIEW,0.6877,True,12 of 15 nearest neighbours have a different candidate label; cross-validated classifier assigns only 12% confidence to the candidate label
label_flip_05,classification/train/5/03740.jpg,REVIEW,0.6965,False,11 of 15 nearest neighbours have a different candidate label; cross-validated classifier assigns only 21% confidence to the candidate label
label_flip_05,classification/train/5/03744.jpg,REVIEW,0.7045,False,10 of 15 nearest neighbours have a different candidate label; cross-validated classifier assigns only 15% confidence to the candidate label
label_flip_05,classification/train/5/03776.jpg,QUARANTINE,0.8461,False,15 of 15 nearest neighbours have a different candidate label; cross-validated classifier assigns only 8% confidence to the candidate label
label_flip_05,classification/train/5/03798.jpg,QUARANTINE,0.895,False,15 of 15 nearest neighbours have a different candidate label; cross-validated classifier assigns only 4% confidence to the candidate label; embedding is 1.7 standard deviations farther from its candidate-class centroid than typical
label_flip_05,classification/train/5/03799.jpg,REVIEW,0.7156,False,10 of 15 nearest neighbours have a different candidate label; cross-validated classifier assigns only 11% confidence to the candidate label
label_flip_05,classification/train/5/03819.jpg,REVIEW,0.6831,False,12 of 15 nearest neighbours have a different candidate label; cross-validated classifier assigns only 24% confidence to the candidate label
label_flip_05,classification/train/5/03827.jpg,QUARANTINE,0.8061,False,13 of 15 nearest neighbours have a different candidate label; cross-validated classifier assigns only 9% confidence to the candidate label
label_flip_05,classification/train/5/03836.jpg,REVIEW,0.6381,False,11 of 15 nearest neighbours have a different candidate label
label_flip_05,classification/train/5/03855.jpg,QUARANTINE,0.8793,False,14 of 15 nearest neighbours have a different candidate label; cross-validated classifier assigns only 2% confidence to the candidate label; embedding is 1.7 standard deviations farther from its candidate-class centroid than typical
label_flip_05,classification/train/5/03864.jpg,REVIEW,0.6556,False,9 of 15 nearest neighbours have a different candidate label; cross-validated classifier assigns only 17% confidence to the candidate label
label_flip_05,classification/train/5/03882.jpg,REVIEW,0.6639,False,12 of 15 nearest neighbours have a different candidate label
label_flip_05,classification/train/5/03884.jpg,QUARANTINE,0.7667,False,13 of 15 nearest neighbours have a different candidate label; cross-validated classifier assigns only 14% confidence to the candidate label
label_flip_05,classification/train/5/03893.jpg,QUARANTINE,0.9885,True,15 of 15 nearest neighbours have a different candidate label; cross-validated classifier assigns only 3% confidence to the candidate label; embedding is 3.4 standard deviations farther from its candidate-class centroid than typical
label_flip_05,classification/train/5/03896.jpg,QUARANTINE,0.7883,False,14 of 15 nearest neighbours have a different candidate label; cross-validated classifier assigns only 17% confidence to the candidate label
label_flip_05,classification/train/5/03913.jpg,REVIEW,0.7427,False,12 of 15 nearest neighbours have a different candidate label; cross-validated classifier assigns only 14% confidence to the candidate label
label_flip_05,classification/train/5/03925.jpg,QUARANTINE,0.8204,False,14 of 15 nearest neighbours have a different candidate label; cross-validated classifier assigns only 14% confidence to the candidate label; embedding is 1.5 standard deviations farther from its candidate-class centroid than typical
label_flip_10,classification/train/0/00002.jpg,REVIEW,0.7032,True,13 of 15 nearest neighbours have a different candidate label; cross-validated classifier assigns only 17% confidence to the candidate label
label_flip_10,classification/train/0/00005.jpg,QUARANTINE,0.753,False,12 of 15 nearest neighbours have a different candidate label; cross-validated classifier assigns only 21% confidence to the candidate label; embedding is 1.7 standard deviations farther from its candidate-class centroid than typical
label_flip_10,classification/train/0/00011.jpg,REVIEW,0.6355,False,12 of 15 nearest neighbours have a different candidate label; cross-validated classifier assigns only 21% confidence to the candidate label
label_flip_10,classification/train/0/00060.jpg,REVIEW,0.6773,False,13 of 15 nearest neighbours have a different candidate label; cross-validated classifier assigns only 17% confidence to the candidate label
label_flip_10,classification/train/0/00086.jpg,QUARANTINE,0.7508,False,13 of 15 nearest neighbours have a different candidate label; cross-validated classifier assigns only 11% confidence to the candidate label
label_flip_10,classification/train/0/00096.jpg,REVIEW,0.6341,False,12 of 15 nearest neighbours have a different candidate label; cross-validated classifier assigns only 21% confidence to the candidate label
label_flip_10,classification/train/0/00129.jpg,REVIEW,0.7098,False,14 of 15 nearest neighbours have a different candidate label; cross-validated classifier assigns only 16% confidence to the candidate label
label_flip_10,classification/train/0/00180.jpg,REVIEW,0.6829,True,13 of 15 nearest neighbours have a different candidate label; cross-validated classifier assigns only 18% confidence to the candidate label
label_flip_10,classification/train/0/00196.jpg,QUARANTINE,0.83,True,14 of 15 nearest neighbours have a different candidate label; cross-validated classifier assigns only 9% confidence to the candidate label
label_flip_10,classification/train/0/00201.jpg,REVIEW,0.6628,False,12 of 15 nearest neighbours have a different candidate label; cross-validated classifier assigns only 22% confidence to the candidate label
label_flip_10,classification/train/0/00203.jpg,REVIEW,0.6512,False,12 of 15 nearest neighbours have a different candidate label; cross-validated classifier assigns only 17% confidence to the candidate label
label_flip_10,classification/train/0/00221.jpg,REVIEW,0.6451,False,10 of 15 nearest neighbours have a different candidate label; cross-validated classifier assigns only 25% confidence to the candidate label
label_flip_10,classification/train/0/00235.jpg,REVIEW,0.6413,False,12 of 15 nearest neighbours have a different candidate label; cross-validated classifier assigns only 28% confidence to the candidate label
label_flip_10,classification/train/0/00249.jpg,REVIEW,0.738,False,11 of 15 nearest neighbours have a different candidate label; cross-validated classifier assigns only 13% confidence to the candidate label
label_flip_10,classification/train/0/00308.jpg,REVIEW,0.6264,False,12 of 15 nearest neighbours have a different candidate label; cross-validated classifier assigns only 23% confidence to the candidate label
label_flip_10,classification/train/0/00330.jpg,QUARANTINE,0.8864,True,15 of 15 nearest neighbours have a different candidate label; cross-validated classifier assigns only 4% confidence to the candidate label; embedding is 1.6 standard deviations farther from its candidate-class centroid than typical
label_flip_10,classification/train/0/00353.jpg,QUARANTINE,0.7873,False,14 of 15 nearest neighbours have a different candidate label; cross-validated classifier assigns only 18% confidence to the candidate label
label_flip_10,classification/train/0/00378.jpg,REVIEW,0.6505,True,13 of 15 nearest neighbours have a different candidate label; cross-validated classifier assigns only 24% confidence to the candidate label
label_flip_10,classification/train/0/00379.jpg,REVIEW,0.6329,False,12 of 15 nearest neighbours have a different candidate label; cross-validated classifier assigns only 22% confidence to the candidate label
label_flip_10,classification/train/0/00437.jpg,REVIEW,0.7172,False,12 of 15 nearest neighbours have a different candidate label; cross-validated classifier assigns only 17% confidence to the candidate label
label_flip_10,classification/train/0/00441.jpg,REVIEW,0.641,False,13 of 15 nearest neighbours have a different candidate label; cross-validated classifier assigns only 26% confidence to the candidate label
label_flip_10,classification/train/0/00463.jpg,REVIEW,0.6571,False,12 of 15 nearest neighbours have a different candidate label; cross-validated classifier assigns only 29% confidence to the candidate label
label_flip_10,classification/train/0/00465.jpg,QUARANTINE,0.8643,False,13 of 15 nearest neighbours have a different candidate label; cross-validated classifier assigns only 17% confidence to the candidate label; embedding is 2.8 standard deviations farther from its candidate-class centroid than typical
label_flip_10,classification/train/0/00466.jpg,REVIEW,0.6504,False,13 of 15 nearest neighbours have a different candidate label; cross-validated classifier assigns only 24% confidence to the candidate label
label_flip_10,classification/train/0/00494.jpg,REVIEW,0.665,False,13 of 15 nearest neighbours have a different candidate label; cross-validated classifier assigns only 20% confidence to the candidate label
label_flip_10,classification/train/0/00497.jpg,QUARANTINE,0.7569,True,15 of 15 nearest neighbours have a different candidate label; cross-validated classifier assigns only 11% confidence to the candidate label
label_flip_10,classification/train/0/00504.jpg,QUARANTINE,0.8235,True,15 of 15 nearest neighbours have a different candidate label; cross-validated classifier assigns only 10% confidence to the candidate label
label_flip_10,classification/train/0/00538.jpg,REVIEW,0.6333,False,12 of 15 nearest neighbours have a different candidate label; cross-validated classifier assigns only 25% confidence to the candidate label
label_flip_10,classification/train/0/00549.jpg,REVIEW,0.675,False,13 of 15 nearest neighbours have a different candidate label; cross-validated classifier assigns only 18% confidence to the candidate label
label_flip_10,classification/train/0/00567.jpg,QUARANTINE,0.9407,False,15 of 15 nearest neighbours have a different candidate label; cross-validated classifier assigns only 5% confidence to the candidate label; embedding is 2.4 standard deviations farther from its candidate-class centroid than typical
label_flip_10,classification/train/0/00601.jpg,REVIEW,0.6757,False,11 of 15 nearest neighbours have a different candidate label; cross-validated classifier assigns only 25% confidence to the candidate label
label_flip_10,classification/train/0/00609.jpg,REVIEW,0.6345,False,10 of 15 nearest neighbours have a different candidate label; embedding is 1.7 standard deviations farther from its candidate-class centroid than typical
label_flip_10,classification/train/0/00621.jpg,REVIEW,0.6213,True,11 of 15 nearest neighbours have a different candidate label; cross-validated classifier assigns only 18% confidence to the candidate label
label_flip_10,classification/train/0/00691.jpg,QUARANTINE,0.8425,False,13 of 15 nearest neighbours have a different candidate label; cross-validated classifier assigns only 11% confidence to the candidate label; embedding is 2.1 standard deviations farther from its candidate-class centroid than typical
label_flip_10,classification/train/0/00699.jpg,QUARANTINE,0.9761,False,15 of 15 nearest neighbours have a different candidate label; cross-validated classifier assigns only 6% confidence to the candidate label; embedding is 3.9 standard deviations farther from its candidate-class centroid than typical
label_flip_10,classification/train/0/00735.jpg,QUARANTINE,0.8539,False,13 of 15 nearest neighbours have a different candidate label; cross-validated classifier assigns only 8% confidence to the candidate label; embedding is 2.1 standard deviations farther from its candidate-class centroid than typical
label_flip_10,classification/train/0/00742.jpg,REVIEW,0.712,True,14 of 15 nearest neighbours have a different candidate label; cross-validated classifier assigns only 17% confidence to the candidate label
label_flip_10,classification/train/0/00749.jpg,QUARANTINE,0.8742,False,13 of 15 nearest neighbours have a different candidate label; cross-validated classifier assigns only 18% confidence to the candidate label; embedding is 3.1 standard deviations farther from its candidate-class centroid than typical
label_flip_10,classification/train/0/00768.jpg,REVIEW,0.6351,False,12 of 15 nearest neighbours have a different candidate label
label_flip_10,classification/train/0/00783.jpg,REVIEW,0.6623,False,13 of 15 nearest neighbours have a different candidate label; cross-validated classifier assigns only 21% confidence to the candidate label
label_flip_10,classification/train/0/00798.jpg,REVIEW,0.709,True,13 of 15 nearest neighbours have a different candidate label; cross-validated classifier assigns only 9% confidence to the candidate label
label_flip_10,classification/train/0/00813.jpg,REVIEW,0.6326,False,11 of 15 nearest neighbours have a different candidate label; cross-validated classifier assigns only 20% confidence to the candidate label
label_flip_10,classification/train/0/00816.jpg,REVIEW,0.6704,False,11 of 15 nearest neighbours have a different candidate label; cross-validated classifier assigns only 24% confidence to the candidate label
label_flip_10,classification/train/0/00822.jpg,REVIEW,0.6258,False,10 of 15 nearest neighbours have a different candidate label; cross-validated classifier assigns only 21% confidence to the candidate label
label_flip_10,classification/train/0/00831.jpg,QUARANTINE,0.8222,False,12 of 15 nearest neighbours have a different candidate label; cross-validated classifier assigns only 21% confidence to the candidate label; embedding is 2.8 standard deviations farther from its candidate-class centroid than typical
label_flip_10,classification/train/0/00844.jpg,REVIEW,0.6205,False,13 of 15 nearest neighbours have a different candidate label
label_flip_10,classification/train/0/00862.jpg,REVIEW,0.7163,True,14 of 15 nearest neighbours have a different candidate label; cross-validated classifier assigns only 16% confidence to the candidate label
label_flip_10,classification/train/0/00906.jpg,REVIEW,0.7029,False,14 of 15 nearest neighbours have a different candidate label; cross-validated classifier assigns only 18% confidence to the candidate label
label_flip_10,classification/train/0/00937.jpg,REVIEW,0.6203,False,11 of 15 nearest neighbours have a different candidate label; cross-validated classifier assigns only 25% confidence to the candidate label
label_flip_10,classification/train/0/00949.jpg,QUARANTINE,0.8715,True,15 of 15 nearest neighbours have a different candidate label; cross-validated classifier assigns only 6% confidence to the candidate label
label_flip_10,classification/train/0/00959.jpg,REVIEW,0.7209,True,13 of 15 nearest neighbours have a different candidate label; cross-validated classifier assigns only 11% confidence to the candidate label
label_flip_10,classification/train/0/00963.jpg,REVIEW,0.7452,True,15 of 15 nearest neighbours have a different candidate label; cross-validated classifier assigns only 15% confidence to the candidate label
label_flip_10,classification/train/0/00973.jpg,QUARANTINE,0.7965,True,14 of 15 nearest neighbours have a different candidate label; cross-validated classifier assigns only 7% confidence to the candidate label
label_flip_10,classification/train/0/00981.jpg,REVIEW,0.6316,False,12 of 15 nearest neighbours have a different candidate label
label_flip_10,classification/train/0/00986.jpg,REVIEW,0.6542,True,12 of 15 nearest neighbours have a different candidate label; cross-validated classifier assigns only 18% confidence to the candidate label
label_flip_10,classification/train/0/00994.jpg,REVIEW,0.7213,False,13 of 15 nearest neighbours have a different candidate label; cross-validated classifier assigns only 18% confidence to the candidate label
label_flip_10,classification/train/0/01054.jpg,REVIEW,0.6587,False,12 of 15 nearest neighbours have a different candidate label; cross-validated classifier assigns only 15% confidence to the candidate label
label_flip_10,classification/train/0/01062.jpg,REVIEW,0.6525,False,13 of 15 nearest neighbours have a different candidate label; cross-validated classifier assigns only 24% confidence to the candidate label
label_flip_10,classification/train/0/01081.jpg,QUARANTINE,0.8752,False,13 of 15 nearest neighbours have a different candidate label; cross-validated classifier assigns only 15% confidence to the candidate label; embedding is 2.8 standard deviations farther from its candidate-class centroid than typical
label_flip_10,classification/train/0/01093.jpg,REVIEW,0.62,False,13 of 15 nearest neighbours have a different candidate label
label_flip_10,classification/train/0/01098.jpg,QUARANTINE,0.8959,False,13 of 15 nearest neighbours have a different candidate label; cross-validated classifier assigns only 13% confidence to the candidate label; embedding is 3.2 standard deviations farther from its candidate-class centroid than typical
label_flip_10,classification/train/1/01116.jpg,REVIEW,0.6623,False,12 of 15 nearest neighbours have a different candidate label
label_flip_10,classification/train/1/01122.jpg,REVIEW,0.627,False,11 of 15 nearest neighbours have a different candidate label
label_flip_10,classification/train/1/01147.jpg,REVIEW,0.6313,False,12 of 15 nearest neighbours have a different candidate label; cross-validated classifier assigns only 22% confidence to the candidate label
label_flip_10,classification/train/1/01168.jpg,REVIEW,0.654,True,12 of 15 nearest neighbours have a different candidate label; cross-validated classifier assigns only 18% confidence to the candidate label
label_flip_10,classification/train/1/01170.jpg,REVIEW,0.621,False,12 of 15 nearest neighbours have a different candidate label; cross-validated classifier assigns only 25% confidence to the candidate label
label_flip_10,classification/train/1/01171.jpg,REVIEW,0.6574,False,12 of 15 nearest neighbours have a different candidate label; cross-validated classifier assigns only 22% confidence to the candidate label
label_flip_10,classification/train/1/01189.jpg,REVIEW,0.6335,False,12 of 15 nearest neighbours have a different candidate label; cross-validated classifier assigns only 22% confidence to the candidate label
label_flip_10,classification/train/1/01197.jpg,REVIEW,0.6314,False,12 of 15 nearest neighbours have a different candidate label; cross-validated classifier assigns only 22% confidence to the candidate label
label_flip_10,classification/train/1/01199.jpg,REVIEW,0.7467,False,13 of 15 nearest neighbours have a different candidate label; cross-validated classifier assigns only 11% confidence to the candidate label
label_flip_10,classification/train/1/01201.jpg,REVIEW,0.6763,False,12 of 15 nearest neighbours have a different candidate label; cross-validated classifier assigns only 21% confidence to the candidate label
label_flip_10,classification/train/1/01202.jpg,REVIEW,0.7242,False,14 of 15 nearest neighbours have a different candidate label; cross-validated classifier assigns only 12% confidence to the candidate label
label_flip_10,classification/train/1/01204.jpg,REVIEW,0.6225,False,12 of 15 nearest neighbours have a different candidate label; cross-validated classifier assigns only 24% confidence to the candidate label
label_flip_10,classification/train/1/01205.jpg,REVIEW,0.6963,False,13 of 15 nearest neighbours have a different candidate label; cross-validated classifier assigns only 13% confidence to the candidate label
label_flip_10,classification/train/1/01207.jpg,REVIEW,0.7284,False,14 of 15 nearest neighbours have a different candidate label; cross-validated classifier assigns only 14% confidence to the candidate label
label_flip_10,classification/train/1/01217.jpg,QUARANTINE,0.8498,False,14 of 15 nearest neighbours have a different candidate label; cross-validated classifier assigns only 15% confidence to the candidate label; embedding is 2.1 standard deviations farther from its candidate-class centroid than typical
label_flip_10,classification/train/1/01222.jpg,REVIEW,0.6827,False,14 of 15 nearest neighbours have a different candidate label; cross-validated classifier assigns only 23% confidence to the candidate label
label_flip_10,classification/train/1/01228.jpg,REVIEW,0.664,False,11 of 15 nearest neighbours have a different candidate label; cross-validated classifier assigns only 16% confidence to the candidate label
label_flip_10,classification/train/1/01231.jpg,REVIEW,0.6227,False,12 of 15 nearest neighbours have a different candidate label; cross-validated classifier assigns only 24% confidence to the candidate label
label_flip_10,classification/train/1/01232.jpg,REVIEW,0.6778,False,14 of 15 nearest neighbours have a different candidate label; cross-validated classifier assigns only 24% confidence to the candidate label
label_flip_10,classification/train/1/01234.jpg,REVIEW,0.7086,False,15 of 15 nearest neighbours have a different candidate label; cross-validated classifier assigns only 23% confidence to the candidate label
label_flip_10,classification/train/1/01239.jpg,QUARANTINE,0.7936,False,13 of 15 nearest neighbours have a different candidate label; cross-validated classifier assigns only 24% confidence to the candidate label; embedding is 2.1 standard deviations farther from its candidate-class centroid than typical
label_flip_10,classification/train/1/01245.jpg,REVIEW,0.6294,False,12 of 15 nearest neighbours have a different candidate label; cross-validated classifier assigns only 23% confidence to the candidate label
label_flip_10,classification/train/1/01247.jpg,REVIEW,0.7065,False,12 of 15 nearest neighbours have a different candidate label; cross-validated classifier assigns only 14% confidence to the candidate label
label_flip_10,classification/train/1/01262.jpg,REVIEW,0.6446,False,13 of 15 nearest neighbours have a different candidate label; cross-validated classifier assigns only 26% confidence to the candidate label
label_flip_10,classification/train/1/01268.jpg,REVIEW,0.6828,False,14 of 15 nearest neighbours have a different candidate label; cross-validated classifier assigns only 23% confidence to the candidate label
label_flip_10,classification/train/1/01269.jpg,QUARANTINE,0.9145,False,14 of 15 nearest neighbours have a different candidate label; cross-validated classifier assigns only 15% confidence to the candidate label; embedding is 3.4 standard deviations farther from its candidate-class centroid than typical
label_flip_10,classification/train/1/01291.jpg,REVIEW,0.6859,False,13 of 15 nearest neighbours have a different candidate label; cross-validated classifier assigns only 16% confidence to the candidate label
label_flip_10,classification/train/1/01299.jpg,QUARANTINE,0.8009,True,15 of 15 nearest neighbours have a different candidate label; cross-validated classifier assigns only 14% confidence to the candidate label
label_flip_10,classification/train/1/01304.jpg,REVIEW,0.6252,False,12 of 15 nearest neighbours have a different candidate label; cross-validated classifier assigns only 24% confidence to the candidate label
label_flip_10,classification/train/1/01305.jpg,REVIEW,0.6624,False,11 of 15 nearest neighbours have a different candidate label; cross-validated classifier assigns only 26% confidence to the candidate label
label_flip_10,classification/train/1/01313.jpg,REVIEW,0.6207,False,12 of 15 nearest neighbours have a different candidate label; cross-validated classifier assigns only 25% confidence to the candidate label
label_flip_10,classification/train/1/01318.jpg,REVIEW,0.644,False,13 of 15 nearest neighbours have a different candidate label; cross-validated classifier assigns only 26% confidence to the candidate label
label_flip_10,classification/train/1/01323.jpg,REVIEW,0.7121,False,15 of 15 nearest neighbours have a different candidate label; cross-validated classifier assigns only 22% confidence to the candidate label
label_flip_10,classification/train/1/01324.jpg,REVIEW,0.7494,False,13 of 15 nearest neighbours have a different candidate label; embedding is 2.6 standard deviations farther from its candidate-class centroid than typical
label_flip_10,classification/train/1/01334.jpg,REVIEW,0.6317,False,12 of 15 nearest neighbours have a different candidate label; cross-validated classifier assigns only 22% confidence to the candidate label
label_flip_10,classification/train/1/01350.jpg,REVIEW,0.7189,False,13 of 15 nearest neighbours have a different candidate label; cross-validated classifier assigns only 12% confidence to the candidate label
label_flip_10,classification/train/1/01351.jpg,QUARANTINE,0.9221,True,14 of 15 nearest neighbours have a different candidate label; cross-validated classifier assigns only 6% confidence to the candidate label; embedding is 2.6 standard deviations farther from its candidate-class centroid than typical
label_flip_10,classification/train/1/01352.jpg,REVIEW,0.6266,False,12 of 15 nearest neighbours have a different candidate label; cross-validated classifier assigns only 23% confidence to the candidate label
label_flip_10,classification/train/1/01357.jpg,QUARANTINE,0.941,True,15 of 15 nearest neighbours have a different candidate label; cross-validated classifier assigns only 2% confidence to the candidate label; embedding is 2.2 standard deviations farther from its candidate-class centroid than typical
label_flip_10,classification/train/1/01358.jpg,REVIEW,0.6268,False,12 of 15 nearest neighbours have a different candidate label; cross-validated classifier assigns only 23% confidence to the candidate label
label_flip_10,classification/train/1/01382.jpg,REVIEW,0.625,False,12 of 15 nearest neighbours have a different candidate label; cross-validated classifier assigns only 24% confidence to the candidate label
label_flip_10,classification/train/1/01383.jpg,QUARANTINE,0.8506,False,11 of 15 nearest neighbours have a different candidate label; cross-validated classifier assigns only 10% confidence to the candidate label; embedding is 2.9 standard deviations farther from its candidate-class centroid than typical
label_flip_10,classification/train/1/01386.jpg,REVIEW,0.6922,False,14 of 15 nearest neighbours have a different candidate label; cross-validated classifier assigns only 20% confidence to the candidate label
label_flip_10,classification/train/1/01388.jpg,REVIEW,0.6612,False,11 of 15 nearest neighbours have a different candidate label; cross-validated classifier assigns only 18% confidence to the candidate label
label_flip_10,classification/train/1/01391.jpg,REVIEW,0.6494,False,13 of 15 nearest neighbours have a different candidate label; cross-validated classifier assigns only 24% confidence to the candidate label
label_flip_10,classification/train/1/01393.jpg,REVIEW,0.7303,False,14 of 15 nearest neighbours have a different candidate label; cross-validated classifier assigns only 17% confidence to the candidate label
label_flip_10,classification/train/1/01399.jpg,REVIEW,0.642,False,13 of 15 nearest neighbours have a different candidate label; cross-validated classifier assigns only 26% confidence to the candidate label
label_flip_10,classification/train/1/01406.jpg,REVIEW,0.6723,False,12 of 15 nearest neighbours have a different candidate label; cross-validated classifier assigns only 15% confidence to the candidate label
label_flip_10,classification/train/1/01411.jpg,QUARANTINE,0.9206,True,15 of 15 nearest neighbours have a different candidate label; cross-validated classifier assigns only 2% confidence to the candidate label; embedding is 1.9 standard deviations farther from its candidate-class centroid than typical
label_flip_10,classification/train/1/01415.jpg,REVIEW,0.6281,False,12 of 15 nearest neighbours have a different candidate label; cross-validated classifier assigns only 23% confidence to the candidate label
label_flip_10,classification/train/1/01419.jpg,REVIEW,0.6617,False,13 of 15 nearest neighbours have a different candidate label; cross-validated classifier assigns only 21% confidence to the candidate label
label_flip_10,classification/train/1/01421.jpg,REVIEW,0.6393,False,12 of 15 nearest neighbours have a different candidate label; cross-validated classifier assigns only 20% confidence to the candidate label
label_flip_10,classification/train/1/01424.jpg,REVIEW,0.6392,False,11 of 15 nearest neighbours have a different candidate label; cross-validated classifier assigns only 18% confidence to the candidate label
label_flip_10,classification/train/1/01428.jpg,REVIEW,0.7193,False,13 of 15 nearest neighbours have a different candidate label; embedding is 2.1 standard deviations farther from its candidate-class centroid than typical
label_flip_10,classification/train/1/01432.jpg,REVIEW,0.67,False,13 of 15 nearest neighbours have a different candidate label; cross-validated classifier assigns only 19% confidence to the candidate label
label_flip_10,classification/train/1/01435.jpg,REVIEW,0.6546,False,12 of 15 nearest neighbours have a different candidate label; cross-validated classifier assigns only 16% confidence to the candidate label
label_flip_10,classification/train/1/01437.jpg,REVIEW,0.6501,False,12 of 15 nearest neighbours have a different candidate label; cross-validated classifier assigns only 22% confidence to the candidate label
label_flip_10,classification/train/1/01440.jpg,QUARANTINE,0.8051,False,12 of 15 nearest neighbours have a different candidate label; cross-validated classifier assigns only 29% confidence to the candidate label; embedding is 3.1 standard deviations farther from its candidate-class centroid than typical
label_flip_10,classification/train/1/01447.jpg,REVIEW,0.7276,False,15 of 15 nearest neighbours have a different candidate label; cross-validated classifier assigns only 18% confidence to the candidate label
label_flip_10,classification/train/1/01448.jpg,REVIEW,0.6522,False,12 of 15 nearest neighbours have a different candidate label; cross-validated classifier assigns only 17% confidence to the candidate label
label_flip_10,classification/train/1/01449.jpg,REVIEW,0.6372,False,10 of 15 nearest neighbours have a different candidate label; cross-validated classifier assigns only 27% confidence to the candidate label
label_flip_10,classification/train/1/01451.jpg,REVIEW,0.6779,False,14 of 15 nearest neighbours have a different candidate label; cross-validated classifier assigns only 24% confidence to the candidate label
label_flip_10,classification/train/1/01455.jpg,QUARANTINE,0.786,False,12 of 15 nearest neighbours have a different candidate label; cross-validated classifier assigns only 28% confidence to the candidate label; embedding is 2.7 standard deviations farther from its candidate-class centroid than typical
label_flip_10,classification/train/1/01457.jpg,REVIEW,0.7062,False,15 of 15 nearest neighbours have a different candidate label; cross-validated classifier assigns only 23% confidence to the candidate label
label_flip_10,classification/train/1/01458.jpg,REVIEW,0.6205,False,12 of 15 nearest neighbours have a different candidate label; cross-validated classifier assigns only 25% confidence to the candidate label
label_flip_10,classification/train/1/01462.jpg,REVIEW,0.6738,False,13 of 15 nearest neighbours have a different candidate label; cross-validated classifier assigns only 18% confidence to the candidate label
label_flip_10,classification/train/1/01467.jpg,REVIEW,0.6725,False,12 of 15 nearest neighbours have a different candidate label; cross-validated classifier assigns only 14% confidence to the candidate label
label_flip_10,classification/train/1/01468.jpg,REVIEW,0.6633,False,13 of 15 nearest neighbours have a different candidate label; cross-validated classifier assigns only 21% confidence to the candidate label
label_flip_10,classification/train/1/01485.jpg,REVIEW,0.6558,True,13 of 15 nearest neighbours have a different candidate label; cross-validated classifier assigns only 23% confidence to the candidate label
label_flip_10,classification/train/1/01501.jpg,QUARANTINE,0.8983,True,15 of 15 nearest neighbours have a different candidate label; cross-validated classifier assigns only 5% confidence to the candidate label; embedding is 1.8 standard deviations farther from its candidate-class centroid than typical
label_flip_10,classification/train/1/01504.jpg,REVIEW,0.6363,False,12 of 15 nearest neighbours have a different candidate label; cross-validated classifier assigns only 21% confidence to the candidate label
label_flip_10,classification/train/1/01516.jpg,REVIEW,0.6645,True,13 of 15 nearest neighbours have a different candidate label; cross-validated classifier assigns only 21% confidence to the candidate label
label_flip_10,classification/train/1/01523.jpg,REVIEW,0.6802,False,11 of 15 nearest neighbours have a different candidate label; cross-validated classifier assigns only 28% confidence to the candidate label
label_flip_10,classification/train/1/01524.jpg,REVIEW,0.6424,False,12 of 15 nearest neighbours have a different candidate label; cross-validated classifier assigns only 19% confidence to the candidate label
label_flip_10,classification/train/1/01529.jpg,REVIEW,0.6836,False,12 of 15 nearest neighbours have a different candidate label; cross-validated classifier assigns only 14% confidence to the candidate label
label_flip_10,classification/train/1/01534.jpg,REVIEW,0.6742,False,14 of 15 nearest neighbours have a different candidate label; cross-validated classifier assigns only 25% confidence to the candidate label
label_flip_10,classification/train/1/01562.jpg,REVIEW,0.6899,False,14 of 15 nearest neighbours have a different candidate label; cross-validated classifier assigns only 21% confidence to the candidate label
label_flip_10,classification/train/1/01565.jpg,REVIEW,0.6544,False,13 of 15 nearest neighbours have a different candidate label; cross-validated classifier assigns only 23% confidence to the candidate label
label_flip_10,classification/train/1/01570.jpg,REVIEW,0.6273,False,12 of 15 nearest neighbours have a different candidate label; cross-validated classifier assigns only 23% confidence to the candidate label
label_flip_10,classification/train/1/01571.jpg,REVIEW,0.664,False,14 of 15 nearest neighbours have a different candidate label; cross-validated classifier assigns only 27% confidence to the candidate label
label_flip_10,classification/train/1/01573.jpg,REVIEW,0.6675,False,12 of 15 nearest neighbours have a different candidate label; cross-validated classifier assigns only 15% confidence to the candidate label
label_flip_10,classification/train/1/01580.jpg,REVIEW,0.737,False,14 of 15 nearest neighbours have a different candidate label; cross-validated classifier assigns only 16% confidence to the candidate label
label_flip_10,classification/train/1/01581.jpg,REVIEW,0.6451,False,13 of 15 nearest neighbours have a different candidate label; cross-validated classifier assigns only 25% confidence to the candidate label
label_flip_10,classification/train/1/01587.jpg,REVIEW,0.6812,False,11 of 15 nearest neighbours have a different candidate label; cross-validated classifier assigns only 15% confidence to the candidate label
label_flip_10,classification/train/1/01588.jpg,REVIEW,0.6862,False,14 of 15 nearest neighbours have a different candidate label; cross-validated classifier assigns only 22% confidence to the candidate label
label_flip_10,classification/train/1/01594.jpg,QUARANTINE,0.7632,True,13 of 15 nearest neighbours have a different candidate label; cross-validated classifier assigns only 12% confidence to the candidate label
label_flip_10,classification/train/3/01868.jpg,REVIEW,0.6443,False,13 of 15 nearest neighbours have a different candidate label; cross-validated classifier assigns only 26% confidence to the candidate label
label_flip_10,classification/train/3/01874.jpg,REVIEW,0.6809,False,14 of 15 nearest neighbours have a different candidate label; cross-validated classifier assigns only 23% confidence to the candidate label
label_flip_10,classification/train/3/01885.jpg,REVIEW,0.7442,False,12 of 15 nearest neighbours have a different candidate label; cross-validated classifier assigns only 14% confidence to the candidate label
label_flip_10,classification/train/3/01889.jpg,REVIEW,0.6516,False,13 of 15 nearest neighbours have a different candidate label; cross-validated classifier assigns only 24% confidence to the candidate label
label_flip_10,classification/train/3/01897.jpg,REVIEW,0.7087,True,15 of 15 nearest neighbours have a different candidate label; cross-validated classifier assigns only 23% confidence to the candidate label
label_flip_10,classification/train/3/01900.jpg,REVIEW,0.6603,False,14 of 15 nearest neighbours have a different candidate label; cross-validated classifier assigns only 28% confidence to the candidate label
label_flip_10,classification/train/3/01909.jpg,REVIEW,0.6891,False,14 of 15 nearest neighbours have a different candidate label; cross-validated classifier assigns only 21% confidence to the candidate label
label_flip_10,classification/train/3/01921.jpg,REVIEW,0.7243,False,13 of 15 nearest neighbours have a different candidate label; cross-validated classifier assigns only 15% confidence to the candidate label
label_flip_10,classification/train/3/01923.jpg,QUARANTINE,0.9745,False,15 of 15 nearest neighbours have a different candidate label; cross-validated classifier assigns only 6% confidence to the candidate label; embedding is 3.2 standard deviations farther from its candidate-class centroid than typical
label_flip_10,classification/train/3/01933.jpg,REVIEW,0.687,False,14 of 15 nearest neighbours have a different candidate label; cross-validated classifier assigns only 22% confidence to the candidate label
label_flip_10,classification/train/3/01937.jpg,REVIEW,0.6819,False,12 of 15 nearest neighbours have a different candidate label; cross-validated classifier assigns only 17% confidence to the candidate label
label_flip_10,classification/train/3/01945.jpg,REVIEW,0.631,False,12 of 15 nearest neighbours have a different candidate label; cross-validated classifier assigns only 22% confidence to the candidate label
label_flip_10,classification/train/3/01948.jpg,REVIEW,0.6278,False,12 of 15 nearest neighbours have a different candidate label; cross-validated classifier assigns only 23% confidence to the candidate label
label_flip_10,classification/train/3/01972.jpg,QUARANTINE,0.9472,False,15 of 15 nearest neighbours have a different candidate label; cross-validated classifier assigns only 13% confidence to the candidate label; embedding is 3.6 standard deviations farther from its candidate-class centroid than typical
label_flip_10,classification/train/3/01976.jpg,REVIEW,0.6415,False,13 of 15 nearest neighbours have a different candidate label; cross-validated classifier assigns only 26% confidence to the candidate label
label_flip_10,classification/train/3/01983.jpg,REVIEW,0.6575,False,13 of 15 nearest neighbours have a different candidate label; cross-validated classifier assigns only 22% confidence to the candidate label
label_flip_10,classification/train/3/02019.jpg,REVIEW,0.7431,True,10 of 15 nearest neighbours have a different candidate label; cross-validated classifier assigns only 22% confidence to the candidate label; embedding is 2.5 standard deviations farther from its candidate-class centroid than typical
label_flip_10,classification/train/3/02025.jpg,QUARANTINE,0.7623,False,13 of 15 nearest neighbours have a different candidate label; cross-validated classifier assigns only 10% confidence to the candidate label
label_flip_10,classification/train/3/02063.jpg,REVIEW,0.6835,False,14 of 15 nearest neighbours have a different candidate label; cross-validated classifier assigns only 22% confidence to the candidate label
label_flip_10,classification/train/3/02070.jpg,REVIEW,0.6771,False,10 of 15 nearest neighbours have a different candidate label; cross-validated classifier assigns only 18% confidence to the candidate label
label_flip_10,classification/train/3/02091.jpg,REVIEW,0.6829,False,8 of 15 nearest neighbours have a different candidate label; cross-validated classifier assigns only 9% confidence to the candidate label; embedding is 1.6 standard deviations farther from its candidate-class centroid than typical
label_flip_10,classification/train/3/02121.jpg,QUARANTINE,0.8681,True,14 of 15 nearest neighbours have a different candidate label; cross-validated classifier assigns only 4% confidence to the candidate label; embedding is 1.7 standard deviations farther from its candidate-class centroid than typical
label_flip_10,classification/train/3/02129.jpg,REVIEW,0.7428,False,11 of 15 nearest neighbours have a different candidate label; cross-validated classifier assigns only 12% confidence to the candidate label
label_flip_10,classification/train/3/02144.jpg,REVIEW,0.6452,False,12 of 15 nearest neighbours have a different candidate label; cross-validated classifier assigns only 19% confidence to the candidate label
label_flip_10,classification/train/3/02151.jpg,REVIEW,0.666,False,12 of 15 nearest neighbours have a different candidate label; cross-validated classifier assigns only 18% confidence to the candidate label
label_flip_10,classification/train/3/02154.jpg,REVIEW,0.69,False,13 of 15 nearest neighbours have a different candidate label; cross-validated classifier assigns only 15% confidence to the candidate label
label_flip_10,classification/train/3/02156.jpg,REVIEW,0.7206,True,14 of 15 nearest neighbours have a different candidate label; cross-validated classifier assigns only 13% confidence to the candidate label
label_flip_10,classification/train/3/02161.jpg,REVIEW,0.6456,False,11 of 15 nearest neighbours have a different candidate label; cross-validated classifier assigns only 19% confidence to the candidate label
label_flip_10,classification/train/3/02164.jpg,REVIEW,0.6505,False,13 of 15 nearest neighbours have a different candidate label; cross-validated classifier assigns only 24% confidence to the candidate label
label_flip_10,classification/train/3/02167.jpg,REVIEW,0.7454,False,11 of 15 nearest neighbours have a different candidate label; cross-validated classifier assigns only 8% confidence to the candidate label
label_flip_10,classification/train/3/02168.jpg,REVIEW,0.6401,False,12 of 15 nearest neighbours have a different candidate label; cross-validated classifier assigns only 20% confidence to the candidate label
label_flip_10,classification/train/3/02178.jpg,REVIEW,0.6645,False,13 of 15 nearest neighbours have a different candidate label; cross-validated classifier assigns only 21% confidence to the candidate label
label_flip_10,classification/train/3/02180.jpg,REVIEW,0.6213,False,11 of 15 nearest neighbours have a different candidate label; cross-validated classifier assigns only 18% confidence to the candidate label
label_flip_10,classification/train/3/02183.jpg,REVIEW,0.6709,False,12 of 15 nearest neighbours have a different candidate label; cross-validated classifier assigns only 14% confidence to the candidate label
label_flip_10,classification/train/3/02197.jpg,REVIEW,0.6711,True,13 of 15 nearest neighbours have a different candidate label; cross-validated classifier assigns only 19% confidence to the candidate label
label_flip_10,classification/train/3/02198.jpg,QUARANTINE,0.7523,False,12 of 15 nearest neighbours have a different candidate label; cross-validated classifier assigns only 17% confidence to the candidate label
label_flip_10,classification/train/3/02203.jpg,REVIEW,0.6873,False,10 of 15 nearest neighbours have a different candidate label; cross-validated classifier assigns only 18% confidence to the candidate label
label_flip_10,classification/train/3/02262.jpg,REVIEW,0.6835,False,12 of 15 nearest neighbours have a different candidate label; cross-validated classifier assigns only 27% confidence to the candidate label
label_flip_10,classification/train/3/02272.jpg,REVIEW,0.7111,False,15 of 15 nearest neighbours have a different candidate label; cross-validated classifier assigns only 22% confidence to the candidate label
label_flip_10,classification/train/3/02279.jpg,REVIEW,0.64,False,12 of 15 nearest neighbours have a different candidate label; cross-validated classifier assigns only 20% confidence to the candidate label
label_flip_10,classification/train/3/02284.jpg,REVIEW,0.6523,False,10 of 15 nearest neighbours have a different candidate label; cross-validated classifier assigns only 20% confidence to the candidate label
label_flip_10,classification/train/3/02296.jpg,REVIEW,0.6227,False,12 of 15 nearest neighbours have a different candidate label; cross-validated classifier assigns only 24% confidence to the candidate label
label_flip_10,classification/train/3/02301.jpg,REVIEW,0.6231,False,12 of 15 nearest neighbours have a different candidate label; cross-validated classifier assigns only 24% confidence to the candidate label
label_flip_10,classification/train/3/02304.jpg,QUARANTINE,0.7783,False,10 of 15 nearest neighbours have a different candidate label; cross-validated classifier assigns only 17% confidence to the candidate label; embedding is 2.7 standard deviations farther from its candidate-class centroid than typical
label_flip_10,classification/train/3/02305.jpg,REVIEW,0.6318,False,12 of 15 nearest neighbours have a different candidate label; cross-validated classifier assigns only 22% confidence to the candidate label
label_flip_10,classification/train/3/02338.jpg,QUARANTINE,0.9366,False,14 of 15 nearest neighbours have a different candidate label; cross-validated classifier assigns only 9% confidence to the candidate label; embedding is 3.4 standard deviations farther from its candidate-class centroid than typical
label_flip_10,classification/train/3/02365.jpg,REVIEW,0.6385,False,12 of 15 nearest neighbours have a different candidate label; cross-validated classifier assigns only 20% confidence to the candidate label
label_flip_10,classification/train/3/02370.jpg,QUARANTINE,0.8458,False,12 of 15 nearest neighbours have a different candidate label; cross-validated classifier assigns only 19% confidence to the candidate label; embedding is 3.3 standard deviations farther from its candidate-class centroid than typical
label_flip_10,classification/train/3/02372.jpg,REVIEW,0.698,False,14 of 15 nearest neighbours have a different candidate label; cross-validated classifier assigns only 19% confidence to the candidate label
label_flip_10,classification/train/3/02391.jpg,QUARANTINE,0.7885,False,11 of 15 nearest neighbours have a different candidate label; cross-validated classifier assigns only 8% confidence to the candidate label; embedding is 1.9 standard deviations farther from its candidate-class centroid than typical
label_flip_10,classification/train/3/02400.jpg,QUARANTINE,0.8749,False,13 of 15 nearest neighbours have a different candidate label; cross-validated classifier assigns only 12% confidence to the candidate label; embedding is 2.7 standard deviations farther from its candidate-class centroid than typical
label_flip_10,classification/train/3/02412.jpg,REVIEW,0.7131,False,14 of 15 nearest neighbours have a different candidate label; cross-validated classifier assigns only 21% confidence to the candidate label
label_flip_10,classification/train/3/02416.jpg,REVIEW,0.6368,False,13 of 15 nearest neighbours have a different candidate label; cross-validated classifier assigns only 27% confidence to the candidate label
label_flip_10,classification/train/3/02421.jpg,REVIEW,0.6475,True,13 of 15 nearest neighbours have a different candidate label; cross-validated classifier assigns only 25% confidence to the candidate label
label_flip_10,classification/train/3/02428.jpg,REVIEW,0.7274,False,14 of 15 nearest neighbours have a different candidate label; cross-validated classifier assigns only 19% confidence to the candidate label
label_flip_10,classification/train/3/02442.jpg,REVIEW,0.629,False,12 of 15 nearest neighbours have a different candidate label; cross-validated classifier assigns only 23% confidence to the candidate label
label_flip_10,classification/train/3/02460.jpg,REVIEW,0.6577,False,12 of 15 nearest neighbours have a different candidate label; cross-validated classifier assigns only 21% confidence to the candidate label
label_flip_10,classification/train/3/02479.jpg,REVIEW,0.6796,False,13 of 15 nearest neighbours have a different candidate label; cross-validated classifier assigns only 17% confidence to the candidate label
label_flip_10,classification/train/3/02483.jpg,REVIEW,0.6959,False,13 of 15 nearest neighbours have a different candidate label; cross-validated classifier assigns only 16% confidence to the candidate label
label_flip_10,classification/train/3/02486.jpg,REVIEW,0.6416,False,cross-validated classifier assigns only 18% confidence to the candidate label; embedding is 1.9 standard deviations farther from its candidate-class centroid than typical
label_flip_10,classification/train/3/02507.jpg,REVIEW,0.6316,False,11 of 15 nearest neighbours have a different candidate label; cross-validated classifier assigns only 18% confidence to the candidate label
label_flip_10,classification/train/3/02508.jpg,REVIEW,0.6609,False,12 of 15 nearest neighbours have a different candidate label; cross-validated classifier assigns only 21% confidence to the candidate label
label_flip_10,classification/train/3/02516.jpg,REVIEW,0.6416,False,12 of 15 nearest neighbours have a different candidate label; cross-validated classifier assigns only 20% confidence to the candidate label
label_flip_10,classification/train/3/02518.jpg,REVIEW,0.6568,False,12 of 15 nearest neighbours have a different candidate label; cross-validated classifier assigns only 19% confidence to the candidate label
label_flip_10,classification/train/3/02529.jpg,REVIEW,0.6781,False,10 of 15 nearest neighbours have a different candidate label; cross-validated classifier assigns only 13% confidence to the candidate label
label_flip_10,classification/train/3/02535.jpg,QUARANTINE,0.788,False,10 of 15 nearest neighbours have a different candidate label; cross-validated classifier assigns only 13% confidence to the candidate label; embedding is 2.6 standard deviations farther from its candidate-class centroid than typical
label_flip_10,classification/train/3/02544.jpg,REVIEW,0.6462,False,13 of 15 nearest neighbours have a different candidate label; cross-validated classifier assigns only 25% confidence to the candidate label
label_flip_10,classification/train/3/02553.jpg,REVIEW,0.7326,False,13 of 15 nearest neighbours have a different candidate label; cross-validated classifier assigns only 10% confidence to the candidate label
label_flip_10,classification/train/3/02556.jpg,QUARANTINE,0.8481,False,12 of 15 nearest neighbours have a different candidate label; cross-validated classifier assigns only 14% confidence to the candidate label; embedding is 2.8 standard deviations farther from its candidate-class centroid than typical
label_flip_10,classification/train/3/02573.jpg,QUARANTINE,0.8048,True,14 of 15 nearest neighbours have a different candidate label; cross-validated classifier assigns only 9% confidence to the candidate label
label_flip_10,classification/train/3/02574.jpg,REVIEW,0.6248,False,11 of 15 nearest neighbours have a different candidate label; cross-validated classifier assigns only 22% confidence to the candidate label
label_flip_10,classification/train/3/02577.jpg,REVIEW,0.6682,True,14 of 15 nearest neighbours have a different candidate label; cross-validated classifier assigns only 26% confidence to the candidate label
label_flip_10,classification/train/3/02586.jpg,REVIEW,0.6288,False,12 of 15 nearest neighbours have a different candidate label; cross-validated classifier assigns only 23% confidence to the candidate label
label_flip_10,classification/train/3/02634.jpg,REVIEW,0.6293,True,11 of 15 nearest neighbours have a different candidate label; cross-validated classifier assigns only 18% confidence to the candidate label
label_flip_10,classification/train/3/02644.jpg,REVIEW,0.7073,False,13 of 15 nearest neighbours have a different candidate label; cross-validated classifier assigns only 20% confidence to the candidate label
label_flip_10,classification/train/3/02652.jpg,REVIEW,0.6583,False,13 of 15 nearest neighbours have a different candidate label; cross-validated classifier assigns only 22% confidence to the candidate label
label_flip_10,classification/train/3/02653.jpg,REVIEW,0.6347,False,11 of 15 nearest neighbours have a different candidate label; cross-validated classifier assigns only 23% confidence to the candidate label
label_flip_10,classification/train/3/02688.jpg,REVIEW,0.6545,False,13 of 15 nearest neighbours have a different candidate label; cross-validated classifier assigns only 23% confidence to the candidate label
label_flip_10,classification/train/3/02693.jpg,REVIEW,0.6351,False,12 of 15 nearest neighbours have a different candidate label; cross-validated classifier assigns only 22% confidence to the candidate label
label_flip_10,classification/train/3/02695.jpg,REVIEW,0.6635,False,13 of 15 nearest neighbours have a different candidate label; cross-validated classifier assigns only 21% confidence to the candidate label
label_flip_10,classification/train/3/02702.jpg,REVIEW,0.7277,False,13 of 15 nearest neighbours have a different candidate label; cross-validated classifier assigns only 15% confidence to the candidate label
label_flip_10,classification/train/3/02718.jpg,REVIEW,0.6462,False,12 of 15 nearest neighbours have a different candidate label; cross-validated classifier assigns only 20% confidence to the candidate label
label_flip_10,classification/train/3/02740.jpg,REVIEW,0.6283,False,11 of 15 nearest neighbours have a different candidate label; cross-validated classifier assigns only 19% confidence to the candidate label
label_flip_10,classification/train/3/02744.jpg,REVIEW,0.6949,True,14 of 15 nearest neighbours have a different candidate label; cross-validated classifier assigns only 20% confidence to the candidate label
label_flip_10,classification/train/3/02749.jpg,REVIEW,0.6711,True,13 of 15 nearest neighbours have a different candidate label; cross-validated classifier assigns only 19% confidence to the candidate label
label_flip_10,classification/train/3/02759.jpg,REVIEW,0.6739,False,14 of 15 nearest neighbours have a different candidate label; cross-validated classifier assigns only 25% confidence to the candidate label
label_flip_10,classification/train/3/02771.jpg,REVIEW,0.6479,False,13 of 15 nearest neighbours have a different candidate label; cross-validated classifier assigns only 25% confidence to the candidate label
label_flip_10,classification/train/3/02774.jpg,REVIEW,0.688,False,14 of 15 nearest neighbours have a different candidate label; cross-validated classifier assigns only 21% confidence to the candidate label
label_flip_10,classification/train/3/02776.jpg,REVIEW,0.6481,False,12 of 15 nearest neighbours have a different candidate label; cross-validated classifier assigns only 18% confidence to the candidate label
label_flip_10,classification/train/3/02779.jpg,REVIEW,0.6687,False,13 of 15 nearest neighbours have a different candidate label; cross-validated classifier assigns only 19% confidence to the candidate label
label_flip_10,classification/train/3/02785.jpg,REVIEW,0.6971,False,14 of 15 nearest neighbours have a different candidate label; cross-validated classifier assigns only 19% confidence to the candidate label
label_flip_10,classification/train/3/02788.jpg,REVIEW,0.6474,False,12 of 15 nearest neighbours have a different candidate label; cross-validated classifier assigns only 22% confidence to the candidate label
label_flip_10,classification/train/3/02793.jpg,REVIEW,0.7046,True,14 of 15 nearest neighbours have a different candidate label; cross-validated classifier assigns only 20% confidence to the candidate label
label_flip_10,classification/train/3/02794.jpg,REVIEW,0.6383,False,12 of 15 nearest neighbours have a different candidate label; cross-validated classifier assigns only 20% confidence to the candidate label
label_flip_10,classification/train/3/02808.jpg,REVIEW,0.7171,False,12 of 15 nearest neighbours have a different candidate label; cross-validated classifier assigns only 24% confidence to the candidate label
label_flip_10,classification/train/3/02821.jpg,REVIEW,0.7381,True,15 of 15 nearest neighbours have a different candidate label; cross-validated classifier assigns only 15% confidence to the candidate label
label_flip_10,classification/train/3/02825.jpg,REVIEW,0.6367,False,12 of 15 nearest neighbours have a different candidate label; cross-validated classifier assigns only 21% confidence to the candidate label
label_flip_10,classification/train/3/02834.jpg,REVIEW,0.6852,False,11 of 15 nearest neighbours have a different candidate label; cross-validated classifier assigns only 12% confidence to the candidate label
label_flip_10,classification/train/3/02847.jpg,QUARANTINE,0.7848,False,13 of 15 nearest neighbours have a different candidate label; cross-validated classifier assigns only 10% confidence to the candidate label
label_flip_10,classification/train/3/02860.jpg,REVIEW,0.7077,False,13 of 15 nearest neighbours have a different candidate label; cross-validated classifier assigns only 24% confidence to the candidate label
label_flip_10,classification/train/3/02873.jpg,REVIEW,0.6241,False,12 of 15 nearest neighbours have a different candidate label; cross-validated classifier assigns only 24% confidence to the candidate label
label_flip_10,classification/train/3/02876.jpg,QUARANTINE,0.8174,False,10 of 15 nearest neighbours have a different candidate label; cross-validated classifier assigns only 7% confidence to the candidate label; embedding is 2.7 standard deviations farther from its candidate-class centroid than typical
label_flip_10,classification/train/3/02905.jpg,REVIEW,0.6214,False,12 of 15 nearest neighbours have a different candidate label; cross-validated classifier assigns only 25% confidence to the candidate label
label_flip_10,classification/train/4/02919.jpg,REVIEW,0.724,False,13 of 15 nearest neighbours have a different candidate label; cross-validated classifier assigns only 11% confidence to the candidate label
label_flip_10,classification/train/4/02923.jpg,REVIEW,0.712,True,15 of 15 nearest neighbours have a different candidate label; cross-validated classifier assigns only 22% confidence to the candidate label
label_flip_10,classification/train/4/02926.jpg,QUARANTINE,0.8724,True,15 of 15 nearest neighbours have a different candidate label; cross-validated classifier assigns only 6% confidence to the candidate label
label_flip_10,classification/train/4/02931.jpg,REVIEW,0.7357,False,14 of 15 nearest neighbours have a different candidate label; cross-validated classifier assigns only 19% confidence to the candidate label
label_flip_10,classification/train/4/02938.jpg,REVIEW,0.7128,False,14 of 15 nearest neighbours have a different candidate label; cross-validated classifier assigns only 19% confidence to the candidate label
label_flip_10,classification/train/4/02943.jpg,REVIEW,0.7437,False,15 of 15 nearest neighbours have a different candidate label; cross-validated classifier assigns only 16% confidence to the candidate label
label_flip_10,classification/train/4/02947.jpg,REVIEW,0.7419,False,10 of 15 nearest neighbours have a different candidate label; cross-validated classifier assigns only 17% confidence to the candidate label; embedding is 2.1 standard deviations farther from its candidate-class centroid than typical
label_flip_10,classification/train/4/02948.jpg,REVIEW,0.6992,True,14 of 15 nearest neighbours have a different candidate label; cross-validated classifier assigns only 19% confidence to the candidate label
label_flip_10,classification/train/4/02965.jpg,REVIEW,0.6648,False,13 of 15 nearest neighbours have a different candidate label; cross-validated classifier assigns only 21% confidence to the candidate label
label_flip_10,classification/train/4/02996.jpg,QUARANTINE,0.877,True,15 of 15 nearest neighbours have a different candidate label; cross-validated classifier assigns only 4% confidence to the candidate label
label_flip_10,classification/train/4/03000.jpg,REVIEW,0.7123,False,15 of 15 nearest neighbours have a different candidate label; cross-validated classifier assigns only 22% confidence to the candidate label
label_flip_10,classification/train/4/03015.jpg,REVIEW,0.652,False,13 of 15 nearest neighbours have a different candidate label; cross-validated classifier assigns only 24% confidence to the candidate label
label_flip_10,classification/train/4/03017.jpg,QUARANTINE,0.7802,False,13 of 15 nearest neighbours have a different candidate label; cross-validated classifier assigns only 13% confidence to the candidate label
label_flip_10,classification/train/4/03018.jpg,REVIEW,0.6619,False,13 of 15 nearest neighbours have a different candidate label; cross-validated classifier assigns only 21% confidence to the candidate label
label_flip_10,classification/train/4/03036.jpg,REVIEW,0.7225,True,14 of 15 nearest neighbours have a different candidate label; cross-validated classifier assigns only 13% confidence to the candidate label
label_flip_10,classification/train/4/03055.jpg,QUARANTINE,0.7505,True,14 of 15 nearest neighbours have a different candidate label; cross-validated classifier assigns only 9% confidence to the candidate label
label_flip_10,classification/train/4/03057.jpg,QUARANTINE,0.9147,False,13 of 15 nearest neighbours have a different candidate label; cross-validated classifier assigns only 8% confidence to the candidate label; embedding is 3.7 standard deviations farther from its candidate-class centroid than typical
label_flip_10,classification/train/4/03060.jpg,QUARANTINE,0.8481,True,15 of 15 nearest neighbours have a different candidate label; cross-validated classifier assigns only 7% confidence to the candidate label
label_flip_10,classification/train/4/03061.jpg,REVIEW,0.6876,False,14 of 15 nearest neighbours have a different candidate label; cross-validated classifier assigns only 21% confidence to the candidate label
label_flip_10,classification/train/4/03094.jpg,REVIEW,0.7377,False,12 of 15 nearest neighbours have a different candidate label; cross-validated classifier assigns only 10% confidence to the candidate label
label_flip_10,classification/train/4/03109.jpg,REVIEW,0.6579,False,13 of 15 nearest neighbours have a different candidate label; cross-validated classifier assigns only 22% confidence to the candidate label
label_flip_10,classification/train/4/03116.jpg,QUARANTINE,0.8423,False,15 of 15 nearest neighbours have a different candidate label; cross-validated classifier assigns only 11% confidence to the candidate label
label_flip_10,classification/train/4/03118.jpg,QUARANTINE,0.9042,False,12 of 15 nearest neighbours have a different candidate label; cross-validated classifier assigns only 4% confidence to the candidate label; embedding is 3.7 standard deviations farther from its candidate-class centroid than typical
label_flip_10,classification/train/4/03122.jpg,QUARANTINE,0.8337,False,14 of 15 nearest neighbours have a different candidate label; cross-validated classifier assigns only 16% confidence to the candidate label; embedding is 1.9 standard deviations farther from its candidate-class centroid than typical
label_flip_10,classification/train/4/03135.jpg,REVIEW,0.7402,False,15 of 15 nearest neighbours have a different candidate label; cross-validated classifier assigns only 15% confidence to the candidate label
label_flip_10,classification/train/4/03140.jpg,REVIEW,0.6504,False,13 of 15 nearest neighbours have a different candidate label; cross-validated classifier assigns only 24% confidence to the candidate label
label_flip_10,classification/train/4/03148.jpg,QUARANTINE,0.8942,True,13 of 15 nearest neighbours have a different candidate label; cross-validated classifier assigns only 13% confidence to the candidate label; embedding is 3.0 standard deviations farther from its candidate-class centroid than typical
label_flip_10,classification/train/4/03163.jpg,QUARANTINE,0.7783,False,14 of 15 nearest neighbours have a different candidate label; cross-validated classifier assigns only 10% confidence to the candidate label
label_flip_10,classification/train/4/03165.jpg,REVIEW,0.7068,False,12 of 15 nearest neighbours have a different candidate label; cross-validated classifier assigns only 10% confidence to the candidate label
label_flip_10,classification/train/4/03168.jpg,REVIEW,0.6655,False,13 of 15 nearest neighbours have a different candidate label; cross-validated classifier assigns only 20% confidence to the candidate label
label_flip_10,classification/train/4/03170.jpg,REVIEW,0.6223,False,11 of 15 nearest neighbours have a different candidate label; cross-validated classifier assigns only 18% confidence to the candidate label
label_flip_10,classification/train/4/03178.jpg,REVIEW,0.6751,False,13 of 15 nearest neighbours have a different candidate label; cross-validated classifier assigns only 18% confidence to the candidate label
label_flip_10,classification/train/4/03179.jpg,QUARANTINE,0.9369,False,13 of 15 nearest neighbours have a different candidate label; cross-validated classifier assigns only 2% confidence to the candidate label; embedding is 3.8 standard deviations farther from its candidate-class centroid than typical
label_flip_10,classification/train/4/03184.jpg,QUARANTINE,0.9347,False,13 of 15 nearest neighbours have a different candidate label; cross-validated classifier assigns only 3% confidence to the candidate label; embedding is 3.6 standard deviations farther from its candidate-class centroid than typical
label_flip_10,classification/train/4/03191.jpg,REVIEW,0.6302,False,12 of 15 nearest neighbours have a different candidate label; cross-validated classifier assigns only 22% confidence to the candidate label
label_flip_10,classification/train/4/03193.jpg,REVIEW,0.6506,False,13 of 15 nearest neighbours have a different candidate label; cross-validated classifier assigns only 24% confidence to the candidate label
label_flip_10,classification/train/4/03194.jpg,QUARANTINE,0.8794,True,15 of 15 nearest neighbours have a different candidate label; cross-validated classifier assigns only 7% confidence to the candidate label; embedding is 1.6 standard deviations farther from its candidate-class centroid than typical
label_flip_10,classification/train/4/03197.jpg,REVIEW,0.6324,False,12 of 15 nearest neighbours have a different candidate label; cross-validated classifier assigns only 22% confidence to the candidate label
label_flip_10,classification/train/4/03209.jpg,REVIEW,0.6707,False,12 of 15 nearest neighbours have a different candidate label; cross-validated classifier assigns only 13% confidence to the candidate label
label_flip_10,classification/train/4/03238.jpg,REVIEW,0.7194,False,13 of 15 nearest neighbours have a different candidate label; cross-validated classifier assigns only 12% confidence to the candidate label
label_flip_10,classification/train/4/03245.jpg,REVIEW,0.6644,False,14 of 15 nearest neighbours have a different candidate label; cross-validated classifier assigns only 27% confidence to the candidate label
label_flip_10,classification/train/4/03253.jpg,QUARANTINE,0.9028,False,12 of 15 nearest neighbours have a different candidate label; cross-validated classifier assigns only 4% confidence to the candidate label; embedding is 3.6 standard deviations farther from its candidate-class centroid than typical
label_flip_10,classification/train/4/03260.jpg,QUARANTINE,0.7646,False,12 of 15 nearest neighbours have a different candidate label; cross-validated classifier assigns only 13% confidence to the candidate label
label_flip_10,classification/train/4/03264.jpg,REVIEW,0.7141,False,14 of 15 nearest neighbours have a different candidate label; cross-validated classifier assigns only 16% confidence to the candidate label
label_flip_10,classification/train/4/03265.jpg,REVIEW,0.7088,False,14 of 15 nearest neighbours have a different candidate label; cross-validated classifier assigns only 16% confidence to the candidate label
label_flip_10,classification/train/4/03326.jpg,REVIEW,0.6844,False,13 of 15 nearest neighbours have a different candidate label; cross-validated classifier assigns only 16% confidence to the candidate label
label_flip_10,classification/train/4/03347.jpg,QUARANTINE,0.8683,False,11 of 15 nearest neighbours have a different candidate label; cross-validated classifier assigns only 6% confidence to the candidate label; embedding is 3.1 standard deviations farther from its candidate-class centroid than typical
label_flip_10,classification/train/4/03358.jpg,QUARANTINE,0.7557,False,14 of 15 nearest neighbours have a different candidate label; cross-validated classifier assigns only 13% confidence to the candidate label
label_flip_10,classification/train/4/03364.jpg,REVIEW,0.6671,False,14 of 15 nearest neighbours have a different candidate label; cross-validated classifier assigns only 27% confidence to the candidate label
label_flip_10,classification/train/4/03369.jpg,REVIEW,0.7022,False,13 of 15 nearest neighbours have a different candidate label; cross-validated classifier assigns only 13% confidence to the candidate label
label_flip_10,classification/train/4/03399.jpg,REVIEW,0.6921,False,14 of 15 nearest neighbours have a different candidate label; cross-validated classifier assigns only 25% confidence to the candidate label
label_flip_10,classification/train/4/03413.jpg,QUARANTINE,0.7805,True,15 of 15 nearest neighbours have a different candidate label; cross-validated classifier assigns only 15% confidence to the candidate label
label_flip_10,classification/train/5/03427.jpg,QUARANTINE,0.7959,False,13 of 15 nearest neighbours have a different candidate label; cross-validated classifier assigns only 9% confidence to the candidate label
label_flip_10,classification/train/5/03434.jpg,QUARANTINE,0.7622,False,14 of 15 nearest neighbours have a different candidate label; cross-validated classifier assigns only 17% confidence to the candidate label
label_flip_10,classification/train/5/03435.jpg,QUARANTINE,0.7589,False,13 of 15 nearest neighbours have a different candidate label; cross-validated classifier assigns only 14% confidence to the candidate label
label_flip_10,classification/train/5/03438.jpg,QUARANTINE,0.7747,False,13 of 15 nearest neighbours have a different candidate label; cross-validated classifier assigns only 12% confidence to the candidate label
label_flip_10,classification/train/5/03444.jpg,REVIEW,0.726,False,12 of 15 nearest neighbours have a different candidate label; cross-validated classifier assigns only 16% confidence to the candidate label
label_flip_10,classification/train/5/03452.jpg,QUARANTINE,0.9824,True,15 of 15 nearest neighbours have a different candidate label; cross-validated classifier assigns only 4% confidence to the candidate label; embedding is 3.7 standard deviations farther from its candidate-class centroid than typical
label_flip_10,classification/train/5/03456.jpg,REVIEW,0.6362,False,12 of 15 nearest neighbours have a different candidate label
label_flip_10,classification/train/5/03461.jpg,QUARANTINE,0.7933,False,15 of 15 nearest neighbours have a different candidate label; cross-validated classifier assigns only 17% confidence to the candidate label
label_flip_10,classification/train/5/03465.jpg,QUARANTINE,0.9206,True,13 of 15 nearest neighbours have a different candidate label; cross-validated classifier assigns only 7% confidence to the candidate label; embedding is 3.4 standard deviations farther from its candidate-class centroid than typical
label_flip_10,classification/train/5/03470.jpg,REVIEW,0.7382,False,14 of 15 nearest neighbours have a different candidate label; cross-validated classifier assigns only 19% confidence to the candidate label
label_flip_10,classification/train/5/03479.jpg,QUARANTINE,0.9886,True,15 of 15 nearest neighbours have a different candidate label; cross-validated classifier assigns only 3% confidence to the candidate label; embedding is 3.7 standard deviations farther from its candidate-class centroid than typical
label_flip_10,classification/train/5/03480.jpg,QUARANTINE,0.7512,False,12 of 15 nearest neighbours have a different candidate label; cross-validated classifier assigns only 15% confidence to the candidate label
label_flip_10,classification/train/5/03482.jpg,QUARANTINE,0.7503,False,13 of 15 nearest neighbours have a different candidate label; cross-validated classifier assigns only 16% confidence to the candidate label
label_flip_10,classification/train/5/03483.jpg,QUARANTINE,0.8609,False,15 of 15 nearest neighbours have a different candidate label; cross-validated classifier assigns only 7% confidence to the candidate label
label_flip_10,classification/train/5/03488.jpg,QUARANTINE,0.956,False,15 of 15 nearest neighbours have a different candidate label; cross-validated classifier assigns only 2% confidence to the candidate label; embedding is 2.5 standard deviations farther from its candidate-class centroid than typical
label_flip_10,classification/train/5/03495.jpg,QUARANTINE,0.9745,True,15 of 15 nearest neighbours have a different candidate label; cross-validated classifier assigns only 6% confidence to the candidate label; embedding is 3.9 standard deviations farther from its candidate-class centroid than typical
label_flip_10,classification/train/5/03504.jpg,QUARANTINE,0.9589,True,14 of 15 nearest neighbours have a different candidate label; cross-validated classifier assigns only 4% confidence to the candidate label; embedding is 4.1 standard deviations farther from its candidate-class centroid than typical
label_flip_10,classification/train/5/03530.jpg,QUARANTINE,0.9499,True,14 of 15 nearest neighbours have a different candidate label; cross-validated classifier assigns only 5% confidence to the candidate label; embedding is 2.9 standard deviations farther from its candidate-class centroid than typical
label_flip_10,classification/train/5/03541.jpg,QUARANTINE,0.7919,False,13 of 15 nearest neighbours have a different candidate label; cross-validated classifier assigns only 11% confidence to the candidate label
label_flip_10,classification/train/5/03542.jpg,QUARANTINE,0.9142,True,13 of 15 nearest neighbours have a different candidate label; cross-validated classifier assigns only 8% confidence to the candidate label; embedding is 3.3 standard deviations farther from its candidate-class centroid than typical
label_flip_10,classification/train/5/03546.jpg,QUARANTINE,0.804,False,15 of 15 nearest neighbours have a different candidate label; cross-validated classifier assigns only 17% confidence to the candidate label
label_flip_10,classification/train/5/03550.jpg,REVIEW,0.6993,False,12 of 15 nearest neighbours have a different candidate label; cross-validated classifier assigns only 15% confidence to the candidate label
label_flip_10,classification/train/5/03551.jpg,QUARANTINE,0.7798,False,13 of 15 nearest neighbours have a different candidate label; cross-validated classifier assigns only 13% confidence to the candidate label
label_flip_10,classification/train/5/03552.jpg,REVIEW,0.6805,False,11 of 15 nearest neighbours have a different candidate label; cross-validated classifier assigns only 19% confidence to the candidate label
label_flip_10,classification/train/5/03557.jpg,QUARANTINE,0.804,False,14 of 15 nearest neighbours have a different candidate label; cross-validated classifier assigns only 14% confidence to the candidate label
label_flip_10,classification/train/5/03560.jpg,QUARANTINE,0.755,False,15 of 15 nearest neighbours have a different candidate label; cross-validated classifier assigns only 18% confidence to the candidate label
label_flip_10,classification/train/5/03561.jpg,QUARANTINE,0.7573,False,13 of 15 nearest neighbours have a different candidate label; cross-validated classifier assigns only 13% confidence to the candidate label
label_flip_10,classification/train/5/03564.jpg,REVIEW,0.6899,False,14 of 15 nearest neighbours have a different candidate label; cross-validated classifier assigns only 26% confidence to the candidate label
label_flip_10,classification/train/5/03565.jpg,QUARANTINE,0.8805,False,14 of 15 nearest neighbours have a different candidate label; cross-validated classifier assigns only 5% confidence to the candidate label; embedding is 1.9 standard deviations farther from its candidate-class centroid than typical
label_flip_10,classification/train/5/03568.jpg,QUARANTINE,0.9812,True,15 of 15 nearest neighbours have a different candidate label; cross-validated classifier assigns only 5% confidence to the candidate label; embedding is 3.3 standard deviations farther from its candidate-class centroid than typical
label_flip_10,classification/train/5/03570.jpg,QUARANTINE,0.9702,True,15 of 15 nearest neighbours have a different candidate label; cross-validated classifier assigns only 7% confidence to the candidate label; embedding is 3.6 standard deviations farther from its candidate-class centroid than typical
label_flip_10,classification/train/5/03582.jpg,QUARANTINE,0.7811,False,14 of 15 nearest neighbours have a different candidate label; cross-validated classifier assigns only 17% confidence to the candidate label
label_flip_10,classification/train/5/03592.jpg,QUARANTINE,0.9593,True,14 of 15 nearest neighbours have a different candidate label; cross-validated classifier assigns only 3% confidence to the candidate label; embedding is 4.0 standard deviations farther from its candidate-class centroid than typical
label_flip_10,classification/train/5/03594.jpg,REVIEW,0.7003,False,12 of 15 nearest neighbours have a different candidate label; cross-validated classifier assigns only 15% confidence to the candidate label
label_flip_10,classification/train/5/03600.jpg,QUARANTINE,0.8733,False,15 of 15 nearest neighbours have a different candidate label; cross-validated classifier assigns only 8% confidence to the candidate label; embedding is 1.6 standard deviations farther from its candidate-class centroid than typical
label_flip_10,classification/train/5/03603.jpg,QUARANTINE,0.7957,False,13 of 15 nearest neighbours have a different candidate label; cross-validated classifier assigns only 9% confidence to the candidate label
label_flip_10,classification/train/5/03608.jpg,REVIEW,0.6873,False,12 of 15 nearest neighbours have a different candidate label; cross-validated classifier assigns only 23% confidence to the candidate label
label_flip_10,classification/train/5/03611.jpg,QUARANTINE,0.9836,True,15 of 15 nearest neighbours have a different candidate label; cross-validated classifier assigns only 4% confidence to the candidate label; embedding is 4.1 standard deviations farther from its candidate-class centroid than typical
label_flip_10,classification/train/5/03617.jpg,QUARANTINE,0.8116,False,15 of 15 nearest neighbours have a different candidate label; cross-validated classifier assigns only 7% confidence to the candidate label
label_flip_10,classification/train/5/03618.jpg,QUARANTINE,0.7694,False,13 of 15 nearest neighbours have a different candidate label; cross-validated classifier assigns only 12% confidence to the candidate label
label_flip_10,classification/train/5/03626.jpg,QUARANTINE,0.7821,False,14 of 15 nearest neighbours have a different candidate label; cross-validated classifier assigns only 11% confidence to the candidate label
label_flip_10,classification/train/5/03629.jpg,REVIEW,0.6392,False,12 of 15 nearest neighbours have a different candidate label; cross-validated classifier assigns only 26% confidence to the candidate label
label_flip_10,classification/train/5/03630.jpg,QUARANTINE,0.7716,False,13 of 15 nearest neighbours have a different candidate label; cross-validated classifier assigns only 12% confidence to the candidate label
label_flip_10,classification/train/5/03635.jpg,QUARANTINE,0.8081,False,15 of 15 nearest neighbours have a different candidate label; cross-validated classifier assigns only 16% confidence to the candidate label
label_flip_10,classification/train/5/03637.jpg,QUARANTINE,0.7834,False,13 of 15 nearest neighbours have a different candidate label; cross-validated classifier assigns only 10% confidence to the candidate label
label_flip_10,classification/train/5/03639.jpg,REVIEW,0.683,True,13 of 15 nearest neighbours have a different candidate label; cross-validated classifier assigns only 16% confidence to the candidate label
label_flip_10,classification/train/5/03641.jpg,QUARANTINE,0.774,False,14 of 15 nearest neighbours have a different candidate label; cross-validated classifier assigns only 13% confidence to the candidate label
label_flip_10,classification/train/5/03642.jpg,QUARANTINE,0.8582,False,15 of 15 nearest neighbours have a different candidate label; cross-validated classifier assigns only 8% confidence to the candidate label
label_flip_10,classification/train/5/03650.jpg,QUARANTINE,0.8086,False,13 of 15 nearest neighbours have a different candidate label; cross-validated classifier assigns only 9% confidence to the candidate label
label_flip_10,classification/train/5/03669.jpg,REVIEW,0.635,False,12 of 15 nearest neighbours have a different candidate label; cross-validated classifier assigns only 21% confidence to the candidate label
label_flip_10,classification/train/5/03678.jpg,REVIEW,0.6804,False,13 of 15 nearest neighbours have a different candidate label; cross-validated classifier assigns only 26% confidence to the candidate label
label_flip_10,classification/train/5/03679.jpg,REVIEW,0.7129,False,12 of 15 nearest neighbours have a different candidate label; cross-validated classifier assigns only 19% confidence to the candidate label
label_flip_10,classification/train/5/03684.jpg,QUARANTINE,0.9049,False,15 of 15 nearest neighbours have a different candidate label; cross-validated classifier assigns only 6% confidence to the candidate label; embedding is 1.9 standard deviations farther from its candidate-class centroid than typical
label_flip_10,classification/train/5/03701.jpg,QUARANTINE,0.9325,True,13 of 15 nearest neighbours have a different candidate label; cross-validated classifier assigns only 4% confidence to the candidate label; embedding is 3.3 standard deviations farther from its candidate-class centroid than typical
label_flip_10,classification/train/5/03706.jpg,REVIEW,0.648,False,13 of 15 nearest neighbours have a different candidate label
label_flip_10,classification/train/5/03711.jpg,REVIEW,0.6675,False,13 of 15 nearest neighbours have a different candidate label; cross-validated classifier assigns only 30% confidence to the candidate label
label_flip_10,classification/train/5/03724.jpg,QUARANTINE,0.9488,True,14 of 15 nearest neighbours have a different candidate label; cross-validated classifier assigns only 6% confidence to the candidate label; embedding is 3.1 standard deviations farther from its candidate-class centroid than typical
label_flip_10,classification/train/5/03732.jpg,REVIEW,0.7466,False,13 of 15 nearest neighbours have a different candidate label; cross-validated classifier assigns only 19% confidence to the candidate label
label_flip_10,classification/train/5/03734.jpg,QUARANTINE,0.7794,False,14 of 15 nearest neighbours have a different candidate label; cross-validated classifier assigns only 14% confidence to the candidate label
label_flip_10,classification/train/5/03740.jpg,REVIEW,0.6951,False,12 of 15 nearest neighbours have a different candidate label; cross-validated classifier assigns only 24% confidence to the candidate label
label_flip_10,classification/train/5/03744.jpg,REVIEW,0.6807,False,10 of 15 nearest neighbours have a different candidate label; cross-validated classifier assigns only 17% confidence to the candidate label
label_flip_10,classification/train/5/03769.jpg,QUARANTINE,0.9945,True,15 of 15 nearest neighbours have a different candidate label; cross-validated classifier assigns only 1% confidence to the candidate label; embedding is 4.0 standard deviations farther from its candidate-class centroid than typical
label_flip_10,classification/train/5/03776.jpg,QUARANTINE,0.8027,False,14 of 15 nearest neighbours have a different candidate label; cross-validated classifier assigns only 8% confidence to the candidate label
label_flip_10,classification/train/5/03798.jpg,QUARANTINE,0.8803,False,15 of 15 nearest neighbours have a different candidate label; cross-validated classifier assigns only 6% confidence to the candidate label; embedding is 1.6 standard deviations farther from its candidate-class centroid than typical
label_flip_10,classification/train/5/03799.jpg,REVIEW,0.6923,False,10 of 15 nearest neighbours have a different candidate label; cross-validated classifier assigns only 12% confidence to the candidate label
label_flip_10,classification/train/5/03800.jpg,QUARANTINE,0.9379,True,15 of 15 nearest neighbours have a different candidate label; cross-validated classifier assigns only 8% confidence to the candidate label; embedding is 2.5 standard deviations farther from its candidate-class centroid than typical
label_flip_10,classification/train/5/03819.jpg,REVIEW,0.6499,False,12 of 15 nearest neighbours have a different candidate label; cross-validated classifier assigns only 25% confidence to the candidate label
label_flip_10,classification/train/5/03827.jpg,QUARANTINE,0.7788,False,13 of 15 nearest neighbours have a different candidate label; cross-validated classifier assigns only 12% confidence to the candidate label
label_flip_10,classification/train/5/03836.jpg,REVIEW,0.6363,True,12 of 15 nearest neighbours have a different candidate label; cross-validated classifier assigns only 27% confidence to the candidate label
label_flip_10,classification/train/5/03850.jpg,QUARANTINE,0.9567,True,15 of 15 nearest neighbours have a different candidate label; cross-validated classifier assigns only 11% confidence to the candidate label; embedding is 3.5 standard deviations farther from its candidate-class centroid than typical
label_flip_10,classification/train/5/03855.jpg,QUARANTINE,0.8954,False,14 of 15 nearest neighbours have a different candidate label; cross-validated classifier assigns only 2% confidence to the candidate label; embedding is 2.0 standard deviations farther from its candidate-class centroid than typical
label_flip_10,classification/train/5/03882.jpg,REVIEW,0.6447,False,12 of 15 nearest neighbours have a different candidate label; cross-validated classifier assigns only 27% confidence to the candidate label
label_flip_10,classification/train/5/03884.jpg,QUARANTINE,0.78,False,13 of 15 nearest neighbours have a different candidate label; cross-validated classifier assigns only 8% confidence to the candidate label
label_flip_10,classification/train/5/03896.jpg,REVIEW,0.7445,False,14 of 15 nearest neighbours have a different candidate label; cross-validated classifier assigns only 22% confidence to the candidate label
label_flip_10,classification/train/5/03913.jpg,REVIEW,0.7262,False,12 of 15 nearest neighbours have a different candidate label; cross-validated classifier assigns only 12% confidence to the candidate label
label_flip_10,classification/train/5/03916.jpg,QUARANTINE,0.9873,True,15 of 15 nearest neighbours have a different candidate label; cross-validated classifier assigns only 3% confidence to the candidate label; embedding is 3.4 standard deviations farther from its candidate-class centroid than typical
label_flip_10,classification/train/5/03924.jpg,QUARANTINE,0.9729,True,15 of 15 nearest neighbours have a different candidate label; cross-validated classifier assigns only 7% confidence to the candidate label; embedding is 3.3 standard deviations farther from its candidate-class centroid than typical
label_flip_10,classification/train/5/03925.jpg,QUARANTINE,0.8092,False,14 of 15 nearest neighbours have a different candidate label; cross-validated classifier assigns only 13% confidence to the candidate label
targeted_0_to_1,classification/train/0/00002.jpg,QUARANTINE,0.7649,True,14 of 15 nearest neighbours have a different candidate label; cross-validated classifier assigns only 12% confidence to the candidate label
targeted_0_to_1,classification/train/0/00005.jpg,QUARANTINE,0.8413,False,13 of 15 nearest neighbours have a different candidate label; cross-validated classifier assigns only 12% confidence to the candidate label; embedding is 2.2 standard deviations farther from its candidate-class centroid than typical
targeted_0_to_1,classification/train/0/00017.jpg,REVIEW,0.6266,False,11 of 15 nearest neighbours have a different candidate label; cross-validated classifier assigns only 17% confidence to the candidate label
targeted_0_to_1,classification/train/0/00053.jpg,REVIEW,0.6201,False,11 of 15 nearest neighbours have a different candidate label; cross-validated classifier assigns only 18% confidence to the candidate label
targeted_0_to_1,classification/train/0/00060.jpg,REVIEW,0.6907,False,13 of 15 nearest neighbours have a different candidate label; cross-validated classifier assigns only 14% confidence to the candidate label
targeted_0_to_1,classification/train/0/00081.jpg,REVIEW,0.6291,True,12 of 15 nearest neighbours have a different candidate label; cross-validated classifier assigns only 23% confidence to the candidate label
targeted_0_to_1,classification/train/0/00086.jpg,QUARANTINE,0.8185,False,14 of 15 nearest neighbours have a different candidate label; cross-validated classifier assigns only 6% confidence to the candidate label
targeted_0_to_1,classification/train/0/00129.jpg,REVIEW,0.7002,False,13 of 15 nearest neighbours have a different candidate label; cross-validated classifier assigns only 12% confidence to the candidate label
targeted_0_to_1,classification/train/0/00160.jpg,QUARANTINE,0.7641,False,15 of 15 nearest neighbours have a different candidate label; cross-validated classifier assigns only 9% confidence to the candidate label
targeted_0_to_1,classification/train/0/00180.jpg,REVIEW,0.687,True,13 of 15 nearest neighbours have a different candidate label; cross-validated classifier assigns only 20% confidence to the candidate label
targeted_0_to_1,classification/train/0/00189.jpg,REVIEW,0.6472,False,12 of 15 nearest neighbours have a different candidate label; cross-validated classifier assigns only 18% confidence to the candidate label
targeted_0_to_1,classification/train/0/00201.jpg,REVIEW,0.6802,False,12 of 15 nearest neighbours have a different candidate label; cross-validated classifier assigns only 20% confidence to the candidate label
targeted_0_to_1,classification/train/0/00203.jpg,REVIEW,0.6739,False,12 of 15 nearest neighbours have a different candidate label; cross-validated classifier assigns only 12% confidence to the candidate label
targeted_0_to_1,classification/train/0/00206.jpg,REVIEW,0.698,False,13 of 15 nearest neighbours have a different candidate label; cross-validated classifier assigns only 12% confidence to the candidate label
targeted_0_to_1,classification/train/0/00221.jpg,REVIEW,0.7244,False,11 of 15 nearest neighbours have a different candidate label; cross-validated classifier assigns only 17% confidence to the candidate label
targeted_0_to_1,classification/train/0/00228.jpg,REVIEW,0.6619,False,12 of 15 nearest neighbours have a different candidate label; cross-validated classifier assigns only 15% confidence to the candidate label
targeted_0_to_1,classification/train/0/00235.jpg,REVIEW,0.6811,False,12 of 15 nearest neighbours have a different candidate label; cross-validated classifier assigns only 20% confidence to the candidate label
targeted_0_to_1,classification/train/0/00239.jpg,REVIEW,0.6935,False,11 of 15 nearest neighbours have a different candidate label; cross-validated classifier assigns only 15% confidence to the candidate label
targeted_0_to_1,classification/train/0/00249.jpg,QUARANTINE,0.8291,False,13 of 15 nearest neighbours have a different candidate label; cross-validated classifier assigns only 10% confidence to the candidate label; embedding is 1.8 standard deviations farther from its candidate-class centroid than typical
targeted_0_to_1,classification/train/0/00257.jpg,REVIEW,0.6562,False,14 of 15 nearest neighbours have a different candidate label; cross-validated classifier assigns only 29% confidence to the candidate label
targeted_0_to_1,classification/train/0/00271.jpg,REVIEW,0.6315,False,12 of 15 nearest neighbours have a different candidate label; cross-validated classifier assigns only 22% confidence to the candidate label
targeted_0_to_1,classification/train/0/00293.jpg,REVIEW,0.6491,False,14 of 15 nearest neighbours have a different candidate label
targeted_0_to_1,classification/train/0/00308.jpg,REVIEW,0.6973,True,14 of 15 nearest neighbours have a different candidate label; cross-validated classifier assigns only 19% confidence to the candidate label
targeted_0_to_1,classification/train/0/00321.jpg,REVIEW,0.6212,False,11 of 15 nearest neighbours have a different candidate label; cross-validated classifier assigns only 18% confidence to the candidate label
targeted_0_to_1,classification/train/0/00330.jpg,REVIEW,0.6937,False,11 of 15 nearest neighbours have a different candidate label; cross-validated classifier assigns only 17% confidence to the candidate label
targeted_0_to_1,classification/train/0/00353.jpg,QUARANTINE,0.8201,False,14 of 15 nearest neighbours have a different candidate label; cross-validated classifier assigns only 15% confidence to the candidate label; embedding is 1.6 standard deviations farther from its candidate-class centroid than typical
targeted_0_to_1,classification/train/0/00379.jpg,REVIEW,0.6879,False,14 of 15 nearest neighbours have a different candidate label; cross-validated classifier assigns only 21% confidence to the candidate label
targeted_0_to_1,classification/train/0/00437.jpg,QUARANTINE,0.758,False,12 of 15 nearest neighbours have a different candidate label; cross-validated classifier assigns only 11% confidence to the candidate label
targeted_0_to_1,classification/train/0/00441.jpg,REVIEW,0.6517,False,13 of 15 nearest neighbours have a different candidate label; cross-validated classifier assigns only 24% confidence to the candidate label
targeted_0_to_1,classification/train/0/00463.jpg,QUARANTINE,0.7581,False,14 of 15 nearest neighbours have a different candidate label; cross-validated classifier assigns only 22% confidence to the candidate label
targeted_0_to_1,classification/train/0/00465.jpg,QUARANTINE,0.9193,False,14 of 15 nearest neighbours have a different candidate label; cross-validated classifier assigns only 14% confidence to the candidate label; embedding is 3.4 standard deviations farther from its candidate-class centroid than typical
targeted_0_to_1,classification/train/0/00466.jpg,REVIEW,0.6676,False,13 of 15 nearest neighbours have a different candidate label; cross-validated classifier assigns only 20% confidence to the candidate label
targeted_0_to_1,classification/train/0/00494.jpg,REVIEW,0.6752,False,13 of 15 nearest neighbours have a different candidate label; cross-validated classifier assigns only 18% confidence to the candidate label
targeted_0_to_1,classification/train/0/00501.jpg,REVIEW,0.6535,True,11 of 15 nearest neighbours have a different candidate label; cross-validated classifier assigns only 17% confidence to the candidate label
targeted_0_to_1,classification/train/0/00510.jpg,REVIEW,0.6629,False,12 of 15 nearest neighbours have a different candidate label; cross-validated classifier assigns only 14% confidence to the candidate label
targeted_0_to_1,classification/train/0/00533.jpg,REVIEW,0.6402,True,10 of 15 nearest neighbours have a different candidate label; cross-validated classifier assigns only 13% confidence to the candidate label
targeted_0_to_1,classification/train/0/00538.jpg,REVIEW,0.6624,False,12 of 15 nearest neighbours have a different candidate label; cross-validated classifier assigns only 21% confidence to the candidate label
targeted_0_to_1,classification/train/0/00567.jpg,QUARANTINE,0.9845,False,15 of 15 nearest neighbours have a different candidate label; cross-validated classifier assigns only 3% confidence to the candidate label; embedding is 3.0 standard deviations farther from its candidate-class centroid than typical
targeted_0_to_1,classification/train/0/00601.jpg,QUARANTINE,0.7639,False,13 of 15 nearest neighbours have a different candidate label; cross-validated classifier assigns only 22% confidence to the candidate label; embedding is 1.6 standard deviations farther from its candidate-class centroid than typical
targeted_0_to_1,classification/train/0/00609.jpg,REVIEW,0.6783,False,9 of 15 nearest neighbours have a different candidate label; cross-validated classifier assigns only 27% confidence to the candidate label; embedding is 2.2 standard deviations farther from its candidate-class centroid than typical
targeted_0_to_1,classification/train/0/00631.jpg,REVIEW,0.6431,False,13 of 15 nearest neighbours have a different candidate label; cross-validated classifier assigns only 26% confidence to the candidate label
targeted_0_to_1,classification/train/0/00650.jpg,REVIEW,0.6528,False,11 of 15 nearest neighbours have a different candidate label; cross-validated classifier assigns only 10% confidence to the candidate label
targeted_0_to_1,classification/train/0/00653.jpg,REVIEW,0.6506,False,13 of 15 nearest neighbours have a different candidate label; cross-validated classifier assigns only 24% confidence to the candidate label
targeted_0_to_1,classification/train/0/00691.jpg,QUARANTINE,0.8927,False,13 of 15 nearest neighbours have a different candidate label; cross-validated classifier assigns only 7% confidence to the candidate label; embedding is 2.6 standard deviations farther from its candidate-class centroid than typical
targeted_0_to_1,classification/train/0/00699.jpg,QUARANTINE,0.9764,True,15 of 15 nearest neighbours have a different candidate label; cross-validated classifier assigns only 6% confidence to the candidate label; embedding is 4.5 standard deviations farther from its candidate-class centroid than typical
targeted_0_to_1,classification/train/0/00700.jpg,REVIEW,0.6217,True,12 of 15 nearest neighbours have a different candidate label; cross-validated classifier assigns only 25% confidence to the candidate label
targeted_0_to_1,classification/train/0/00730.jpg,REVIEW,0.6352,False,12 of 15 nearest neighbours have a different candidate label; cross-validated classifier assigns only 21% confidence to the candidate label
targeted_0_to_1,classification/train/0/00735.jpg,QUARANTINE,0.9567,False,15 of 15 nearest neighbours have a different candidate label; cross-validated classifier assigns only 4% confidence to the candidate label; embedding is 2.6 standard deviations farther from its candidate-class centroid than typical
targeted_0_to_1,classification/train/0/00749.jpg,QUARANTINE,0.9208,False,14 of 15 nearest neighbours have a different candidate label; cross-validated classifier assigns only 13% confidence to the candidate label; embedding is 3.8 standard deviations farther from its candidate-class centroid than typical
targeted_0_to_1,classification/train/0/00768.jpg,REVIEW,0.6649,False,12 of 15 nearest neighbours have a different candidate label; cross-validated classifier assigns only 27% confidence to the candidate label
targeted_0_to_1,classification/train/0/00803.jpg,REVIEW,0.6902,False,13 of 15 nearest neighbours have a different candidate label; cross-validated classifier assigns only 21% confidence to the candidate label
targeted_0_to_1,classification/train/0/00813.jpg,REVIEW,0.6327,False,11 of 15 nearest neighbours have a different candidate label; cross-validated classifier assigns only 22% confidence to the candidate label
targeted_0_to_1,classification/train/0/00816.jpg,QUARANTINE,0.8444,True,13 of 15 nearest neighbours have a different candidate label; cross-validated classifier assigns only 4% confidence to the candidate label; embedding is 1.7 standard deviations farther from its candidate-class centroid than typical
targeted_0_to_1,classification/train/0/00831.jpg,QUARANTINE,0.8944,False,13 of 15 nearest neighbours have a different candidate label; cross-validated classifier assigns only 13% confidence to the candidate label; embedding is 3.5 standard deviations farther from its candidate-class centroid than typical
targeted_0_to_1,classification/train/0/00844.jpg,REVIEW,0.6454,False,13 of 15 nearest neighbours have a different candidate label; cross-validated classifier assigns only 25% confidence to the candidate label
targeted_0_to_1,classification/train/0/00851.jpg,REVIEW,0.6279,True,12 of 15 nearest neighbours have a different candidate label; cross-validated classifier assigns only 23% confidence to the candidate label
targeted_0_to_1,classification/train/0/00861.jpg,REVIEW,0.6405,False,12 of 15 nearest neighbours have a different candidate label; cross-validated classifier assigns only 20% confidence to the candidate label
targeted_0_to_1,classification/train/0/00868.jpg,REVIEW,0.6427,False,12 of 15 nearest neighbours have a different candidate label; cross-validated classifier assigns only 19% confidence to the candidate label
targeted_0_to_1,classification/train/0/00877.jpg,REVIEW,0.6572,True,14 of 15 nearest neighbours have a different candidate label; cross-validated classifier assigns only 29% confidence to the candidate label
targeted_0_to_1,classification/train/0/00883.jpg,REVIEW,0.6209,False,11 of 15 nearest neighbours have a different candidate label; cross-validated classifier assigns only 29% confidence to the candidate label
targeted_0_to_1,classification/train/0/00887.jpg,REVIEW,0.6367,False,12 of 15 nearest neighbours have a different candidate label; cross-validated classifier assigns only 21% confidence to the candidate label
targeted_0_to_1,classification/train/0/00906.jpg,REVIEW,0.6725,False,13 of 15 nearest neighbours have a different candidate label; cross-validated classifier assigns only 19% confidence to the candidate label
targeted_0_to_1,classification/train/0/00911.jpg,REVIEW,0.6276,False,11 of 15 nearest neighbours have a different candidate label; cross-validated classifier assigns only 16% confidence to the candidate label
targeted_0_to_1,classification/train/0/00917.jpg,REVIEW,0.7159,False,13 of 15 nearest neighbours have a different candidate label; embedding is 1.5 standard deviations farther from its candidate-class centroid than typical
targeted_0_to_1,classification/train/0/00937.jpg,REVIEW,0.6455,False,11 of 15 nearest neighbours have a different candidate label; cross-validated classifier assigns only 22% confidence to the candidate label
targeted_0_to_1,classification/train/0/00949.jpg,REVIEW,0.7105,False,14 of 15 nearest neighbours have a different candidate label; cross-validated classifier assigns only 16% confidence to the candidate label
targeted_0_to_1,classification/train/0/00954.jpg,REVIEW,0.6868,True,14 of 15 nearest neighbours have a different candidate label; cross-validated classifier assigns only 22% confidence to the candidate label
targeted_0_to_1,classification/train/0/00956.jpg,REVIEW,0.636,False,10 of 15 nearest neighbours have a different candidate label; cross-validated classifier assigns only 21% confidence to the candidate label
targeted_0_to_1,classification/train/0/00966.jpg,REVIEW,0.6236,False,12 of 15 nearest neighbours have a different candidate label; cross-validated classifier assigns only 24% confidence to the candidate label
targeted_0_to_1,classification/train/0/00981.jpg,REVIEW,0.6733,False,12 of 15 nearest neighbours have a different candidate label; cross-validated classifier assigns only 22% confidence to the candidate label
targeted_0_to_1,classification/train/0/00986.jpg,REVIEW,0.6305,True,12 of 15 nearest neighbours have a different candidate label; cross-validated classifier assigns only 27% confidence to the candidate label
targeted_0_to_1,classification/train/0/00990.jpg,REVIEW,0.6464,False,12 of 15 nearest neighbours have a different candidate label; cross-validated classifier assigns only 18% confidence to the candidate label
targeted_0_to_1,classification/train/0/00994.jpg,QUARANTINE,0.7941,False,14 of 15 nearest neighbours have a different candidate label; cross-validated classifier assigns only 10% confidence to the candidate label
targeted_0_to_1,classification/train/0/01013.jpg,REVIEW,0.7051,False,11 of 15 nearest neighbours have a different candidate label; embedding is 3.1 standard deviations farther from its candidate-class centroid than typical
targeted_0_to_1,classification/train/0/01030.jpg,REVIEW,0.6302,False,11 of 15 nearest neighbours have a different candidate label; cross-validated classifier assigns only 16% confidence to the candidate label
targeted_0_to_1,classification/train/0/01032.jpg,REVIEW,0.6927,False,11 of 15 nearest neighbours have a different candidate label; cross-validated classifier assigns only 14% confidence to the candidate label
targeted_0_to_1,classification/train/0/01054.jpg,REVIEW,0.6907,False,13 of 15 nearest neighbours have a different candidate label; cross-validated classifier assigns only 14% confidence to the candidate label
targeted_0_to_1,classification/train/0/01055.jpg,REVIEW,0.6673,False,13 of 15 nearest neighbours have a different candidate label; cross-validated classifier assigns only 24% confidence to the candidate label
targeted_0_to_1,classification/train/0/01063.jpg,REVIEW,0.6896,False,13 of 15 nearest neighbours have a different candidate label; embedding is 1.8 standard deviations farther from its candidate-class centroid than typical
targeted_0_to_1,classification/train/0/01067.jpg,REVIEW,0.6781,False,13 of 15 nearest neighbours have a different candidate label; cross-validated classifier assigns only 22% confidence to the candidate label
targeted_0_to_1,classification/train/0/01081.jpg,QUARANTINE,0.9408,False,14 of 15 nearest neighbours have a different candidate label; cross-validated classifier assigns only 8% confidence to the candidate label; embedding is 3.5 standard deviations farther from its candidate-class centroid than typical
targeted_0_to_1,classification/train/0/01093.jpg,REVIEW,0.6496,False,13 of 15 nearest neighbours have a different candidate label; cross-validated classifier assigns only 24% confidence to the candidate label
targeted_0_to_1,classification/train/0/01098.jpg,REVIEW,0.6845,True,10 of 15 nearest neighbours have a different candidate label; embedding is 3.3 standard deviations farther from its candidate-class centroid than typical
targeted_0_to_1,classification/train/0/01104.jpg,REVIEW,0.6324,False,10 of 15 nearest neighbours have a different candidate label; cross-validated classifier assigns only 23% confidence to the candidate label
targeted_0_to_1,classification/train/1/01168.jpg,REVIEW,0.6274,False,11 of 15 nearest neighbours have a different candidate label; cross-validated classifier assigns only 21% confidence to the candidate label
targeted_0_to_1,classification/train/1/01171.jpg,REVIEW,0.7332,False,13 of 15 nearest neighbours have a different candidate label; cross-validated classifier assigns only 17% confidence to the candidate label
targeted_0_to_1,classification/train/1/01199.jpg,QUARANTINE,0.7513,False,13 of 15 nearest neighbours have a different candidate label; cross-validated classifier assigns only 15% confidence to the candidate label
targeted_0_to_1,classification/train/1/01201.jpg,REVIEW,0.6474,False,12 of 15 nearest neighbours have a different candidate label
targeted_0_to_1,classification/train/1/01202.jpg,REVIEW,0.7226,False,13 of 15 nearest neighbours have a different candidate label; cross-validated classifier assigns only 9% confidence to the candidate label
targeted_0_to_1,classification/train/1/01205.jpg,REVIEW,0.7455,False,14 of 15 nearest neighbours have a different candidate label; cross-validated classifier assigns only 9% confidence to the candidate label
targeted_0_to_1,classification/train/1/01207.jpg,QUARANTINE,0.7563,False,15 of 15 nearest neighbours have a different candidate label; cross-validated classifier assigns only 17% confidence to the candidate label
targeted_0_to_1,classification/train/1/01217.jpg,QUARANTINE,0.8507,False,12 of 15 nearest neighbours have a different candidate label; cross-validated classifier assigns only 13% confidence to the candidate label; embedding is 2.8 standard deviations farther from its candidate-class centroid than typical
targeted_0_to_1,classification/train/1/01222.jpg,REVIEW,0.6493,False,13 of 15 nearest neighbours have a different candidate label; cross-validated classifier assigns only 24% confidence to the candidate label
targeted_0_to_1,classification/train/1/01228.jpg,REVIEW,0.642,False,10 of 15 nearest neighbours have a different candidate label; cross-validated classifier assigns only 19% confidence to the candidate label
targeted_0_to_1,classification/train/1/01232.jpg,REVIEW,0.6487,False,14 of 15 nearest neighbours have a different candidate label
targeted_0_to_1,classification/train/1/01234.jpg,REVIEW,0.7035,False,15 of 15 nearest neighbours have a different candidate label; cross-validated classifier assigns only 24% confidence to the candidate label
targeted_0_to_1,classification/train/1/01239.jpg,QUARANTINE,0.7555,False,11 of 15 nearest neighbours have a different candidate label; embedding is 2.8 standard deviations farther from its candidate-class centroid than typical
targeted_0_to_1,classification/train/1/01247.jpg,REVIEW,0.7006,False,11 of 15 nearest neighbours have a different candidate label; cross-validated classifier assigns only 13% confidence to the candidate label
targeted_0_to_1,classification/train/1/01266.jpg,REVIEW,0.6469,False,13 of 15 nearest neighbours have a different candidate label; cross-validated classifier assigns only 30% confidence to the candidate label
targeted_0_to_1,classification/train/1/01267.jpg,REVIEW,0.6466,False,13 of 15 nearest neighbours have a different candidate label; cross-validated classifier assigns only 25% confidence to the candidate label
targeted_0_to_1,classification/train/1/01269.jpg,QUARANTINE,0.9643,False,15 of 15 nearest neighbours have a different candidate label; cross-validated classifier assigns only 9% confidence to the candidate label; embedding is 4.3 standard deviations farther from its candidate-class centroid than typical
targeted_0_to_1,classification/train/1/01291.jpg,REVIEW,0.6245,False,11 of 15 nearest neighbours have a different candidate label; cross-validated classifier assigns only 20% confidence to the candidate label
targeted_0_to_1,classification/train/1/01299.jpg,REVIEW,0.634,False,12 of 15 nearest neighbours have a different candidate label; cross-validated classifier assigns only 21% confidence to the candidate label
targeted_0_to_1,classification/train/1/01305.jpg,REVIEW,0.7342,False,12 of 15 nearest neighbours have a different candidate label; cross-validated classifier assigns only 24% confidence to the candidate label; embedding is 1.6 standard deviations farther from its candidate-class centroid than typical
targeted_0_to_1,classification/train/1/01318.jpg,REVIEW,0.6655,False,14 of 15 nearest neighbours have a different candidate label; cross-validated classifier assigns only 27% confidence to the candidate label
targeted_0_to_1,classification/train/1/01323.jpg,REVIEW,0.6769,False,14 of 15 nearest neighbours have a different candidate label; cross-validated classifier assigns only 24% confidence to the candidate label
targeted_0_to_1,classification/train/1/01324.jpg,QUARANTINE,0.8203,False,13 of 15 nearest neighbours have a different candidate label; embedding is 3.4 standard deviations farther from its candidate-class centroid than typical
targeted_0_to_1,classification/train/1/01330.jpg,REVIEW,0.643,False,10 of 15 nearest neighbours have a different candidate label; cross-validated classifier assigns only 16% confidence to the candidate label
targeted_0_to_1,classification/train/1/01350.jpg,REVIEW,0.7109,False,12 of 15 nearest neighbours have a different candidate label; cross-validated classifier assigns only 12% confidence to the candidate label
targeted_0_to_1,classification/train/1/01351.jpg,QUARANTINE,0.8214,False,12 of 15 nearest neighbours have a different candidate label; cross-validated classifier assigns only 25% confidence to the candidate label; embedding is 3.0 standard deviations farther from its candidate-class centroid than typical
targeted_0_to_1,classification/train/1/01355.jpg,REVIEW,0.6673,False,13 of 15 nearest neighbours have a different candidate label; cross-validated classifier assigns only 24% confidence to the candidate label
targeted_0_to_1,classification/train/1/01383.jpg,QUARANTINE,0.958,False,14 of 15 nearest neighbours have a different candidate label; cross-validated classifier assigns only 4% confidence to the candidate label; embedding is 3.8 standard deviations farther from its candidate-class centroid than typical
targeted_0_to_1,classification/train/1/01386.jpg,REVIEW,0.636,False,13 of 15 nearest neighbours have a different candidate label; cross-validated classifier assigns only 28% confidence to the candidate label
targeted_0_to_1,classification/train/1/01388.jpg,REVIEW,0.6461,False,10 of 15 nearest neighbours have a different candidate label; cross-validated classifier assigns only 19% confidence to the candidate label
targeted_0_to_1,classification/train/1/01393.jpg,REVIEW,0.7338,False,14 of 15 nearest neighbours have a different candidate label; cross-validated classifier assigns only 21% confidence to the candidate label
targeted_0_to_1,classification/train/1/01398.jpg,REVIEW,0.6262,False,12 of 15 nearest neighbours have a different candidate label; cross-validated classifier assigns only 23% confidence to the candidate label
targeted_0_to_1,classification/train/1/01406.jpg,REVIEW,0.631,False,11 of 15 nearest neighbours have a different candidate label; cross-validated classifier assigns only 20% confidence to the candidate label
targeted_0_to_1,classification/train/1/01415.jpg,REVIEW,0.663,False,14 of 15 nearest neighbours have a different candidate label; cross-validated classifier assigns only 28% confidence to the candidate label
targeted_0_to_1,classification/train/1/01417.jpg,REVIEW,0.6592,False,13 of 15 nearest neighbours have a different candidate label; cross-validated classifier assigns only 22% confidence to the candidate label
targeted_0_to_1,classification/train/1/01428.jpg,REVIEW,0.6641,False,11 of 15 nearest neighbours have a different candidate label; embedding is 2.8 standard deviations farther from its candidate-class centroid than typical
targeted_0_to_1,classification/train/1/01440.jpg,QUARANTINE,0.8701,False,14 of 15 nearest neighbours have a different candidate label; cross-validated classifier assigns only 26% confidence to the candidate label; embedding is 4.0 standard deviations farther from its candidate-class centroid than typical
targeted_0_to_1,classification/train/1/01447.jpg,REVIEW,0.721,False,15 of 15 nearest neighbours have a different candidate label; cross-validated classifier assigns only 20% confidence to the candidate label
targeted_0_to_1,classification/train/1/01449.jpg,REVIEW,0.6664,False,10 of 15 nearest neighbours have a different candidate label; cross-validated classifier assigns only 29% confidence to the candidate label; embedding is 1.7 standard deviations farther from its candidate-class centroid than typical
targeted_0_to_1,classification/train/1/01451.jpg,REVIEW,0.6377,False,13 of 15 nearest neighbours have a different candidate label; cross-validated classifier assigns only 27% confidence to the candidate label
targeted_0_to_1,classification/train/1/01455.jpg,QUARANTINE,0.7974,False,12 of 15 nearest neighbours have a different candidate label; embedding is 3.5 standard deviations farther from its candidate-class centroid than typical
targeted_0_to_1,classification/train/1/01458.jpg,REVIEW,0.6203,False,12 of 15 nearest neighbours have a different candidate label; cross-validated classifier assigns only 25% confidence to the candidate label
targeted_0_to_1,classification/train/1/01462.jpg,REVIEW,0.6257,False,12 of 15 nearest neighbours have a different candidate label; cross-validated classifier assigns only 24% confidence to the candidate label
targeted_0_to_1,classification/train/1/01468.jpg,REVIEW,0.6651,False,14 of 15 nearest neighbours have a different candidate label; cross-validated classifier assigns only 27% confidence to the candidate label
targeted_0_to_1,classification/train/1/01488.jpg,REVIEW,0.634,False,10 of 15 nearest neighbours have a different candidate label; cross-validated classifier assigns only 11% confidence to the candidate label
targeted_0_to_1,classification/train/1/01504.jpg,REVIEW,0.6215,False,12 of 15 nearest neighbours have a different candidate label; cross-validated classifier assigns only 25% confidence to the candidate label
targeted_0_to_1,classification/train/1/01523.jpg,REVIEW,0.6795,False,11 of 15 nearest neighbours have a different candidate label; embedding is 2.1 standard deviations farther from its candidate-class centroid than typical
targeted_0_to_1,classification/train/1/01529.jpg,REVIEW,0.7071,False,12 of 15 nearest neighbours have a different candidate label; cross-validated classifier assigns only 12% confidence to the candidate label
targeted_0_to_1,classification/train/1/01534.jpg,REVIEW,0.6562,False,14 of 15 nearest neighbours have a different candidate label; cross-validated classifier assigns only 29% confidence to the candidate label
targeted_0_to_1,classification/train/1/01562.jpg,REVIEW,0.6634,False,14 of 15 nearest neighbours have a different candidate label; cross-validated classifier assigns only 27% confidence to the candidate label
targeted_0_to_1,classification/train/1/01565.jpg,REVIEW,0.6284,False,12 of 15 nearest neighbours have a different candidate label; cross-validated classifier assigns only 23% confidence to the candidate label
targeted_0_to_1,classification/train/1/01571.jpg,REVIEW,0.6279,False,13 of 15 nearest neighbours have a different candidate label; cross-validated classifier assigns only 30% confidence to the candidate label
targeted_0_to_1,classification/train/1/01573.jpg,REVIEW,0.7019,False,13 of 15 nearest neighbours have a different candidate label; cross-validated classifier assigns only 15% confidence to the candidate label
targeted_0_to_1,classification/train/1/01580.jpg,QUARANTINE,0.7784,False,15 of 15 nearest neighbours have a different candidate label; cross-validated classifier assigns only 16% confidence to the candidate label
targeted_0_to_1,classification/train/1/01587.jpg,REVIEW,0.6827,False,10 of 15 nearest neighbours have a different candidate label; cross-validated classifier assigns only 12% confidence to the candidate label
targeted_0_to_1,classification/train/1/01594.jpg,REVIEW,0.7432,False,14 of 15 nearest neighbours have a different candidate label; embedding is 2.0 standard deviations farther from its candidate-class centroid than typical
targeted_0_to_1,classification/train/3/01868.jpg,REVIEW,0.6411,False,13 of 15 nearest neighbours have a different candidate label; cross-validated classifier assigns only 26% confidence to the candidate label
targeted_0_to_1,classification/train/3/01874.jpg,REVIEW,0.6902,False,14 of 15 nearest neighbours have a different candidate label; cross-validated classifier assigns only 21% confidence to the candidate label
targeted_0_to_1,classification/train/3/01885.jpg,REVIEW,0.7143,False,11 of 15 nearest neighbours have a different candidate label; cross-validated classifier assigns only 19% confidence to the candidate label
targeted_0_to_1,classification/train/3/01889.jpg,REVIEW,0.6428,False,13 of 15 nearest neighbours have a different candidate label; cross-validated classifier assigns only 26% confidence to the candidate label
targeted_0_to_1,classification/train/3/01900.jpg,REVIEW,0.6601,False,14 of 15 nearest neighbours have a different candidate label; cross-validated classifier assigns only 28% confidence to the candidate label
targeted_0_to_1,classification/train/3/01909.jpg,REVIEW,0.6549,False,14 of 15 nearest neighbours have a different candidate label; cross-validated classifier assigns only 30% confidence to the candidate label
targeted_0_to_1,classification/train/3/01921.jpg,REVIEW,0.7066,False,12 of 15 nearest neighbours have a different candidate label; cross-validated classifier assigns only 15% confidence to the candidate label
targeted_0_to_1,classification/train/3/01923.jpg,QUARANTINE,0.9805,False,15 of 15 nearest neighbours have a different candidate label; cross-validated classifier assigns only 5% confidence to the candidate label; embedding is 3.5 standard deviations farther from its candidate-class centroid than typical
targeted_0_to_1,classification/train/3/01933.jpg,REVIEW,0.6884,False,14 of 15 nearest neighbours have a different candidate label; cross-validated classifier assigns only 21% confidence to the candidate label
targeted_0_to_1,classification/train/3/01937.jpg,REVIEW,0.6469,False,12 of 15 nearest neighbours have a different candidate label; cross-validated classifier assigns only 27% confidence to the candidate label
targeted_0_to_1,classification/train/3/01945.jpg,REVIEW,0.6587,False,13 of 15 nearest neighbours have a different candidate label; cross-validated classifier assigns only 22% confidence to the candidate label
targeted_0_to_1,classification/train/3/01972.jpg,QUARANTINE,0.9414,False,15 of 15 nearest neighbours have a different candidate label; cross-validated classifier assigns only 15% confidence to the candidate label; embedding is 3.9 standard deviations farther from its candidate-class centroid than typical
targeted_0_to_1,classification/train/3/01976.jpg,REVIEW,0.6217,False,13 of 15 nearest neighbours have a different candidate label
targeted_0_to_1,classification/train/3/01983.jpg,REVIEW,0.6703,False,13 of 15 nearest neighbours have a different candidate label; cross-validated classifier assigns only 19% confidence to the candidate label
targeted_0_to_1,classification/train/3/02019.jpg,QUARANTINE,0.8287,False,11 of 15 nearest neighbours have a different candidate label; cross-validated classifier assigns only 10% confidence to the candidate label; embedding is 2.7 standard deviations farther from its candidate-class centroid than typical
targeted_0_to_1,classification/train/3/02025.jpg,QUARANTINE,0.7842,False,13 of 15 nearest neighbours have a different candidate label; cross-validated classifier assigns only 7% confidence to the candidate label
targeted_0_to_1,classification/train/3/02063.jpg,REVIEW,0.679,False,14 of 15 nearest neighbours have a different candidate label; cross-validated classifier assigns only 24% confidence to the candidate label
targeted_0_to_1,classification/train/3/02070.jpg,REVIEW,0.6867,False,10 of 15 nearest neighbours have a different candidate label; cross-validated classifier assigns only 19% confidence to the candidate label
targeted_0_to_1,classification/train/3/02091.jpg,REVIEW,0.6833,False,8 of 15 nearest neighbours have a different candidate label; cross-validated classifier assigns only 12% confidence to the candidate label; embedding is 1.8 standard deviations farther from its candidate-class centroid than typical
targeted_0_to_1,classification/train/3/02129.jpg,REVIEW,0.7401,False,11 of 15 nearest neighbours have a different candidate label; cross-validated classifier assigns only 16% confidence to the candidate label; embedding is 1.7 standard deviations farther from its candidate-class centroid than typical
targeted_0_to_1,classification/train/3/02144.jpg,REVIEW,0.6362,False,12 of 15 nearest neighbours have a different candidate label; cross-validated classifier assigns only 21% confidence to the candidate label
targeted_0_to_1,classification/train/3/02151.jpg,REVIEW,0.6402,False,11 of 15 nearest neighbours have a different candidate label; cross-validated classifier assigns only 19% confidence to the candidate label
targeted_0_to_1,classification/train/3/02154.jpg,REVIEW,0.6984,False,13 of 15 nearest neighbours have a different candidate label; cross-validated classifier assigns only 14% confidence to the candidate label
targeted_0_to_1,classification/train/3/02167.jpg,REVIEW,0.7456,False,11 of 15 nearest neighbours have a different candidate label; cross-validated classifier assigns only 11% confidence to the candidate label
targeted_0_to_1,classification/train/3/02178.jpg,REVIEW,0.6305,False,12 of 15 nearest neighbours have a different candidate label; cross-validated classifier assigns only 22% confidence to the candidate label
targeted_0_to_1,classification/train/3/02183.jpg,REVIEW,0.6628,False,12 of 15 nearest neighbours have a different candidate label; cross-validated classifier assigns only 18% confidence to the candidate label
targeted_0_to_1,classification/train/3/02197.jpg,REVIEW,0.7189,False,15 of 15 nearest neighbours have a different candidate label; cross-validated classifier assigns only 20% confidence to the candidate label
targeted_0_to_1,classification/train/3/02198.jpg,REVIEW,0.7304,False,11 of 15 nearest neighbours have a different candidate label; cross-validated classifier assigns only 19% confidence to the candidate label; embedding is 1.7 standard deviations farther from its candidate-class centroid than typical
targeted_0_to_1,classification/train/3/02203.jpg,REVIEW,0.6606,False,10 of 15 nearest neighbours have a different candidate label; cross-validated classifier assigns only 28% confidence to the candidate label; embedding is 1.6 standard deviations farther from its candidate-class centroid than typical
targeted_0_to_1,classification/train/3/02262.jpg,REVIEW,0.6706,False,11 of 15 nearest neighbours have a different candidate label; cross-validated classifier assigns only 26% confidence to the candidate label
targeted_0_to_1,classification/train/3/02272.jpg,REVIEW,0.684,False,15 of 15 nearest neighbours have a different candidate label; cross-validated classifier assigns only 29% confidence to the candidate label
targeted_0_to_1,classification/train/3/02284.jpg,REVIEW,0.6605,False,10 of 15 nearest neighbours have a different candidate label; cross-validated classifier assigns only 21% confidence to the candidate label
targeted_0_to_1,classification/train/3/02304.jpg,QUARANTINE,0.7839,False,10 of 15 nearest neighbours have a different candidate label; cross-validated classifier assigns only 21% confidence to the candidate label; embedding is 3.0 standard deviations farther from its candidate-class centroid than typical
targeted_0_to_1,classification/train/3/02305.jpg,REVIEW,0.6336,False,12 of 15 nearest neighbours have a different candidate label; cross-validated classifier assigns only 22% confidence to the candidate label
targeted_0_to_1,classification/train/3/02313.jpg,REVIEW,0.6757,False,14 of 15 nearest neighbours have a different candidate label; cross-validated classifier assigns only 24% confidence to the candidate label
targeted_0_to_1,classification/train/3/02316.jpg,REVIEW,0.6203,False,12 of 15 nearest neighbours have a different candidate label; cross-validated classifier assigns only 25% confidence to the candidate label
targeted_0_to_1,classification/train/3/02338.jpg,QUARANTINE,0.9643,False,15 of 15 nearest neighbours have a different candidate label; cross-validated classifier assigns only 9% confidence to the candidate label; embedding is 3.8 standard deviations farther from its candidate-class centroid than typical
targeted_0_to_1,classification/train/3/02365.jpg,REVIEW,0.6305,False,12 of 15 nearest neighbours have a different candidate label; cross-validated classifier assigns only 22% confidence to the candidate label
targeted_0_to_1,classification/train/3/02370.jpg,QUARANTINE,0.8645,False,12 of 15 nearest neighbours have a different candidate label; cross-validated classifier assigns only 14% confidence to the candidate label; embedding is 3.7 standard deviations farther from its candidate-class centroid than typical
targeted_0_to_1,classification/train/3/02372.jpg,REVIEW,0.703,False,14 of 15 nearest neighbours have a different candidate label; cross-validated classifier assigns only 18% confidence to the candidate label
targeted_0_to_1,classification/train/3/02391.jpg,QUARANTINE,0.7978,False,11 of 15 nearest neighbours have a different candidate label; cross-validated classifier assigns only 10% confidence to the candidate label; embedding is 2.2 standard deviations farther from its candidate-class centroid than typical
targeted_0_to_1,classification/train/3/02400.jpg,QUARANTINE,0.876,False,12 of 15 nearest neighbours have a different candidate label; cross-validated classifier assigns only 11% confidence to the candidate label; embedding is 3.0 standard deviations farther from its candidate-class centroid than typical
targeted_0_to_1,classification/train/3/02412.jpg,REVIEW,0.6522,False,12 of 15 nearest neighbours have a different candidate label; cross-validated classifier assigns only 25% confidence to the candidate label
targeted_0_to_1,classification/train/3/02418.jpg,REVIEW,0.7003,False,13 of 15 nearest neighbours have a different candidate label; cross-validated classifier assigns only 18% confidence to the candidate label
targeted_0_to_1,classification/train/3/02428.jpg,REVIEW,0.7076,False,13 of 15 nearest neighbours have a different candidate label; cross-validated classifier assigns only 20% confidence to the candidate label
targeted_0_to_1,classification/train/3/02442.jpg,REVIEW,0.6213,False,12 of 15 nearest neighbours have a different candidate label; cross-validated classifier assigns only 25% confidence to the candidate label
targeted_0_to_1,classification/train/3/02460.jpg,REVIEW,0.6325,False,11 of 15 nearest neighbours have a different candidate label; cross-validated classifier assigns only 22% confidence to the candidate label
targeted_0_to_1,classification/train/3/02463.jpg,REVIEW,0.6273,False,8 of 15 nearest neighbours have a different candidate label; cross-validated classifier assigns only 23% confidence to the candidate label; embedding is 1.6 standard deviations farther from its candidate-class centroid than typical
targeted_0_to_1,classification/train/3/02479.jpg,REVIEW,0.664,False,13 of 15 nearest neighbours have a different candidate label; cross-validated classifier assigns only 21% confidence to the candidate label
targeted_0_to_1,classification/train/3/02483.jpg,REVIEW,0.7217,False,14 of 15 nearest neighbours have a different candidate label; cross-validated classifier assigns only 18% confidence to the candidate label
targeted_0_to_1,classification/train/3/02486.jpg,REVIEW,0.6438,False,cross-validated classifier assigns only 22% confidence to the candidate label; embedding is 2.2 standard deviations farther from its candidate-class centroid than typical
targeted_0_to_1,classification/train/3/02507.jpg,REVIEW,0.6626,False,12 of 15 nearest neighbours have a different candidate label; cross-validated classifier assigns only 19% confidence to the candidate label
targeted_0_to_1,classification/train/3/02508.jpg,REVIEW,0.6251,False,11 of 15 nearest neighbours have a different candidate label; cross-validated classifier assigns only 25% confidence to the candidate label
targeted_0_to_1,classification/train/3/02516.jpg,REVIEW,0.6412,False,12 of 15 nearest neighbours have a different candidate label; cross-validated classifier assigns only 21% confidence to the candidate label
targeted_0_to_1,classification/train/3/02528.jpg,REVIEW,0.6647,False,11 of 15 nearest neighbours have a different candidate label; cross-validated classifier assigns only 21% confidence to the candidate label
targeted_0_to_1,classification/train/3/02529.jpg,REVIEW,0.681,False,10 of 15 nearest neighbours have a different candidate label; cross-validated classifier assigns only 15% confidence to the candidate label
targeted_0_to_1,classification/train/3/02535.jpg,QUARANTINE,0.7889,False,10 of 15 nearest neighbours have a different candidate label; cross-validated classifier assigns only 18% confidence to the candidate label; embedding is 2.9 standard deviations farther from its candidate-class centroid than typical
targeted_0_to_1,classification/train/3/02544.jpg,REVIEW,0.6222,False,13 of 15 nearest neighbours have a different candidate label
targeted_0_to_1,classification/train/3/02553.jpg,QUARANTINE,0.7713,False,14 of 15 nearest neighbours have a different candidate label; cross-validated classifier assigns only 9% confidence to the candidate label
targeted_0_to_1,classification/train/3/02556.jpg,QUARANTINE,0.8204,False,11 of 15 nearest neighbours have a different candidate label; cross-validated classifier assigns only 18% confidence to the candidate label; embedding is 3.1 standard deviations farther from its candidate-class centroid than typical
targeted_0_to_1,classification/train/3/02573.jpg,REVIEW,0.6929,False,14 of 15 nearest neighbours have a different candidate label; cross-validated classifier assigns only 20% confidence to the candidate label
targeted_0_to_1,classification/train/3/02574.jpg,REVIEW,0.6301,False,11 of 15 nearest neighbours have a different candidate label; cross-validated classifier assigns only 22% confidence to the candidate label
targeted_0_to_1,classification/train/3/02577.jpg,REVIEW,0.6469,False,13 of 15 nearest neighbours have a different candidate label; cross-validated classifier assigns only 25% confidence to the candidate label
targeted_0_to_1,classification/train/3/02652.jpg,REVIEW,0.6528,False,13 of 15 nearest neighbours have a different candidate label; cross-validated classifier assigns only 23% confidence to the candidate label
targeted_0_to_1,classification/train/3/02695.jpg,REVIEW,0.6528,False,13 of 15 nearest neighbours have a different candidate label; cross-validated classifier assigns only 23% confidence to the candidate label
targeted_0_to_1,classification/train/3/02702.jpg,REVIEW,0.7322,False,13 of 15 nearest neighbours have a different candidate label; cross-validated classifier assigns only 16% confidence to the candidate label
targeted_0_to_1,classification/train/3/02718.jpg,REVIEW,0.6471,False,12 of 15 nearest neighbours have a different candidate label; cross-validated classifier assigns only 20% confidence to the candidate label
targeted_0_to_1,classification/train/3/02752.jpg,REVIEW,0.6769,False,14 of 15 nearest neighbours have a different candidate label; cross-validated classifier assigns only 24% confidence to the candidate label
targeted_0_to_1,classification/train/3/02774.jpg,REVIEW,0.6782,False,14 of 15 nearest neighbours have a different candidate label; cross-validated classifier assigns only 24% confidence to the candidate label
targeted_0_to_1,classification/train/3/02776.jpg,REVIEW,0.6463,False,12 of 15 nearest neighbours have a different candidate label; cross-validated classifier assigns only 18% confidence to the candidate label
targeted_0_to_1,classification/train/3/02779.jpg,REVIEW,0.6403,False,13 of 15 nearest neighbours have a different candidate label; cross-validated classifier assigns only 27% confidence to the candidate label
targeted_0_to_1,classification/train/3/02785.jpg,REVIEW,0.6991,False,14 of 15 nearest neighbours have a different candidate label; cross-validated classifier assigns only 19% confidence to the candidate label
targeted_0_to_1,classification/train/3/02788.jpg,REVIEW,0.6528,False,12 of 15 nearest neighbours have a different candidate label; cross-validated classifier assigns only 23% confidence to the candidate label
targeted_0_to_1,classification/train/3/02793.jpg,QUARANTINE,0.808,False,15 of 15 nearest neighbours have a different candidate label; cross-validated classifier assigns only 7% confidence to the candidate label
targeted_0_to_1,classification/train/3/02794.jpg,REVIEW,0.6597,False,13 of 15 nearest neighbours have a different candidate label; cross-validated classifier assigns only 22% confidence to the candidate label
targeted_0_to_1,classification/train/3/02808.jpg,REVIEW,0.7247,False,11 of 15 nearest neighbours have a different candidate label; cross-validated classifier assigns only 19% confidence to the candidate label; embedding is 1.6 standard deviations farther from its candidate-class centroid than typical
targeted_0_to_1,classification/train/3/02821.jpg,REVIEW,0.6892,False,14 of 15 nearest neighbours have a different candidate label; cross-validated classifier assigns only 21% confidence to the candidate label
targeted_0_to_1,classification/train/3/02834.jpg,REVIEW,0.6795,False,11 of 15 nearest neighbours have a different candidate label; cross-validated classifier assigns only 16% confidence to the candidate label
targeted_0_to_1,classification/train/3/02847.jpg,QUARANTINE,0.8027,False,13 of 15 nearest neighbours have a different candidate label; cross-validated classifier assigns only 8% confidence to the candidate label
targeted_0_to_1,classification/train/3/02860.jpg,REVIEW,0.6888,False,12 of 15 nearest neighbours have a different candidate label; cross-validated classifier assigns only 24% confidence to the candidate label
targeted_0_to_1,classification/train/3/02873.jpg,REVIEW,0.6356,False,13 of 15 nearest neighbours have a different candidate label; cross-validated classifier assigns only 28% confidence to the candidate label
targeted_0_to_1,classification/train/3/02876.jpg,QUARANTINE,0.848,False,10 of 15 nearest neighbours have a different candidate label; cross-validated classifier assigns only 4% confidence to the candidate label; embedding is 3.0 standard deviations farther from its candidate-class centroid than typical
targeted_0_to_1,classification/train/4/02919.jpg,QUARANTINE,0.772,False,13 of 15 nearest neighbours have a different candidate label; cross-validated classifier assigns only 3% confidence to the candidate label
targeted_0_to_1,classification/train/4/02923.jpg,REVIEW,0.6728,False,12 of 15 nearest neighbours have a different candidate label; cross-validated classifier assigns only 12% confidence to the candidate label
targeted_0_to_1,classification/train/4/02931.jpg,QUARANTINE,0.7952,False,14 of 15 nearest neighbours have a different candidate label; cross-validated classifier assigns only 8% confidence to the candidate label
targeted_0_to_1,classification/train/4/02938.jpg,QUARANTINE,0.7541,False,14 of 15 nearest neighbours have a different candidate label; cross-validated classifier assigns only 12% confidence to the candidate label
targeted_0_to_1,classification/train/4/02943.jpg,REVIEW,0.7347,False,13 of 15 nearest neighbours have a different candidate label; cross-validated classifier assigns only 7% confidence to the candidate label
targeted_0_to_1,classification/train/4/02947.jpg,QUARANTINE,0.839,False,11 of 15 nearest neighbours have a different candidate label; cross-validated classifier assigns only 7% confidence to the candidate label; embedding is 2.6 standard deviations farther from its candidate-class centroid than typical
targeted_0_to_1,classification/train/4/02965.jpg,REVIEW,0.7237,False,13 of 15 nearest neighbours have a different candidate label; cross-validated classifier assigns only 9% confidence to the candidate label
targeted_0_to_1,classification/train/4/02978.jpg,REVIEW,0.6482,False,11 of 15 nearest neighbours have a different candidate label; cross-validated classifier assigns only 11% confidence to the candidate label
targeted_0_to_1,classification/train/4/02994.jpg,REVIEW,0.6412,False,12 of 15 nearest neighbours have a different candidate label; cross-validated classifier assigns only 20% confidence to the candidate label
targeted_0_to_1,classification/train/4/03000.jpg,QUARANTINE,0.7574,False,15 of 15 nearest neighbours have a different candidate label; cross-validated classifier assigns only 11% confidence to the candidate label
targeted_0_to_1,classification/train/4/03013.jpg,REVIEW,0.6452,False,11 of 15 nearest neighbours have a different candidate label; cross-validated classifier assigns only 12% confidence to the candidate label
targeted_0_to_1,classification/train/4/03014.jpg,REVIEW,0.7424,False,10 of 15 nearest neighbours have a different candidate label; cross-validated classifier assigns only 13% confidence to the candidate label; embedding is 1.9 standard deviations farther from its candidate-class centroid than typical
targeted_0_to_1,classification/train/4/03015.jpg,REVIEW,0.701,False,13 of 15 nearest neighbours have a different candidate label; cross-validated classifier assigns only 11% confidence to the candidate label
targeted_0_to_1,classification/train/4/03017.jpg,QUARANTINE,0.8286,False,13 of 15 nearest neighbours have a different candidate label; cross-validated classifier assigns only 7% confidence to the candidate label; embedding is 1.6 standard deviations farther from its candidate-class centroid than typical
targeted_0_to_1,classification/train/4/03018.jpg,REVIEW,0.6984,False,13 of 15 nearest neighbours have a different candidate label; cross-validated classifier assigns only 12% confidence to the candidate label
targeted_0_to_1,classification/train/4/03037.jpg,REVIEW,0.6469,False,11 of 15 nearest neighbours have a different candidate label; cross-validated classifier assigns only 12% confidence to the candidate label
targeted_0_to_1,classification/train/4/03046.jpg,REVIEW,0.651,False,11 of 15 nearest neighbours have a different candidate label; cross-validated classifier assigns only 11% confidence to the candidate label
targeted_0_to_1,classification/train/4/03057.jpg,QUARANTINE,0.9856,False,15 of 15 nearest neighbours have a different candidate label; cross-validated classifier assigns only 4% confidence to the candidate label; embedding is 4.5 standard deviations farther from its candidate-class centroid than typical
targeted_0_to_1,classification/train/4/03061.jpg,REVIEW,0.724,False,14 of 15 nearest neighbours have a different candidate label; cross-validated classifier assigns only 12% confidence to the candidate label
targeted_0_to_1,classification/train/4/03072.jpg,REVIEW,0.631,False,12 of 15 nearest neighbours have a different candidate label; cross-validated classifier assigns only 22% confidence to the candidate label
targeted_0_to_1,classification/train/4/03094.jpg,QUARANTINE,0.7897,False,12 of 15 nearest neighbours have a different candidate label; cross-validated classifier assigns only 2% confidence to the candidate label
targeted_0_to_1,classification/train/4/03109.jpg,REVIEW,0.6951,False,13 of 15 nearest neighbours have a different candidate label; cross-validated classifier assigns only 13% confidence to the candidate label
targeted_0_to_1,classification/train/4/03116.jpg,QUARANTINE,0.8894,False,15 of 15 nearest neighbours have a different candidate label; cross-validated classifier assigns only 5% confidence to the candidate label; embedding is 1.6 standard deviations farther from its candidate-class centroid than typical
targeted_0_to_1,classification/train/4/03117.jpg,REVIEW,0.6325,False,11 of 15 nearest neighbours have a different candidate label; cross-validated classifier assigns only 15% confidence to the candidate label
targeted_0_to_1,classification/train/4/03118.jpg,QUARANTINE,0.9609,False,14 of 15 nearest neighbours have a different candidate label; cross-validated classifier assigns only 3% confidence to the candidate label; embedding is 4.4 standard deviations farther from its candidate-class centroid than typical
targeted_0_to_1,classification/train/4/03122.jpg,QUARANTINE,0.8978,False,14 of 15 nearest neighbours have a different candidate label; cross-validated classifier assigns only 7% confidence to the candidate label; embedding is 2.3 standard deviations farther from its candidate-class centroid than typical
targeted_0_to_1,classification/train/4/03135.jpg,REVIEW,0.7344,False,14 of 15 nearest neighbours have a different candidate label; cross-validated classifier assigns only 10% confidence to the candidate label
targeted_0_to_1,classification/train/4/03140.jpg,REVIEW,0.7247,False,14 of 15 nearest neighbours have a different candidate label; cross-validated classifier assigns only 12% confidence to the candidate label
targeted_0_to_1,classification/train/4/03141.jpg,REVIEW,0.6909,False,8 of 15 nearest neighbours have a different candidate label; cross-validated classifier assigns only 12% confidence to the candidate label; embedding is 1.9 standard deviations farther from its candidate-class centroid than typical
targeted_0_to_1,classification/train/4/03148.jpg,QUARANTINE,0.962,False,14 of 15 nearest neighbours have a different candidate label; cross-validated classifier assigns only 3% confidence to the candidate label; embedding is 4.4 standard deviations farther from its candidate-class centroid than typical
targeted_0_to_1,classification/train/4/03163.jpg,QUARANTINE,0.8179,False,14 of 15 nearest neighbours have a different candidate label; cross-validated classifier assigns only 4% confidence to the candidate label
targeted_0_to_1,classification/train/4/03165.jpg,REVIEW,0.7493,False,12 of 15 nearest neighbours have a different candidate label; cross-validated classifier assigns only 3% confidence to the candidate label
targeted_0_to_1,classification/train/4/03168.jpg,REVIEW,0.6826,False,12 of 15 nearest neighbours have a different candidate label; cross-validated classifier assigns only 9% confidence to the candidate label
targeted_0_to_1,classification/train/4/03170.jpg,REVIEW,0.6628,False,11 of 15 nearest neighbours have a different candidate label; cross-validated classifier assigns only 8% confidence to the candidate label
targeted_0_to_1,classification/train/4/03178.jpg,REVIEW,0.7161,False,13 of 15 nearest neighbours have a different candidate label; cross-validated classifier assigns only 8% confidence to the candidate label
targeted_0_to_1,classification/train/4/03179.jpg,QUARANTINE,0.9401,False,13 of 15 nearest neighbours have a different candidate label; cross-validated classifier assigns only 2% confidence to the candidate label; embedding is 4.6 standard deviations farther from its candidate-class centroid than typical
targeted_0_to_1,classification/train/4/03184.jpg,QUARANTINE,0.9404,False,13 of 15 nearest neighbours have a different candidate label; cross-validated classifier assigns only 2% confidence to the candidate label; embedding is 4.3 standard deviations farther from its candidate-class centroid than typical
targeted_0_to_1,classification/train/4/03191.jpg,REVIEW,0.6796,False,12 of 15 nearest neighbours have a different candidate label; cross-validated classifier assigns only 10% confidence to the candidate label
targeted_0_to_1,classification/train/4/03193.jpg,REVIEW,0.686,False,13 of 15 nearest neighbours have a different candidate label; cross-validated classifier assigns only 15% confidence to the candidate label
targeted_0_to_1,classification/train/4/03194.jpg,REVIEW,0.6534,False,11 of 15 nearest neighbours have a different candidate label; cross-validated classifier assigns only 10% confidence to the candidate label
targeted_0_to_1,classification/train/4/03197.jpg,REVIEW,0.6556,False,11 of 15 nearest neighbours have a different candidate label; cross-validated classifier assigns only 9% confidence to the candidate label
targeted_0_to_1,classification/train/4/03209.jpg,REVIEW,0.7082,False,12 of 15 nearest neighbours have a different candidate label; cross-validated classifier assigns only 6% confidence to the candidate label
targeted_0_to_1,classification/train/4/03233.jpg,REVIEW,0.6377,False,11 of 15 nearest neighbours have a different candidate label; cross-validated classifier assigns only 14% confidence to the candidate label
targeted_0_to_1,classification/train/4/03238.jpg,QUARANTINE,0.7619,False,13 of 15 nearest neighbours have a different candidate label; cross-validated classifier assigns only 4% confidence to the candidate label
targeted_0_to_1,classification/train/4/03245.jpg,REVIEW,0.6906,False,13 of 15 nearest neighbours have a different candidate label; cross-validated classifier assigns only 14% confidence to the candidate label
targeted_0_to_1,classification/train/4/03253.jpg,QUARANTINE,0.9082,False,12 of 15 nearest neighbours have a different candidate label; cross-validated classifier assigns only 3% confidence to the candidate label; embedding is 4.2 standard deviations farther from its candidate-class centroid than typical
targeted_0_to_1,classification/train/4/03260.jpg,QUARANTINE,0.8507,False,13 of 15 nearest neighbours have a different candidate label; cross-validated classifier assigns only 4% confidence to the candidate label; embedding is 1.8 standard deviations farther from its candidate-class centroid than typical
targeted_0_to_1,classification/train/4/03264.jpg,QUARANTINE,0.7574,False,14 of 15 nearest neighbours have a different candidate label; cross-validated classifier assigns only 7% confidence to the candidate label
targeted_0_to_1,classification/train/4/03265.jpg,QUARANTINE,0.768,False,15 of 15 nearest neighbours have a different candidate label; cross-validated classifier assigns only 8% confidence to the candidate label
targeted_0_to_1,classification/train/4/03320.jpg,REVIEW,0.653,False,11 of 15 nearest neighbours have a different candidate label; cross-validated classifier assigns only 10% confidence to the candidate label
targeted_0_to_1,classification/train/4/03326.jpg,REVIEW,0.6956,False,12 of 15 nearest neighbours have a different candidate label; cross-validated classifier assigns only 7% confidence to the candidate label
targeted_0_to_1,classification/train/4/03343.jpg,REVIEW,0.6454,False,11 of 15 nearest neighbours have a different candidate label; cross-validated classifier assigns only 12% confidence to the candidate label
targeted_0_to_1,classification/train/4/03347.jpg,QUARANTINE,0.8543,False,10 of 15 nearest neighbours have a different candidate label; cross-validated classifier assigns only 3% confidence to the candidate label; embedding is 3.8 standard deviations farther from its candidate-class centroid than typical
targeted_0_to_1,classification/train/4/03358.jpg,QUARANTINE,0.788,False,14 of 15 nearest neighbours have a different candidate label; cross-validated classifier assigns only 9% confidence to the candidate label
targeted_0_to_1,classification/train/4/03359.jpg,REVIEW,0.6412,False,11 of 15 nearest neighbours have a different candidate label; cross-validated classifier assigns only 13% confidence to the candidate label
targeted_0_to_1,classification/train/4/03364.jpg,REVIEW,0.7184,False,14 of 15 nearest neighbours have a different candidate label; cross-validated classifier assigns only 14% confidence to the candidate label
targeted_0_to_1,classification/train/4/03369.jpg,REVIEW,0.743,False,13 of 15 nearest neighbours have a different candidate label; cross-validated classifier assigns only 5% confidence to the candidate label
targeted_0_to_1,classification/train/4/03389.jpg,REVIEW,0.6225,False,11 of 15 nearest neighbours have a different candidate label; cross-validated classifier assigns only 22% confidence to the candidate label
targeted_0_to_1,classification/train/4/03399.jpg,QUARANTINE,0.7527,False,14 of 15 nearest neighbours have a different candidate label; cross-validated classifier assigns only 13% confidence to the candidate label
targeted_0_to_1,classification/train/4/03411.jpg,REVIEW,0.6502,False,11 of 15 nearest neighbours have a different candidate label; cross-validated classifier assigns only 14% confidence to the candidate label
targeted_0_to_1,classification/train/4/03413.jpg,REVIEW,0.724,False,13 of 15 nearest neighbours have a different candidate label; cross-validated classifier assigns only 6% confidence to the candidate label
targeted_0_to_1,classification/train/4/03415.jpg,QUARANTINE,0.879,False,15 of 15 nearest neighbours have a different candidate label; cross-validated classifier assigns only 3% confidence to the candidate label
targeted_0_to_1,classification/train/5/03427.jpg,QUARANTINE,0.8497,False,14 of 15 nearest neighbours have a different candidate label; cross-validated classifier assigns only 8% confidence to the candidate label; embedding is 1.6 standard deviations farther from its candidate-class centroid than typical
targeted_0_to_1,classification/train/5/03432.jpg,REVIEW,0.7065,False,11 of 15 nearest neighbours have a different candidate label; cross-validated classifier assigns only 15% confidence to the candidate label
targeted_0_to_1,classification/train/5/03434.jpg,QUARANTINE,0.8007,False,14 of 15 nearest neighbours have a different candidate label; cross-validated classifier assigns only 15% confidence to the candidate label
targeted_0_to_1,classification/train/5/03435.jpg,QUARANTINE,0.8061,False,13 of 15 nearest neighbours have a different candidate label; cross-validated classifier assigns only 8% confidence to the candidate label
targeted_0_to_1,classification/train/5/03438.jpg,QUARANTINE,0.8387,False,14 of 15 nearest neighbours have a different candidate label; cross-validated classifier assigns only 9% confidence to the candidate label; embedding is 1.5 standard deviations farther from its candidate-class centroid than typical
targeted_0_to_1,classification/train/5/03444.jpg,QUARANTINE,0.7908,False,12 of 15 nearest neighbours have a different candidate label; cross-validated classifier assigns only 7% confidence to the candidate label
targeted_0_to_1,classification/train/5/03456.jpg,REVIEW,0.7296,False,12 of 15 nearest neighbours have a different candidate label; cross-validated classifier assigns only 16% confidence to the candidate label
targeted_0_to_1,classification/train/5/03461.jpg,QUARANTINE,0.8431,False,15 of 15 nearest neighbours have a different candidate label; cross-validated classifier assigns only 11% confidence to the candidate label
targeted_0_to_1,classification/train/5/03470.jpg,QUARANTINE,0.8291,False,14 of 15 nearest neighbours have a different candidate label; cross-validated classifier assigns only 6% confidence to the candidate label
targeted_0_to_1,classification/train/5/03480.jpg,QUARANTINE,0.7999,False,12 of 15 nearest neighbours have a different candidate label; cross-validated classifier assigns only 7% confidence to the candidate label; embedding is 1.6 standard deviations farther from its candidate-class centroid than typical
targeted_0_to_1,classification/train/5/03482.jpg,QUARANTINE,0.7769,False,13 of 15 nearest neighbours have a different candidate label; cross-validated classifier assigns only 8% confidence to the candidate label
targeted_0_to_1,classification/train/5/03483.jpg,QUARANTINE,0.8825,False,15 of 15 nearest neighbours have a different candidate label; cross-validated classifier assigns only 5% confidence to the candidate label; embedding is 1.5 standard deviations farther from its candidate-class centroid than typical
targeted_0_to_1,classification/train/5/03488.jpg,QUARANTINE,0.9311,False,15 of 15 nearest neighbours have a different candidate label; cross-validated classifier assigns only 0% confidence to the candidate label; embedding is 2.0 standard deviations farther from its candidate-class centroid than typical
targeted_0_to_1,classification/train/5/03541.jpg,QUARANTINE,0.8377,False,13 of 15 nearest neighbours have a different candidate label; cross-validated classifier assigns only 4% confidence to the candidate label; embedding is 1.6 standard deviations farther from its candidate-class centroid than typical
targeted_0_to_1,classification/train/5/03546.jpg,QUARANTINE,0.869,False,15 of 15 nearest neighbours have a different candidate label; cross-validated classifier assigns only 7% confidence to the candidate label
targeted_0_to_1,classification/train/5/03550.jpg,QUARANTINE,0.7657,False,12 of 15 nearest neighbours have a different candidate label; cross-validated classifier assigns only 8% confidence to the candidate label
targeted_0_to_1,classification/train/5/03551.jpg,QUARANTINE,0.8176,False,13 of 15 nearest neighbours have a different candidate label; cross-validated classifier assigns only 9% confidence to the candidate label; embedding is 1.6 standard deviations farther from its candidate-class centroid than typical
targeted_0_to_1,classification/train/5/03552.jpg,REVIEW,0.732,False,11 of 15 nearest neighbours have a different candidate label; cross-validated classifier assigns only 13% confidence to the candidate label
targeted_0_to_1,classification/train/5/03557.jpg,QUARANTINE,0.796,False,14 of 15 nearest neighbours have a different candidate label; cross-validated classifier assigns only 10% confidence to the candidate label
targeted_0_to_1,classification/train/5/03560.jpg,QUARANTINE,0.8329,False,15 of 15 nearest neighbours have a different candidate label; cross-validated classifier assigns only 9% confidence to the candidate label
targeted_0_to_1,classification/train/5/03561.jpg,QUARANTINE,0.8008,False,13 of 15 nearest neighbours have a different candidate label; cross-validated classifier assigns only 10% confidence to the candidate label
targeted_0_to_1,classification/train/5/03564.jpg,REVIEW,0.7462,False,14 of 15 nearest neighbours have a different candidate label; cross-validated classifier assigns only 22% confidence to the candidate label
targeted_0_to_1,classification/train/5/03565.jpg,QUARANTINE,0.9216,False,15 of 15 nearest neighbours have a different candidate label; cross-validated classifier assigns only 1% confidence to the candidate label; embedding is 1.9 standard deviations farther from its candidate-class centroid than typical
targeted_0_to_1,classification/train/5/03582.jpg,QUARANTINE,0.7848,False,13 of 15 nearest neighbours have a different candidate label; cross-validated classifier assigns only 14% confidence to the candidate label
targeted_0_to_1,classification/train/5/03586.jpg,REVIEW,0.7063,False,11 of 15 nearest neighbours have a different candidate label; cross-validated classifier assigns only 10% confidence to the candidate label
targeted_0_to_1,classification/train/5/03594.jpg,QUARANTINE,0.7667,False,12 of 15 nearest neighbours have a different candidate label; cross-validated classifier assigns only 7% confidence to the candidate label
targeted_0_to_1,classification/train/5/03600.jpg,QUARANTINE,0.8929,False,15 of 15 nearest neighbours have a different candidate label; cross-validated classifier assigns only 6% confidence to the candidate label; embedding is 1.8 standard deviations farther from its candidate-class centroid than typical
targeted_0_to_1,classification/train/5/03603.jpg,QUARANTINE,0.8915,False,15 of 15 nearest neighbours have a different candidate label; cross-validated classifier assigns only 4% confidence to the candidate label; embedding is 1.6 standard deviations farther from its candidate-class centroid than typical
targeted_0_to_1,classification/train/5/03606.jpg,REVIEW,0.6984,False,12 of 15 nearest neighbours have a different candidate label; cross-validated classifier assigns only 21% confidence to the candidate label
targeted_0_to_1,classification/train/5/03608.jpg,QUARANTINE,0.7712,False,12 of 15 nearest neighbours have a different candidate label; cross-validated classifier assigns only 9% confidence to the candidate label
targeted_0_to_1,classification/train/5/03617.jpg,QUARANTINE,0.858,False,15 of 15 nearest neighbours have a different candidate label; cross-validated classifier assigns only 2% confidence to the candidate label
targeted_0_to_1,classification/train/5/03618.jpg,QUARANTINE,0.852,False,14 of 15 nearest neighbours have a different candidate label; cross-validated classifier assigns only 5% confidence to the candidate label
targeted_0_to_1,classification/train/5/03623.jpg,REVIEW,0.7088,False,11 of 15 nearest neighbours have a different candidate label; cross-validated classifier assigns only 14% confidence to the candidate label
targeted_0_to_1,classification/train/5/03626.jpg,QUARANTINE,0.8613,False,15 of 15 nearest neighbours have a different candidate label; cross-validated classifier assigns only 7% confidence to the candidate label
targeted_0_to_1,classification/train/5/03629.jpg,REVIEW,0.7079,False,12 of 15 nearest neighbours have a different candidate label; cross-validated classifier assigns only 20% confidence to the candidate label
targeted_0_to_1,classification/train/5/03630.jpg,QUARANTINE,0.8235,False,13 of 15 nearest neighbours have a different candidate label; cross-validated classifier assigns only 6% confidence to the candidate label
targeted_0_to_1,classification/train/5/03635.jpg,QUARANTINE,0.8468,False,15 of 15 nearest neighbours have a different candidate label; cross-validated classifier assigns only 12% confidence to the candidate label
targeted_0_to_1,classification/train/5/03637.jpg,QUARANTINE,0.8267,False,13 of 15 nearest neighbours have a different candidate label; cross-validated classifier assigns only 6% confidence to the candidate label; embedding is 1.5 standard deviations farther from its candidate-class centroid than typical
targeted_0_to_1,classification/train/5/03639.jpg,QUARANTINE,0.8526,False,14 of 15 nearest neighbours have a different candidate label; cross-validated classifier assigns only 5% confidence to the candidate label
targeted_0_to_1,classification/train/5/03641.jpg,QUARANTINE,0.8371,False,14 of 15 nearest neighbours have a different candidate label; cross-validated classifier assigns only 6% confidence to the candidate label
targeted_0_to_1,classification/train/5/03642.jpg,QUARANTINE,0.8941,False,15 of 15 nearest neighbours have a different candidate label; cross-validated classifier assigns only 3% confidence to the candidate label; embedding is 1.6 standard deviations farther from its candidate-class centroid than typical
targeted_0_to_1,classification/train/5/03644.jpg,QUARANTINE,0.8854,False,15 of 15 nearest neighbours have a different candidate label; cross-validated classifier assigns only 4% confidence to the candidate label
targeted_0_to_1,classification/train/5/03650.jpg,REVIEW,0.7146,False,12 of 15 nearest neighbours have a different candidate label; cross-validated classifier assigns only 18% confidence to the candidate label
targeted_0_to_1,classification/train/5/03669.jpg,REVIEW,0.6583,False,10 of 15 nearest neighbours have a different candidate label; cross-validated classifier assigns only 8% confidence to the candidate label
targeted_0_to_1,classification/train/5/03678.jpg,REVIEW,0.7372,False,13 of 15 nearest neighbours have a different candidate label; cross-validated classifier assigns only 21% confidence to the candidate label
targeted_0_to_1,classification/train/5/03679.jpg,QUARANTINE,0.7654,False,12 of 15 nearest neighbours have a different candidate label; cross-validated classifier assigns only 12% confidence to the candidate label
targeted_0_to_1,classification/train/5/03684.jpg,QUARANTINE,0.9066,False,15 of 15 nearest neighbours have a different candidate label; cross-validated classifier assigns only 2% confidence to the candidate label; embedding is 1.7 standard deviations farther from its candidate-class centroid than typical
targeted_0_to_1,classification/train/5/03706.jpg,REVIEW,0.6689,False,12 of 15 nearest neighbours have a different candidate label; cross-validated classifier assigns only 29% confidence to the candidate label
targeted_0_to_1,classification/train/5/03711.jpg,REVIEW,0.6688,False,12 of 15 nearest neighbours have a different candidate label; cross-validated classifier assigns only 29% confidence to the candidate label
targeted_0_to_1,classification/train/5/03732.jpg,QUARANTINE,0.7529,False,12 of 15 nearest neighbours have a different candidate label; cross-validated classifier assigns only 14% confidence to the candidate label
targeted_0_to_1,classification/train/5/03734.jpg,QUARANTINE,0.8228,False,14 of 15 nearest neighbours have a different candidate label; cross-validated classifier assigns only 11% confidence to the candidate label
targeted_0_to_1,classification/train/5/03740.jpg,QUARANTINE,0.7514,False,12 of 15 nearest neighbours have a different candidate label; cross-validated classifier assigns only 15% confidence to the candidate label
targeted_0_to_1,classification/train/5/03744.jpg,REVIEW,0.7396,False,10 of 15 nearest neighbours have a different candidate label; cross-validated classifier assigns only 7% confidence to the candidate label; embedding is 1.5 standard deviations farther from its candidate-class centroid than typical
targeted_0_to_1,classification/train/5/03751.jpg,REVIEW,0.6292,False,12 of 15 nearest neighbours have a different candidate label; cross-validated classifier assigns only 25% confidence to the candidate label
targeted_0_to_1,classification/train/5/03776.jpg,QUARANTINE,0.8691,False,15 of 15 nearest neighbours have a different candidate label; cross-validated classifier assigns only 4% confidence to the candidate label
targeted_0_to_1,classification/train/5/03798.jpg,QUARANTINE,0.9023,False,15 of 15 nearest neighbours have a different candidate label; cross-validated classifier assigns only 3% confidence to the candidate label; embedding is 1.7 standard deviations farther from its candidate-class centroid than typical
targeted_0_to_1,classification/train/5/03799.jpg,REVIEW,0.7407,False,10 of 15 nearest neighbours have a different candidate label; cross-validated classifier assigns only 6% confidence to the candidate label
targeted_0_to_1,classification/train/5/03800.jpg,REVIEW,0.6846,False,12 of 15 nearest neighbours have a different candidate label; cross-validated classifier assigns only 22% confidence to the candidate label
targeted_0_to_1,classification/train/5/03819.jpg,REVIEW,0.7422,False,12 of 15 nearest neighbours have a different candidate label; cross-validated classifier assigns only 12% confidence to the candidate label
targeted_0_to_1,classification/train/5/03826.jpg,REVIEW,0.6558,False,11 of 15 nearest neighbours have a different candidate label; cross-validated classifier assigns only 13% confidence to the candidate label
targeted_0_to_1,classification/train/5/03827.jpg,QUARANTINE,0.817,False,13 of 15 nearest neighbours have a different candidate label; cross-validated classifier assigns only 8% confidence to the candidate label; embedding is 1.5 standard deviations farther from its candidate-class centroid than typical
targeted_0_to_1,classification/train/5/03836.jpg,REVIEW,0.699,False,12 of 15 nearest neighbours have a different candidate label; cross-validated classifier assigns only 24% confidence to the candidate label
targeted_0_to_1,classification/train/5/03855.jpg,QUARANTINE,0.8843,False,14 of 15 nearest neighbours have a different candidate label; cross-validated classifier assigns only 1% confidence to the candidate label; embedding is 1.7 standard deviations farther from its candidate-class centroid than typical
targeted_0_to_1,classification/train/5/03864.jpg,REVIEW,0.6966,False,9 of 15 nearest neighbours have a different candidate label; cross-validated classifier assigns only 8% confidence to the candidate label
targeted_0_to_1,classification/train/5/03875.jpg,REVIEW,0.6225,False,11 of 15 nearest neighbours have a different candidate label; cross-validated classifier assigns only 20% confidence to the candidate label
targeted_0_to_1,classification/train/5/03882.jpg,REVIEW,0.6955,False,12 of 15 nearest neighbours have a different candidate label; cross-validated classifier assigns only 24% confidence to the candidate label
targeted_0_to_1,classification/train/5/03884.jpg,QUARANTINE,0.8118,False,13 of 15 nearest neighbours have a different candidate label; cross-validated classifier assigns only 4% confidence to the candidate label
targeted_0_to_1,classification/train/5/03896.jpg,QUARANTINE,0.82,False,14 of 15 nearest neighbours have a different candidate label; cross-validated classifier assigns only 10% confidence to the candidate label
targeted_0_to_1,classification/train/5/03913.jpg,QUARANTINE,0.7818,False,12 of 15 nearest neighbours have a different candidate label; cross-validated classifier assigns only 6% confidence to the candidate label
targeted_0_to_1,classification/train/5/03925.jpg,QUARANTINE,0.8361,False,14 of 15 nearest neighbours have a different candidate label; cross-validated classifier assigns only 11% confidence to the candidate label; embedding is 1.6 standard deviations farther from its candidate-class centroid than typical
