sample_id,original_label,poisoned,poison_type
classification/train/1/train_00000.png,1,False,clean
classification/train/5/train_00001.png,5,False,clean
classification/train/1/train_00002.png,1,False,clean
classification/train/6/train_00003.png,6,False,clean
classification/train/3/train_00004.png,3,False,clean
classification/train/9/train_00005.png,9,False,clean
classification/train/7/train_00006.png,7,False,clean
classification/train/4/train_00007.png,4,False,clean
classification/train/5/train_00008.png,5,False,clean
classification/train/0/train_00010.png,0,False,clean
classification/train/6/train_00011.png,6,False,clean
classification/train/0/train_00012.png,0,False,clean
classification/train/8/train_00013.png,8,False,clean
classification/train/6/train_00015.png,6,False,clean
classification/train/4/train_00016.png,4,False,clean
classification/train/6/train_00017.png,6,False,clean
classification/train/2/train_00018.png,2,False,clean
classification/train/2/train_00019.png,2,False,clean
classification/train/1/train_00020.png,1,False,clean
classification/train/6/train_00022.png,6,False,clean
classification/train/2/train_00023.png,2,False,clean
classification/train/1/train_00024.png,1,False,clean
classification/train/8/train_00025.png,8,False,clean
classification/train/5/train_00026.png,5,False,clean
classification/train/1/train_00027.png,1,False,clean
classification/train/5/train_00028.png,5,False,clean
classification/train/0/train_00030.png,0,False,clean
classification/train/0/train_00031.png,0,False,clean
classification/train/0/train_00032.png,0,False,clean
classification/train/1/train_00033.png,1,False,clean
classification/train/3/train_00034.png,3,False,clean
classification/train/6/train_00035.png,6,False,clean
classification/train/2/train_00037.png,2,False,clean
classification/train/1/train_00038.png,1,False,clean
classification/train/3/train_00039.png,3,False,clean
classification/train/1/train_00040.png,1,False,clean
classification/train/6/train_00041.png,6,False,clean
classification/train/1/train_00042.png,1,False,clean
classification/train/7/train_00044.png,7,False,clean
classification/train/4/train_00045.png,4,False,clean
classification/train/0/train_00047.png,0,False,clean
classification/train/6/train_00048.png,6,False,clean
classification/train/5/train_00051.png,5,False,clean
classification/train/8/train_00052.png,8,False,clean
classification/train/0/train_00053.png,0,False,clean
classification/train/6/train_00054.png,6,False,clean
classification/train/3/train_00056.png,3,False,clean
classification/train/6/train_00057.png,6,False,clean
classification/train/2/train_00060.png,2,False,clean
classification/train/9/train_00061.png,9,False,clean
classification/train/1/train_00064.png,1,False,clean
classification/train/7/train_00065.png,7,False,clean
classification/train/8/train_00066.png,8,False,clean
classification/train/7/train_00067.png,7,False,clean
classification/train/8/train_00068.png,8,False,clean
classification/train/8/train_00069.png,8,False,clean
classification/train/9/train_00070.png,9,False,clean
classification/train/0/train_00071.png,0,False,clean
classification/train/5/train_00072.png,5,False,clean
classification/train/5/train_00075.png,5,False,clean
classification/train/7/train_00077.png,7,False,clean
classification/train/8/train_00078.png,8,False,clean
classification/train/9/train_00079.png,9,False,clean
classification/train/0/train_00081.png,0,False,clean
classification/train/2/train_00084.png,2,False,clean
classification/train/6/train_00086.png,6,False,clean
classification/train/5/train_00087.png,5,False,clean
classification/train/3/train_00089.png,3,False,clean
classification/train/7/train_00090.png,7,False,clean
classification/train/9/train_00091.png,9,False,clean
classification/train/6/train_00092.png,6,False,clean
classification/train/6/train_00093.png,6,False,clean
classification/train/1/train_00095.png,1,False,clean
classification/train/0/train_00098.png,0,False,clean
classification/train/2/train_00100.png,2,False,clean
classification/train/7/train_00101.png,7,False,clean
classification/train/1/train_00102.png,1,False,clean
classification/train/0/train_00103.png,0,False,clean
classification/train/0/train_00104.png,0,False,clean
classification/train/8/train_00105.png,8,False,clean
classification/train/0/train_00106.png,0,False,clean
classification/train/4/train_00107.png,4,False,clean
classification/train/2/train_00108.png,2,False,clean
classification/train/4/train_00109.png,4,False,clean
classification/train/3/train_00110.png,3,False,clean
classification/train/2/train_00111.png,2,False,clean
classification/train/4/train_00112.png,4,False,clean
classification/train/5/train_00113.png,5,False,clean
classification/train/1/train_00114.png,1,False,clean
classification/train/2/train_00115.png,2,False,clean
classification/train/4/train_00116.png,4,False,clean
classification/train/4/train_00117.png,4,False,clean
classification/train/9/train_00118.png,9,False,clean
classification/train/0/train_00119.png,0,False,clean
classification/train/5/train_00120.png,5,False,clean
classification/train/2/train_00121.png,2,False,clean
classification/train/5/train_00122.png,5,False,clean
classification/train/7/train_00123.png,7,False,clean
classification/train/0/train_00124.png,0,False,clean
classification/train/5/train_00125.png,5,False,clean
classification/train/3/train_00126.png,3,False,clean
classification/train/3/train_00127.png,3,False,clean
classification/train/6/train_00128.png,6,False,clean
classification/train/3/train_00129.png,3,False,clean
classification/train/4/train_00131.png,4,False,clean
classification/train/8/train_00132.png,8,False,clean
classification/train/3/train_00133.png,3,False,clean
classification/train/1/train_00134.png,1,False,clean
classification/train/3/train_00135.png,3,False,clean
classification/train/7/train_00136.png,7,False,clean
classification/train/6/train_00138.png,6,False,clean
classification/train/0/train_00139.png,0,False,clean
classification/train/5/train_00141.png,5,False,clean
classification/train/2/train_00142.png,2,False,clean
classification/train/9/train_00143.png,9,False,clean
classification/train/2/train_00144.png,2,False,clean
classification/train/8/train_00145.png,8,False,clean
classification/train/6/train_00147.png,6,False,clean
classification/train/1/train_00148.png,1,False,clean
classification/train/9/train_00149.png,9,False,clean
classification/train/8/train_00150.png,8,False,clean
classification/train/2/train_00151.png,2,False,clean
classification/train/2/train_00154.png,2,False,clean
classification/train/7/train_00155.png,7,False,clean
classification/train/5/train_00156.png,5,False,clean
classification/train/7/train_00157.png,7,False,clean
classification/train/8/train_00158.png,8,False,clean
classification/train/2/train_00160.png,2,False,clean
classification/train/2/train_00161.png,2,False,clean
classification/train/7/train_00162.png,7,False,clean
classification/train/8/train_00163.png,8,False,clean
classification/train/8/train_00164.png,8,False,clean
classification/train/9/train_00165.png,9,False,clean
classification/train/7/train_00167.png,7,False,clean
classification/train/4/train_00168.png,4,False,clean
classification/train/3/train_00169.png,3,False,clean
classification/train/5/train_00170.png,5,False,clean
classification/train/6/train_00171.png,6,False,clean
classification/train/7/train_00172.png,7,False,clean
classification/train/1/train_00173.png,1,False,clean
classification/train/6/train_00174.png,6,False,clean
classification/train/9/train_00175.png,9,False,clean
classification/train/1/train_00176.png,1,False,clean
classification/train/9/train_00177.png,9,False,clean
classification/train/7/train_00179.png,7,False,clean
classification/train/4/train_00181.png,4,False,clean
classification/train/4/train_00184.png,4,False,clean
classification/train/4/train_00185.png,4,False,clean
classification/train/2/train_00186.png,2,False,clean
classification/train/7/train_00190.png,7,False,clean
classification/train/3/train_00191.png,3,False,clean
classification/train/1/train_00193.png,1,False,clean
classification/train/3/train_00194.png,3,False,clean
classification/train/5/train_00195.png,5,False,clean
classification/train/4/train_00196.png,4,False,clean
classification/train/2/train_00197.png,2,False,clean
classification/train/0/train_00198.png,0,False,clean
classification/train/4/train_00201.png,4,False,clean
classification/train/7/train_00202.png,7,False,clean
classification/train/0/train_00203.png,0,False,clean
classification/train/7/train_00204.png,7,False,clean
classification/train/9/train_00205.png,9,False,clean
classification/train/0/train_00206.png,0,False,clean
classification/train/7/train_00207.png,7,False,clean
classification/train/1/train_00208.png,1,False,clean
classification/train/4/train_00209.png,4,False,clean
classification/train/2/train_00210.png,2,False,clean
classification/train/7/train_00211.png,7,False,clean
classification/train/6/train_00212.png,6,False,clean
classification/train/8/train_00213.png,8,False,clean
classification/train/5/train_00215.png,5,False,clean
classification/train/2/train_00216.png,2,False,clean
classification/train/6/train_00217.png,6,False,clean
classification/train/9/train_00218.png,9,False,clean
classification/train/7/train_00219.png,7,False,clean
classification/train/5/train_00220.png,5,False,clean
classification/train/5/train_00221.png,5,False,clean
classification/train/9/train_00222.png,9,False,clean
classification/train/1/train_00223.png,1,False,clean
classification/train/4/train_00224.png,4,False,clean
classification/train/8/train_00225.png,8,False,clean
classification/train/8/train_00226.png,8,False,clean
classification/train/5/train_00227.png,5,False,clean
classification/train/6/train_00229.png,6,False,clean
classification/train/9/train_00230.png,9,False,clean
classification/train/3/train_00231.png,3,False,clean
classification/train/4/train_00233.png,4,False,clean
classification/train/2/train_00234.png,2,False,clean
classification/train/5/train_00235.png,5,False,clean
classification/train/0/train_00236.png,0,False,clean
classification/train/4/train_00237.png,4,False,clean
classification/train/6/train_00238.png,6,False,clean
classification/train/7/train_00240.png,7,False,clean
classification/train/0/train_00241.png,0,False,clean
classification/train/8/train_00243.png,8,False,clean
classification/train/2/train_00245.png,2,False,clean
classification/train/0/train_00246.png,0,False,clean
classification/train/8/train_00247.png,8,False,clean
classification/train/7/train_00250.png,7,False,clean
classification/train/9/train_00253.png,9,False,clean
classification/train/1/train_00255.png,1,False,clean
classification/train/1/train_00256.png,1,False,clean
classification/train/0/train_00257.png,0,False,clean
classification/train/2/train_00259.png,2,False,clean
classification/train/9/train_00261.png,9,False,clean
classification/train/0/train_00262.png,0,False,clean
classification/train/7/train_00263.png,7,False,clean
classification/train/6/train_00264.png,6,False,clean
classification/train/4/train_00265.png,4,False,clean
classification/train/8/train_00266.png,8,False,clean
classification/train/8/train_00267.png,8,False,clean
classification/train/7/train_00268.png,7,False,clean
classification/train/4/train_00269.png,4,False,clean
classification/train/5/train_00270.png,5,False,clean
classification/train/6/train_00271.png,6,False,clean
classification/train/4/train_00272.png,4,False,clean
classification/train/8/train_00273.png,8,False,clean
classification/train/5/train_00276.png,5,False,clean
classification/train/4/train_00278.png,4,False,clean
classification/train/7/train_00279.png,7,False,clean
classification/train/3/train_00280.png,3,False,clean
classification/train/1/train_00281.png,1,False,clean
classification/train/7/train_00282.png,7,False,clean
classification/train/7/train_00283.png,7,False,clean
classification/train/4/train_00284.png,4,False,clean
classification/train/4/train_00288.png,4,False,clean
classification/train/6/train_00291.png,6,False,clean
classification/train/1/train_00292.png,1,False,clean
classification/train/4/train_00293.png,4,False,clean
classification/train/6/train_00294.png,6,False,clean
classification/train/7/train_00295.png,7,False,clean
classification/train/4/train_00297.png,4,False,clean
classification/train/5/train_00298.png,5,False,clean
classification/train/8/train_00299.png,8,False,clean
classification/train/0/train_00300.png,0,False,clean
classification/train/2/train_00301.png,2,False,clean
classification/train/3/train_00302.png,3,False,clean
classification/train/2/train_00303.png,2,False,clean
classification/train/2/train_00304.png,2,False,clean
classification/train/5/train_00305.png,5,False,clean
classification/train/9/train_00306.png,9,False,clean
classification/train/2/train_00307.png,2,False,clean
classification/train/3/train_00309.png,3,False,clean
classification/train/1/train_00310.png,1,False,clean
classification/train/8/train_00311.png,8,False,clean
classification/train/7/train_00312.png,7,False,clean
classification/train/8/train_00314.png,8,False,clean
classification/train/5/train_00315.png,5,False,clean
classification/train/5/train_00316.png,5,False,clean
classification/train/5/train_00317.png,5,False,clean
classification/train/6/train_00318.png,6,False,clean
classification/train/9/train_00319.png,9,False,clean
classification/train/1/train_00321.png,1,False,clean
classification/train/5/train_00322.png,5,False,clean
classification/train/4/train_00323.png,4,False,clean
classification/train/0/train_00324.png,0,False,clean
classification/train/3/train_00325.png,3,False,clean
classification/train/3/train_00326.png,3,False,clean
classification/train/3/train_00327.png,3,False,clean
classification/train/0/train_00328.png,0,False,clean
classification/train/5/train_00329.png,5,False,clean
classification/train/0/train_00330.png,0,False,clean
classification/train/9/train_00331.png,9,False,clean
classification/train/2/train_00332.png,2,False,clean
classification/train/1/train_00335.png,1,False,clean
classification/train/4/train_00337.png,4,False,clean
classification/train/7/train_00338.png,7,False,clean
classification/train/1/train_00339.png,1,False,clean
classification/train/0/train_00340.png,0,False,clean
classification/train/8/train_00341.png,8,False,clean
classification/train/8/train_00342.png,8,False,clean
classification/train/0/train_00343.png,0,False,clean
classification/train/0/train_00344.png,0,False,clean
classification/train/3/train_00345.png,3,False,clean
classification/train/8/train_00346.png,8,False,clean
classification/train/3/train_00349.png,3,False,clean
classification/train/8/train_00350.png,8,False,clean
classification/train/2/train_00351.png,2,False,clean
classification/train/6/train_00352.png,6,False,clean
classification/train/7/train_00353.png,7,False,clean
classification/train/0/train_00354.png,0,False,clean
classification/train/8/train_00355.png,8,False,clean
classification/train/8/train_00356.png,8,False,clean
classification/train/6/train_00357.png,6,False,clean
classification/train/6/train_00358.png,6,False,clean
classification/train/4/train_00359.png,4,False,clean
classification/train/6/train_00360.png,6,False,clean
classification/train/9/train_00361.png,9,False,clean
classification/train/4/train_00362.png,4,False,clean
classification/train/7/train_00363.png,7,False,clean
classification/train/8/train_00364.png,8,False,clean
classification/train/5/train_00365.png,5,False,clean
classification/train/5/train_00366.png,5,False,clean
classification/train/7/train_00367.png,7,False,clean
classification/train/0/train_00368.png,0,False,clean
classification/train/1/train_00369.png,1,False,clean
classification/train/8/train_00371.png,8,False,clean
classification/train/1/train_00372.png,1,False,clean
classification/train/1/train_00373.png,1,False,clean
classification/train/4/train_00376.png,4,False,clean
classification/train/3/train_00377.png,3,False,clean
classification/train/7/train_00379.png,7,False,clean
classification/train/1/train_00380.png,1,False,clean
classification/train/4/train_00382.png,4,False,clean
classification/train/5/train_00383.png,5,False,clean
classification/train/1/train_00384.png,1,False,clean
classification/train/6/train_00385.png,6,False,clean
classification/train/6/train_00386.png,6,False,clean
classification/train/6/train_00387.png,6,False,clean
classification/train/4/train_00388.png,4,False,clean
classification/train/7/train_00389.png,7,False,clean
classification/train/0/train_00391.png,0,False,clean
classification/train/4/train_00394.png,4,False,clean
classification/train/9/train_00396.png,9,False,clean
classification/train/0/train_00397.png,0,False,clean
classification/train/2/train_00398.png,2,False,clean
classification/train/2/train_00400.png,2,False,clean
classification/train/7/train_00401.png,7,False,clean
classification/train/4/train_00402.png,4,False,clean
classification/train/9/train_00403.png,9,False,clean
classification/train/7/train_00404.png,7,False,clean
classification/train/6/train_00405.png,6,False,clean
classification/train/3/train_00406.png,3,False,clean
classification/train/5/train_00407.png,5,False,clean
classification/train/0/train_00408.png,0,False,clean
classification/train/5/train_00409.png,5,False,clean
classification/train/4/train_00410.png,4,False,clean
classification/train/7/train_00411.png,7,False,clean
classification/train/0/train_00412.png,0,False,clean
classification/train/7/train_00413.png,7,False,clean
classification/train/9/train_00414.png,9,False,clean
classification/train/6/train_00415.png,6,False,clean
classification/train/1/train_00416.png,1,False,clean
classification/train/8/train_00417.png,8,False,clean
classification/train/2/train_00418.png,2,False,clean
classification/train/2/train_00419.png,2,False,clean
classification/train/2/train_00420.png,2,False,clean
classification/train/1/train_00421.png,1,False,clean
classification/train/0/train_00422.png,0,False,clean
classification/train/9/train_00423.png,9,False,clean
classification/train/5/train_00424.png,5,False,clean
classification/train/1/train_00425.png,1,False,clean
classification/train/2/train_00427.png,2,False,clean
classification/train/7/train_00428.png,7,False,clean
classification/train/2/train_00429.png,2,False,clean
classification/train/0/train_00430.png,0,False,clean
classification/train/9/train_00431.png,9,False,clean
classification/train/1/train_00432.png,1,False,clean
classification/train/4/train_00434.png,4,False,clean
classification/train/5/train_00435.png,5,False,clean
classification/train/5/train_00436.png,5,False,clean
classification/train/0/train_00437.png,0,False,clean
classification/train/6/train_00438.png,6,False,clean
classification/train/2/train_00439.png,2,False,clean
classification/train/7/train_00440.png,7,False,clean
classification/train/2/train_00441.png,2,False,clean
classification/train/2/train_00443.png,2,False,clean
classification/train/0/train_00444.png,0,False,clean
classification/train/5/train_00445.png,5,False,clean
classification/train/8/train_00446.png,8,False,clean
classification/train/7/train_00447.png,7,False,clean
classification/train/5/train_00451.png,5,False,clean
classification/train/5/train_00452.png,5,False,clean
classification/train/7/train_00454.png,7,False,clean
classification/train/3/train_00455.png,3,False,clean
classification/train/9/train_00456.png,9,False,clean
classification/train/1/train_00457.png,1,False,clean
classification/train/9/train_00458.png,9,False,clean
classification/train/1/train_00459.png,1,False,clean
classification/train/0/train_00460.png,0,False,clean
classification/train/6/train_00461.png,6,False,clean
classification/train/3/train_00462.png,3,False,clean
classification/train/6/train_00463.png,6,False,clean
classification/train/1/train_00464.png,1,False,clean
classification/train/6/train_00465.png,6,False,clean
classification/train/0/train_00466.png,0,False,clean
classification/train/7/train_00470.png,7,False,clean
classification/train/8/train_00472.png,8,False,clean
classification/train/6/train_00473.png,6,False,clean
classification/train/7/train_00474.png,7,False,clean
classification/train/6/train_00475.png,6,False,clean
classification/train/3/train_00476.png,3,False,clean
classification/train/7/train_00477.png,7,False,clean
classification/train/9/train_00479.png,9,False,clean
classification/train/1/train_00480.png,1,False,clean
classification/train/8/train_00481.png,8,False,clean
classification/train/8/train_00483.png,8,False,clean
classification/train/8/train_00484.png,8,False,clean
classification/train/9/train_00485.png,9,False,clean
classification/train/4/train_00486.png,4,False,clean
classification/train/0/train_00487.png,0,False,clean
classification/train/9/train_00488.png,9,False,clean
classification/train/1/train_00489.png,1,False,clean
classification/train/5/train_00490.png,5,False,clean
classification/train/2/train_00491.png,2,False,clean
classification/train/4/train_00492.png,4,False,clean
classification/train/3/train_00493.png,3,False,clean
classification/train/7/train_00494.png,7,False,clean
classification/train/5/train_00495.png,5,False,clean
classification/train/1/train_00496.png,1,False,clean
classification/train/6/train_00497.png,6,False,clean
classification/train/2/train_00498.png,2,False,clean
classification/train/4/train_00499.png,4,False,clean
classification/train/5/train_00500.png,5,False,clean
classification/train/8/train_00501.png,8,False,clean
classification/train/2/train_00503.png,2,False,clean
classification/train/9/train_00504.png,9,False,clean
classification/train/3/train_00505.png,3,False,clean
classification/train/3/train_00506.png,3,False,clean
classification/train/5/train_00508.png,5,False,clean
classification/train/2/train_00509.png,2,False,clean
classification/train/3/train_00510.png,3,False,clean
classification/train/8/train_00511.png,8,False,clean
classification/train/2/train_00512.png,2,False,clean
classification/train/2/train_00513.png,2,False,clean
classification/train/3/train_00517.png,3,False,clean
classification/train/9/train_00518.png,9,False,clean
classification/train/9/train_00519.png,9,False,clean
classification/train/5/train_00520.png,5,False,clean
classification/train/2/train_00521.png,2,False,clean
classification/train/0/train_00522.png,0,False,clean
classification/train/1/train_00524.png,1,False,clean
classification/train/9/train_00525.png,9,False,clean
classification/train/5/train_00526.png,5,False,clean
classification/train/8/train_00530.png,8,False,clean
classification/train/1/train_00531.png,1,False,clean
classification/train/3/train_00532.png,3,False,clean
classification/train/8/train_00533.png,8,False,clean
classification/train/4/train_00534.png,4,False,clean
classification/train/5/train_00535.png,5,False,clean
classification/train/8/train_00537.png,8,False,clean
classification/train/6/train_00538.png,6,False,clean
classification/train/9/train_00539.png,9,False,clean
classification/train/7/train_00540.png,7,False,clean
classification/train/1/train_00541.png,1,False,clean
classification/train/9/train_00542.png,9,False,clean
classification/train/2/train_00543.png,2,False,clean
classification/train/4/train_00544.png,4,False,clean
classification/train/6/train_00547.png,6,False,clean
classification/train/2/train_00548.png,2,False,clean
classification/train/6/train_00549.png,6,False,clean
classification/train/7/train_00550.png,7,False,clean
classification/train/6/train_00551.png,6,False,clean
classification/train/7/train_00552.png,7,False,clean
classification/train/0/train_00553.png,0,False,clean
classification/train/1/train_00555.png,1,False,clean
classification/train/4/train_00556.png,4,False,clean
classification/train/1/train_00557.png,1,False,clean
classification/train/0/train_00558.png,0,False,clean
classification/train/8/train_00560.png,8,False,clean
classification/train/2/train_00563.png,2,False,clean
classification/train/2/train_00564.png,2,False,clean
classification/train/9/train_00565.png,9,False,clean
classification/train/1/train_00567.png,1,False,clean
classification/train/5/train_00569.png,5,False,clean
classification/train/6/train_00570.png,6,False,clean
classification/train/9/train_00571.png,9,False,clean
classification/train/5/train_00572.png,5,False,clean
classification/train/9/train_00573.png,9,False,clean
classification/train/9/train_00575.png,9,False,clean
classification/train/2/train_00576.png,2,False,clean
classification/train/0/train_00577.png,0,False,clean
classification/train/4/train_00578.png,4,False,clean
classification/train/0/train_00579.png,0,False,clean
classification/train/2/train_00581.png,2,False,clean
classification/train/3/train_00583.png,3,False,clean
classification/train/3/train_00584.png,3,False,clean
classification/train/0/train_00585.png,0,False,clean
classification/train/8/train_00586.png,8,False,clean
classification/train/8/train_00587.png,8,False,clean
classification/train/3/train_00588.png,3,False,clean
classification/train/0/train_00590.png,0,False,clean
classification/train/7/train_00593.png,7,False,clean
classification/train/3/train_00594.png,3,False,clean
classification/train/2/train_00595.png,2,False,clean
classification/train/1/train_00596.png,1,False,clean
classification/train/3/train_00597.png,3,False,clean
classification/train/2/train_00598.png,2,False,clean
classification/train/3/train_00599.png,3,False,clean
classification/train/8/train_00600.png,8,False,clean
classification/train/6/train_00602.png,6,False,clean
classification/train/6/train_00603.png,6,False,clean
classification/train/5/train_00604.png,5,False,clean
classification/train/6/train_00605.png,6,False,clean
classification/train/0/train_00606.png,0,False,clean
classification/train/4/train_00608.png,4,False,clean
classification/train/2/train_00610.png,2,False,clean
classification/train/8/train_00611.png,8,False,clean
classification/train/9/train_00612.png,9,False,clean
classification/train/9/train_00613.png,9,False,clean
classification/train/1/train_00614.png,1,False,clean
classification/train/0/train_00615.png,0,False,clean
classification/train/1/train_00616.png,1,False,clean
classification/train/5/train_00617.png,5,False,clean
classification/train/5/train_00618.png,5,False,clean
classification/train/4/train_00619.png,4,False,clean
classification/train/4/train_00620.png,4,False,clean
classification/train/3/train_00621.png,3,False,clean
classification/train/0/train_00622.png,0,False,clean
classification/train/4/train_00623.png,4,False,clean
classification/train/5/train_00624.png,5,False,clean
classification/train/6/train_00625.png,6,False,clean
classification/train/4/train_00626.png,4,False,clean
classification/train/2/train_00627.png,2,False,clean
classification/train/1/train_00628.png,1,False,clean
classification/train/2/train_00629.png,2,False,clean
classification/train/9/train_00630.png,9,False,clean
classification/train/0/train_00631.png,0,False,clean
classification/train/6/train_00632.png,6,False,clean
classification/train/7/train_00633.png,7,False,clean
classification/train/7/train_00634.png,7,False,clean
classification/train/5/train_00635.png,5,False,clean
classification/train/2/train_00637.png,2,False,clean
classification/train/3/train_00638.png,3,False,clean
classification/train/6/train_00639.png,6,False,clean
classification/train/1/train_00640.png,1,False,clean
classification/train/1/train_00641.png,1,False,clean
classification/train/0/train_00643.png,0,False,clean
classification/train/4/train_00645.png,4,False,clean
classification/train/0/train_00646.png,0,False,clean
classification/train/9/train_00647.png,9,False,clean
classification/train/2/train_00648.png,2,False,clean
classification/train/1/train_00649.png,1,False,clean
classification/train/1/train_00650.png,1,False,clean
classification/train/0/train_00651.png,0,False,clean
classification/train/6/train_00653.png,6,False,clean
classification/train/5/train_00655.png,5,False,clean
classification/train/1/train_00656.png,1,False,clean
classification/train/3/train_00657.png,3,False,clean
classification/train/4/train_00658.png,4,False,clean
classification/train/4/train_00659.png,4,False,clean
classification/train/9/train_00660.png,9,False,clean
classification/train/1/train_00661.png,1,False,clean
classification/train/9/train_00662.png,9,False,clean
classification/train/3/train_00663.png,3,False,clean
classification/train/1/train_00664.png,1,False,clean
classification/train/3/train_00665.png,3,False,clean
classification/train/8/train_00666.png,8,False,clean
classification/train/2/train_00667.png,2,False,clean
classification/train/9/train_00668.png,9,False,clean
classification/train/5/train_00669.png,5,False,clean
classification/train/3/train_00670.png,3,False,clean
classification/train/8/train_00671.png,8,False,clean
classification/train/7/train_00672.png,7,False,clean
classification/train/8/train_00674.png,8,False,clean
classification/train/2/train_00675.png,2,False,clean
classification/train/0/train_00676.png,0,False,clean
classification/train/6/train_00677.png,6,False,clean
classification/train/6/train_00678.png,6,False,clean
classification/train/3/train_00679.png,3,False,clean
classification/train/4/train_00680.png,4,False,clean
classification/train/1/train_00681.png,1,False,clean
classification/train/7/train_00683.png,7,False,clean
classification/train/3/train_00684.png,3,False,clean
classification/train/7/train_00685.png,7,False,clean
classification/train/0/train_00686.png,0,False,clean
classification/train/2/train_00687.png,2,False,clean
classification/train/9/train_00688.png,9,False,clean
classification/train/0/train_00689.png,0,False,clean
classification/train/5/train_00690.png,5,False,clean
classification/train/5/train_00691.png,5,False,clean
classification/train/6/train_00692.png,6,False,clean
classification/train/8/train_00693.png,8,False,clean
classification/train/0/train_00694.png,0,False,clean
classification/train/0/train_00695.png,0,False,clean
classification/train/1/train_00696.png,1,False,clean
classification/train/1/train_00697.png,1,False,clean
classification/train/7/train_00698.png,7,False,clean
classification/train/4/train_00699.png,4,False,clean
classification/train/9/train_00700.png,9,False,clean
classification/train/6/train_00701.png,6,False,clean
classification/train/7/train_00702.png,7,False,clean
classification/train/4/train_00703.png,4,False,clean
classification/train/9/train_00704.png,9,False,clean
classification/train/9/train_00705.png,9,False,clean
classification/train/2/train_00706.png,2,False,clean
classification/train/0/train_00708.png,0,False,clean
classification/train/5/train_00709.png,5,False,clean
classification/train/4/train_00710.png,4,False,clean
classification/train/0/train_00711.png,0,False,clean
classification/train/2/train_00712.png,2,False,clean
classification/train/7/train_00713.png,7,False,clean
classification/train/9/train_00714.png,9,False,clean
classification/train/5/train_00715.png,5,False,clean
classification/train/4/train_00716.png,4,False,clean
classification/train/4/train_00717.png,4,False,clean
classification/train/8/train_00718.png,8,False,clean
classification/train/0/train_00719.png,0,False,clean
classification/train/6/train_00721.png,6,False,clean
classification/train/8/train_00723.png,8,False,clean
classification/train/1/train_00724.png,1,False,clean
classification/train/2/train_00725.png,2,False,clean
classification/train/0/train_00726.png,0,False,clean
classification/train/9/train_00727.png,9,False,clean
classification/train/1/train_00729.png,1,False,clean
classification/train/0/train_00730.png,0,False,clean
classification/train/0/train_00733.png,0,False,clean
classification/train/7/train_00734.png,7,False,clean
classification/train/4/train_00735.png,4,False,clean
classification/train/4/train_00737.png,4,False,clean
classification/train/6/train_00738.png,6,False,clean
classification/train/3/train_00739.png,3,False,clean
classification/train/0/train_00740.png,0,False,clean
classification/train/4/train_00742.png,4,False,clean
classification/train/6/train_00743.png,6,False,clean
classification/train/0/train_00744.png,0,False,clean
classification/train/5/train_00746.png,5,False,clean
classification/train/5/train_00747.png,5,False,clean
classification/train/2/train_00750.png,2,False,clean
classification/train/8/train_00751.png,8,False,clean
classification/train/6/train_00752.png,6,False,clean
classification/train/1/train_00753.png,1,False,clean
classification/train/3/train_00757.png,3,False,clean
classification/train/1/train_00758.png,1,False,clean
classification/train/3/train_00759.png,3,False,clean
classification/train/9/train_00760.png,9,False,clean
classification/train/6/train_00761.png,6,False,clean
classification/train/7/train_00763.png,7,False,clean
classification/train/7/train_00764.png,7,False,clean
classification/train/4/train_00765.png,4,False,clean
classification/train/1/train_00766.png,1,False,clean
classification/train/2/train_00767.png,2,False,clean
classification/train/0/train_00768.png,0,False,clean
classification/train/7/train_00769.png,7,False,clean
classification/train/2/train_00772.png,2,False,clean
classification/train/7/train_00773.png,7,False,clean
classification/train/7/train_00774.png,7,False,clean
classification/train/5/train_00775.png,5,False,clean
classification/train/3/train_00777.png,3,False,clean
classification/train/0/train_00779.png,0,False,clean
classification/train/0/train_00781.png,0,False,clean
classification/train/7/train_00782.png,7,False,clean
classification/train/3/train_00783.png,3,False,clean
classification/train/9/train_00784.png,9,False,clean
classification/train/1/train_00785.png,1,False,clean
classification/train/2/train_00786.png,2,False,clean
classification/train/2/train_00787.png,2,False,clean
classification/train/4/train_00788.png,4,False,clean
classification/train/9/train_00789.png,9,False,clean
classification/train/8/train_00790.png,8,False,clean
classification/train/9/train_00791.png,9,False,clean
classification/train/4/train_00792.png,4,False,clean
classification/train/6/train_00793.png,6,False,clean
classification/train/3/train_00794.png,3,False,clean
classification/train/9/train_00795.png,9,False,clean
classification/train/5/train_00796.png,5,False,clean
classification/train/4/train_00797.png,4,False,clean
classification/train/3/train_00798.png,3,False,clean
classification/train/2/train_00799.png,2,False,clean
classification/train/1/train_00800.png,1,False,clean
classification/train/7/train_00801.png,7,False,clean
classification/train/3/train_00802.png,3,False,clean
classification/train/2/train_00803.png,2,False,clean
classification/train/3/train_00804.png,3,False,clean
classification/train/7/train_00805.png,7,False,clean
classification/train/1/train_00806.png,1,False,clean
classification/train/8/train_00807.png,8,False,clean
classification/train/3/train_00808.png,3,False,clean
classification/train/9/train_00809.png,9,False,clean
classification/train/3/train_00810.png,3,False,clean
classification/train/9/train_00811.png,9,False,clean
classification/train/8/train_00812.png,8,False,clean
classification/train/8/train_00813.png,8,False,clean
classification/train/0/train_00814.png,0,False,clean
classification/train/7/train_00815.png,7,False,clean
classification/train/7/train_00816.png,7,False,clean
classification/train/1/train_00817.png,1,False,clean
classification/train/2/train_00818.png,2,False,clean
classification/train/2/train_00819.png,2,False,clean
classification/train/7/train_00820.png,7,False,clean
classification/train/9/train_00821.png,9,False,clean
classification/train/8/train_00822.png,8,False,clean
classification/train/5/train_00823.png,5,False,clean
classification/train/9/train_00824.png,9,False,clean
classification/train/0/train_00825.png,0,False,clean
classification/train/1/train_00826.png,1,False,clean
classification/train/5/train_00828.png,5,False,clean
classification/train/3/train_00830.png,3,False,clean
classification/train/2/train_00831.png,2,False,clean
classification/train/3/train_00833.png,3,False,clean
classification/train/5/train_00834.png,5,False,clean
classification/train/1/train_00835.png,1,False,clean
classification/train/1/train_00838.png,1,False,clean
classification/train/8/train_00840.png,8,False,clean
classification/train/7/train_00841.png,7,False,clean
classification/train/4/train_00842.png,4,False,clean
classification/train/8/train_00843.png,8,False,clean
classification/train/6/train_00844.png,6,False,clean
classification/train/6/train_00845.png,6,False,clean
classification/train/3/train_00846.png,3,False,clean
classification/train/2/train_00847.png,2,False,clean
classification/train/2/train_00848.png,2,False,clean
classification/train/5/train_00849.png,5,False,clean
classification/train/3/train_00850.png,3,False,clean
classification/train/8/train_00851.png,8,False,clean
classification/train/3/train_00852.png,3,False,clean
classification/train/5/train_00853.png,5,False,clean
classification/train/9/train_00854.png,9,False,clean
classification/train/7/train_00855.png,7,False,clean
classification/train/1/train_00856.png,1,False,clean
classification/train/8/train_00857.png,8,False,clean
classification/train/0/train_00858.png,0,False,clean
classification/train/3/train_00859.png,3,False,clean
classification/train/6/train_00860.png,6,False,clean
classification/train/7/train_00863.png,7,False,clean
classification/train/9/train_00864.png,9,False,clean
classification/train/1/train_00865.png,1,False,clean
classification/train/5/train_00866.png,5,False,clean
classification/train/5/train_00867.png,5,False,clean
classification/train/6/train_00870.png,6,False,clean
classification/train/1/train_00871.png,1,False,clean
classification/train/1/train_00872.png,1,False,clean
classification/train/6/train_00873.png,6,False,clean
classification/train/7/train_00874.png,7,False,clean
classification/train/1/train_00875.png,1,False,clean
classification/train/6/train_00876.png,6,False,clean
classification/train/1/train_00877.png,1,False,clean
classification/train/5/train_00878.png,5,False,clean
classification/train/7/train_00880.png,7,False,clean
classification/train/5/train_00881.png,5,False,clean
classification/train/8/train_00882.png,8,False,clean
classification/train/8/train_00883.png,8,False,clean
classification/train/9/train_00884.png,9,False,clean
classification/train/3/train_00887.png,3,False,clean
classification/train/5/train_00888.png,5,False,clean
classification/train/8/train_00890.png,8,False,clean
classification/train/2/train_00891.png,2,False,clean
classification/train/5/train_00892.png,5,False,clean
classification/train/3/train_00893.png,3,False,clean
classification/train/0/train_00894.png,0,False,clean
classification/train/6/train_00895.png,6,False,clean
classification/train/8/train_00897.png,8,False,clean
classification/train/1/train_00898.png,1,False,clean
classification/train/5/train_00900.png,5,False,clean
classification/train/1/train_00901.png,1,False,clean
classification/train/3/train_00902.png,3,False,clean
classification/train/4/train_00903.png,4,False,clean
classification/train/5/train_00905.png,5,False,clean
classification/train/2/train_00906.png,2,False,clean
classification/train/4/train_00908.png,4,False,clean
classification/train/8/train_00909.png,8,False,clean
classification/train/2/train_00910.png,2,False,clean
classification/train/0/train_00911.png,0,False,clean
classification/train/6/train_00914.png,6,False,clean
classification/train/9/train_00915.png,9,False,clean
classification/train/1/train_00916.png,1,False,clean
classification/train/8/train_00917.png,8,False,clean
classification/train/9/train_00919.png,9,False,clean
classification/train/2/train_00920.png,2,False,clean
classification/train/3/train_00922.png,3,False,clean
classification/train/9/train_00923.png,9,False,clean
classification/train/8/train_00924.png,8,False,clean
classification/train/8/train_00926.png,8,False,clean
classification/train/6/train_00927.png,6,False,clean
classification/train/5/train_00928.png,5,False,clean
classification/train/1/train_00929.png,1,False,clean
classification/train/5/train_00930.png,5,False,clean
classification/train/9/train_00931.png,9,False,clean
classification/train/2/train_00932.png,2,False,clean
classification/train/6/train_00935.png,6,False,clean
classification/train/5/train_00936.png,5,False,clean
classification/train/7/train_00937.png,7,False,clean
classification/train/9/train_00940.png,9,False,clean
classification/train/4/train_00941.png,4,False,clean
classification/train/6/train_00942.png,6,False,clean
classification/train/6/train_00943.png,6,False,clean
classification/train/9/train_00944.png,9,False,clean
classification/train/1/train_00945.png,1,False,clean
classification/train/7/train_00947.png,7,False,clean
classification/train/8/train_00949.png,8,False,clean
classification/train/6/train_00950.png,6,False,clean
classification/train/2/train_00951.png,2,False,clean
classification/train/3/train_00952.png,3,False,clean
classification/train/1/train_00953.png,1,False,clean
classification/train/4/train_00955.png,4,False,clean
classification/train/3/train_00956.png,3,False,clean
classification/train/8/train_00957.png,8,False,clean
classification/train/9/train_00958.png,9,False,clean
classification/train/2/train_00960.png,2,False,clean
classification/train/3/train_00961.png,3,False,clean
classification/train/1/train_00962.png,1,False,clean
classification/train/0/train_00963.png,0,False,clean
classification/train/4/train_00965.png,4,False,clean
classification/train/5/train_00966.png,5,False,clean
classification/train/3/train_00967.png,3,False,clean
classification/train/9/train_00969.png,9,False,clean
classification/train/3/train_00970.png,3,False,clean
classification/train/6/train_00972.png,6,False,clean
classification/train/6/train_00973.png,6,False,clean
classification/train/8/train_00974.png,8,False,clean
classification/train/0/train_00975.png,0,False,clean
classification/train/3/train_00976.png,3,False,clean
classification/train/5/train_00977.png,5,False,clean
classification/train/7/train_00978.png,7,False,clean
classification/train/8/train_00979.png,8,False,clean
classification/train/0/train_00980.png,0,False,clean
classification/train/7/train_00981.png,7,False,clean
classification/train/5/train_00982.png,5,False,clean
classification/train/8/train_00983.png,8,False,clean
classification/train/4/train_00985.png,4,False,clean
classification/train/5/train_00986.png,5,False,clean
classification/train/5/train_00987.png,5,False,clean
classification/train/9/train_00988.png,9,False,clean
classification/train/7/train_00989.png,7,False,clean
classification/train/7/train_00990.png,7,False,clean
classification/train/7/train_00991.png,7,False,clean
classification/train/9/train_00992.png,9,False,clean
classification/train/2/train_00993.png,2,False,clean
classification/train/2/train_00994.png,2,False,clean
classification/train/1/train_00995.png,1,False,clean
classification/train/7/train_00996.png,7,False,clean
classification/train/0/train_00997.png,0,False,clean
classification/train/0/train_00998.png,0,False,clean
classification/train/0/train_00999.png,0,False,clean
classification/train/2/train_01000.png,2,False,clean
classification/train/3/train_01001.png,3,False,clean
classification/train/1/train_01002.png,1,False,clean
classification/train/1/train_01003.png,1,False,clean
classification/train/9/train_01005.png,9,False,clean
classification/train/0/train_01006.png,0,False,clean
classification/train/9/train_01007.png,9,False,clean
classification/train/7/train_01010.png,7,False,clean
classification/train/7/train_01011.png,7,False,clean
classification/train/0/train_01012.png,0,False,clean
classification/train/5/train_01015.png,5,False,clean
classification/train/9/train_01016.png,9,False,clean
classification/train/7/train_01017.png,7,False,clean
classification/train/1/train_01018.png,1,False,clean
classification/train/5/train_01019.png,5,False,clean
classification/train/3/train_01020.png,3,False,clean
classification/train/4/train_01021.png,4,False,clean
classification/train/9/train_01022.png,9,False,clean
classification/train/6/train_01023.png,6,False,clean
classification/train/5/train_01024.png,5,False,clean
classification/train/8/train_01025.png,8,False,clean
classification/train/2/train_01027.png,2,False,clean
classification/train/3/train_01028.png,3,False,clean
classification/train/0/train_01030.png,0,False,clean
classification/train/1/train_01031.png,1,False,clean
classification/train/7/train_01032.png,7,False,clean
classification/train/1/train_01033.png,1,False,clean
classification/train/3/train_01034.png,3,False,clean
classification/train/6/train_01036.png,6,False,clean
classification/train/0/train_01037.png,0,False,clean
classification/train/1/train_01038.png,1,False,clean
classification/train/0/train_01039.png,0,False,clean
classification/train/1/train_01040.png,1,False,clean
classification/train/3/train_01043.png,3,False,clean
classification/train/2/train_01044.png,2,False,clean
classification/train/8/train_01045.png,8,False,clean
classification/train/2/train_01046.png,2,False,clean
classification/train/5/train_01048.png,5,False,clean
classification/train/9/train_01049.png,9,False,clean
classification/train/3/train_01050.png,3,False,clean
classification/train/6/train_01051.png,6,False,clean
classification/train/1/train_01052.png,1,False,clean
classification/train/2/train_01053.png,2,False,clean
classification/train/1/train_01054.png,1,False,clean
classification/train/0/train_01056.png,0,False,clean
classification/train/3/train_01057.png,3,False,clean
classification/train/6/train_01058.png,6,False,clean
classification/train/3/train_01059.png,3,False,clean
classification/train/4/train_01060.png,4,False,clean
classification/train/1/train_01061.png,1,False,clean
classification/train/5/train_01062.png,5,False,clean
classification/train/3/train_01063.png,3,False,clean
classification/train/9/train_01064.png,9,False,clean
classification/train/8/train_01065.png,8,False,clean
classification/train/2/train_01066.png,2,False,clean
classification/train/9/train_01067.png,9,False,clean
classification/train/2/train_01068.png,2,False,clean
classification/train/9/train_01069.png,9,False,clean
classification/train/1/train_01071.png,1,False,clean
classification/train/9/train_01072.png,9,False,clean
classification/train/1/train_01073.png,1,False,clean
classification/train/2/train_01074.png,2,False,clean
classification/train/7/train_01075.png,7,False,clean
classification/train/4/train_01076.png,4,False,clean
classification/train/3/train_01078.png,3,False,clean
classification/train/2/train_01079.png,2,False,clean
classification/train/2/train_01081.png,2,False,clean
classification/train/5/train_01082.png,5,False,clean
classification/train/3/train_01084.png,3,False,clean
classification/train/4/train_01086.png,4,False,clean
classification/train/1/train_01087.png,1,False,clean
classification/train/0/train_01089.png,0,False,clean
classification/train/0/train_01090.png,0,False,clean
classification/train/7/train_01091.png,7,False,clean
classification/train/5/train_01092.png,5,False,clean
classification/train/7/train_01093.png,7,False,clean
classification/train/5/train_01094.png,5,False,clean
classification/train/3/train_01095.png,3,False,clean
classification/train/6/train_01096.png,6,False,clean
classification/train/9/train_01097.png,9,False,clean
classification/train/6/train_01098.png,6,False,clean
classification/train/8/train_01099.png,8,False,clean
classification/train/3/train_01100.png,3,False,clean
classification/train/3/train_01101.png,3,False,clean
classification/train/6/train_01102.png,6,False,clean
classification/train/1/train_01104.png,1,False,clean
classification/train/3/train_01105.png,3,False,clean
classification/train/0/train_01106.png,0,False,clean
classification/train/5/train_01107.png,5,False,clean
classification/train/2/train_01108.png,2,False,clean
classification/train/4/train_01109.png,4,False,clean
classification/train/4/train_01110.png,4,False,clean
classification/train/7/train_01111.png,7,False,clean
classification/train/4/train_01112.png,4,False,clean
classification/train/6/train_01114.png,6,False,clean
classification/train/4/train_01115.png,4,False,clean
classification/train/8/train_01116.png,8,False,clean
classification/train/0/train_01117.png,0,False,clean
classification/train/3/train_01119.png,3,False,clean
classification/train/1/train_01120.png,1,False,clean
classification/train/4/train_01122.png,4,False,clean
classification/train/6/train_01123.png,6,False,clean
classification/train/0/train_01124.png,0,False,clean
classification/train/3/train_01125.png,3,False,clean
classification/train/8/train_01126.png,8,False,clean
classification/train/8/train_01127.png,8,False,clean
classification/train/6/train_01128.png,6,False,clean
classification/train/6/train_01129.png,6,False,clean
classification/train/2/train_01130.png,2,False,clean
classification/train/0/train_01131.png,0,False,clean
classification/train/9/train_01132.png,9,False,clean
classification/train/1/train_01134.png,1,False,clean
classification/train/6/train_01135.png,6,False,clean
classification/train/0/train_01136.png,0,False,clean
classification/train/3/train_01137.png,3,False,clean
classification/train/7/train_01138.png,7,False,clean
classification/train/9/train_01139.png,9,False,clean
classification/train/5/train_01140.png,5,False,clean
classification/train/7/train_01141.png,7,False,clean
classification/train/6/train_01142.png,6,False,clean
classification/train/2/train_01143.png,2,False,clean
classification/train/6/train_01144.png,6,False,clean
classification/train/7/train_01145.png,7,False,clean
classification/train/3/train_01146.png,3,False,clean
classification/train/2/train_01147.png,2,False,clean
classification/train/8/train_01148.png,8,False,clean
classification/train/9/train_01150.png,9,False,clean
classification/train/8/train_01151.png,8,False,clean
classification/train/0/train_01152.png,0,False,clean
classification/train/0/train_01153.png,0,False,clean
classification/train/3/train_01154.png,3,False,clean
classification/train/2/train_01158.png,2,False,clean
classification/train/9/train_01159.png,9,False,clean
classification/train/3/train_01160.png,3,False,clean
classification/train/8/train_01161.png,8,False,clean
classification/train/3/train_01163.png,3,False,clean
classification/train/6/train_01164.png,6,False,clean
classification/train/1/train_01166.png,1,False,clean
classification/train/8/train_01167.png,8,False,clean
classification/train/2/train_01168.png,2,False,clean
classification/train/8/train_01169.png,8,False,clean
classification/train/8/train_01172.png,8,False,clean
classification/train/3/train_01173.png,3,False,clean
classification/train/9/train_01174.png,9,False,clean
classification/train/1/train_01175.png,1,False,clean
classification/train/4/train_01176.png,4,False,clean
classification/train/6/train_01177.png,6,False,clean
classification/train/1/train_01179.png,1,False,clean
classification/train/6/train_01181.png,6,False,clean
classification/train/7/train_01183.png,7,False,clean
classification/train/2/train_01184.png,2,False,clean
classification/train/9/train_01185.png,9,False,clean
classification/train/8/train_01186.png,8,False,clean
classification/train/6/train_01187.png,6,False,clean
classification/train/1/train_01188.png,1,False,clean
classification/train/8/train_01190.png,8,False,clean
classification/train/8/train_01191.png,8,False,clean
classification/train/4/train_01192.png,4,False,clean
classification/train/3/train_01193.png,3,False,clean
classification/train/1/train_01194.png,1,False,clean
classification/train/9/train_01195.png,9,False,clean
classification/train/8/train_01196.png,8,False,clean
classification/train/1/train_01197.png,1,False,clean
classification/train/6/train_01198.png,6,False,clean
classification/train/3/train_01199.png,3,False,clean
classification/train/3/train_01200.png,3,False,clean
classification/train/8/train_01202.png,8,False,clean
classification/train/7/train_01203.png,7,False,clean
classification/train/6/train_01204.png,6,False,clean
classification/train/5/train_01205.png,5,False,clean
classification/train/8/train_01206.png,8,False,clean
classification/train/4/train_01207.png,4,False,clean
classification/train/9/train_01208.png,9,False,clean
classification/train/6/train_01209.png,6,False,clean
classification/train/2/train_01210.png,2,False,clean
classification/train/7/train_01211.png,7,False,clean
classification/train/4/train_01212.png,4,False,clean
classification/train/0/train_01213.png,0,False,clean
classification/train/0/train_01215.png,0,False,clean
classification/train/5/train_01216.png,5,False,clean
classification/train/6/train_01217.png,6,False,clean
classification/train/5/train_01218.png,5,False,clean
classification/train/5/train_01220.png,5,False,clean
classification/train/4/train_01223.png,4,False,clean
classification/train/7/train_01224.png,7,False,clean
classification/train/9/train_01225.png,9,False,clean
classification/train/1/train_01227.png,1,False,clean
classification/train/6/train_01229.png,6,False,clean
classification/train/4/train_01230.png,4,False,clean
classification/train/2/train_01231.png,2,False,clean
classification/train/1/train_01232.png,1,False,clean
classification/train/9/train_01234.png,9,False,clean
classification/train/5/train_01235.png,5,False,clean
classification/train/0/train_01237.png,0,False,clean
classification/train/3/train_01238.png,3,False,clean
classification/train/6/train_01241.png,6,False,clean
classification/train/1/train_01242.png,1,False,clean
classification/train/9/train_01243.png,9,False,clean
classification/train/3/train_01244.png,3,False,clean
classification/train/3/train_01245.png,3,False,clean
classification/train/6/train_01247.png,6,False,clean
classification/train/6/train_01248.png,6,False,clean
classification/train/4/train_01249.png,4,False,clean
classification/train/5/train_01250.png,5,False,clean
classification/train/7/train_01251.png,7,False,clean
classification/train/7/train_01252.png,7,False,clean
classification/train/8/train_01253.png,8,False,clean
classification/train/9/train_01254.png,9,False,clean
classification/train/5/train_01255.png,5,False,clean
classification/train/3/train_01257.png,3,False,clean
classification/train/5/train_01258.png,5,False,clean
classification/train/7/train_01259.png,7,False,clean
classification/train/9/train_01260.png,9,False,clean
classification/train/8/train_01261.png,8,False,clean
classification/train/8/train_01262.png,8,False,clean
classification/train/0/train_01263.png,0,False,clean
classification/train/4/train_01265.png,4,False,clean
classification/train/3/train_01266.png,3,False,clean
classification/train/0/train_01267.png,0,False,clean
classification/train/3/train_01269.png,3,False,clean
classification/train/5/train_01270.png,5,False,clean
classification/train/5/train_01271.png,5,False,clean
classification/train/5/train_01272.png,5,False,clean
classification/train/6/train_01274.png,6,False,clean
classification/train/7/train_01275.png,7,False,clean
classification/train/6/train_01276.png,6,False,clean
classification/train/0/train_01278.png,0,False,clean
classification/train/8/train_01280.png,8,False,clean
classification/train/6/train_01282.png,6,False,clean
classification/train/8/train_01283.png,8,False,clean
classification/train/6/train_01284.png,6,False,clean
classification/train/2/train_01285.png,2,False,clean
classification/train/4/train_01286.png,4,False,clean
classification/train/3/train_01287.png,3,False,clean
classification/train/4/train_01288.png,4,False,clean
classification/train/1/train_01289.png,1,False,clean
classification/train/7/train_01290.png,7,False,clean
classification/train/3/train_01291.png,3,False,clean
classification/train/6/train_01292.png,6,False,clean
classification/train/8/train_01293.png,8,False,clean
classification/train/4/train_01294.png,4,False,clean
classification/train/7/train_01295.png,7,False,clean
classification/train/4/train_01296.png,4,False,clean
classification/train/9/train_01298.png,9,False,clean
classification/train/2/train_01299.png,2,False,clean
classification/train/6/train_01301.png,6,False,clean
classification/train/4/train_01302.png,4,False,clean
classification/train/9/train_01303.png,9,False,clean
classification/train/2/train_01304.png,2,False,clean
classification/train/1/train_01305.png,1,False,clean
classification/train/8/train_01306.png,8,False,clean
classification/train/0/train_01307.png,0,False,clean
classification/train/1/train_01308.png,1,False,clean
classification/train/6/train_01309.png,6,False,clean
classification/train/7/train_01311.png,7,False,clean
classification/train/6/train_01312.png,6,False,clean
classification/train/6/train_01313.png,6,False,clean
classification/train/5/train_01314.png,5,False,clean
classification/train/2/train_01315.png,2,False,clean
classification/train/1/train_01316.png,1,False,clean
classification/train/2/train_01320.png,2,False,clean
classification/train/5/train_01323.png,5,False,clean
classification/train/9/train_01325.png,9,False,clean
classification/train/8/train_01327.png,8,False,clean
classification/train/3/train_01328.png,3,False,clean
classification/train/3/train_01329.png,3,False,clean
classification/train/4/train_01330.png,4,False,clean
classification/train/4/train_01331.png,4,False,clean
classification/train/0/train_01332.png,0,False,clean
classification/train/8/train_01333.png,8,False,clean
classification/train/6/train_01334.png,6,False,clean
classification/train/8/train_01335.png,8,False,clean
classification/train/8/train_01336.png,8,False,clean
classification/train/3/train_01338.png,3,False,clean
classification/train/3/train_01339.png,3,False,clean
classification/train/8/train_01340.png,8,False,clean
classification/train/2/train_01341.png,2,False,clean
classification/train/4/train_01342.png,4,False,clean
classification/train/1/train_01343.png,1,False,clean
classification/train/8/train_01344.png,8,False,clean
classification/train/8/train_01346.png,8,False,clean
classification/train/2/train_01348.png,2,False,clean
classification/train/7/train_01349.png,7,False,clean
classification/train/1/train_01350.png,1,False,clean
classification/train/5/train_01352.png,5,False,clean
classification/train/1/train_01353.png,1,False,clean
classification/train/1/train_01354.png,1,False,clean
classification/train/3/train_01355.png,3,False,clean
classification/train/7/train_01356.png,7,False,clean
classification/train/3/train_01357.png,3,False,clean
classification/train/1/train_01358.png,1,False,clean
classification/train/5/train_01360.png,5,False,clean
classification/train/8/train_01361.png,8,False,clean
classification/train/6/train_01362.png,6,False,clean
classification/train/3/train_01364.png,3,False,clean
classification/train/6/train_01367.png,6,False,clean
classification/train/8/train_01368.png,8,False,clean
classification/train/3/train_01369.png,3,False,clean
classification/train/5/train_01370.png,5,False,clean
classification/train/2/train_01371.png,2,False,clean
classification/train/4/train_01372.png,4,False,clean
classification/train/9/train_01373.png,9,False,clean
classification/train/3/train_01374.png,3,False,clean
classification/train/5/train_01375.png,5,False,clean
classification/train/6/train_01376.png,6,False,clean
classification/train/6/train_01377.png,6,False,clean
classification/train/9/train_01379.png,9,False,clean
classification/train/5/train_01380.png,5,False,clean
classification/train/4/train_01381.png,4,False,clean
classification/train/0/train_01382.png,0,False,clean
classification/train/9/train_01383.png,9,False,clean
classification/train/4/train_01384.png,4,False,clean
classification/train/0/train_01385.png,0,False,clean
classification/train/5/train_01386.png,5,False,clean
classification/train/4/train_01387.png,4,False,clean
classification/train/7/train_01388.png,7,False,clean
classification/train/4/train_01390.png,4,False,clean
classification/train/1/train_01391.png,1,False,clean
classification/train/5/train_01392.png,5,False,clean
classification/train/7/train_01393.png,7,False,clean
classification/train/7/train_01394.png,7,False,clean
classification/train/4/train_01395.png,4,False,clean
classification/train/5/train_01396.png,5,False,clean
classification/train/6/train_01398.png,6,False,clean
classification/train/2/train_01400.png,2,False,clean
classification/train/5/train_01401.png,5,False,clean
classification/train/6/train_01402.png,6,False,clean
classification/train/0/train_01403.png,0,False,clean
classification/train/9/train_01404.png,9,False,clean
classification/train/4/train_01405.png,4,False,clean
classification/train/5/train_01406.png,5,False,clean
classification/train/0/train_01407.png,0,False,clean
classification/train/5/train_01408.png,5,False,clean
classification/train/6/train_01409.png,6,False,clean
classification/train/5/train_01410.png,5,False,clean
classification/train/0/train_01412.png,0,False,clean
classification/train/7/train_01413.png,7,False,clean
classification/train/4/train_01414.png,4,False,clean
classification/train/5/train_01415.png,5,False,clean
classification/train/8/train_01416.png,8,False,clean
classification/train/6/train_01417.png,6,False,clean
classification/train/6/train_01418.png,6,False,clean
classification/train/1/train_01420.png,1,False,clean
classification/train/5/train_01421.png,5,False,clean
classification/train/8/train_01423.png,8,False,clean
classification/train/7/train_01424.png,7,False,clean
classification/train/6/train_01425.png,6,False,clean
classification/train/1/train_01427.png,1,False,clean
classification/train/9/train_01428.png,9,False,clean
classification/train/9/train_01430.png,9,False,clean
classification/train/8/train_01431.png,8,False,clean
classification/train/5/train_01432.png,5,False,clean
classification/train/6/train_01433.png,6,False,clean
classification/train/6/train_01434.png,6,False,clean
classification/train/2/train_01436.png,2,False,clean
classification/train/2/train_01437.png,2,False,clean
classification/train/7/train_01438.png,7,False,clean
classification/train/6/train_01439.png,6,False,clean
classification/train/7/train_01440.png,7,False,clean
classification/train/9/train_01441.png,9,False,clean
classification/train/6/train_01442.png,6,False,clean
classification/train/9/train_01443.png,9,False,clean
classification/train/1/train_01445.png,1,False,clean
classification/train/3/train_01446.png,3,False,clean
classification/train/9/train_01448.png,9,False,clean
classification/train/0/train_01451.png,0,False,clean
classification/train/0/train_01452.png,0,False,clean
classification/train/8/train_01453.png,8,False,clean
classification/train/2/train_01454.png,2,False,clean
classification/train/5/train_01455.png,5,False,clean
classification/train/0/train_01456.png,0,False,clean
classification/train/8/train_01458.png,8,False,clean
classification/train/1/train_01459.png,1,False,clean
classification/train/5/train_01460.png,5,False,clean
classification/train/3/train_01461.png,3,False,clean
classification/train/7/train_01463.png,7,False,clean
classification/train/3/train_01464.png,3,False,clean
classification/train/8/train_01466.png,8,False,clean
classification/train/7/train_01467.png,7,False,clean
classification/train/8/train_01469.png,8,False,clean
classification/train/4/train_01470.png,4,False,clean
classification/train/9/train_01471.png,9,False,clean
classification/train/5/train_01472.png,5,False,clean
classification/train/4/train_01473.png,4,False,clean
classification/train/1/train_01474.png,1,False,clean
classification/train/0/train_01475.png,0,False,clean
classification/train/9/train_01476.png,9,False,clean
classification/train/0/train_01477.png,0,False,clean
classification/train/9/train_01480.png,9,False,clean
classification/train/5/train_01482.png,5,False,clean
classification/train/8/train_01483.png,8,False,clean
classification/train/0/train_01484.png,0,False,clean
classification/train/1/train_01485.png,1,False,clean
classification/train/7/train_01486.png,7,False,clean
classification/train/7/train_01489.png,7,False,clean
classification/train/0/train_01490.png,0,False,clean
classification/train/7/train_01491.png,7,False,clean
classification/train/9/train_01492.png,9,False,clean
classification/train/7/train_01493.png,7,False,clean
classification/train/7/train_01494.png,7,False,clean
classification/train/6/train_01495.png,6,False,clean
classification/train/5/train_01497.png,5,False,clean
classification/train/6/train_01498.png,6,False,clean
classification/train/2/train_01499.png,2,False,clean
classification/train/1/train_01500.png,1,False,clean
classification/train/3/train_01502.png,3,False,clean
classification/train/7/train_01503.png,7,False,clean
classification/train/7/train_01505.png,7,False,clean
classification/train/5/train_01506.png,5,False,clean
classification/train/9/train_01507.png,9,False,clean
classification/train/6/train_01509.png,6,False,clean
classification/train/3/train_01510.png,3,False,clean
classification/train/9/train_01513.png,9,False,clean
classification/train/6/train_01514.png,6,False,clean
classification/train/8/train_01515.png,8,False,clean
classification/train/2/train_01516.png,2,False,clean
classification/train/3/train_01517.png,3,False,clean
classification/train/6/train_01518.png,6,False,clean
classification/train/2/train_01519.png,2,False,clean
classification/train/1/train_01520.png,1,False,clean
classification/train/6/train_01521.png,6,False,clean
classification/train/8/train_01522.png,8,False,clean
classification/train/0/train_01523.png,0,False,clean
classification/train/7/train_01524.png,7,False,clean
classification/train/5/train_01525.png,5,False,clean
classification/train/7/train_01526.png,7,False,clean
classification/train/5/train_01527.png,5,False,clean
classification/train/1/train_01528.png,1,False,clean
classification/train/1/train_01530.png,1,False,clean
classification/train/9/train_01531.png,9,False,clean
classification/train/4/train_01532.png,4,False,clean
classification/train/7/train_01533.png,7,False,clean
classification/train/2/train_01534.png,2,False,clean
classification/train/5/train_01535.png,5,False,clean
classification/train/7/train_01536.png,7,False,clean
classification/train/6/train_01537.png,6,False,clean
classification/train/4/train_01538.png,4,False,clean
classification/train/6/train_01540.png,6,False,clean
classification/train/8/train_01541.png,8,False,clean
classification/train/1/train_01542.png,1,False,clean
classification/train/7/train_01543.png,7,False,clean
classification/train/7/train_01544.png,7,False,clean
classification/train/1/train_01545.png,1,False,clean
classification/train/8/train_01546.png,8,False,clean
classification/train/5/train_01547.png,5,False,clean
classification/train/5/train_01548.png,5,False,clean
classification/train/8/train_01550.png,8,False,clean
classification/train/2/train_01551.png,2,False,clean
classification/train/3/train_01552.png,3,False,clean
classification/train/0/train_01553.png,0,False,clean
classification/train/4/train_01554.png,4,False,clean
classification/train/9/train_01555.png,9,False,clean
classification/train/6/train_01556.png,6,False,clean
classification/train/9/train_01559.png,9,False,clean
classification/train/9/train_01560.png,9,False,clean
classification/train/1/train_01561.png,1,False,clean
classification/train/6/train_01563.png,6,False,clean
classification/train/0/train_01564.png,0,False,clean
classification/train/5/train_01565.png,5,False,clean
classification/train/5/train_01567.png,5,False,clean
classification/train/5/train_01568.png,5,False,clean
classification/train/7/train_01569.png,7,False,clean
classification/train/4/train_01570.png,4,False,clean
classification/train/1/train_01571.png,1,False,clean
classification/train/5/train_01572.png,5,False,clean
classification/train/3/train_01573.png,3,False,clean
classification/train/4/train_01575.png,4,False,clean
classification/train/1/train_01577.png,1,False,clean
classification/train/8/train_01578.png,8,False,clean
classification/train/3/train_01579.png,3,False,clean
classification/train/5/train_01580.png,5,False,clean
classification/train/0/train_01581.png,0,False,clean
classification/train/9/train_01582.png,9,False,clean
classification/train/8/train_01584.png,8,False,clean
classification/train/0/train_01585.png,0,False,clean
classification/train/6/train_01586.png,6,False,clean
classification/train/7/train_01587.png,7,False,clean
classification/train/0/train_01588.png,0,False,clean
classification/train/7/train_01589.png,7,False,clean
classification/train/5/train_01591.png,5,False,clean
classification/train/8/train_01592.png,8,False,clean
classification/train/2/train_01593.png,2,False,clean
classification/train/7/train_01595.png,7,False,clean
classification/train/9/train_01596.png,9,False,clean
classification/train/7/train_01597.png,7,False,clean
classification/train/2/train_01599.png,2,False,clean
classification/train/8/train_01600.png,8,False,clean
classification/train/8/train_01603.png,8,False,clean
classification/train/9/train_01604.png,9,False,clean
classification/train/7/train_01605.png,7,False,clean
classification/train/4/train_01606.png,4,False,clean
classification/train/0/train_01608.png,0,False,clean
classification/train/0/train_01609.png,0,False,clean
classification/train/2/train_01611.png,2,False,clean
classification/train/9/train_01612.png,9,False,clean
classification/train/0/train_01613.png,0,False,clean
classification/train/6/train_01614.png,6,False,clean
classification/train/2/train_01615.png,2,False,clean
classification/train/1/train_01616.png,1,False,clean
classification/train/3/train_01617.png,3,False,clean
classification/train/2/train_01618.png,2,False,clean
classification/train/3/train_01619.png,3,False,clean
classification/train/0/train_01620.png,0,False,clean
classification/train/7/train_01621.png,7,False,clean
classification/train/8/train_01622.png,8,False,clean
classification/train/3/train_01624.png,3,False,clean
classification/train/6/train_01626.png,6,False,clean
classification/train/0/train_01627.png,0,False,clean
classification/train/4/train_01629.png,4,False,clean
classification/train/5/train_01630.png,5,False,clean
classification/train/7/train_01631.png,7,False,clean
classification/train/3/train_01633.png,3,False,clean
classification/train/5/train_01635.png,5,False,clean
classification/train/3/train_01636.png,3,False,clean
classification/train/3/train_01637.png,3,False,clean
classification/train/0/train_01638.png,0,False,clean
classification/train/2/train_01639.png,2,False,clean
classification/train/9/train_01640.png,9,False,clean
classification/train/0/train_01641.png,0,False,clean
classification/train/2/train_01642.png,2,False,clean
classification/train/7/train_01643.png,7,False,clean
classification/train/8/train_01644.png,8,False,clean
classification/train/8/train_01646.png,8,False,clean
classification/train/6/train_01647.png,6,False,clean
classification/train/6/train_01648.png,6,False,clean
classification/train/9/train_01649.png,9,False,clean
classification/train/3/train_01650.png,3,False,clean
classification/train/6/train_01651.png,6,False,clean
classification/train/5/train_01652.png,5,False,clean
classification/train/0/train_01653.png,0,False,clean
classification/train/3/train_01654.png,3,False,clean
classification/train/5/train_01655.png,5,False,clean
classification/train/1/train_01656.png,1,False,clean
classification/train/9/train_01657.png,9,False,clean
classification/train/8/train_01658.png,8,False,clean
classification/train/5/train_01659.png,5,False,clean
classification/train/3/train_01660.png,3,False,clean
classification/train/0/train_01661.png,0,False,clean
classification/train/7/train_01662.png,7,False,clean
classification/train/6/train_01663.png,6,False,clean
classification/train/3/train_01664.png,3,False,clean
classification/train/9/train_01665.png,9,False,clean
classification/train/5/train_01667.png,5,False,clean
classification/train/3/train_01668.png,3,False,clean
classification/train/3/train_01669.png,3,False,clean
classification/train/6/train_01670.png,6,False,clean
classification/train/0/train_01671.png,0,False,clean
classification/train/9/train_01673.png,9,False,clean
classification/train/5/train_01674.png,5,False,clean
classification/train/3/train_01675.png,3,False,clean
classification/train/9/train_01676.png,9,False,clean
classification/train/5/train_01677.png,5,False,clean
classification/train/5/train_01678.png,5,False,clean
classification/train/1/train_01680.png,1,False,clean
classification/train/1/train_01684.png,1,False,clean
classification/train/3/train_01685.png,3,False,clean
classification/train/5/train_01687.png,5,False,clean
classification/train/4/train_01688.png,4,False,clean
classification/train/5/train_01689.png,5,False,clean
classification/train/5/train_01690.png,5,False,clean
classification/train/6/train_01692.png,6,False,clean
classification/train/8/train_01694.png,8,False,clean
classification/train/3/train_01695.png,3,False,clean
classification/train/4/train_01696.png,4,False,clean
classification/train/4/train_01697.png,4,False,clean
classification/train/4/train_01698.png,4,False,clean
classification/train/1/train_01699.png,1,False,clean
classification/train/4/train_01700.png,4,False,clean
classification/train/5/train_01702.png,5,False,clean
classification/train/5/train_01703.png,5,False,clean
classification/train/9/train_01704.png,9,False,clean
classification/train/8/train_01705.png,8,False,clean
classification/train/2/train_01706.png,2,False,clean
classification/train/3/train_01707.png,3,False,clean
classification/train/4/train_01708.png,4,False,clean
classification/train/3/train_01709.png,3,False,clean
classification/train/6/train_01710.png,6,False,clean
classification/train/6/train_01711.png,6,False,clean
classification/train/7/train_01712.png,7,False,clean
classification/train/0/train_01713.png,0,False,clean
classification/train/7/train_01714.png,7,False,clean
classification/train/5/train_01715.png,5,False,clean
classification/train/1/train_01716.png,1,False,clean
classification/train/7/train_01717.png,7,False,clean
classification/train/1/train_01718.png,1,False,clean
classification/train/7/train_01719.png,7,False,clean
classification/train/8/train_01720.png,8,False,clean
classification/train/2/train_01722.png,2,False,clean
classification/train/3/train_01724.png,3,False,clean
classification/train/7/train_01726.png,7,False,clean
classification/train/4/train_01727.png,4,False,clean
classification/train/5/train_01728.png,5,False,clean
classification/train/2/train_01729.png,2,False,clean
classification/train/6/train_01730.png,6,False,clean
classification/train/0/train_01731.png,0,False,clean
classification/train/7/train_01733.png,7,False,clean
classification/train/2/train_01734.png,2,False,clean
classification/train/6/train_01735.png,6,False,clean
classification/train/0/train_01736.png,0,False,clean
classification/train/6/train_01737.png,6,False,clean
classification/train/1/train_01738.png,1,False,clean
classification/train/9/train_01739.png,9,False,clean
classification/train/9/train_01740.png,9,False,clean
classification/train/3/train_01741.png,3,False,clean
classification/train/6/train_01743.png,6,False,clean
classification/train/3/train_01744.png,3,False,clean
classification/train/1/train_01745.png,1,False,clean
classification/train/5/train_01746.png,5,False,clean
classification/train/4/train_01747.png,4,False,clean
classification/train/2/train_01748.png,2,False,clean
classification/train/4/train_01749.png,4,False,clean
classification/train/4/train_01750.png,4,False,clean
classification/train/9/train_01751.png,9,False,clean
classification/train/0/train_01754.png,0,False,clean
classification/train/4/train_01755.png,4,False,clean
classification/train/3/train_01757.png,3,False,clean
classification/train/1/train_01758.png,1,False,clean
classification/train/7/train_01760.png,7,False,clean
classification/train/5/train_01761.png,5,False,clean
classification/train/4/train_01762.png,4,False,clean
classification/train/7/train_01763.png,7,False,clean
classification/train/0/train_01766.png,0,False,clean
classification/train/0/train_01767.png,0,False,clean
classification/train/8/train_01768.png,8,False,clean
classification/train/6/train_01769.png,6,False,clean
classification/train/9/train_01770.png,9,False,clean
classification/train/9/train_01772.png,9,False,clean
classification/train/6/train_01773.png,6,False,clean
classification/train/3/train_01774.png,3,False,clean
classification/train/3/train_01775.png,3,False,clean
classification/train/9/train_01776.png,9,False,clean
classification/train/1/train_01777.png,1,False,clean
classification/train/6/train_01778.png,6,False,clean
classification/train/0/train_01779.png,0,False,clean
classification/train/5/train_01781.png,5,False,clean
classification/train/8/train_01782.png,8,False,clean
classification/train/7/train_01783.png,7,False,clean
classification/train/6/train_01784.png,6,False,clean
classification/train/4/train_01787.png,4,False,clean
classification/train/1/train_01788.png,1,False,clean
classification/train/1/train_01789.png,1,False,clean
classification/train/9/train_01790.png,9,False,clean
classification/train/5/train_01792.png,5,False,clean
classification/train/6/train_01793.png,6,False,clean
classification/train/2/train_01794.png,2,False,clean
classification/train/8/train_01795.png,8,False,clean
classification/train/4/train_01799.png,4,False,clean
classification/train/3/train_01800.png,3,False,clean
classification/train/1/train_01801.png,1,False,clean
classification/train/8/train_01802.png,8,False,clean
classification/train/6/train_01803.png,6,False,clean
classification/train/7/train_01804.png,7,False,clean
classification/train/0/train_01805.png,0,False,clean
classification/train/6/train_01806.png,6,False,clean
classification/train/5/train_01807.png,5,False,clean
classification/train/9/train_01808.png,9,False,clean
classification/train/0/train_01809.png,0,False,clean
classification/train/6/train_01810.png,6,False,clean
classification/train/7/train_01811.png,7,False,clean
classification/train/6/train_01812.png,6,False,clean
classification/train/7/train_01813.png,7,False,clean
classification/train/7/train_01814.png,7,False,clean
classification/train/7/train_01815.png,7,False,clean
classification/train/3/train_01817.png,3,False,clean
classification/train/9/train_01818.png,9,False,clean
classification/train/1/train_01819.png,1,False,clean
classification/train/5/train_01822.png,5,False,clean
classification/train/4/train_01823.png,4,False,clean
classification/train/0/train_01824.png,0,False,clean
classification/train/5/train_01825.png,5,False,clean
classification/train/4/train_01826.png,4,False,clean
classification/train/2/train_01827.png,2,False,clean
classification/train/7/train_01829.png,7,False,clean
classification/train/1/train_01830.png,1,False,clean
classification/train/9/train_01831.png,9,False,clean
classification/train/5/train_01832.png,5,False,clean
classification/train/2/train_01833.png,2,False,clean
classification/train/5/train_01835.png,5,False,clean
classification/train/1/train_01836.png,1,False,clean
classification/train/1/train_01837.png,1,False,clean
classification/train/7/train_01838.png,7,False,clean
classification/train/4/train_01839.png,4,False,clean
classification/train/0/train_01841.png,0,False,clean
classification/train/4/train_01842.png,4,False,clean
classification/train/2/train_01843.png,2,False,clean
classification/train/0/train_01845.png,0,False,clean
classification/train/8/train_01846.png,8,False,clean
classification/train/9/train_01847.png,9,False,clean
classification/train/2/train_01849.png,2,False,clean
classification/train/5/train_01850.png,5,False,clean
classification/train/8/train_01851.png,8,False,clean
classification/train/1/train_01853.png,1,False,clean
classification/train/2/train_01855.png,2,False,clean
classification/train/8/train_01856.png,8,False,clean
classification/train/4/train_01858.png,4,False,clean
classification/train/1/train_01859.png,1,False,clean
classification/train/7/train_01860.png,7,False,clean
classification/train/5/train_01861.png,5,False,clean
classification/train/8/train_01862.png,8,False,clean
classification/train/5/train_01863.png,5,False,clean
classification/train/6/train_01865.png,6,False,clean
classification/train/5/train_01866.png,5,False,clean
classification/train/4/train_01867.png,4,False,clean
classification/train/9/train_01868.png,9,False,clean
classification/train/0/train_01869.png,0,False,clean
classification/train/3/train_01870.png,3,False,clean
classification/train/4/train_01871.png,4,False,clean
classification/train/6/train_01872.png,6,False,clean
classification/train/9/train_01873.png,9,False,clean
classification/train/5/train_01874.png,5,False,clean
classification/train/0/train_01875.png,0,False,clean
classification/train/3/train_01876.png,3,False,clean
classification/train/9/train_01877.png,9,False,clean
classification/train/1/train_01878.png,1,False,clean
classification/train/8/train_01879.png,8,False,clean
classification/train/1/train_01881.png,1,False,clean
classification/train/3/train_01882.png,3,False,clean
classification/train/5/train_01883.png,5,False,clean
classification/train/0/train_01884.png,0,False,clean
classification/train/2/train_01885.png,2,False,clean
classification/train/1/train_01886.png,1,False,clean
classification/train/7/train_01887.png,7,False,clean
classification/train/8/train_01888.png,8,False,clean
classification/train/3/train_01890.png,3,False,clean
classification/train/0/train_01891.png,0,False,clean
classification/train/2/train_01893.png,2,False,clean
classification/train/0/train_01894.png,0,False,clean
classification/train/1/train_01895.png,1,False,clean
classification/train/3/train_01896.png,3,False,clean
classification/train/8/train_01897.png,8,False,clean
classification/train/6/train_01898.png,6,False,clean
classification/train/9/train_01899.png,9,False,clean
classification/train/7/train_01900.png,7,False,clean
classification/train/6/train_01901.png,6,False,clean
classification/train/6/train_01902.png,6,False,clean
classification/train/4/train_01904.png,4,False,clean
classification/train/9/train_01905.png,9,False,clean
classification/train/3/train_01906.png,3,False,clean
classification/train/5/train_01907.png,5,False,clean
classification/train/2/train_01908.png,2,False,clean
classification/train/7/train_01909.png,7,False,clean
classification/train/2/train_01910.png,2,False,clean
classification/train/7/train_01911.png,7,False,clean
classification/train/0/train_01912.png,0,False,clean
classification/train/9/train_01913.png,9,False,clean
classification/train/7/train_01914.png,7,False,clean
classification/train/2/train_01916.png,2,False,clean
classification/train/3/train_01917.png,3,False,clean
classification/train/3/train_01919.png,3,False,clean
classification/train/5/train_01921.png,5,False,clean
classification/train/3/train_01923.png,3,False,clean
classification/train/3/train_01924.png,3,False,clean
classification/train/3/train_01925.png,3,False,clean
classification/train/0/train_01926.png,0,False,clean
classification/train/3/train_01927.png,3,False,clean
classification/train/5/train_01928.png,5,False,clean
classification/train/8/train_01929.png,8,False,clean
classification/train/4/train_01930.png,4,False,clean
classification/train/3/train_01934.png,3,False,clean
classification/train/9/train_01936.png,9,False,clean
classification/train/9/train_01938.png,9,False,clean
classification/train/0/train_01939.png,0,False,clean
classification/train/3/train_01941.png,3,False,clean
classification/train/7/train_01942.png,7,False,clean
classification/train/2/train_01943.png,2,False,clean
classification/train/7/train_01945.png,7,False,clean
classification/train/9/train_01947.png,9,False,clean
classification/train/5/train_01948.png,5,False,clean
classification/train/4/train_01949.png,4,False,clean
classification/train/1/train_01950.png,1,False,clean
classification/train/3/train_01951.png,3,False,clean
classification/train/4/train_01952.png,4,False,clean
classification/train/9/train_01953.png,9,False,clean
classification/train/3/train_01954.png,3,False,clean
classification/train/3/train_01955.png,3,False,clean
classification/train/6/train_01956.png,6,False,clean
classification/train/3/train_01957.png,3,False,clean
classification/train/4/train_01958.png,4,False,clean
classification/train/4/train_01959.png,4,False,clean
classification/train/3/train_01960.png,3,False,clean
classification/train/4/train_01961.png,4,False,clean
classification/train/6/train_01964.png,6,False,clean
classification/train/4/train_01965.png,4,False,clean
classification/train/6/train_01966.png,6,False,clean
classification/train/8/train_01967.png,8,False,clean
classification/train/7/train_01968.png,7,False,clean
classification/train/8/train_01970.png,8,False,clean
classification/train/3/train_01971.png,3,False,clean
classification/train/6/train_01972.png,6,False,clean
classification/train/3/train_01974.png,3,False,clean
classification/train/3/train_01975.png,3,False,clean
classification/train/3/train_01976.png,3,False,clean
classification/train/3/train_01977.png,3,False,clean
classification/train/0/train_01978.png,0,False,clean
classification/train/6/train_01979.png,6,False,clean
classification/train/7/train_01980.png,7,False,clean
classification/train/8/train_01981.png,8,False,clean
classification/train/7/train_01982.png,7,False,clean
classification/train/4/train_01983.png,4,False,clean
classification/train/1/train_01984.png,1,False,clean
classification/train/9/train_01987.png,9,False,clean
classification/train/3/train_01988.png,3,False,clean
classification/train/9/train_01989.png,9,False,clean
classification/train/6/train_01993.png,6,False,clean
classification/train/0/train_01994.png,0,False,clean
classification/train/0/train_01995.png,0,False,clean
classification/train/0/train_01998.png,0,False,clean
classification/train/1/train_01999.png,1,False,clean
classification/train/0/train_02000.png,0,False,clean
classification/train/2/train_02001.png,2,False,clean
classification/train/6/train_02003.png,6,False,clean
classification/train/8/train_02004.png,8,False,clean
classification/train/8/train_02005.png,8,False,clean
classification/train/5/train_02006.png,5,False,clean
classification/train/1/train_02007.png,1,False,clean
classification/train/9/train_02008.png,9,False,clean
classification/train/3/train_02009.png,3,False,clean
classification/train/3/train_02010.png,3,False,clean
classification/train/9/train_02011.png,9,False,clean
classification/train/5/train_02012.png,5,False,clean
classification/train/7/train_02014.png,7,False,clean
classification/train/0/train_02015.png,0,False,clean
classification/train/3/train_02016.png,3,False,clean
classification/train/1/train_02017.png,1,False,clean
classification/train/3/train_02018.png,3,False,clean
classification/train/7/train_02019.png,7,False,clean
classification/train/1/train_02020.png,1,False,clean
classification/train/8/train_02021.png,8,False,clean
classification/train/9/train_02023.png,9,False,clean
classification/train/5/train_02024.png,5,False,clean
classification/train/2/train_02025.png,2,False,clean
classification/train/0/train_02026.png,0,False,clean
classification/train/3/train_02027.png,3,False,clean
classification/train/1/train_02028.png,1,False,clean
classification/train/1/train_02031.png,1,False,clean
classification/train/7/train_02032.png,7,False,clean
classification/train/6/train_02034.png,6,False,clean
classification/train/2/train_02035.png,2,False,clean
classification/train/8/train_02036.png,8,False,clean
classification/train/4/train_02037.png,4,False,clean
classification/train/0/train_02038.png,0,False,clean
classification/train/4/train_02039.png,4,False,clean
classification/train/0/train_02040.png,0,False,clean
classification/train/2/train_02041.png,2,False,clean
classification/train/8/train_02044.png,8,False,clean
classification/train/7/train_02045.png,7,False,clean
classification/train/4/train_02046.png,4,False,clean
classification/train/0/train_02047.png,0,False,clean
classification/train/2/train_02048.png,2,False,clean
classification/train/1/train_02050.png,1,False,clean
classification/train/2/train_02051.png,2,False,clean
classification/train/2/train_02052.png,2,False,clean
classification/train/3/train_02053.png,3,False,clean
classification/train/0/train_02054.png,0,False,clean
classification/train/3/train_02055.png,3,False,clean
classification/train/6/train_02057.png,6,False,clean
classification/train/5/train_02058.png,5,False,clean
classification/train/9/train_02059.png,9,False,clean
classification/train/4/train_02060.png,4,False,clean
classification/train/9/train_02061.png,9,False,clean
classification/train/5/train_02062.png,5,False,clean
classification/train/7/train_02063.png,7,False,clean
classification/train/4/train_02064.png,4,False,clean
classification/train/5/train_02065.png,5,False,clean
classification/train/1/train_02066.png,1,False,clean
classification/train/5/train_02067.png,5,False,clean
classification/train/2/train_02068.png,2,False,clean
classification/train/8/train_02069.png,8,False,clean
classification/train/9/train_02070.png,9,False,clean
classification/train/0/train_02071.png,0,False,clean
classification/train/4/train_02072.png,4,False,clean
classification/train/2/train_02074.png,2,False,clean
classification/train/0/train_02076.png,0,False,clean
classification/train/2/train_02077.png,2,False,clean
classification/train/0/train_02079.png,0,False,clean
classification/train/9/train_02080.png,9,False,clean
classification/train/8/train_02081.png,8,False,clean
classification/train/7/train_02082.png,7,False,clean
classification/train/6/train_02083.png,6,False,clean
classification/train/9/train_02084.png,9,False,clean
classification/train/2/train_02087.png,2,False,clean
classification/train/7/train_02089.png,7,False,clean
classification/train/8/train_02090.png,8,False,clean
classification/train/7/train_02091.png,7,False,clean
classification/train/6/train_02092.png,6,False,clean
classification/train/9/train_02093.png,9,False,clean
classification/train/3/train_02095.png,3,False,clean
classification/train/4/train_02098.png,4,False,clean
classification/train/0/train_02101.png,0,False,clean
classification/train/3/train_02102.png,3,False,clean
classification/train/6/train_02104.png,6,False,clean
classification/train/5/train_02105.png,5,False,clean
classification/train/2/train_02106.png,2,False,clean
classification/train/9/train_02107.png,9,False,clean
classification/train/4/train_02108.png,4,False,clean
classification/train/5/train_02109.png,5,False,clean
classification/train/2/train_02110.png,2,False,clean
classification/train/5/train_02112.png,5,False,clean
classification/train/0/train_02113.png,0,False,clean
classification/train/4/train_02116.png,4,False,clean
classification/train/6/train_02117.png,6,False,clean
classification/train/0/train_02119.png,0,False,clean
classification/train/8/train_02120.png,8,False,clean
classification/train/7/train_02121.png,7,False,clean
classification/train/4/train_02125.png,4,False,clean
classification/train/5/train_02127.png,5,False,clean
classification/train/6/train_02128.png,6,False,clean
classification/train/2/train_02129.png,2,False,clean
classification/train/6/train_02130.png,6,False,clean
classification/train/4/train_02131.png,4,False,clean
classification/train/0/train_02132.png,0,False,clean
classification/train/2/train_02133.png,2,False,clean
classification/train/9/train_02134.png,9,False,clean
classification/train/0/train_02135.png,0,False,clean
classification/train/3/train_02138.png,3,False,clean
classification/train/6/train_02139.png,6,False,clean
classification/train/3/train_02141.png,3,False,clean
classification/train/7/train_02142.png,7,False,clean
classification/train/7/train_02143.png,7,False,clean
classification/train/7/train_02144.png,7,False,clean
classification/train/9/train_02145.png,9,False,clean
classification/train/8/train_02147.png,8,False,clean
classification/train/1/train_02148.png,1,False,clean
classification/train/3/train_02150.png,3,False,clean
classification/train/4/train_02152.png,4,False,clean
classification/train/3/train_02153.png,3,False,clean
classification/train/5/train_02154.png,5,False,clean
classification/train/0/train_02155.png,0,False,clean
classification/train/9/train_02156.png,9,False,clean
classification/train/2/train_02157.png,2,False,clean
classification/train/2/train_02158.png,2,False,clean
classification/train/8/train_02159.png,8,False,clean
classification/train/4/train_02160.png,4,False,clean
classification/train/6/train_02162.png,6,False,clean
classification/train/1/train_02163.png,1,False,clean
classification/train/2/train_02164.png,2,False,clean
classification/train/2/train_02165.png,2,False,clean
classification/train/0/train_02166.png,0,False,clean
classification/train/9/train_02167.png,9,False,clean
classification/train/7/train_02168.png,7,False,clean
classification/train/4/train_02169.png,4,False,clean
classification/train/8/train_02171.png,8,False,clean
classification/train/3/train_02174.png,3,False,clean
classification/train/8/train_02175.png,8,False,clean
classification/train/6/train_02176.png,6,False,clean
classification/train/4/train_02178.png,4,False,clean
classification/train/4/train_02180.png,4,False,clean
classification/train/6/train_02181.png,6,False,clean
classification/train/5/train_02183.png,5,False,clean
classification/train/4/train_02185.png,4,False,clean
classification/train/3/train_02186.png,3,False,clean
classification/train/6/train_02187.png,6,False,clean
classification/train/4/train_02188.png,4,False,clean
classification/train/1/train_02189.png,1,False,clean
classification/train/7/train_02190.png,7,False,clean
classification/train/0/train_02191.png,0,False,clean
classification/train/2/train_02192.png,2,False,clean
classification/train/4/train_02193.png,4,False,clean
classification/train/4/train_02194.png,4,False,clean
classification/train/9/train_02197.png,9,False,clean
classification/train/6/train_02198.png,6,False,clean
classification/train/0/train_02199.png,0,False,clean
classification/train/0/train_02200.png,0,False,clean
classification/train/8/train_02201.png,8,False,clean
classification/train/2/train_02202.png,2,False,clean
classification/train/8/train_02203.png,8,False,clean
classification/train/4/train_02204.png,4,False,clean
classification/train/3/train_02205.png,3,False,clean
classification/train/9/train_02206.png,9,False,clean
classification/train/2/train_02208.png,2,False,clean
classification/train/9/train_02209.png,9,False,clean
classification/train/7/train_02210.png,7,False,clean
classification/train/9/train_02211.png,9,False,clean
classification/train/4/train_02214.png,4,False,clean
classification/train/0/train_02215.png,0,False,clean
classification/train/2/train_02216.png,2,False,clean
classification/train/4/train_02217.png,4,False,clean
classification/train/2/train_02220.png,2,False,clean
classification/train/7/train_02222.png,7,False,clean
classification/train/4/train_02223.png,4,False,clean
classification/train/1/train_02224.png,1,False,clean
classification/train/9/train_02225.png,9,False,clean
classification/train/9/train_02227.png,9,False,clean
classification/train/5/train_02228.png,5,False,clean
classification/train/3/train_02229.png,3,False,clean
classification/train/5/train_02230.png,5,False,clean
classification/train/2/train_02232.png,2,False,clean
classification/train/9/train_02233.png,9,False,clean
classification/train/1/train_02234.png,1,False,clean
classification/train/5/train_02235.png,5,False,clean
classification/train/0/train_02237.png,0,False,clean
classification/train/2/train_02238.png,2,False,clean
classification/train/1/train_02239.png,1,False,clean
classification/train/4/train_02240.png,4,False,clean
classification/train/6/train_02241.png,6,False,clean
classification/train/4/train_02242.png,4,False,clean
classification/train/4/train_02243.png,4,False,clean
classification/train/0/train_02246.png,0,False,clean
classification/train/3/train_02250.png,3,False,clean
classification/train/0/train_02252.png,0,False,clean
classification/train/1/train_02254.png,1,False,clean
classification/train/7/train_02255.png,7,False,clean
classification/train/8/train_02256.png,8,False,clean
classification/train/8/train_02257.png,8,False,clean
classification/train/6/train_02258.png,6,False,clean
classification/train/9/train_02259.png,9,False,clean
classification/train/3/train_02261.png,3,False,clean
classification/train/7/train_02262.png,7,False,clean
classification/train/8/train_02263.png,8,False,clean
classification/train/8/train_02264.png,8,False,clean
classification/train/1/train_02265.png,1,False,clean
classification/train/4/train_02266.png,4,False,clean
classification/train/3/train_02267.png,3,False,clean
classification/train/4/train_02268.png,4,False,clean
classification/train/4/train_02269.png,4,False,clean
classification/train/9/train_02270.png,9,False,clean
classification/train/2/train_02271.png,2,False,clean
classification/train/8/train_02272.png,8,False,clean
classification/train/3/train_02273.png,3,False,clean
classification/train/5/train_02274.png,5,False,clean
classification/train/7/train_02275.png,7,False,clean
classification/train/0/train_02276.png,0,False,clean
classification/train/6/train_02277.png,6,False,clean
classification/train/5/train_02278.png,5,False,clean
classification/train/2/train_02279.png,2,False,clean
classification/train/2/train_02280.png,2,False,clean
classification/train/0/train_02281.png,0,False,clean
classification/train/6/train_02283.png,6,False,clean
classification/train/1/train_02284.png,1,False,clean
classification/train/6/train_02286.png,6,False,clean
classification/train/8/train_02287.png,8,False,clean
classification/train/3/train_02291.png,3,False,clean
classification/train/2/train_02292.png,2,False,clean
classification/train/6/train_02294.png,6,False,clean
classification/train/4/train_02295.png,4,False,clean
classification/train/0/train_02296.png,0,False,clean
classification/train/4/train_02300.png,4,False,clean
classification/train/6/train_02301.png,6,False,clean
classification/train/0/train_02302.png,0,False,clean
classification/train/1/train_02303.png,1,False,clean
classification/train/5/train_02305.png,5,False,clean
classification/train/1/train_02307.png,1,False,clean
classification/train/7/train_02308.png,7,False,clean
classification/train/3/train_02310.png,3,False,clean
classification/train/2/train_02312.png,2,False,clean
classification/train/2/train_02313.png,2,False,clean
classification/train/4/train_02314.png,4,False,clean
classification/train/3/train_02316.png,3,False,clean
classification/train/1/train_02317.png,1,False,clean
classification/train/2/train_02319.png,2,False,clean
classification/train/6/train_02320.png,6,False,clean
classification/train/9/train_02321.png,9,False,clean
classification/train/7/train_02323.png,7,False,clean
classification/train/0/train_02324.png,0,False,clean
classification/train/9/train_02325.png,9,False,clean
classification/train/5/train_02326.png,5,False,clean
classification/train/2/train_02327.png,2,False,clean
classification/train/8/train_02328.png,8,False,clean
classification/train/7/train_02329.png,7,False,clean
classification/train/3/train_02330.png,3,False,clean
classification/train/6/train_02332.png,6,False,clean
classification/train/0/train_02333.png,0,False,clean
classification/train/6/train_02334.png,6,False,clean
classification/train/2/train_02335.png,2,False,clean
classification/train/7/train_02336.png,7,False,clean
classification/train/8/train_02337.png,8,False,clean
classification/train/4/train_02338.png,4,False,clean
classification/train/9/train_02341.png,9,False,clean
classification/train/3/train_02342.png,3,False,clean
classification/train/3/train_02344.png,3,False,clean
classification/train/0/train_02345.png,0,False,clean
classification/train/1/train_02346.png,1,False,clean
classification/train/9/train_02347.png,9,False,clean
classification/train/3/train_02348.png,3,False,clean
classification/train/3/train_02349.png,3,False,clean
classification/train/0/train_02351.png,0,False,clean
classification/train/5/train_02352.png,5,False,clean
classification/train/0/train_02354.png,0,False,clean
classification/train/2/train_02355.png,2,False,clean
classification/train/6/train_02357.png,6,False,clean
classification/train/3/train_02360.png,3,False,clean
classification/train/7/train_02361.png,7,False,clean
classification/train/5/train_02364.png,5,False,clean
classification/train/0/train_02365.png,0,False,clean
classification/train/8/train_02366.png,8,False,clean
classification/train/4/train_02367.png,4,False,clean
classification/train/8/train_02369.png,8,False,clean
classification/train/3/train_02370.png,3,False,clean
classification/train/5/train_02372.png,5,False,clean
classification/train/6/train_02373.png,6,False,clean
classification/train/1/train_02374.png,1,False,clean
classification/train/0/train_02375.png,0,False,clean
classification/train/0/train_02380.png,0,False,clean
classification/train/6/train_02382.png,6,False,clean
classification/train/4/train_02383.png,4,False,clean
classification/train/1/train_02384.png,1,False,clean
classification/train/4/train_02385.png,4,False,clean
classification/train/0/train_02387.png,0,False,clean
classification/train/7/train_02388.png,7,False,clean
classification/train/9/train_02390.png,9,False,clean
classification/train/2/train_02391.png,2,False,clean
classification/train/5/train_02392.png,5,False,clean
classification/train/2/train_02393.png,2,False,clean
classification/train/9/train_02394.png,9,False,clean
classification/train/8/train_02395.png,8,False,clean
classification/train/9/train_02398.png,9,False,clean
classification/train/2/train_02400.png,2,False,clean
classification/train/2/train_02401.png,2,False,clean
classification/train/1/train_02402.png,1,False,clean
classification/train/4/train_02404.png,4,False,clean
classification/train/7/train_02405.png,7,False,clean
classification/train/3/train_02406.png,3,False,clean
classification/train/8/train_02407.png,8,False,clean
classification/train/5/train_02408.png,5,False,clean
classification/train/6/train_02409.png,6,False,clean
classification/train/7/train_02410.png,7,False,clean
classification/train/9/train_02411.png,9,False,clean
classification/train/1/train_02413.png,1,False,clean
classification/train/0/train_02414.png,0,False,clean
classification/train/5/train_02415.png,5,False,clean
classification/train/8/train_02416.png,8,False,clean
classification/train/5/train_02417.png,5,False,clean
classification/train/2/train_02418.png,2,False,clean
classification/train/5/train_02419.png,5,False,clean
classification/train/0/train_02420.png,0,False,clean
classification/train/7/train_02423.png,7,False,clean
classification/train/6/train_02425.png,6,False,clean
classification/train/7/train_02426.png,7,False,clean
classification/train/1/train_02427.png,1,False,clean
classification/train/1/train_02428.png,1,False,clean
classification/train/4/train_02429.png,4,False,clean
classification/train/9/train_02430.png,9,False,clean
classification/train/7/train_02431.png,7,False,clean
classification/train/6/train_02432.png,6,False,clean
classification/train/8/train_02433.png,8,False,clean
classification/train/0/train_02434.png,0,False,clean
classification/train/3/train_02435.png,3,False,clean
classification/train/9/train_02436.png,9,False,clean
classification/train/7/train_02438.png,7,False,clean
classification/train/1/train_02439.png,1,False,clean
classification/train/0/train_02440.png,0,False,clean
classification/train/7/train_02441.png,7,False,clean
classification/train/0/train_02442.png,0,False,clean
classification/train/5/train_02444.png,5,False,clean
classification/train/9/train_02445.png,9,False,clean
classification/train/8/train_02446.png,8,False,clean
classification/train/0/train_02447.png,0,False,clean
classification/train/0/train_02449.png,0,False,clean
classification/train/0/train_02450.png,0,False,clean
classification/train/0/train_02451.png,0,False,clean
classification/train/9/train_02452.png,9,False,clean
classification/train/8/train_02453.png,8,False,clean
classification/train/1/train_02456.png,1,False,clean
classification/train/4/train_02457.png,4,False,clean
classification/train/5/train_02458.png,5,False,clean
classification/train/0/train_02459.png,0,False,clean
classification/train/6/train_02460.png,6,False,clean
classification/train/3/train_02461.png,3,False,clean
classification/train/3/train_02462.png,3,False,clean
classification/train/1/train_02463.png,1,False,clean
classification/train/5/train_02464.png,5,False,clean
classification/train/8/train_02465.png,8,False,clean
classification/train/7/train_02466.png,7,False,clean
classification/train/9/train_02467.png,9,False,clean
classification/train/6/train_02470.png,6,False,clean
classification/train/9/train_02471.png,9,False,clean
classification/train/8/train_02473.png,8,False,clean
classification/train/9/train_02474.png,9,False,clean
classification/train/4/train_02475.png,4,False,clean
classification/train/1/train_02476.png,1,False,clean
classification/train/5/train_02478.png,5,False,clean
classification/train/0/train_02479.png,0,False,clean
classification/train/1/train_02480.png,1,False,clean
classification/train/0/train_02481.png,0,False,clean
classification/train/8/train_02482.png,8,False,clean
classification/train/5/train_02483.png,5,False,clean
classification/train/7/train_02486.png,7,False,clean
classification/train/3/train_02487.png,3,False,clean
classification/train/6/train_02488.png,6,False,clean
classification/train/8/train_02489.png,8,False,clean
classification/train/8/train_02490.png,8,False,clean
classification/train/2/train_02491.png,2,False,clean
classification/train/8/train_02492.png,8,False,clean
classification/train/9/train_02493.png,9,False,clean
classification/train/1/train_02495.png,1,False,clean
classification/train/0/train_02496.png,0,False,clean
classification/train/9/train_02498.png,9,False,clean
classification/train/2/train_02499.png,2,False,clean
classification/train/2/train_02500.png,2,False,clean
classification/train/4/train_02501.png,4,False,clean
classification/train/5/train_02502.png,5,False,clean
classification/train/4/train_02503.png,4,False,clean
classification/train/4/train_02504.png,4,False,clean
classification/train/4/train_02505.png,4,False,clean
classification/train/9/train_02506.png,9,False,clean
classification/train/4/train_02507.png,4,False,clean
classification/train/2/train_02508.png,2,False,clean
classification/train/8/train_02510.png,8,False,clean
classification/train/1/train_02513.png,1,False,clean
classification/train/3/train_02514.png,3,False,clean
classification/train/9/train_02515.png,9,False,clean
classification/train/4/train_02517.png,4,False,clean
classification/train/5/train_02518.png,5,False,clean
classification/train/2/train_02519.png,2,False,clean
classification/train/8/train_02520.png,8,False,clean
classification/train/2/train_02521.png,2,False,clean
classification/train/5/train_02522.png,5,False,clean
classification/train/7/train_02524.png,7,False,clean
classification/train/1/train_02526.png,1,False,clean
classification/train/7/train_02527.png,7,False,clean
classification/train/8/train_02528.png,8,False,clean
classification/train/0/train_02529.png,0,False,clean
classification/train/1/train_02530.png,1,False,clean
classification/train/0/train_02531.png,0,False,clean
classification/train/1/train_02532.png,1,False,clean
classification/train/3/train_02533.png,3,False,clean
classification/train/5/train_02537.png,5,False,clean
classification/train/6/train_02538.png,6,False,clean
classification/train/5/train_02539.png,5,False,clean
classification/train/1/train_02540.png,1,False,clean
classification/train/7/train_02541.png,7,False,clean
classification/train/0/train_02542.png,0,False,clean
classification/train/5/train_02543.png,5,False,clean
classification/train/1/train_02544.png,1,False,clean
classification/train/2/train_02546.png,2,False,clean
classification/train/8/train_02547.png,8,False,clean
classification/train/9/train_02548.png,9,False,clean
classification/train/9/train_02549.png,9,False,clean
classification/train/8/train_02550.png,8,False,clean
classification/train/6/train_02551.png,6,False,clean
classification/train/3/train_02552.png,3,False,clean
classification/train/5/train_02553.png,5,False,clean
classification/train/6/train_02554.png,6,False,clean
classification/train/5/train_02555.png,5,False,clean
classification/train/1/train_02557.png,1,False,clean
classification/train/8/train_02558.png,8,False,clean
classification/train/6/train_02559.png,6,False,clean
classification/train/6/train_02560.png,6,False,clean
classification/train/0/train_02562.png,0,False,clean
classification/train/7/train_02565.png,7,False,clean
classification/train/8/train_02566.png,8,False,clean
classification/train/8/train_02567.png,8,False,clean
classification/train/3/train_02568.png,3,False,clean
classification/train/6/train_02570.png,6,False,clean
classification/train/5/train_02571.png,5,False,clean
classification/train/0/train_02572.png,0,False,clean
classification/train/7/train_02573.png,7,False,clean
classification/train/9/train_02574.png,9,False,clean
classification/train/9/train_02575.png,9,False,clean
classification/train/6/train_02577.png,6,False,clean
classification/train/0/train_02578.png,0,False,clean
classification/train/2/train_02579.png,2,False,clean
classification/train/8/train_02580.png,8,False,clean
classification/train/8/train_02581.png,8,False,clean
classification/train/5/train_02583.png,5,False,clean
classification/train/2/train_02584.png,2,False,clean
classification/train/4/train_02585.png,4,False,clean
classification/train/4/train_02586.png,4,False,clean
classification/train/9/train_02587.png,9,False,clean
classification/train/0/train_02588.png,0,False,clean
classification/train/6/train_02589.png,6,False,clean
classification/train/0/train_02590.png,0,False,clean
classification/train/5/train_02591.png,5,False,clean
classification/train/4/train_02592.png,4,False,clean
classification/train/4/train_02593.png,4,False,clean
classification/train/4/train_02594.png,4,False,clean
classification/train/7/train_02595.png,7,False,clean
classification/train/7/train_02596.png,7,False,clean
classification/train/1/train_02598.png,1,False,clean
classification/train/3/train_02599.png,3,False,clean
classification/train/3/train_02600.png,3,False,clean
classification/train/3/train_02601.png,3,False,clean
classification/train/9/train_02602.png,9,False,clean
classification/train/2/train_02603.png,2,False,clean
classification/train/5/train_02604.png,5,False,clean
classification/train/9/train_02605.png,9,False,clean
classification/train/7/train_02608.png,7,False,clean
classification/train/0/train_02609.png,0,False,clean
classification/train/6/train_02611.png,6,False,clean
classification/train/9/train_02612.png,9,False,clean
classification/train/2/train_02613.png,2,False,clean
classification/train/8/train_02614.png,8,False,clean
classification/train/2/train_02616.png,2,False,clean
classification/train/8/train_02617.png,8,False,clean
classification/train/9/train_02618.png,9,False,clean
classification/train/2/train_02619.png,2,False,clean
classification/train/6/train_02621.png,6,False,clean
classification/train/6/train_02623.png,6,False,clean
classification/train/4/train_02624.png,4,False,clean
classification/train/6/train_02625.png,6,False,clean
classification/train/4/train_02626.png,4,False,clean
classification/train/7/train_02628.png,7,False,clean
classification/train/7/train_02629.png,7,False,clean
classification/train/9/train_02630.png,9,False,clean
classification/train/8/train_02631.png,8,False,clean
classification/train/4/train_02632.png,4,False,clean
classification/train/2/train_02633.png,2,False,clean
classification/train/4/train_02634.png,4,False,clean
classification/train/9/train_02636.png,9,False,clean
classification/train/6/train_02637.png,6,False,clean
classification/train/5/train_02638.png,5,False,clean
classification/train/5/train_02639.png,5,False,clean
classification/train/2/train_02640.png,2,False,clean
classification/train/8/train_02641.png,8,False,clean
classification/train/2/train_02643.png,2,False,clean
classification/train/3/train_02644.png,3,False,clean
classification/train/2/train_02645.png,2,False,clean
classification/train/3/train_02647.png,3,False,clean
classification/train/2/train_02648.png,2,False,clean
classification/train/7/train_02649.png,7,False,clean
classification/train/1/train_02650.png,1,False,clean
classification/train/4/train_02651.png,4,False,clean
classification/train/3/train_02653.png,3,False,clean
classification/train/6/train_02655.png,6,False,clean
classification/train/4/train_02656.png,4,False,clean
classification/train/4/train_02658.png,4,False,clean
classification/train/1/train_02659.png,1,False,clean
classification/train/7/train_02661.png,7,False,clean
classification/train/6/train_02662.png,6,False,clean
classification/train/1/train_02663.png,1,False,clean
classification/train/6/train_02664.png,6,False,clean
classification/train/2/train_02665.png,2,False,clean
classification/train/5/train_02666.png,5,False,clean
classification/train/1/train_02669.png,1,False,clean
classification/train/7/train_02673.png,7,False,clean
classification/train/5/train_02674.png,5,False,clean
classification/train/0/train_02677.png,0,False,clean
classification/train/0/train_02679.png,0,False,clean
classification/train/3/train_02680.png,3,False,clean
classification/train/3/train_02681.png,3,False,clean
classification/train/0/train_02682.png,0,False,clean
classification/train/4/train_02683.png,4,False,clean
classification/train/9/train_02684.png,9,False,clean
classification/train/5/train_02685.png,5,False,clean
classification/train/8/train_02686.png,8,False,clean
classification/train/4/train_02687.png,4,False,clean
classification/train/5/train_02688.png,5,False,clean
classification/train/4/train_02689.png,4,False,clean
classification/train/4/train_02690.png,4,False,clean
classification/train/1/train_02691.png,1,False,clean
classification/train/4/train_02692.png,4,False,clean
classification/train/7/train_02693.png,7,False,clean
classification/train/9/train_02694.png,9,False,clean
classification/train/3/train_02696.png,3,False,clean
classification/train/2/train_02697.png,2,False,clean
classification/train/3/train_02698.png,3,False,clean
classification/train/5/train_02699.png,5,False,clean
classification/train/3/train_02700.png,3,False,clean
classification/train/1/train_02701.png,1,False,clean
classification/train/4/train_02703.png,4,False,clean
classification/train/5/train_02705.png,5,False,clean
classification/train/5/train_02706.png,5,False,clean
classification/train/5/train_02707.png,5,False,clean
classification/train/0/train_02710.png,0,False,clean
classification/train/7/train_02711.png,7,False,clean
classification/train/7/train_02712.png,7,False,clean
classification/train/3/train_02714.png,3,False,clean
classification/train/6/train_02716.png,6,False,clean
classification/train/3/train_02717.png,3,False,clean
classification/train/7/train_02718.png,7,False,clean
classification/train/0/train_02719.png,0,False,clean
classification/train/7/train_02720.png,7,False,clean
classification/train/9/train_02722.png,9,False,clean
classification/train/0/train_02723.png,0,False,clean
classification/train/9/train_02724.png,9,False,clean
classification/train/7/train_02725.png,7,False,clean
classification/train/3/train_02726.png,3,False,clean
classification/train/2/train_02727.png,2,False,clean
classification/train/5/train_02728.png,5,False,clean
classification/train/1/train_02729.png,1,False,clean
classification/train/6/train_02730.png,6,False,clean
classification/train/4/train_02734.png,4,False,clean
classification/train/1/train_02735.png,1,False,clean
classification/train/1/train_02736.png,1,False,clean
classification/train/4/train_02737.png,4,False,clean
classification/train/9/train_02738.png,9,False,clean
classification/train/1/train_02739.png,1,False,clean
classification/train/4/train_02740.png,4,False,clean
classification/train/0/train_02741.png,0,False,clean
classification/train/1/train_02743.png,1,False,clean
classification/train/7/train_02744.png,7,False,clean
classification/train/2/train_02745.png,2,False,clean
classification/train/8/train_02746.png,8,False,clean
classification/train/7/train_02747.png,7,False,clean
classification/train/7/train_02748.png,7,False,clean
classification/train/6/train_02749.png,6,False,clean
classification/train/5/train_02750.png,5,False,clean
classification/train/5/train_02751.png,5,False,clean
classification/train/5/train_02753.png,5,False,clean
classification/train/6/train_02754.png,6,False,clean
classification/train/0/train_02755.png,0,False,clean
classification/train/6/train_02756.png,6,False,clean
classification/train/3/train_02757.png,3,False,clean
classification/train/2/train_02759.png,2,False,clean
classification/train/2/train_02760.png,2,False,clean
classification/train/2/train_02761.png,2,False,clean
classification/train/1/train_02762.png,1,False,clean
classification/train/6/train_02763.png,6,False,clean
classification/train/4/train_02765.png,4,False,clean
classification/train/3/train_02766.png,3,False,clean
classification/train/6/train_02767.png,6,False,clean
classification/train/3/train_02768.png,3,False,clean
classification/train/4/train_02770.png,4,False,clean
classification/train/5/train_02771.png,5,False,clean
classification/train/5/train_02774.png,5,False,clean
classification/train/9/train_02775.png,9,False,clean
classification/train/7/train_02776.png,7,False,clean
classification/train/9/train_02778.png,9,False,clean
classification/train/4/train_02779.png,4,False,clean
classification/train/4/train_02780.png,4,False,clean
classification/train/0/train_02781.png,0,False,clean
classification/train/4/train_02782.png,4,False,clean
classification/train/9/train_02783.png,9,False,clean
classification/train/2/train_02784.png,2,False,clean
classification/train/7/train_02786.png,7,False,clean
classification/train/4/train_02787.png,4,False,clean
classification/train/8/train_02788.png,8,False,clean
classification/train/2/train_02789.png,2,False,clean
classification/train/4/train_02790.png,4,False,clean
classification/train/0/train_02791.png,0,False,clean
classification/train/9/train_02793.png,9,False,clean
classification/train/0/train_02794.png,0,False,clean
classification/train/8/train_02795.png,8,False,clean
classification/train/8/train_02796.png,8,False,clean
classification/train/0/train_02797.png,0,False,clean
classification/train/2/train_02799.png,2,False,clean
classification/train/4/train_02801.png,4,False,clean
classification/train/2/train_02802.png,2,False,clean
classification/train/9/train_02803.png,9,False,clean
classification/train/8/train_02804.png,8,False,clean
classification/train/7/train_02805.png,7,False,clean
classification/train/8/train_02807.png,8,False,clean
classification/train/4/train_02808.png,4,False,clean
classification/train/4/train_02809.png,4,False,clean
classification/train/6/train_02811.png,6,False,clean
classification/train/4/train_02812.png,4,False,clean
classification/train/8/train_02813.png,8,False,clean
classification/train/4/train_02814.png,4,False,clean
classification/train/6/train_02816.png,6,False,clean
classification/train/0/train_02817.png,0,False,clean
classification/train/1/train_02818.png,1,False,clean
classification/train/0/train_02819.png,0,False,clean
classification/train/6/train_02820.png,6,False,clean
classification/train/6/train_02821.png,6,False,clean
classification/train/6/train_02822.png,6,False,clean
classification/train/5/train_02823.png,5,False,clean
classification/train/6/train_02825.png,6,False,clean
classification/train/1/train_02826.png,1,False,clean
classification/train/2/train_02828.png,2,False,clean
classification/train/2/train_02829.png,2,False,clean
classification/train/7/train_02830.png,7,False,clean
classification/train/2/train_02831.png,2,False,clean
classification/train/8/train_02833.png,8,False,clean
classification/train/5/train_02834.png,5,False,clean
classification/train/2/train_02835.png,2,False,clean
classification/train/3/train_02837.png,3,False,clean
classification/train/5/train_02838.png,5,False,clean
classification/train/0/train_02839.png,0,False,clean
classification/train/8/train_02840.png,8,False,clean
classification/train/9/train_02842.png,9,False,clean
classification/train/6/train_02843.png,6,False,clean
classification/train/6/train_02845.png,6,False,clean
classification/train/1/train_02846.png,1,False,clean
classification/train/0/train_02847.png,0,False,clean
classification/train/6/train_02850.png,6,False,clean
classification/train/9/train_02851.png,9,False,clean
classification/train/4/train_02852.png,4,False,clean
classification/train/4/train_02853.png,4,False,clean
classification/train/4/train_02854.png,4,False,clean
classification/train/6/train_02855.png,6,False,clean
classification/train/5/train_02856.png,5,False,clean
classification/train/8/train_02857.png,8,False,clean
classification/train/1/train_02858.png,1,False,clean
classification/train/8/train_02859.png,8,False,clean
classification/train/5/train_02860.png,5,False,clean
classification/train/3/train_02862.png,3,False,clean
classification/train/5/train_02866.png,5,False,clean
classification/train/1/train_02867.png,1,False,clean
classification/train/8/train_02868.png,8,False,clean
classification/train/2/train_02869.png,2,False,clean
classification/train/6/train_02871.png,6,False,clean
classification/train/4/train_02872.png,4,False,clean
classification/train/8/train_02873.png,8,False,clean
classification/train/6/train_02874.png,6,False,clean
classification/train/4/train_02875.png,4,False,clean
classification/train/1/train_02876.png,1,False,clean
classification/train/7/train_02878.png,7,False,clean
classification/train/3/train_02879.png,3,False,clean
classification/train/8/train_02880.png,8,False,clean
classification/train/6/train_02881.png,6,False,clean
classification/train/4/train_02882.png,4,False,clean
classification/train/8/train_02883.png,8,False,clean
classification/train/7/train_02884.png,7,False,clean
classification/train/9/train_02885.png,9,False,clean
classification/train/3/train_02886.png,3,False,clean
classification/train/9/train_02887.png,9,False,clean
classification/train/8/train_02888.png,8,False,clean
classification/train/5/train_02889.png,5,False,clean
classification/train/8/train_02890.png,8,False,clean
classification/train/2/train_02891.png,2,False,clean
classification/train/5/train_02893.png,5,False,clean
classification/train/4/train_02894.png,4,False,clean
classification/train/0/train_02895.png,0,False,clean
classification/train/8/train_02896.png,8,False,clean
classification/train/1/train_02898.png,1,False,clean
classification/train/7/train_02899.png,7,False,clean
classification/train/9/train_02900.png,9,False,clean
classification/train/1/train_02901.png,1,False,clean
classification/train/1/train_02905.png,1,False,clean
classification/train/5/train_02906.png,5,False,clean
classification/train/2/train_02907.png,2,False,clean
classification/train/0/train_02909.png,0,False,clean
classification/train/0/train_02910.png,0,False,clean
classification/train/9/train_02911.png,9,False,clean
classification/train/2/train_02912.png,2,False,clean
classification/train/7/train_02914.png,7,False,clean
classification/train/7/train_02915.png,7,False,clean
classification/train/7/train_02916.png,7,False,clean
classification/train/7/train_02917.png,7,False,clean
classification/train/0/train_02918.png,0,False,clean
classification/train/8/train_02919.png,8,False,clean
classification/train/4/train_02920.png,4,False,clean
classification/train/9/train_02921.png,9,False,clean
classification/train/5/train_02922.png,5,False,clean
classification/train/4/train_02923.png,4,False,clean
classification/train/8/train_02924.png,8,False,clean
classification/train/4/train_02925.png,4,False,clean
classification/train/2/train_02926.png,2,False,clean
classification/train/6/train_02927.png,6,False,clean
classification/train/3/train_02928.png,3,False,clean
classification/train/8/train_02929.png,8,False,clean
classification/train/0/train_02930.png,0,False,clean
classification/train/1/train_02931.png,1,False,clean
classification/train/0/train_02932.png,0,False,clean
classification/train/9/train_02933.png,9,False,clean
classification/train/0/train_02934.png,0,False,clean
classification/train/9/train_02936.png,9,False,clean
classification/train/7/train_02937.png,7,False,clean
classification/train/4/train_02938.png,4,False,clean
classification/train/4/train_02939.png,4,False,clean
classification/train/1/train_02940.png,1,False,clean
classification/train/9/train_02942.png,9,False,clean
classification/train/8/train_02943.png,8,False,clean
classification/train/9/train_02944.png,9,False,clean
classification/train/1/train_02945.png,1,False,clean
classification/train/4/train_02948.png,4,False,clean
classification/train/7/train_02949.png,7,False,clean
classification/train/5/train_02950.png,5,False,clean
classification/train/1/train_02951.png,1,False,clean
classification/train/2/train_02952.png,2,False,clean
classification/train/0/train_02953.png,0,False,clean
classification/train/8/train_02954.png,8,False,clean
classification/train/8/train_02955.png,8,False,clean
classification/train/5/train_02956.png,5,False,clean
classification/train/5/train_02957.png,5,False,clean
classification/train/1/train_02958.png,1,False,clean
classification/train/6/train_02959.png,6,False,clean
classification/train/8/train_02960.png,8,False,clean
classification/train/4/train_02961.png,4,False,clean
classification/train/1/train_02962.png,1,False,clean
classification/train/8/train_02963.png,8,False,clean
classification/train/1/train_02964.png,1,False,clean
classification/train/1/train_02965.png,1,False,clean
classification/train/8/train_02966.png,8,False,clean
classification/train/4/train_02967.png,4,False,clean
classification/train/0/train_02968.png,0,False,clean
classification/train/5/train_02969.png,5,False,clean
classification/train/2/train_02970.png,2,False,clean
classification/train/6/train_02971.png,6,False,clean
classification/train/9/train_02972.png,9,False,clean
classification/train/8/train_02973.png,8,False,clean
classification/train/6/train_02974.png,6,False,clean
classification/train/2/train_02975.png,2,False,clean
classification/train/5/train_02976.png,5,False,clean
classification/train/0/train_02978.png,0,False,clean
classification/train/9/train_02979.png,9,False,clean
classification/train/8/train_02980.png,8,False,clean
classification/train/2/train_02981.png,2,False,clean
classification/train/2/train_02982.png,2,False,clean
classification/train/6/train_02984.png,6,False,clean
classification/train/5/train_02986.png,5,False,clean
classification/train/5/train_02990.png,5,False,clean
classification/train/9/train_02991.png,9,False,clean
classification/train/8/train_02992.png,8,False,clean
classification/train/1/train_02993.png,1,False,clean
classification/train/3/train_02994.png,3,False,clean
classification/train/8/train_02995.png,8,False,clean
classification/train/7/train_02996.png,7,False,clean
classification/train/6/train_02997.png,6,False,clean
classification/train/3/train_02998.png,3,False,clean
classification/train/6/train_03000.png,6,False,clean
classification/train/9/train_03001.png,9,False,clean
classification/train/2/train_03002.png,2,False,clean
classification/train/1/train_03003.png,1,False,clean
classification/train/1/train_03004.png,1,False,clean
classification/train/8/train_03006.png,8,False,clean
classification/train/9/train_03007.png,9,False,clean
classification/train/7/train_03008.png,7,False,clean
classification/train/1/train_03009.png,1,False,clean
classification/train/9/train_03010.png,9,False,clean
classification/train/4/train_03011.png,4,False,clean
classification/train/7/train_03013.png,7,False,clean
classification/train/1/train_03014.png,1,False,clean
classification/train/8/train_03015.png,8,False,clean
classification/train/1/train_03016.png,1,False,clean
classification/train/9/train_03017.png,9,False,clean
classification/train/4/train_03018.png,4,False,clean
classification/train/3/train_03019.png,3,False,clean
classification/train/9/train_03020.png,9,False,clean
classification/train/4/train_03021.png,4,False,clean
classification/train/0/train_03022.png,0,False,clean
classification/train/4/train_03023.png,4,False,clean
classification/train/0/train_03024.png,0,False,clean
classification/train/0/train_03025.png,0,False,clean
classification/train/1/train_03026.png,1,False,clean
classification/train/9/train_03027.png,9,False,clean
classification/train/7/train_03028.png,7,False,clean
classification/train/9/train_03029.png,9,False,clean
classification/train/4/train_03030.png,4,False,clean
classification/train/6/train_03032.png,6,False,clean
classification/train/6/train_03033.png,6,False,clean
classification/train/3/train_03034.png,3,False,clean
classification/train/1/train_03035.png,1,False,clean
classification/train/9/train_03036.png,9,False,clean
classification/train/0/train_03037.png,0,False,clean
classification/train/6/train_03039.png,6,False,clean
classification/train/5/train_03040.png,5,False,clean
classification/train/5/train_03041.png,5,False,clean
classification/train/4/train_03042.png,4,False,clean
classification/train/8/train_03044.png,8,False,clean
classification/train/2/train_03045.png,2,False,clean
classification/train/7/train_03046.png,7,False,clean
classification/train/2/train_03047.png,2,False,clean
classification/train/9/train_03048.png,9,False,clean
classification/train/7/train_03049.png,7,False,clean
classification/train/0/train_03050.png,0,False,clean
classification/train/5/train_03053.png,5,False,clean
classification/train/4/train_03054.png,4,False,clean
classification/train/6/train_03055.png,6,False,clean
classification/train/0/train_03058.png,0,False,clean
classification/train/4/train_03060.png,4,False,clean
classification/train/0/train_03061.png,0,False,clean
classification/train/3/train_03062.png,3,False,clean
classification/train/7/train_03063.png,7,False,clean
classification/train/9/train_03064.png,9,False,clean
classification/train/8/train_03065.png,8,False,clean
classification/train/5/train_03066.png,5,False,clean
classification/train/6/train_03067.png,6,False,clean
classification/train/2/train_03068.png,2,False,clean
classification/train/7/train_03069.png,7,False,clean
classification/train/8/train_03070.png,8,False,clean
classification/train/3/train_03071.png,3,False,clean
classification/train/9/train_03073.png,9,False,clean
classification/train/2/train_03074.png,2,False,clean
classification/train/6/train_03076.png,6,False,clean
classification/train/2/train_03077.png,2,False,clean
classification/train/8/train_03078.png,8,False,clean
classification/train/6/train_03079.png,6,False,clean
classification/train/0/train_03081.png,0,False,clean
classification/train/6/train_03082.png,6,False,clean
classification/train/3/train_03083.png,3,False,clean
classification/train/2/train_03084.png,2,False,clean
classification/train/1/train_03085.png,1,False,clean
classification/train/6/train_03086.png,6,False,clean
classification/train/8/train_03087.png,8,False,clean
classification/train/8/train_03088.png,8,False,clean
classification/train/1/train_03089.png,1,False,clean
classification/train/4/train_03090.png,4,False,clean
classification/train/3/train_03091.png,3,False,clean
classification/train/0/train_03092.png,0,False,clean
classification/train/6/train_03093.png,6,False,clean
classification/train/6/train_03094.png,6,False,clean
classification/train/3/train_03095.png,3,False,clean
classification/train/6/train_03096.png,6,False,clean
classification/train/8/train_03098.png,8,False,clean
classification/train/1/train_03099.png,1,False,clean
classification/train/8/train_03100.png,8,False,clean
classification/train/8/train_03101.png,8,False,clean
classification/train/8/train_03102.png,8,False,clean
classification/train/3/train_03105.png,3,False,clean
classification/train/2/train_03106.png,2,False,clean
classification/train/6/train_03107.png,6,False,clean
classification/train/8/train_03109.png,8,False,clean
classification/train/0/train_03110.png,0,False,clean
classification/train/5/train_03111.png,5,False,clean
classification/train/6/train_03112.png,6,False,clean
classification/train/8/train_03114.png,8,False,clean
classification/train/8/train_03115.png,8,False,clean
classification/train/4/train_03116.png,4,False,clean
classification/train/6/train_03117.png,6,False,clean
classification/train/2/train_03118.png,2,False,clean
classification/train/5/train_03119.png,5,False,clean
classification/train/5/train_03121.png,5,False,clean
classification/train/5/train_03122.png,5,False,clean
classification/train/3/train_03124.png,3,False,clean
classification/train/0/train_03128.png,0,False,clean
classification/train/2/train_03132.png,2,False,clean
classification/train/6/train_03133.png,6,False,clean
classification/train/1/train_03134.png,1,False,clean
classification/train/2/train_03135.png,2,False,clean
classification/train/2/train_03136.png,2,False,clean
classification/train/4/train_03137.png,4,False,clean
classification/train/5/train_03138.png,5,False,clean
classification/train/4/train_03139.png,4,False,clean
classification/train/7/train_03140.png,7,False,clean
classification/train/2/train_03141.png,2,False,clean
classification/train/5/train_03142.png,5,False,clean
classification/train/1/train_03143.png,1,False,clean
classification/train/8/train_03144.png,8,False,clean
classification/train/1/train_03145.png,1,False,clean
classification/train/3/train_03146.png,3,False,clean
classification/train/4/train_03147.png,4,False,clean
classification/train/6/train_03149.png,6,False,clean
classification/train/0/train_03150.png,0,False,clean
classification/train/2/train_03151.png,2,False,clean
classification/train/9/train_03153.png,9,False,clean
classification/train/3/train_03154.png,3,False,clean
classification/train/7/train_03156.png,7,False,clean
classification/train/6/train_03157.png,6,False,clean
classification/train/5/train_03158.png,5,False,clean
classification/train/9/train_03159.png,9,False,clean
classification/train/6/train_03160.png,6,False,clean
classification/train/0/train_03161.png,0,False,clean
classification/train/2/train_03162.png,2,False,clean
classification/train/4/train_03163.png,4,False,clean
classification/train/6/train_03164.png,6,False,clean
classification/train/8/train_03165.png,8,False,clean
classification/train/6/train_03166.png,6,False,clean
classification/train/5/train_03167.png,5,False,clean
classification/train/3/train_03169.png,3,False,clean
classification/train/8/train_03170.png,8,False,clean
classification/train/3/train_03172.png,3,False,clean
classification/train/5/train_03173.png,5,False,clean
classification/train/2/train_03174.png,2,False,clean
classification/train/8/train_03175.png,8,False,clean
classification/train/1/train_03176.png,1,False,clean
classification/train/6/train_03177.png,6,False,clean
classification/train/3/train_03178.png,3,False,clean
classification/train/6/train_03179.png,6,False,clean
classification/train/2/train_03180.png,2,False,clean
classification/train/0/train_03181.png,0,False,clean
classification/train/9/train_03183.png,9,False,clean
classification/train/0/train_03184.png,0,False,clean
classification/train/5/train_03185.png,5,False,clean
classification/train/2/train_03186.png,2,False,clean
classification/train/4/train_03187.png,4,False,clean
classification/train/8/train_03189.png,8,False,clean
classification/train/8/train_03190.png,8,False,clean
classification/train/2/train_03191.png,2,False,clean
classification/train/1/train_03192.png,1,False,clean
classification/train/4/train_03193.png,4,False,clean
classification/train/1/train_03194.png,1,False,clean
classification/train/3/train_03195.png,3,False,clean
classification/train/5/train_03196.png,5,False,clean
classification/train/6/train_03197.png,6,False,clean
classification/train/2/train_03198.png,2,False,clean
classification/train/9/train_03199.png,9,False,clean
classification/train/1/train_03200.png,1,False,clean
classification/train/2/train_03201.png,2,False,clean
classification/train/7/train_03202.png,7,False,clean
classification/train/3/train_03203.png,3,False,clean
classification/train/6/train_03204.png,6,False,clean
classification/train/4/train_03205.png,4,False,clean
classification/train/8/train_03206.png,8,False,clean
classification/train/9/train_03207.png,9,False,clean
classification/train/1/train_03208.png,1,False,clean
classification/train/9/train_03209.png,9,False,clean
classification/train/6/train_03210.png,6,False,clean
classification/train/3/train_03211.png,3,False,clean
classification/train/4/train_03213.png,4,False,clean
classification/train/8/train_03215.png,8,False,clean
classification/train/5/train_03216.png,5,False,clean
classification/train/7/train_03217.png,7,False,clean
classification/train/8/train_03218.png,8,False,clean
classification/train/3/train_03220.png,3,False,clean
classification/train/2/train_03221.png,2,False,clean
classification/train/3/train_03222.png,3,False,clean
classification/train/4/train_03224.png,4,False,clean
classification/train/8/train_03225.png,8,False,clean
classification/train/2/train_03226.png,2,False,clean
classification/train/3/train_03227.png,3,False,clean
classification/train/0/train_03228.png,0,False,clean
classification/train/3/train_03229.png,3,False,clean
classification/train/4/train_03230.png,4,False,clean
classification/train/4/train_03231.png,4,False,clean
classification/train/1/train_03232.png,1,False,clean
classification/train/0/train_03233.png,0,False,clean
classification/train/0/train_03234.png,0,False,clean
classification/train/7/train_03236.png,7,False,clean
classification/train/6/train_03238.png,6,False,clean
classification/train/0/train_03240.png,0,False,clean
classification/train/2/train_03242.png,2,False,clean
classification/train/2/train_03243.png,2,False,clean
classification/train/7/train_03244.png,7,False,clean
classification/train/5/train_03245.png,5,False,clean
classification/train/3/train_03246.png,3,False,clean
classification/train/0/train_03247.png,0,False,clean
classification/train/1/train_03249.png,1,False,clean
classification/train/7/train_03250.png,7,False,clean
classification/train/2/train_03253.png,2,False,clean
classification/train/5/train_03254.png,5,False,clean
classification/train/5/train_03255.png,5,False,clean
classification/train/0/train_03256.png,0,False,clean
classification/train/6/train_03257.png,6,False,clean
classification/train/1/train_03258.png,1,False,clean
classification/train/0/train_03259.png,0,False,clean
classification/train/5/train_03260.png,5,False,clean
classification/train/9/train_03261.png,9,False,clean
classification/train/5/train_03262.png,5,False,clean
classification/train/7/train_03263.png,7,False,clean
classification/train/9/train_03264.png,9,False,clean
classification/train/8/train_03266.png,8,False,clean
classification/train/0/train_03267.png,0,False,clean
classification/train/7/train_03269.png,7,False,clean
classification/train/1/train_03271.png,1,False,clean
classification/train/9/train_03272.png,9,False,clean
classification/train/7/train_03273.png,7,False,clean
classification/train/2/train_03274.png,2,False,clean
classification/train/8/train_03275.png,8,False,clean
classification/train/9/train_03276.png,9,False,clean
classification/train/3/train_03277.png,3,False,clean
classification/train/4/train_03279.png,4,False,clean
classification/train/0/train_03280.png,0,False,clean
classification/train/9/train_03281.png,9,False,clean
classification/train/2/train_03283.png,2,False,clean
classification/train/0/train_03284.png,0,False,clean
classification/train/7/train_03285.png,7,False,clean
classification/train/8/train_03286.png,8,False,clean
classification/train/2/train_03288.png,2,False,clean
classification/train/2/train_03289.png,2,False,clean
classification/train/9/train_03290.png,9,False,clean
classification/train/9/train_03291.png,9,False,clean
classification/train/3/train_03292.png,3,False,clean
classification/train/1/train_03293.png,1,False,clean
classification/train/3/train_03294.png,3,False,clean
classification/train/1/train_03295.png,1,False,clean
classification/train/7/train_03296.png,7,False,clean
classification/train/0/train_03297.png,0,False,clean
classification/train/2/train_03298.png,2,False,clean
classification/train/1/train_03299.png,1,False,clean
classification/train/5/train_03301.png,5,False,clean
classification/train/1/train_03303.png,1,False,clean
classification/train/8/train_03304.png,8,False,clean
classification/train/4/train_03305.png,4,False,clean
classification/train/9/train_03306.png,9,False,clean
classification/train/4/train_03307.png,4,False,clean
classification/train/6/train_03308.png,6,False,clean
classification/train/9/train_03309.png,9,False,clean
classification/train/7/train_03310.png,7,False,clean
classification/train/2/train_03311.png,2,False,clean
classification/train/3/train_03312.png,3,False,clean
classification/train/6/train_03313.png,6,False,clean
classification/train/0/train_03314.png,0,False,clean
classification/train/3/train_03315.png,3,False,clean
classification/train/9/train_03316.png,9,False,clean
classification/train/7/train_03319.png,7,False,clean
classification/train/6/train_03320.png,6,False,clean
classification/train/3/train_03321.png,3,False,clean
classification/train/6/train_03322.png,6,False,clean
classification/train/4/train_03323.png,4,False,clean
classification/train/9/train_03324.png,9,False,clean
classification/train/1/train_03326.png,1,False,clean
classification/train/5/train_03327.png,5,False,clean
classification/train/7/train_03328.png,7,False,clean
classification/train/7/train_03329.png,7,False,clean
classification/train/1/train_03330.png,1,False,clean
classification/train/7/train_03331.png,7,False,clean
classification/train/0/train_03332.png,0,False,clean
classification/train/1/train_03333.png,1,False,clean
classification/train/8/train_03335.png,8,False,clean
classification/train/3/train_03336.png,3,False,clean
classification/train/4/train_03338.png,4,False,clean
classification/train/9/train_03339.png,9,False,clean
classification/train/2/train_03340.png,2,False,clean
classification/train/0/train_03341.png,0,False,clean
classification/train/7/train_03342.png,7,False,clean
classification/train/6/train_03343.png,6,False,clean
classification/train/8/train_03347.png,8,False,clean
classification/train/7/train_03348.png,7,False,clean
classification/train/5/train_03349.png,5,False,clean
classification/train/9/train_03351.png,9,False,clean
classification/train/8/train_03353.png,8,False,clean
classification/train/4/train_03354.png,4,False,clean
classification/train/6/train_03357.png,6,False,clean
classification/train/1/train_03358.png,1,False,clean
classification/train/1/train_03359.png,1,False,clean
classification/train/8/train_03361.png,8,False,clean
classification/train/6/train_03362.png,6,False,clean
classification/train/1/train_03363.png,1,False,clean
classification/train/6/train_03364.png,6,False,clean
classification/train/0/train_03365.png,0,False,clean
classification/train/2/train_03368.png,2,False,clean
classification/train/6/train_03369.png,6,False,clean
classification/train/5/train_03370.png,5,False,clean
classification/train/2/train_03371.png,2,False,clean
classification/train/0/train_03373.png,0,False,clean
classification/train/4/train_03374.png,4,False,clean
classification/train/1/train_03375.png,1,False,clean
classification/train/0/train_03378.png,0,False,clean
classification/train/9/train_03379.png,9,False,clean
classification/train/4/train_03380.png,4,False,clean
classification/train/2/train_03381.png,2,False,clean
classification/train/7/train_03382.png,7,False,clean
classification/train/9/train_03384.png,9,False,clean
classification/train/1/train_03386.png,1,False,clean
classification/train/2/train_03387.png,2,False,clean
classification/train/6/train_03388.png,6,False,clean
classification/train/4/train_03390.png,4,False,clean
classification/train/7/train_03391.png,7,False,clean
classification/train/7/train_03392.png,7,False,clean
classification/train/7/train_03394.png,7,False,clean
classification/train/0/train_03395.png,0,False,clean
classification/train/1/train_03396.png,1,False,clean
classification/train/9/train_03398.png,9,False,clean
classification/train/8/train_03399.png,8,False,clean
classification/train/8/train_03400.png,8,False,clean
classification/train/8/train_03401.png,8,False,clean
classification/train/3/train_03403.png,3,False,clean
classification/train/1/train_03404.png,1,False,clean
classification/train/7/train_03405.png,7,False,clean
classification/train/4/train_03406.png,4,False,clean
classification/train/6/train_03407.png,6,False,clean
classification/train/6/train_03408.png,6,False,clean
classification/train/8/train_03410.png,8,False,clean
classification/train/0/train_03413.png,0,False,clean
classification/train/5/train_03414.png,5,False,clean
classification/train/1/train_03415.png,1,False,clean
classification/train/3/train_03416.png,3,False,clean
classification/train/9/train_03417.png,9,False,clean
classification/train/8/train_03418.png,8,False,clean
classification/train/6/train_03419.png,6,False,clean
classification/train/6/train_03420.png,6,False,clean
classification/train/2/train_03421.png,2,False,clean
classification/train/4/train_03422.png,4,False,clean
classification/train/7/train_03423.png,7,False,clean
classification/train/0/train_03424.png,0,False,clean
classification/train/7/train_03425.png,7,False,clean
classification/train/1/train_03426.png,1,False,clean
classification/train/1/train_03427.png,1,False,clean
classification/train/3/train_03428.png,3,False,clean
classification/train/7/train_03429.png,7,False,clean
classification/train/0/train_03432.png,0,False,clean
classification/train/7/train_03433.png,7,False,clean
classification/train/2/train_03434.png,2,False,clean
classification/train/0/train_03436.png,0,False,clean
classification/train/8/train_03437.png,8,False,clean
classification/train/0/train_03438.png,0,False,clean
classification/train/4/train_03439.png,4,False,clean
classification/train/4/train_03440.png,4,False,clean
classification/train/7/train_03443.png,7,False,clean
classification/train/9/train_03444.png,9,False,clean
classification/train/8/train_03445.png,8,False,clean
classification/train/2/train_03446.png,2,False,clean
classification/train/0/train_03447.png,0,False,clean
classification/train/2/train_03450.png,2,False,clean
classification/train/3/train_03451.png,3,False,clean
classification/train/1/train_03452.png,1,False,clean
classification/train/7/train_03453.png,7,False,clean
classification/train/9/train_03454.png,9,False,clean
classification/train/9/train_03456.png,9,False,clean
classification/train/2/train_03460.png,2,False,clean
classification/train/3/train_03461.png,3,False,clean
classification/train/3/train_03463.png,3,False,clean
classification/train/9/train_03464.png,9,False,clean
classification/train/2/train_03466.png,2,False,clean
classification/train/2/train_03467.png,2,False,clean
classification/train/3/train_03468.png,3,False,clean
classification/train/0/train_03469.png,0,False,clean
classification/train/0/train_03470.png,0,False,clean
classification/train/9/train_03471.png,9,False,clean
classification/train/3/train_03472.png,3,False,clean
classification/train/6/train_03473.png,6,False,clean
classification/train/1/train_03474.png,1,False,clean
classification/train/9/train_03475.png,9,False,clean
classification/train/9/train_03476.png,9,False,clean
classification/train/5/train_03477.png,5,False,clean
classification/train/5/train_03478.png,5,False,clean
classification/train/0/train_03479.png,0,False,clean
classification/train/4/train_03480.png,4,False,clean
classification/train/0/train_03481.png,0,False,clean
classification/train/0/train_03482.png,0,False,clean
classification/train/8/train_03483.png,8,False,clean
classification/train/4/train_03484.png,4,False,clean
classification/train/8/train_03486.png,8,False,clean
classification/train/6/train_03488.png,6,False,clean
classification/train/4/train_03489.png,4,False,clean
classification/train/5/train_03490.png,5,False,clean
classification/train/7/train_03491.png,7,False,clean
classification/train/5/train_03492.png,5,False,clean
classification/train/8/train_03494.png,8,False,clean
classification/train/2/train_03495.png,2,False,clean
classification/train/8/train_03496.png,8,False,clean
classification/train/3/train_03497.png,3,False,clean
classification/train/8/train_03501.png,8,False,clean
classification/train/4/train_03502.png,4,False,clean
classification/train/6/train_03503.png,6,False,clean
classification/train/1/train_03504.png,1,False,clean
classification/train/9/train_03505.png,9,False,clean
classification/train/9/train_03507.png,9,False,clean
classification/train/6/train_03508.png,6,False,clean
classification/train/2/train_03510.png,2,False,clean
classification/train/2/train_03511.png,2,False,clean
classification/train/1/train_03512.png,1,False,clean
classification/train/3/train_03514.png,3,False,clean
classification/train/9/train_03516.png,9,False,clean
classification/train/1/train_03517.png,1,False,clean
classification/train/2/train_03518.png,2,False,clean
classification/train/6/train_03519.png,6,False,clean
classification/train/6/train_03520.png,6,False,clean
classification/train/6/train_03521.png,6,False,clean
classification/train/1/train_03522.png,1,False,clean
classification/train/9/train_03523.png,9,False,clean
classification/train/3/train_03526.png,3,False,clean
classification/train/8/train_03527.png,8,False,clean
classification/train/6/train_03529.png,6,False,clean
classification/train/9/train_03530.png,9,False,clean
classification/train/1/train_03531.png,1,False,clean
classification/train/9/train_03532.png,9,False,clean
classification/train/1/train_03533.png,1,False,clean
classification/train/2/train_03534.png,2,False,clean
classification/train/5/train_03535.png,5,False,clean
classification/train/2/train_03536.png,2,False,clean
classification/train/3/train_03537.png,3,False,clean
classification/train/9/train_03539.png,9,False,clean
classification/train/7/train_03540.png,7,False,clean
classification/train/4/train_03541.png,4,False,clean
classification/train/2/train_03542.png,2,False,clean
classification/train/2/train_03543.png,2,False,clean
classification/train/8/train_03544.png,8,False,clean
classification/train/1/train_03545.png,1,False,clean
classification/train/2/train_03546.png,2,False,clean
classification/train/2/train_03548.png,2,False,clean
classification/train/3/train_03549.png,3,False,clean
classification/train/8/train_03550.png,8,False,clean
classification/train/8/train_03551.png,8,False,clean
classification/train/8/train_03554.png,8,False,clean
classification/train/6/train_03555.png,6,False,clean
classification/train/1/train_03556.png,1,False,clean
classification/train/6/train_03557.png,6,False,clean
classification/train/7/train_03558.png,7,False,clean
classification/train/8/train_03559.png,8,False,clean
classification/train/1/train_03560.png,1,False,clean
classification/train/1/train_03561.png,1,False,clean
classification/train/6/train_03562.png,6,False,clean
classification/train/7/train_03563.png,7,False,clean
classification/train/6/train_03565.png,6,False,clean
classification/train/3/train_03566.png,3,False,clean
classification/train/1/train_03569.png,1,False,clean
classification/train/2/train_03570.png,2,False,clean
classification/train/6/train_03571.png,6,False,clean
classification/train/5/train_03572.png,5,False,clean
classification/train/9/train_03573.png,9,False,clean
classification/train/9/train_03574.png,9,False,clean
classification/train/0/train_03577.png,0,False,clean
classification/train/9/train_03578.png,9,False,clean
classification/train/2/train_03580.png,2,False,clean
classification/train/0/train_03582.png,0,False,clean
classification/train/1/train_03583.png,1,False,clean
classification/train/5/train_03584.png,5,False,clean
classification/train/4/train_03586.png,4,False,clean
classification/train/4/train_03587.png,4,False,clean
classification/train/0/train_03588.png,0,False,clean
classification/train/0/train_03589.png,0,False,clean
classification/train/2/train_03592.png,2,False,clean
classification/train/1/train_03594.png,1,False,clean
classification/train/1/train_03595.png,1,False,clean
classification/train/3/train_03599.png,3,False,clean
classification/train/7/train_03600.png,7,False,clean
classification/train/5/train_03601.png,5,False,clean
classification/train/5/train_03602.png,5,False,clean
classification/train/0/train_03603.png,0,False,clean
classification/train/7/train_03604.png,7,False,clean
classification/train/3/train_03606.png,3,False,clean
classification/train/4/train_03607.png,4,False,clean
classification/train/7/train_03609.png,7,False,clean
classification/train/8/train_03610.png,8,False,clean
classification/train/9/train_03611.png,9,False,clean
classification/train/8/train_03612.png,8,False,clean
classification/train/4/train_03613.png,4,False,clean
classification/train/6/train_03614.png,6,False,clean
classification/train/0/train_03615.png,0,False,clean
classification/train/0/train_03616.png,0,False,clean
classification/train/6/train_03617.png,6,False,clean
classification/train/8/train_03621.png,8,False,clean
classification/train/7/train_03622.png,7,False,clean
classification/train/6/train_03623.png,6,False,clean
classification/train/7/train_03624.png,7,False,clean
classification/train/1/train_03625.png,1,False,clean
classification/train/3/train_03626.png,3,False,clean
classification/train/6/train_03628.png,6,False,clean
classification/train/4/train_03629.png,4,False,clean
classification/train/7/train_03630.png,7,False,clean
classification/train/5/train_03631.png,5,False,clean
classification/train/1/train_03632.png,1,False,clean
classification/train/2/train_03633.png,2,False,clean
classification/train/9/train_03634.png,9,False,clean
classification/train/4/train_03636.png,4,False,clean
classification/train/9/train_03638.png,9,False,clean
classification/train/6/train_03640.png,6,False,clean
classification/train/5/train_03641.png,5,False,clean
classification/train/6/train_03644.png,6,False,clean
classification/train/4/train_03646.png,4,False,clean
classification/train/8/train_03647.png,8,False,clean
classification/train/9/train_03648.png,9,False,clean
classification/train/5/train_03649.png,5,False,clean
classification/train/0/train_03651.png,0,False,clean
classification/train/0/train_03652.png,0,False,clean
classification/train/3/train_03653.png,3,False,clean
classification/train/9/train_03654.png,9,False,clean
classification/train/3/train_03656.png,3,False,clean
classification/train/7/train_03657.png,7,False,clean
classification/train/7/train_03658.png,7,False,clean
classification/train/9/train_03659.png,9,False,clean
classification/train/8/train_03660.png,8,False,clean
classification/train/8/train_03661.png,8,False,clean
classification/train/6/train_03662.png,6,False,clean
classification/train/8/train_03663.png,8,False,clean
classification/train/5/train_03664.png,5,False,clean
classification/train/5/train_03665.png,5,False,clean
classification/train/2/train_03666.png,2,False,clean
classification/train/2/train_03667.png,2,False,clean
classification/train/2/train_03668.png,2,False,clean
classification/train/6/train_03669.png,6,False,clean
classification/train/2/train_03670.png,2,False,clean
classification/train/0/train_03671.png,0,False,clean
classification/train/7/train_03672.png,7,False,clean
classification/train/0/train_03673.png,0,False,clean
classification/train/2/train_03674.png,2,False,clean
classification/train/4/train_03675.png,4,False,clean
classification/train/5/train_03676.png,5,False,clean
classification/train/8/train_03677.png,8,False,clean
classification/train/3/train_03678.png,3,False,clean
classification/train/2/train_03679.png,2,False,clean
classification/train/8/train_03680.png,8,False,clean
classification/train/0/train_03682.png,0,False,clean
classification/train/1/train_03685.png,1,False,clean
classification/train/9/train_03686.png,9,False,clean
classification/train/3/train_03688.png,3,False,clean
classification/train/4/train_03689.png,4,False,clean
classification/train/8/train_03690.png,8,False,clean
classification/train/1/train_03691.png,1,False,clean
classification/train/7/train_03692.png,7,False,clean
classification/train/0/train_03693.png,0,False,clean
classification/train/9/train_03695.png,9,False,clean
classification/train/6/train_03696.png,6,False,clean
classification/train/5/train_03698.png,5,False,clean
classification/train/7/train_03699.png,7,False,clean
classification/train/6/train_03700.png,6,False,clean
classification/train/4/train_03701.png,4,False,clean
classification/train/6/train_03702.png,6,False,clean
classification/train/3/train_03703.png,3,False,clean
classification/train/6/train_03704.png,6,False,clean
classification/train/0/train_03705.png,0,False,clean
classification/train/1/train_03706.png,1,False,clean
classification/train/8/train_03707.png,8,False,clean
classification/train/6/train_03708.png,6,False,clean
classification/train/5/train_03709.png,5,False,clean
classification/train/1/train_03710.png,1,False,clean
classification/train/7/train_03711.png,7,False,clean
classification/train/1/train_03712.png,1,False,clean
classification/train/1/train_03713.png,1,False,clean
classification/train/9/train_03714.png,9,False,clean
classification/train/3/train_03715.png,3,False,clean
classification/train/9/train_03718.png,9,False,clean
classification/train/2/train_03719.png,2,False,clean
classification/train/9/train_03720.png,9,False,clean
classification/train/3/train_03721.png,3,False,clean
classification/train/7/train_03722.png,7,False,clean
classification/train/6/train_03723.png,6,False,clean
classification/train/6/train_03724.png,6,False,clean
classification/train/9/train_03725.png,9,False,clean
classification/train/3/train_03726.png,3,False,clean
classification/train/7/train_03727.png,7,False,clean
classification/train/5/train_03728.png,5,False,clean
classification/train/1/train_03729.png,1,False,clean
classification/train/4/train_03730.png,4,False,clean
classification/train/4/train_03731.png,4,False,clean
classification/train/8/train_03732.png,8,False,clean
classification/train/9/train_03733.png,9,False,clean
classification/train/1/train_03734.png,1,False,clean
classification/train/8/train_03735.png,8,False,clean
classification/train/0/train_03736.png,0,False,clean
classification/train/1/train_03737.png,1,False,clean
classification/train/5/train_03738.png,5,False,clean
classification/train/0/train_03739.png,0,False,clean
classification/train/4/train_03740.png,4,False,clean
classification/train/4/train_03743.png,4,False,clean
classification/train/5/train_03744.png,5,False,clean
classification/train/4/train_03746.png,4,False,clean
classification/train/7/train_03747.png,7,False,clean
classification/train/1/train_03748.png,1,False,clean
classification/train/9/train_03749.png,9,False,clean
classification/train/9/train_03751.png,9,False,clean
classification/train/9/train_03752.png,9,False,clean
classification/train/9/train_03754.png,9,False,clean
classification/train/8/train_03755.png,8,False,clean
classification/train/7/train_03756.png,7,False,clean
classification/train/8/train_03757.png,8,False,clean
classification/train/1/train_03758.png,1,False,clean
classification/train/1/train_03761.png,1,False,clean
classification/train/8/train_03762.png,8,False,clean
classification/train/6/train_03764.png,6,False,clean
classification/train/0/train_03765.png,0,False,clean
classification/train/8/train_03766.png,8,False,clean
classification/train/1/train_03767.png,1,False,clean
classification/train/5/train_03768.png,5,False,clean
classification/train/7/train_03769.png,7,False,clean
classification/train/3/train_03771.png,3,False,clean
classification/train/9/train_03772.png,9,False,clean
classification/train/5/train_03773.png,5,False,clean
classification/train/3/train_03775.png,3,False,clean
classification/train/4/train_03777.png,4,False,clean
classification/train/8/train_03778.png,8,False,clean
classification/train/2/train_03779.png,2,False,clean
classification/train/4/train_03780.png,4,False,clean
classification/train/5/train_03782.png,5,False,clean
classification/train/0/train_03783.png,0,False,clean
classification/train/5/train_03784.png,5,False,clean
classification/train/1/train_03785.png,1,False,clean
classification/train/6/train_03787.png,6,False,clean
classification/train/9/train_03788.png,9,False,clean
classification/train/7/train_03789.png,7,False,clean
classification/train/8/train_03790.png,8,False,clean
classification/train/2/train_03791.png,2,False,clean
classification/train/3/train_03793.png,3,False,clean
classification/train/2/train_03794.png,2,False,clean
classification/train/5/train_03795.png,5,False,clean
classification/train/7/train_03796.png,7,False,clean
classification/train/1/train_03797.png,1,False,clean
classification/train/7/train_03799.png,7,False,clean
classification/train/4/train_03801.png,4,False,clean
classification/train/4/train_03803.png,4,False,clean
classification/train/4/train_03804.png,4,False,clean
classification/train/9/train_03805.png,9,False,clean
classification/train/5/train_03806.png,5,False,clean
classification/train/7/train_03807.png,7,False,clean
classification/train/6/train_03809.png,6,False,clean
classification/train/4/train_03811.png,4,False,clean
classification/train/6/train_03812.png,6,False,clean
classification/train/3/train_03813.png,3,False,clean
classification/train/5/train_03815.png,5,False,clean
classification/train/8/train_03818.png,8,False,clean
classification/train/7/train_03819.png,7,False,clean
classification/train/1/train_03820.png,1,False,clean
classification/train/9/train_03821.png,9,False,clean
classification/train/0/train_03822.png,0,False,clean
classification/train/4/train_03823.png,4,False,clean
classification/train/8/train_03824.png,8,False,clean
classification/train/2/train_03825.png,2,False,clean
classification/train/7/train_03826.png,7,False,clean
classification/train/5/train_03828.png,5,False,clean
classification/train/6/train_03830.png,6,False,clean
classification/train/4/train_03831.png,4,False,clean
classification/train/8/train_03832.png,8,False,clean
classification/train/5/train_03833.png,5,False,clean
classification/train/1/train_03834.png,1,False,clean
classification/train/4/train_03835.png,4,False,clean
classification/train/7/train_03836.png,7,False,clean
classification/train/8/train_03837.png,8,False,clean
classification/train/9/train_03838.png,9,False,clean
classification/train/0/train_03840.png,0,False,clean
classification/train/2/train_03841.png,2,False,clean
classification/train/7/train_03842.png,7,False,clean
classification/train/7/train_03844.png,7,False,clean
classification/train/4/train_03845.png,4,False,clean
classification/train/7/train_03846.png,7,False,clean
classification/train/2/train_03847.png,2,False,clean
classification/train/0/train_03848.png,0,False,clean
classification/train/0/train_03849.png,0,False,clean
classification/train/3/train_03850.png,3,False,clean
classification/train/7/train_03851.png,7,False,clean
classification/train/0/train_03852.png,0,False,clean
classification/train/0/train_03853.png,0,False,clean
classification/train/6/train_03854.png,6,False,clean
classification/train/5/train_03855.png,5,False,clean
classification/train/6/train_03856.png,6,False,clean
classification/train/1/train_03857.png,1,False,clean
classification/train/0/train_03859.png,0,False,clean
classification/train/8/train_03860.png,8,False,clean
classification/train/3/train_03861.png,3,False,clean
classification/train/6/train_03862.png,6,False,clean
classification/train/9/train_03863.png,9,False,clean
classification/train/3/train_03864.png,3,False,clean
classification/train/7/train_03865.png,7,False,clean
classification/train/0/train_03866.png,0,False,clean
classification/train/3/train_03867.png,3,False,clean
classification/train/1/train_03868.png,1,False,clean
classification/train/1/train_03869.png,1,False,clean
classification/train/5/train_03870.png,5,False,clean
classification/train/4/train_03871.png,4,False,clean
classification/train/7/train_03873.png,7,False,clean
classification/train/1/train_03877.png,1,False,clean
classification/train/3/train_03879.png,3,False,clean
classification/train/4/train_03880.png,4,False,clean
classification/train/2/train_03882.png,2,False,clean
classification/train/6/train_03883.png,6,False,clean
classification/train/5/train_03884.png,5,False,clean
classification/train/5/train_03885.png,5,False,clean
classification/train/4/train_03886.png,4,False,clean
classification/train/7/train_03891.png,7,False,clean
classification/train/5/train_03892.png,5,False,clean
classification/train/2/train_03893.png,2,False,clean
classification/train/8/train_03894.png,8,False,clean
classification/train/5/train_03895.png,5,False,clean
classification/train/4/train_03896.png,4,False,clean
classification/train/3/train_03897.png,3,False,clean
classification/train/9/train_03898.png,9,False,clean
classification/train/6/train_03899.png,6,False,clean
classification/train/2/train_03900.png,2,False,clean
classification/train/4/train_03902.png,4,False,clean
classification/train/7/train_03903.png,7,False,clean
classification/train/4/train_03904.png,4,False,clean
classification/train/7/train_03905.png,7,False,clean
classification/train/3/train_03906.png,3,False,clean
classification/train/5/train_03908.png,5,False,clean
classification/train/6/train_03909.png,6,False,clean
classification/train/6/train_03910.png,6,False,clean
classification/train/2/train_03911.png,2,False,clean
classification/train/2/train_03912.png,2,False,clean
classification/train/7/train_03913.png,7,False,clean
classification/train/5/train_03915.png,5,False,clean
classification/train/6/train_03916.png,6,False,clean
classification/train/6/train_03917.png,6,False,clean
classification/train/7/train_03918.png,7,False,clean
classification/train/0/train_03920.png,0,False,clean
classification/train/8/train_03921.png,8,False,clean
classification/train/3/train_03922.png,3,False,clean
classification/train/2/train_03923.png,2,False,clean
classification/train/9/train_03925.png,9,False,clean
classification/train/9/train_03926.png,9,False,clean
classification/train/8/train_03927.png,8,False,clean
classification/train/1/train_03928.png,1,False,clean
classification/train/0/train_03929.png,0,False,clean
classification/train/4/train_03930.png,4,False,clean
classification/train/9/train_03931.png,9,False,clean
classification/train/5/train_03932.png,5,False,clean
classification/train/1/train_03933.png,1,False,clean
classification/train/8/train_03934.png,8,False,clean
classification/train/8/train_03935.png,8,False,clean
classification/train/8/train_03936.png,8,False,clean
classification/train/1/train_03938.png,1,False,clean
classification/train/7/train_03939.png,7,False,clean
classification/train/8/train_03940.png,8,False,clean
classification/train/0/train_03941.png,0,False,clean
classification/train/6/train_03943.png,6,False,clean
classification/train/8/train_03944.png,8,False,clean
classification/train/9/train_03945.png,9,False,clean
classification/train/3/train_03946.png,3,False,clean
classification/train/0/train_03947.png,0,False,clean
classification/train/9/train_03948.png,9,False,clean
classification/train/3/train_03949.png,3,False,clean
classification/train/1/train_03950.png,1,False,clean
classification/train/0/train_03951.png,0,False,clean
classification/train/8/train_03952.png,8,False,clean
classification/train/8/train_03953.png,8,False,clean
classification/train/9/train_03954.png,9,False,clean
classification/train/4/train_03955.png,4,False,clean
classification/train/3/train_03956.png,3,False,clean
classification/train/7/train_03957.png,7,False,clean
classification/train/1/train_03960.png,1,False,clean
classification/train/3/train_03961.png,3,False,clean
classification/train/0/train_03962.png,0,False,clean
classification/train/9/train_03963.png,9,False,clean
classification/train/0/train_03964.png,0,False,clean
classification/train/5/train_03965.png,5,False,clean
classification/train/2/train_03966.png,2,False,clean
classification/train/7/train_03968.png,7,False,clean
classification/train/9/train_03969.png,9,False,clean
classification/train/0/train_03971.png,0,False,clean
classification/train/6/train_03972.png,6,False,clean
classification/train/0/train_03973.png,0,False,clean
classification/train/9/train_03974.png,9,False,clean
classification/train/5/train_03976.png,5,False,clean
classification/train/4/train_03977.png,4,False,clean
classification/train/8/train_03979.png,8,False,clean
classification/train/3/train_03981.png,3,False,clean
classification/train/3/train_03982.png,3,False,clean
classification/train/3/train_03983.png,3,False,clean
classification/train/9/train_03984.png,9,False,clean
classification/train/2/train_03985.png,2,False,clean
classification/train/0/train_03986.png,0,False,clean
classification/train/9/train_03987.png,9,False,clean
classification/train/2/train_03988.png,2,False,clean
classification/train/7/train_03989.png,7,False,clean
classification/train/7/train_03990.png,7,False,clean
classification/train/3/train_03991.png,3,False,clean
classification/train/3/train_03992.png,3,False,clean
classification/train/5/train_03993.png,5,False,clean
classification/train/7/train_03994.png,7,False,clean
classification/train/1/train_03995.png,1,False,clean
classification/train/5/train_03996.png,5,False,clean
classification/train/2/train_03997.png,2,False,clean
classification/train/2/train_03998.png,2,False,clean
classification/train/3/train_03999.png,3,False,clean
classification/train/3/train_04000.png,3,False,clean
classification/train/5/train_04001.png,5,False,clean
classification/train/0/train_04002.png,0,False,clean
classification/train/0/train_04003.png,0,False,clean
classification/train/9/train_04004.png,9,False,clean
classification/train/7/train_04005.png,7,False,clean
classification/train/9/train_04006.png,9,False,clean
classification/train/1/train_04007.png,1,False,clean
classification/train/4/train_04009.png,4,False,clean
classification/train/2/train_04010.png,2,False,clean
classification/train/6/train_04011.png,6,False,clean
classification/train/1/train_04012.png,1,False,clean
classification/train/0/train_04013.png,0,False,clean
classification/train/8/train_04014.png,8,False,clean
classification/train/2/train_04015.png,2,False,clean
classification/train/1/train_04016.png,1,False,clean
classification/train/2/train_04017.png,2,False,clean
classification/train/5/train_04018.png,5,False,clean
classification/train/6/train_04019.png,6,False,clean
classification/train/4/train_04020.png,4,False,clean
classification/train/3/train_04021.png,3,False,clean
classification/train/1/train_04022.png,1,False,clean
classification/train/2/train_04023.png,2,False,clean
classification/train/5/train_04024.png,5,False,clean
classification/train/0/train_04025.png,0,False,clean
classification/train/2/train_04027.png,2,False,clean
classification/train/5/train_04028.png,5,False,clean
classification/train/7/train_04030.png,7,False,clean
classification/train/5/train_04031.png,5,False,clean
classification/train/1/train_04034.png,1,False,clean
classification/train/8/train_04035.png,8,False,clean
classification/train/4/train_04036.png,4,False,clean
classification/train/0/train_04037.png,0,False,clean
classification/train/6/train_04038.png,6,False,clean
classification/train/2/train_04039.png,2,False,clean
classification/train/2/train_04040.png,2,False,clean
classification/train/0/train_04041.png,0,False,clean
classification/train/6/train_04042.png,6,False,clean
classification/train/0/train_04043.png,0,False,clean
classification/train/2/train_04044.png,2,False,clean
classification/train/2/train_04045.png,2,False,clean
classification/train/7/train_04046.png,7,False,clean
classification/train/3/train_04047.png,3,False,clean
classification/train/2/train_04050.png,2,False,clean
classification/train/2/train_04052.png,2,False,clean
classification/train/2/train_04053.png,2,False,clean
classification/train/8/train_04054.png,8,False,clean
classification/train/9/train_04055.png,9,False,clean
classification/train/9/train_04056.png,9,False,clean
classification/train/2/train_04057.png,2,False,clean
classification/train/5/train_04059.png,5,False,clean
classification/train/5/train_04060.png,5,False,clean
classification/train/4/train_04061.png,4,False,clean
classification/train/3/train_04062.png,3,False,clean
classification/train/2/train_04063.png,2,False,clean
classification/train/8/train_04065.png,8,False,clean
classification/train/1/train_04066.png,1,False,clean
classification/train/1/train_04067.png,1,False,clean
classification/train/8/train_04068.png,8,False,clean
classification/train/5/train_04070.png,5,False,clean
classification/train/3/train_04071.png,3,False,clean
classification/train/2/train_04072.png,2,False,clean
classification/train/2/train_04073.png,2,False,clean
classification/train/5/train_04074.png,5,False,clean
classification/train/3/train_04075.png,3,False,clean
classification/train/1/train_04076.png,1,False,clean
classification/train/1/train_04079.png,1,False,clean
classification/train/9/train_04080.png,9,False,clean
classification/train/7/train_04081.png,7,False,clean
classification/train/8/train_04083.png,8,False,clean
classification/train/8/train_04084.png,8,False,clean
classification/train/7/train_04085.png,7,False,clean
classification/train/7/train_04087.png,7,False,clean
classification/train/4/train_04088.png,4,False,clean
classification/train/2/train_04090.png,2,False,clean
classification/train/3/train_04093.png,3,False,clean
classification/train/7/train_04095.png,7,False,clean
classification/train/3/train_04099.png,3,False,clean
classification/train/3/train_04101.png,3,False,clean
classification/train/2/train_04103.png,2,False,clean
classification/train/1/train_04104.png,1,False,clean
classification/train/6/train_04105.png,6,False,clean
classification/train/7/train_04106.png,7,False,clean
classification/train/1/train_04107.png,1,False,clean
classification/train/7/train_04108.png,7,False,clean
classification/train/1/train_04109.png,1,False,clean
classification/train/6/train_04110.png,6,False,clean
classification/train/1/train_04112.png,1,False,clean
classification/train/2/train_04113.png,2,False,clean
classification/train/5/train_04114.png,5,False,clean
classification/train/1/train_04115.png,1,False,clean
classification/train/7/train_04116.png,7,False,clean
classification/train/9/train_04117.png,9,False,clean
classification/train/3/train_04119.png,3,False,clean
classification/train/0/train_04120.png,0,False,clean
classification/train/2/train_04121.png,2,False,clean
classification/train/9/train_04122.png,9,False,clean
classification/train/7/train_04124.png,7,False,clean
classification/train/3/train_04125.png,3,False,clean
classification/train/6/train_04126.png,6,False,clean
classification/train/9/train_04127.png,9,False,clean
classification/train/6/train_04129.png,6,False,clean
classification/train/5/train_04131.png,5,False,clean
classification/train/1/train_04135.png,1,False,clean
classification/train/1/train_04136.png,1,False,clean
classification/train/8/train_04138.png,8,False,clean
classification/train/2/train_04139.png,2,False,clean
classification/train/9/train_04141.png,9,False,clean
classification/train/7/train_04142.png,7,False,clean
classification/train/6/train_04144.png,6,False,clean
classification/train/4/train_04146.png,4,False,clean
classification/train/6/train_04147.png,6,False,clean
classification/train/9/train_04148.png,9,False,clean
classification/train/4/train_04149.png,4,False,clean
classification/train/0/train_04150.png,0,False,clean
classification/train/2/train_04152.png,2,False,clean
classification/train/2/train_04153.png,2,False,clean
classification/train/6/train_04154.png,6,False,clean
classification/train/0/train_04155.png,0,False,clean
classification/train/2/train_04158.png,2,False,clean
classification/train/3/train_04159.png,3,False,clean
classification/train/4/train_04160.png,4,False,clean
classification/train/4/train_04161.png,4,False,clean
classification/train/5/train_04162.png,5,False,clean
classification/train/8/train_04163.png,8,False,clean
classification/train/4/train_04164.png,4,False,clean
classification/train/2/train_04167.png,2,False,clean
classification/train/3/train_04168.png,3,False,clean
classification/train/2/train_04171.png,2,False,clean
classification/train/7/train_04173.png,7,False,clean
classification/train/6/train_04174.png,6,False,clean
classification/train/7/train_04175.png,7,False,clean
classification/train/2/train_04177.png,2,False,clean
classification/train/8/train_04179.png,8,False,clean
classification/train/8/train_04181.png,8,False,clean
classification/train/3/train_04182.png,3,False,clean
classification/train/8/train_04183.png,8,False,clean
classification/train/6/train_04185.png,6,False,clean
classification/train/2/train_04187.png,2,False,clean
classification/train/3/train_04188.png,3,False,clean
classification/train/7/train_04189.png,7,False,clean
classification/train/3/train_04190.png,3,False,clean
classification/train/3/train_04191.png,3,False,clean
classification/train/8/train_04192.png,8,False,clean
classification/train/8/train_04193.png,8,False,clean
classification/train/1/train_04194.png,1,False,clean
classification/train/9/train_04195.png,9,False,clean
classification/train/7/train_04197.png,7,False,clean
classification/train/3/train_04198.png,3,False,clean
classification/train/5/train_04199.png,5,False,clean
classification/train/4/train_04201.png,4,False,clean
classification/train/6/train_04202.png,6,False,clean
classification/train/5/train_04203.png,5,False,clean
classification/train/7/train_04204.png,7,False,clean
classification/train/9/train_04205.png,9,False,clean
classification/train/7/train_04207.png,7,False,clean
classification/train/7/train_04208.png,7,False,clean
classification/train/7/train_04209.png,7,False,clean
classification/train/2/train_04210.png,2,False,clean
classification/train/5/train_04211.png,5,False,clean
classification/train/4/train_04212.png,4,False,clean
classification/train/7/train_04213.png,7,False,clean
classification/train/3/train_04214.png,3,False,clean
classification/train/0/train_04215.png,0,False,clean
classification/train/1/train_04216.png,1,False,clean
classification/train/9/train_04217.png,9,False,clean
classification/train/6/train_04218.png,6,False,clean
classification/train/8/train_04219.png,8,False,clean
classification/train/8/train_04220.png,8,False,clean
classification/train/9/train_04221.png,9,False,clean
classification/train/0/train_04222.png,0,False,clean
classification/train/5/train_04224.png,5,False,clean
classification/train/4/train_04225.png,4,False,clean
classification/train/7/train_04226.png,7,False,clean
classification/train/4/train_04227.png,4,False,clean
classification/train/7/train_04228.png,7,False,clean
classification/train/9/train_04229.png,9,False,clean
classification/train/1/train_04230.png,1,False,clean
classification/train/4/train_04231.png,4,False,clean
classification/train/7/train_04232.png,7,False,clean
classification/train/2/train_04233.png,2,False,clean
classification/train/7/train_04235.png,7,False,clean
classification/train/7/train_04236.png,7,False,clean
classification/train/0/train_04237.png,0,False,clean
classification/train/0/train_04238.png,0,False,clean
classification/train/3/train_04239.png,3,False,clean
classification/train/7/train_04240.png,7,False,clean
classification/train/2/train_04242.png,2,False,clean
classification/train/1/train_04244.png,1,False,clean
classification/train/0/train_04245.png,0,False,clean
classification/train/8/train_04246.png,8,False,clean
classification/train/5/train_04247.png,5,False,clean
classification/train/8/train_04249.png,8,False,clean
classification/train/3/train_04250.png,3,False,clean
classification/train/4/train_04251.png,4,False,clean
classification/train/1/train_04252.png,1,False,clean
classification/train/7/train_04253.png,7,False,clean
classification/train/1/train_04254.png,1,False,clean
classification/train/0/train_04255.png,0,False,clean
classification/train/7/train_04256.png,7,False,clean
classification/train/9/train_04257.png,9,False,clean
classification/train/9/train_04258.png,9,False,clean
classification/train/8/train_04260.png,8,False,clean
classification/train/1/train_04262.png,1,False,clean
classification/train/1/train_04263.png,1,False,clean
classification/train/4/train_04264.png,4,False,clean
classification/train/6/train_04265.png,6,False,clean
classification/train/1/train_04266.png,1,False,clean
classification/train/2/train_04267.png,2,False,clean
classification/train/2/train_04268.png,2,False,clean
classification/train/1/train_04269.png,1,False,clean
classification/train/0/train_04270.png,0,False,clean
classification/train/3/train_04271.png,3,False,clean
classification/train/2/train_04274.png,2,False,clean
classification/train/3/train_04275.png,3,False,clean
classification/train/9/train_04277.png,9,False,clean
classification/train/0/train_04278.png,0,False,clean
classification/train/8/train_04279.png,8,False,clean
classification/train/1/train_04280.png,1,False,clean
classification/train/4/train_04281.png,4,False,clean
classification/train/6/train_04282.png,6,False,clean
classification/train/0/train_04283.png,0,False,clean
classification/train/3/train_04285.png,3,False,clean
classification/train/6/train_04286.png,6,False,clean
classification/train/4/train_04287.png,4,False,clean
classification/train/9/train_04288.png,9,False,clean
classification/train/5/train_04289.png,5,False,clean
classification/train/9/train_04291.png,9,False,clean
classification/train/3/train_04293.png,3,False,clean
classification/train/7/train_04294.png,7,False,clean
classification/train/0/train_04295.png,0,False,clean
classification/train/6/train_04296.png,6,False,clean
classification/train/6/train_04297.png,6,False,clean
classification/train/7/train_04298.png,7,False,clean
classification/train/9/train_04301.png,9,False,clean
classification/train/4/train_04302.png,4,False,clean
classification/train/5/train_04303.png,5,False,clean
classification/train/5/train_04304.png,5,False,clean
classification/train/4/train_04305.png,4,False,clean
classification/train/9/train_04306.png,9,False,clean
classification/train/4/train_04307.png,4,False,clean
classification/train/1/train_04308.png,1,False,clean
classification/train/3/train_04309.png,3,False,clean
classification/train/1/train_04311.png,1,False,clean
classification/train/7/train_04312.png,7,False,clean
classification/train/2/train_04313.png,2,False,clean
classification/train/2/train_04314.png,2,False,clean
classification/train/9/train_04315.png,9,False,clean
classification/train/7/train_04317.png,7,False,clean
classification/train/2/train_04318.png,2,False,clean
classification/train/5/train_04321.png,5,False,clean
classification/train/0/train_04322.png,0,False,clean
classification/train/8/train_04323.png,8,False,clean
classification/train/6/train_04324.png,6,False,clean
classification/train/7/train_04326.png,7,False,clean
classification/train/3/train_04327.png,3,False,clean
classification/train/7/train_04328.png,7,False,clean
classification/train/2/train_04329.png,2,False,clean
classification/train/0/train_04330.png,0,False,clean
classification/train/9/train_04332.png,9,False,clean
classification/train/4/train_04333.png,4,False,clean
classification/train/7/train_04334.png,7,False,clean
classification/train/4/train_04335.png,4,False,clean
classification/train/4/train_04336.png,4,False,clean
classification/train/2/train_04337.png,2,False,clean
classification/train/5/train_04338.png,5,False,clean
classification/train/6/train_04339.png,6,False,clean
classification/train/6/train_04340.png,6,False,clean
classification/train/3/train_04341.png,3,False,clean
classification/train/9/train_04342.png,9,False,clean
classification/train/5/train_04343.png,5,False,clean
classification/train/3/train_04344.png,3,False,clean
classification/train/0/train_04345.png,0,False,clean
classification/train/0/train_04346.png,0,False,clean
classification/train/1/train_04347.png,1,False,clean
classification/train/3/train_04349.png,3,False,clean
classification/train/5/train_04350.png,5,False,clean
classification/train/6/train_04351.png,6,False,clean
classification/train/6/train_04353.png,6,False,clean
classification/train/3/train_04354.png,3,False,clean
classification/train/4/train_04355.png,4,False,clean
classification/train/7/train_04356.png,7,False,clean
classification/train/2/train_04357.png,2,False,clean
classification/train/3/train_04358.png,3,False,clean
classification/train/4/train_04359.png,4,False,clean
classification/train/0/train_04360.png,0,False,clean
classification/train/1/train_04361.png,1,False,clean
classification/train/4/train_04362.png,4,False,clean
classification/train/3/train_04363.png,3,False,clean
classification/train/9/train_04364.png,9,False,clean
classification/train/9/train_04365.png,9,False,clean
classification/train/8/train_04366.png,8,False,clean
classification/train/8/train_04367.png,8,False,clean
classification/train/9/train_04369.png,9,False,clean
classification/train/0/train_04370.png,0,False,clean
classification/train/2/train_04372.png,2,False,clean
classification/train/9/train_04373.png,9,False,clean
classification/train/6/train_04374.png,6,False,clean
classification/train/0/train_04375.png,0,False,clean
classification/train/3/train_04377.png,3,False,clean
classification/train/0/train_04378.png,0,False,clean
classification/train/0/train_04379.png,0,False,clean
classification/train/2/train_04380.png,2,False,clean
classification/train/4/train_04382.png,4,False,clean
classification/train/5/train_04383.png,5,False,clean
classification/train/0/train_04386.png,0,False,clean
classification/train/7/train_04388.png,7,False,clean
classification/train/0/train_04389.png,0,False,clean
classification/train/1/train_04391.png,1,False,clean
classification/train/6/train_04392.png,6,False,clean
classification/train/9/train_04393.png,9,False,clean
classification/train/4/train_04394.png,4,False,clean
classification/train/0/train_04395.png,0,False,clean
classification/train/4/train_04396.png,4,False,clean
classification/train/6/train_04397.png,6,False,clean
classification/train/2/train_04398.png,2,False,clean
classification/train/9/train_04399.png,9,False,clean
classification/train/9/train_04402.png,9,False,clean
classification/train/8/train_04403.png,8,False,clean
classification/train/8/train_04405.png,8,False,clean
classification/train/6/train_04407.png,6,False,clean
classification/train/2/train_04409.png,2,False,clean
classification/train/2/train_04410.png,2,False,clean
classification/train/4/train_04411.png,4,False,clean
classification/train/3/train_04412.png,3,False,clean
classification/train/1/train_04413.png,1,False,clean
classification/train/8/train_04414.png,8,False,clean
classification/train/6/train_04415.png,6,False,clean
classification/train/3/train_04416.png,3,False,clean
classification/train/8/train_04418.png,8,False,clean
classification/train/0/train_04421.png,0,False,clean
classification/train/3/train_04423.png,3,False,clean
classification/train/5/train_04424.png,5,False,clean
classification/train/4/train_04425.png,4,False,clean
classification/train/3/train_04426.png,3,False,clean
classification/train/2/train_04427.png,2,False,clean
classification/train/3/train_04428.png,3,False,clean
classification/train/8/train_04430.png,8,False,clean
classification/train/4/train_04431.png,4,False,clean
classification/train/0/train_04432.png,0,False,clean
classification/train/8/train_04433.png,8,False,clean
classification/train/1/train_04434.png,1,False,clean
classification/train/0/train_04435.png,0,False,clean
classification/train/5/train_04436.png,5,False,clean
classification/train/8/train_04437.png,8,False,clean
classification/train/4/train_04443.png,4,False,clean
classification/train/9/train_04444.png,9,False,clean
classification/train/2/train_04445.png,2,False,clean
classification/train/9/train_04446.png,9,False,clean
classification/train/7/train_04447.png,7,False,clean
classification/train/0/train_04448.png,0,False,clean
classification/train/1/train_04450.png,1,False,clean
classification/train/0/train_04451.png,0,False,clean
classification/train/2/train_04452.png,2,False,clean
classification/train/1/train_04453.png,1,False,clean
classification/train/2/train_04455.png,2,False,clean
classification/train/1/train_04456.png,1,False,clean
classification/train/7/train_04457.png,7,False,clean
classification/train/8/train_04459.png,8,False,clean
classification/train/9/train_04460.png,9,False,clean
classification/train/3/train_04462.png,3,False,clean
classification/train/3/train_04463.png,3,False,clean
classification/train/4/train_04464.png,4,False,clean
classification/train/5/train_04465.png,5,False,clean
classification/train/8/train_04466.png,8,False,clean
classification/train/4/train_04467.png,4,False,clean
classification/train/1/train_04468.png,1,False,clean
classification/train/5/train_04469.png,5,False,clean
classification/train/0/train_04470.png,0,False,clean
classification/train/6/train_04472.png,6,False,clean
classification/train/7/train_04474.png,7,False,clean
classification/train/6/train_04475.png,6,False,clean
classification/train/3/train_04476.png,3,False,clean
classification/train/2/train_04477.png,2,False,clean
classification/train/7/train_04478.png,7,False,clean
classification/train/8/train_04480.png,8,False,clean
classification/train/3/train_04481.png,3,False,clean
classification/train/0/train_04483.png,0,False,clean
classification/train/9/train_04484.png,9,False,clean
classification/train/8/train_04485.png,8,False,clean
classification/train/6/train_04486.png,6,False,clean
classification/train/6/train_04487.png,6,False,clean
classification/train/5/train_04488.png,5,False,clean
classification/train/4/train_04489.png,4,False,clean
classification/train/7/train_04490.png,7,False,clean
classification/train/1/train_04491.png,1,False,clean
classification/train/6/train_04492.png,6,False,clean
classification/train/7/train_04494.png,7,False,clean
classification/train/3/train_04495.png,3,False,clean
classification/train/8/train_04496.png,8,False,clean
classification/train/3/train_04497.png,3,False,clean
classification/train/4/train_04498.png,4,False,clean
classification/train/9/train_04499.png,9,False,clean
classification/train/7/train_04500.png,7,False,clean
classification/train/1/train_04501.png,1,False,clean
classification/train/0/train_04502.png,0,False,clean
classification/train/2/train_04504.png,2,False,clean
classification/train/1/train_04505.png,1,False,clean
classification/train/5/train_04506.png,5,False,clean
classification/train/8/train_04507.png,8,False,clean
classification/train/0/train_04508.png,0,False,clean
classification/train/7/train_04510.png,7,False,clean
classification/train/0/train_04512.png,0,False,clean
classification/train/1/train_04513.png,1,False,clean
classification/train/5/train_04515.png,5,False,clean
classification/train/0/train_04517.png,0,False,clean
classification/train/6/train_04518.png,6,False,clean
classification/train/4/train_04519.png,4,False,clean
classification/train/4/train_04520.png,4,False,clean
classification/train/3/train_04521.png,3,False,clean
classification/train/9/train_04522.png,9,False,clean
classification/train/0/train_04523.png,0,False,clean
classification/train/0/train_04526.png,0,False,clean
classification/train/4/train_04527.png,4,False,clean
classification/train/0/train_04529.png,0,False,clean
classification/train/1/train_04530.png,1,False,clean
classification/train/7/train_04531.png,7,False,clean
classification/train/3/train_04532.png,3,False,clean
classification/train/5/train_04533.png,5,False,clean
classification/train/5/train_04534.png,5,False,clean
classification/train/6/train_04535.png,6,False,clean
classification/train/1/train_04536.png,1,False,clean
classification/train/6/train_04537.png,6,False,clean
classification/train/1/train_04539.png,1,False,clean
classification/train/6/train_04540.png,6,False,clean
classification/train/3/train_04541.png,3,False,clean
classification/train/6/train_04542.png,6,False,clean
classification/train/4/train_04543.png,4,False,clean
classification/train/7/train_04544.png,7,False,clean
classification/train/2/train_04546.png,2,False,clean
classification/train/6/train_04547.png,6,False,clean
classification/train/1/train_04549.png,1,False,clean
classification/train/4/train_04550.png,4,False,clean
classification/train/1/train_04551.png,1,False,clean
classification/train/0/train_04552.png,0,False,clean
classification/train/8/train_04553.png,8,False,clean
classification/train/9/train_04554.png,9,False,clean
classification/train/8/train_04555.png,8,False,clean
classification/train/8/train_04556.png,8,False,clean
classification/train/1/train_04557.png,1,False,clean
classification/train/9/train_04558.png,9,False,clean
classification/train/5/train_04559.png,5,False,clean
classification/train/2/train_04561.png,2,False,clean
classification/train/5/train_04562.png,5,False,clean
classification/train/0/train_04564.png,0,False,clean
classification/train/2/train_04565.png,2,False,clean
classification/train/9/train_04566.png,9,False,clean
classification/train/0/train_04567.png,0,False,clean
classification/train/5/train_04568.png,5,False,clean
classification/train/1/train_04569.png,1,False,clean
classification/train/1/train_04570.png,1,False,clean
classification/train/0/train_04571.png,0,False,clean
classification/train/9/train_04572.png,9,False,clean
classification/train/0/train_04573.png,0,False,clean
classification/train/8/train_04574.png,8,False,clean
classification/train/2/train_04576.png,2,False,clean
classification/train/3/train_04577.png,3,False,clean
classification/train/4/train_04578.png,4,False,clean
classification/train/3/train_04579.png,3,False,clean
classification/train/6/train_04581.png,6,False,clean
classification/train/9/train_04583.png,9,False,clean
classification/train/9/train_04584.png,9,False,clean
classification/train/5/train_04585.png,5,False,clean
classification/train/1/train_04586.png,1,False,clean
classification/train/4/train_04587.png,4,False,clean
classification/train/8/train_04588.png,8,False,clean
classification/train/8/train_04589.png,8,False,clean
classification/train/9/train_04590.png,9,False,clean
classification/train/9/train_04593.png,9,False,clean
classification/train/3/train_04594.png,3,False,clean
classification/train/9/train_04595.png,9,False,clean
classification/train/8/train_04596.png,8,False,clean
classification/train/9/train_04597.png,9,False,clean
classification/train/7/train_04599.png,7,False,clean
classification/train/1/train_04600.png,1,False,clean
classification/train/6/train_04602.png,6,False,clean
classification/train/7/train_04603.png,7,False,clean
classification/train/1/train_04604.png,1,False,clean
classification/train/8/train_04606.png,8,False,clean
classification/train/9/train_04607.png,9,False,clean
classification/train/4/train_04608.png,4,False,clean
classification/train/2/train_04609.png,2,False,clean
classification/train/5/train_04610.png,5,False,clean
classification/train/9/train_04611.png,9,False,clean
classification/train/9/train_04614.png,9,False,clean
classification/train/4/train_04615.png,4,False,clean
classification/train/3/train_04616.png,3,False,clean
classification/train/8/train_04617.png,8,False,clean
classification/train/2/train_04618.png,2,False,clean
classification/train/4/train_04619.png,4,False,clean
classification/train/6/train_04620.png,6,False,clean
classification/train/2/train_04621.png,2,False,clean
classification/train/4/train_04622.png,4,False,clean
classification/train/3/train_04623.png,3,False,clean
classification/train/9/train_04624.png,9,False,clean
classification/train/0/train_04627.png,0,False,clean
classification/train/2/train_04628.png,2,False,clean
classification/train/8/train_04630.png,8,False,clean
classification/train/3/train_04631.png,3,False,clean
classification/train/4/train_04633.png,4,False,clean
classification/train/4/train_04634.png,4,False,clean
classification/train/4/train_04635.png,4,False,clean
classification/train/4/train_04636.png,4,False,clean
classification/train/5/train_04637.png,5,False,clean
classification/train/8/train_04638.png,8,False,clean
classification/train/0/train_04643.png,0,False,clean
classification/train/9/train_04646.png,9,False,clean
classification/train/8/train_04647.png,8,False,clean
classification/train/8/train_04648.png,8,False,clean
classification/train/7/train_04650.png,7,False,clean
classification/train/0/train_04652.png,0,False,clean
classification/train/0/train_04654.png,0,False,clean
classification/train/7/train_04655.png,7,False,clean
classification/train/3/train_04656.png,3,False,clean
classification/train/3/train_04657.png,3,False,clean
classification/train/9/train_04658.png,9,False,clean
classification/train/5/train_04659.png,5,False,clean
classification/train/5/train_04661.png,5,False,clean
classification/train/7/train_04662.png,7,False,clean
classification/train/8/train_04663.png,8,False,clean
classification/train/1/train_04664.png,1,False,clean
classification/train/3/train_04665.png,3,False,clean
classification/train/5/train_04666.png,5,False,clean
classification/train/3/train_04667.png,3,False,clean
classification/train/4/train_04668.png,4,False,clean
classification/train/9/train_04669.png,9,False,clean
classification/train/3/train_04670.png,3,False,clean
classification/train/5/train_04671.png,5,False,clean
classification/train/8/train_04672.png,8,False,clean
classification/train/7/train_04673.png,7,False,clean
classification/train/5/train_04675.png,5,False,clean
classification/train/1/train_04676.png,1,False,clean
classification/train/8/train_04677.png,8,False,clean
classification/train/7/train_04678.png,7,False,clean
classification/train/6/train_04679.png,6,False,clean
classification/train/1/train_04680.png,1,False,clean
classification/train/9/train_04681.png,9,False,clean
classification/train/9/train_04682.png,9,False,clean
classification/train/9/train_04683.png,9,False,clean
classification/train/4/train_04684.png,4,False,clean
classification/train/3/train_04685.png,3,False,clean
classification/train/4/train_04686.png,4,False,clean
classification/train/5/train_04689.png,5,False,clean
classification/train/4/train_04691.png,4,False,clean
classification/train/2/train_04692.png,2,False,clean
classification/train/8/train_04693.png,8,False,clean
classification/train/4/train_04694.png,4,False,clean
classification/train/9/train_04696.png,9,False,clean
classification/train/8/train_04697.png,8,False,clean
classification/train/1/train_04698.png,1,False,clean
classification/train/4/train_04699.png,4,False,clean
classification/train/4/train_04700.png,4,False,clean
classification/train/8/train_04701.png,8,False,clean
classification/train/8/train_04703.png,8,False,clean
classification/train/9/train_04705.png,9,False,clean
classification/train/5/train_04706.png,5,False,clean
classification/train/1/train_04710.png,1,False,clean
classification/train/7/train_04712.png,7,False,clean
classification/train/5/train_04714.png,5,False,clean
classification/train/2/train_04715.png,2,False,clean
classification/train/9/train_04718.png,9,False,clean
classification/train/3/train_04720.png,3,False,clean
classification/train/4/train_04722.png,4,False,clean
classification/train/0/train_04723.png,0,False,clean
classification/train/7/train_04725.png,7,False,clean
classification/train/6/train_04726.png,6,False,clean
classification/train/9/train_04727.png,9,False,clean
classification/train/2/train_04729.png,2,False,clean
classification/train/3/train_04730.png,3,False,clean
classification/train/4/train_04731.png,4,False,clean
classification/train/5/train_04732.png,5,False,clean
classification/train/4/train_04733.png,4,False,clean
classification/train/9/train_04734.png,9,False,clean
classification/train/9/train_04735.png,9,False,clean
classification/train/3/train_04736.png,3,False,clean
classification/train/4/train_04737.png,4,False,clean
classification/train/3/train_04738.png,3,False,clean
classification/train/2/train_04739.png,2,False,clean
classification/train/6/train_04740.png,6,False,clean
classification/train/4/train_04741.png,4,False,clean
classification/train/2/train_04743.png,2,False,clean
classification/train/8/train_04744.png,8,False,clean
classification/train/4/train_04745.png,4,False,clean
classification/train/9/train_04746.png,9,False,clean
classification/train/0/train_04747.png,0,False,clean
classification/train/2/train_04748.png,2,False,clean
classification/train/4/train_04749.png,4,False,clean
classification/train/2/train_04750.png,2,False,clean
classification/train/8/train_04752.png,8,False,clean
classification/train/0/train_04753.png,0,False,clean
classification/train/6/train_04754.png,6,False,clean
classification/train/2/train_04755.png,2,False,clean
classification/train/7/train_04756.png,7,False,clean
classification/train/5/train_04757.png,5,False,clean
classification/train/5/train_04759.png,5,False,clean
classification/train/0/train_04760.png,0,False,clean
classification/train/8/train_04761.png,8,False,clean
classification/train/6/train_04762.png,6,False,clean
classification/train/2/train_04763.png,2,False,clean
classification/train/1/train_04764.png,1,False,clean
classification/train/2/train_04765.png,2,False,clean
classification/train/6/train_04766.png,6,False,clean
classification/train/9/train_04767.png,9,False,clean
classification/train/7/train_04768.png,7,False,clean
classification/train/4/train_04769.png,4,False,clean
classification/train/7/train_04771.png,7,False,clean
classification/train/9/train_04772.png,9,False,clean
classification/train/1/train_04773.png,1,False,clean
classification/train/4/train_04774.png,4,False,clean
classification/train/5/train_04775.png,5,False,clean
classification/train/7/train_04777.png,7,False,clean
classification/train/5/train_04778.png,5,False,clean
classification/train/2/train_04780.png,2,False,clean
classification/train/0/train_04781.png,0,False,clean
classification/train/5/train_04782.png,5,False,clean
classification/train/3/train_04783.png,3,False,clean
classification/train/0/train_04785.png,0,False,clean
classification/train/0/train_04786.png,0,False,clean
classification/train/5/train_04787.png,5,False,clean
classification/train/8/train_04788.png,8,False,clean
classification/train/2/train_04789.png,2,False,clean
classification/train/9/train_04791.png,9,False,clean
classification/train/4/train_04792.png,4,False,clean
classification/train/5/train_04793.png,5,False,clean
classification/train/7/train_04794.png,7,False,clean
classification/train/2/train_04795.png,2,False,clean
classification/train/9/train_04796.png,9,False,clean
classification/train/5/train_04798.png,5,False,clean
classification/train/9/train_04799.png,9,False,clean
classification/train/3/train_04801.png,3,False,clean
classification/train/5/train_04802.png,5,False,clean
classification/train/8/train_04803.png,8,False,clean
classification/train/4/train_04804.png,4,False,clean
classification/train/9/train_04805.png,9,False,clean
classification/train/8/train_04806.png,8,False,clean
classification/train/7/train_04808.png,7,False,clean
classification/train/2/train_04809.png,2,False,clean
classification/train/8/train_04810.png,8,False,clean
classification/train/6/train_04811.png,6,False,clean
classification/train/5/train_04812.png,5,False,clean
classification/train/9/train_04814.png,9,False,clean
classification/train/3/train_04817.png,3,False,clean
classification/train/9/train_04819.png,9,False,clean
classification/train/1/train_04820.png,1,False,clean
classification/train/7/train_04821.png,7,False,clean
classification/train/5/train_04824.png,5,False,clean
classification/train/9/train_04825.png,9,False,clean
classification/train/5/train_04826.png,5,False,clean
classification/train/6/train_04827.png,6,False,clean
classification/train/0/train_04828.png,0,False,clean
classification/train/3/train_04829.png,3,False,clean
classification/train/7/train_04830.png,7,False,clean
classification/train/5/train_04832.png,5,False,clean
classification/train/0/train_04833.png,0,False,clean
classification/train/9/train_04834.png,9,False,clean
classification/train/7/train_04835.png,7,False,clean
classification/train/0/train_04836.png,0,False,clean
classification/train/0/train_04837.png,0,False,clean
classification/train/8/train_04838.png,8,False,clean
classification/train/2/train_04839.png,2,False,clean
classification/train/3/train_04840.png,3,False,clean
classification/train/3/train_04843.png,3,False,clean
classification/train/3/train_04844.png,3,False,clean
classification/train/9/train_04845.png,9,False,clean
classification/train/6/train_04846.png,6,False,clean
classification/train/8/train_04847.png,8,False,clean
classification/train/0/train_04848.png,0,False,clean
classification/train/4/train_04849.png,4,False,clean
classification/train/3/train_04850.png,3,False,clean
classification/train/0/train_04851.png,0,False,clean
classification/train/1/train_04852.png,1,False,clean
classification/train/4/train_04853.png,4,False,clean
classification/train/0/train_04854.png,0,False,clean
classification/train/9/train_04855.png,9,False,clean
classification/train/1/train_04857.png,1,False,clean
classification/train/8/train_04858.png,8,False,clean
classification/train/6/train_04859.png,6,False,clean
classification/train/2/train_04860.png,2,False,clean
classification/train/2/train_04861.png,2,False,clean
classification/train/6/train_04862.png,6,False,clean
classification/train/2/train_04863.png,2,False,clean
classification/train/8/train_04864.png,8,False,clean
classification/train/2/train_04865.png,2,False,clean
classification/train/2/train_04866.png,2,False,clean
classification/train/4/train_04867.png,4,False,clean
classification/train/3/train_04868.png,3,False,clean
classification/train/2/train_04869.png,2,False,clean
classification/train/7/train_04870.png,7,False,clean
classification/train/1/train_04871.png,1,False,clean
classification/train/0/train_04872.png,0,False,clean
classification/train/3/train_04873.png,3,False,clean
classification/train/8/train_04874.png,8,False,clean
classification/train/5/train_04875.png,5,False,clean
classification/train/4/train_04877.png,4,False,clean
classification/train/7/train_04879.png,7,False,clean
classification/train/8/train_04880.png,8,False,clean
classification/train/1/train_04881.png,1,False,clean
classification/train/8/train_04882.png,8,False,clean
classification/train/4/train_04883.png,4,False,clean
classification/train/7/train_04884.png,7,False,clean
classification/train/9/train_04885.png,9,False,clean
classification/train/6/train_04886.png,6,False,clean
classification/train/1/train_04887.png,1,False,clean
classification/train/6/train_04888.png,6,False,clean
classification/train/8/train_04889.png,8,False,clean
classification/train/0/train_04890.png,0,False,clean
classification/train/3/train_04891.png,3,False,clean
classification/train/5/train_04893.png,5,False,clean
classification/train/1/train_04894.png,1,False,clean
classification/train/1/train_04895.png,1,False,clean
classification/train/2/train_04897.png,2,False,clean
classification/train/2/train_04898.png,2,False,clean
classification/train/3/train_04900.png,3,False,clean
classification/train/1/train_04901.png,1,False,clean
classification/train/1/train_04903.png,1,False,clean
classification/train/9/train_04904.png,9,False,clean
classification/train/5/train_04905.png,5,False,clean
classification/train/5/train_04907.png,5,False,clean
classification/train/6/train_04908.png,6,False,clean
classification/train/4/train_04909.png,4,False,clean
classification/train/7/train_04910.png,7,False,clean
classification/train/7/train_04911.png,7,False,clean
classification/train/5/train_04912.png,5,False,clean
classification/train/1/train_04913.png,1,False,clean
classification/train/6/train_04916.png,6,False,clean
classification/train/7/train_04920.png,7,False,clean
classification/train/4/train_04921.png,4,False,clean
classification/train/3/train_04922.png,3,False,clean
classification/train/1/train_04923.png,1,False,clean
classification/train/4/train_04925.png,4,False,clean
classification/train/5/train_04927.png,5,False,clean
classification/train/9/train_04928.png,9,False,clean
classification/train/8/train_04929.png,8,False,clean
classification/train/7/train_04931.png,7,False,clean
classification/train/4/train_04932.png,4,False,clean
classification/train/3/train_04933.png,3,False,clean
classification/train/7/train_04934.png,7,False,clean
classification/train/8/train_04935.png,8,False,clean
classification/train/1/train_04936.png,1,False,clean
classification/train/2/train_04937.png,2,False,clean
classification/train/2/train_04939.png,2,False,clean
classification/train/3/train_04940.png,3,False,clean
classification/train/2/train_04941.png,2,False,clean
classification/train/0/train_04942.png,0,False,clean
classification/train/1/train_04944.png,1,False,clean
classification/train/0/train_04945.png,0,False,clean
classification/train/8/train_04946.png,8,False,clean
classification/train/4/train_04947.png,4,False,clean
classification/train/0/train_04948.png,0,False,clean
classification/train/3/train_04949.png,3,False,clean
classification/train/1/train_04950.png,1,False,clean
classification/train/1/train_04951.png,1,False,clean
classification/train/5/train_04952.png,5,False,clean
classification/train/5/train_04953.png,5,False,clean
classification/train/2/train_04954.png,2,False,clean
classification/train/4/train_04955.png,4,False,clean
classification/train/8/train_04956.png,8,False,clean
classification/train/7/train_04958.png,7,False,clean
classification/train/5/train_04959.png,5,False,clean
classification/train/7/train_04960.png,7,False,clean
classification/train/8/train_04962.png,8,False,clean
classification/train/5/train_04963.png,5,False,clean
classification/train/5/train_04964.png,5,False,clean
classification/train/3/train_04967.png,3,False,clean
classification/train/0/train_04968.png,0,False,clean
classification/train/6/train_04969.png,6,False,clean
classification/train/4/train_04970.png,4,False,clean
classification/train/2/train_04971.png,2,False,clean
classification/train/7/train_04972.png,7,False,clean
classification/train/8/train_04973.png,8,False,clean
classification/train/1/train_04974.png,1,False,clean
classification/train/6/train_04975.png,6,False,clean
classification/train/7/train_04977.png,7,False,clean
classification/train/5/train_04978.png,5,False,clean
classification/train/1/train_04979.png,1,False,clean
classification/train/8/train_04980.png,8,False,clean
classification/train/4/train_04981.png,4,False,clean
classification/train/9/train_04982.png,9,False,clean
classification/train/3/train_04983.png,3,False,clean
classification/train/7/train_04984.png,7,False,clean
classification/train/5/train_04985.png,5,False,clean
classification/train/3/train_04987.png,3,False,clean
classification/train/4/train_04988.png,4,False,clean
classification/train/5/train_04989.png,5,False,clean
classification/train/1/train_04990.png,1,False,clean
classification/train/6/train_04991.png,6,False,clean
classification/train/9/train_04992.png,9,False,clean
classification/train/4/train_04994.png,4,False,clean
classification/train/5/train_04996.png,5,False,clean
classification/train/1/train_04997.png,1,False,clean
classification/train/7/train_04998.png,7,False,clean
classification/train/5/train_04999.png,5,False,clean
