sample_id,source_relpath,sha256,assigned_label
dev_021001005111101_1-rectangle,classification/val/0/021001005111101_1-rectangle.jpg,8053d9b6ee53ca86e3a92dc68229e2e5af52e07b261b9eb008036f4475a7749f,0
dev_021001005111102_1-rectangle,classification/val/0/021001005111102_1-rectangle.jpg,2bb6d18540b2cb7700b309551ebcba920720e704742525c5d11d1ec7a59e0531,0
dev_021001005111103_1-rectangle,classification/val/0/021001005111103_1-rectangle.jpg,d4323ac54da0a8cf8c3fa57faca1df04edfe81396d630b7c8bcb72386edf5f5f,0
dev_021001005111104_1-rectangle,classification/val/0/021001005111104_1-rectangle.jpg,89591d9034fa7a53f3b9c2217784e199e57437f849752f2c66bd166360456009,0
dev_021001005111105_1-rectangle,classification/val/0/021001005111105_1-rectangle.jpg,b13915e0c221e5630305bf423b1a3036b124333cd9a064602965f86c7ae873ac,0
dev_021001005111106_1-rectangle,classification/val/0/021001005111106_1-rectangle.jpg,18ad617b7029f6132516e4c86811327fc1ae7f1e15427ac0ef5bf5a7d75ffe5f,0
dev_021001005111107_1-rectangle,classification/val/0/021001005111107_1-rectangle.jpg,077994f0763041757d2d9a123fa0ed40f2a0ca302d1aeec9f446ffd80342e186,0
dev_021001005111108_1-rectangle,classification/val/0/021001005111108_1-rectangle.jpg,f071f36c39346045cb1f8bb8871e5a53eadba7da77ebd4bbc54a5e9f00b21787,0
dev_021001005111109_1-rectangle,classification/val/0/021001005111109_1-rectangle.jpg,2de3f7fdc78719ed42b68cec36507943bfdfaff0e8fe0c0b4b6ddbb5ed24c089,0
dev_021001005111110_1-rectangle,classification/val/0/021001005111110_1-rectangle.jpg,fb1f203e3136f640581dca3823d855f56ef281a6a931d947508a2f4e6a6fb18e,0
dev_021001005111111_1-rectangle,classification/val/0/021001005111111_1-rectangle.jpg,d8ee92104f67d5b4a6096d0b204db13aaf71af7c72ce686a4d65b7a63702f72f,0
dev_021001005111112_1-rectangle,classification/val/0/021001005111112_1-rectangle.jpg,320eb81ae094040e7119009bac27051ca8edc32fe7ab1fb78471e607aefc22bf,4
dev_021001005111113_1-rectangle,classification/val/0/021001005111113_1-rectangle.jpg,812dcab4b149e23b7a5780115eee33808cf92b94d6a1e943b1437e2dc6fd5220,0
dev_021001005111114_1-rectangle,classification/val/0/021001005111114_1-rectangle.jpg,b9f7ba263e3af41c433cc1dd019b0a3f877428c24695e66d4616bf0505f830fb,4
dev_021001005111115_1-rectangle,classification/val/0/021001005111115_1-rectangle.jpg,aed10c09e90305f35cba2e0c77de9dda2fd28d41de97c7804ab8c95f9c9f5ce4,0
dev_021001010111101_1-rectangle,classification/val/0/021001010111101_1-rectangle.jpg,9ddca256aeeb2e9b20f5a9e5bdd9b1449df324019e094b1c06b0765d7a601977,0
dev_021001010111102_1-rectangle,classification/val/0/021001010111102_1-rectangle.jpg,705a8cc540804e33c3bec61b457dcbf72161b36373b9a23456a3624452a61671,0
dev_021001010111103_1-rectangle,classification/val/0/021001010111103_1-rectangle.jpg,b05c2f763656ad395766d3fd6f6a3236ad05da9763a1dc57e9b1be8d22b183d4,0
dev_021001010111104_1-rectangle,classification/val/0/021001010111104_1-rectangle.jpg,6bf40be4101607ab2302625ea1ef32bf2e3cc8cc87392bb65ab64cd6e47540f1,0
dev_021001010111105_1-rectangle,classification/val/0/021001010111105_1-rectangle.jpg,6c3684922e245fa945c3ecff2318d3efdf222860c802efccc26913051037096c,0
dev_021001010111106_1-rectangle,classification/val/0/021001010111106_1-rectangle.jpg,52090aaf9e4b74f653c08bd10bccf11066cf098a50e90453938434251da1918a,0
dev_021001010111107_1-rectangle,classification/val/0/021001010111107_1-rectangle.jpg,319c792265228652540cc7dea91bb0a60cf8b13568158321ed5b293f514c40c3,0
dev_021001010111108_1-rectangle,classification/val/0/021001010111108_1-rectangle.jpg,e377e665e0232ff6cd0ee5a068da6fc93fd659804fca3689381f193299230f1d,2
dev_021001010111109_1-rectangle,classification/val/0/021001010111109_1-rectangle.jpg,acd94cc3a80a1cb43ed794859815fce1867cfebcd015646b9d31b9fab62d355b,0
dev_021001010111110_1-rectangle,classification/val/0/021001010111110_1-rectangle.jpg,73d55a3ff0cbfbffa26ea4754e96321efa7c93b55e77c04ff6d6b25c2d25b5ef,0
dev_021001010111111_1-rectangle,classification/val/0/021001010111111_1-rectangle.jpg,9b7428cc96a0a05fb0d6d6d9096df060f0a725baa308f0a541021c727577a73d,0
dev_021001010111112_1-rectangle,classification/val/0/021001010111112_1-rectangle.jpg,e7ca233a2eb31472fc7caa426d0680cdc783192f35834da71f3e3b49090b82cf,0
dev_021001010111113_1-rectangle,classification/val/0/021001010111113_1-rectangle.jpg,9efffb77d510600acac64bfcbbbdef854c0b058c5a3a559e7a8e6a8a60b0bd83,0
dev_021001010111114_1-rectangle,classification/val/0/021001010111114_1-rectangle.jpg,c2841093e15f8ead69e70430922d736c6491d64bc26160448d1b103cced283e9,0
dev_021001010111115_1-rectangle,classification/val/0/021001010111115_1-rectangle.jpg,4641ef75aa0267099718244da24b12f8b2f9513258fe8a8200ce72a1e15b35f7,0
dev_021001010111116_1-rectangle,classification/val/0/021001010111116_1-rectangle.jpg,fb2730d8fc68a494ba24e3ec4fbeb896446de9754b0928c726237606a3c5af10,0
dev_021001010111117_1-rectangle,classification/val/0/021001010111117_1-rectangle.jpg,5a0ca6f6c05eb14124032e848c9b34d52fad0d90f85b31be5762f27fd89e636a,0
dev_021001010111118_1-rectangle,classification/val/0/021001010111118_1-rectangle.jpg,9c85ce65a06353a014f6a231101cfb4792391764baa880fa326cac69fd541722,2
dev_021001010111119_1-rectangle,classification/val/0/021001010111119_1-rectangle.jpg,fa379d4d27263328590de692adc59dc7fdf467b7cafaebd3640d5b29149de747,0
dev_021001010111120_1-rectangle,classification/val/0/021001010111120_1-rectangle.jpg,80314d71987a959dd5749cbaf21d1f5916295774c288a450b12965aa3560c624,4
dev_021001010111121_1-rectangle,classification/val/0/021001010111121_1-rectangle.jpg,b60325bf173e9d8d52c8b508b17ad3b12af87b28237a0e4c783176d06b0b296a,0
dev_021001010111122_1-rectangle,classification/val/0/021001010111122_1-rectangle.jpg,560e8724d51301a3e760ee30be0ec037e6af5016468924cd966fe72bd6b52f10,0
dev_021001010111123_1-rectangle,classification/val/0/021001010111123_1-rectangle.jpg,b250d8b263d2d70ca09aec1de7f2d256dca282fbdfe199621bf1d3394ef0bf3f,2
dev_021001010111124_1-rectangle,classification/val/0/021001010111124_1-rectangle.jpg,4a6ed993801cd1cd4e93fb49c77128b8f28802ff1dd4f06e8e4c0318e375af4c,0
dev_021001010111125_1-rectangle,classification/val/0/021001010111125_1-rectangle.jpg,ae7504cfa589e4dcaa29f73d0d1e79fcd6ea38871093275b24e3dee1f6254944,0
dev_021001010111126_1-rectangle,classification/val/0/021001010111126_1-rectangle.jpg,ecb7fc631905ff1d291868599a5190b0c5c013e91429f6a8e50fcf960cee9bff,0
dev_021001010111127_1-rectangle,classification/val/0/021001010111127_1-rectangle.jpg,37e7d70bfd46da2e881ddf37324f142a4657487b1373320b3a6f0880330b7b53,0
dev_021001010111128_1-rectangle,classification/val/0/021001010111128_1-rectangle.jpg,ca2942bdbfa3a8d92504646ea553d457bc0bffd6db03e94939ccdc6abaa49ff4,0
dev_021001010111129_1-rectangle,classification/val/0/021001010111129_1-rectangle.jpg,8d7b9853a6c2d650e7eb10e43a15b0306348e0e280aeee8e6dec26b4a39b529a,0
dev_021001010111130_1-rectangle,classification/val/0/021001010111130_1-rectangle.jpg,9e1c0aa349f16b549f26bfe992ac6985c7bbeec5e103facab722668b38768a39,0
dev_021001010111131_1-rectangle,classification/val/0/021001010111131_1-rectangle.jpg,e96d61fce76099d1fc866edc73defa1e65edd144e1256d51d818b8e9c0b360fc,3
dev_021001010111132_1-rectangle,classification/val/0/021001010111132_1-rectangle.jpg,edc76adeff0f8854581c7e9b133fc998956fd6556b9ff24c12d603d45b2ca1a7,0
dev_021001010111133_1-rectangle,classification/val/0/021001010111133_1-rectangle.jpg,38a9ce586af08a5a442e96a9fcd68c1d2c0b18d868c37bd5455a0690776133af,0
dev_021001010111134_1-rectangle,classification/val/0/021001010111134_1-rectangle.jpg,69efac3823bb47dc68cfe1c75642cfe5987618ef9a174da734cb2c5459c525c1,0
dev_021001018111101_1-rectangle,classification/val/0/021001018111101_1-rectangle.jpg,90bb52397b4ff05e4654db070765e5b9924ea086c2d4f03ac0379c314f787848,0
dev_021001018111102_1-rectangle,classification/val/0/021001018111102_1-rectangle.jpg,3f88be4d785799a000fb839dd48a6d567c4725a93a59c4091dd0884b73b93c45,0
dev_021001018111103_1-rectangle,classification/val/0/021001018111103_1-rectangle.jpg,02565cc4c080d1bc4a99e8f53bd1375d096b69d7a58188be329dafedafe3f878,0
dev_021001018111104_1-rectangle,classification/val/0/021001018111104_1-rectangle.jpg,be0d7cd81844748a12dd83ee6151306c95de7b06bffa372f044bd58fe2690020,0
dev_021001018111105_1-rectangle,classification/val/0/021001018111105_1-rectangle.jpg,3c83986c3c58de4fdf51b1a4339451260e1a48af6a4e9c9bc7db6b0f0fc46fe2,0
dev_021001018111106_1-rectangle,classification/val/0/021001018111106_1-rectangle.jpg,f2fd784f2019f5729d9a9b03943b27f7fa0069ed5368a5022c4889716587c794,0
dev_021001018111107_1-rectangle,classification/val/0/021001018111107_1-rectangle.jpg,a2c74adea45b5a0afe5520c56d3d96a596b439d014c849e0a85543180d3ed12a,0
dev_021001018111108_1-rectangle,classification/val/0/021001018111108_1-rectangle.jpg,355db2094c3c8fb607d6f8775e36d59bbbb6ccece0a1a4e23ca71525986585d1,0
dev_021001018111109_1-rectangle,classification/val/0/021001018111109_1-rectangle.jpg,f994f6f420ec25a5393e968bd637bdec63836b959954e9cb7d2658ab73a632f3,0
dev_021001018111110_1-rectangle,classification/val/0/021001018111110_1-rectangle.jpg,86bdf6538f7fec19595da1fe1e31a0954aad80bcb208586e5ff2420161faa784,0
dev_021001018111111_1-rectangle,classification/val/0/021001018111111_1-rectangle.jpg,40ca2534612551707f6db82bf1aae4d9a6b5ec048be3a8c2c81fd8e1ff7a6e5f,0
dev_021001018111112_1-rectangle,classification/val/0/021001018111112_1-rectangle.jpg,be659eb60997125ad2d64d6e9937b8c568ec6229fb838c2e747b2bb13821b7b4,0
dev_021001018111113_1-rectangle,classification/val/0/021001018111113_1-rectangle.jpg,351e0cc47be15690f28faffaeeb21363bd54772a020ff3fcfb74736df608c335,3
dev_021001018111114_1-rectangle,classification/val/0/021001018111114_1-rectangle.jpg,356003caa9414eb985f53cade76c8f07947aba7f7b83d67517e1639353ab3665,0
dev_021001018111115_1-rectangle,classification/val/0/021001018111115_1-rectangle.jpg,2decedff344d4bdaa75b623d21dcefae85832456adf919380366da8a2b54ba55,0
dev_021001018111116_1-rectangle,classification/val/0/021001018111116_1-rectangle.jpg,ec2224e212bef94f9980f58dbe8212ce1d0e6a0cafdbe97985684d26fada5c5b,0
dev_021001018111117_1-rectangle,classification/val/0/021001018111117_1-rectangle.jpg,91c1e67cfa91f2337455d23f57731cad1e19d8b0c23d525bf61d073c8a6b61df,0
dev_021001018111118_1-rectangle,classification/val/0/021001018111118_1-rectangle.jpg,ce4b0f83c2ce1a713711672aec7cda2dec5a705df8af1ee8f5d6348e3dd2f989,0
dev_021001018111119_1-rectangle,classification/val/0/021001018111119_1-rectangle.jpg,fb622ea16b7fabcf9c0cf657fdec9160816d612949eb9b2924b48f57cd1cf8a4,0
dev_021001018111120_1-rectangle,classification/val/0/021001018111120_1-rectangle.jpg,f845593bc285ef47a0c36d629f4b20f7a92900eaaf42714432fcd6de6a3726b3,0
dev_021001018111121_1-rectangle,classification/val/0/021001018111121_1-rectangle.jpg,1ad20f1376cd6e2f338c3a269da53a1d64be004eee79b41353e371f3b937fd06,0
dev_021001018111122_1-rectangle,classification/val/0/021001018111122_1-rectangle.jpg,9f5fae443f684e9db3838c1599d4201d58f809a2807156a8bdf978e01f3a933c,0
dev_021001020111101_1-rectangle,classification/val/0/021001020111101_1-rectangle.jpg,de9d412a9d1367f584284bcb656a9e5869af69d97661f1043ad0a0a87ef5ea8e,0
dev_021001020111102_1-rectangle,classification/val/0/021001020111102_1-rectangle.jpg,a1c55e7d866a796d28369f5b60c59656a84415ccc97b21289024e2e8fd269ddf,0
dev_021001020111103_1-rectangle,classification/val/0/021001020111103_1-rectangle.jpg,b3d9aac7802480ee4e29fabb4b3a99088ab6e4b4968bc591279bda12d8a8f8d6,0
dev_021001020111104_1-rectangle,classification/val/0/021001020111104_1-rectangle.jpg,0ebc74621c39681ec60ce17cc4dd6dd0cdc718ae977f8fc70fe2b50bd463476f,0
dev_021001020111105_1-rectangle,classification/val/0/021001020111105_1-rectangle.jpg,e551d15551c4ed1b7aab136fc4d8fb404f1f9cc623d11fbb92be1bd2d12e2ee4,0
dev_021001020111106_1-rectangle,classification/val/0/021001020111106_1-rectangle.jpg,40f4daf10b090e16fb2fd0bca07b43c01d2e12750b26a227a3b5386fb4edea7d,0
dev_021001020111107_1-rectangle,classification/val/0/021001020111107_1-rectangle.jpg,d05e3b3a1defed8b2b95620518202a595b10941383d2cd14f52889d85c7f6815,4
dev_021001020111108_1-rectangle,classification/val/0/021001020111108_1-rectangle.jpg,84862d042ef37f6578f655dfcca0ad6f7ece65d524d85f8e5812d7bf88454692,0
dev_021001020111109_1-rectangle,classification/val/0/021001020111109_1-rectangle.jpg,2457e33f34f91c9f4438d491420ee0dedfa8e7c513d0813b564acfc851ecafae,4
dev_021001020111110_1-rectangle,classification/val/0/021001020111110_1-rectangle.jpg,4500f43e4a9c76d19c438e1525b05d89f3412d37468976197b69677fef2f7b0d,0
dev_021001020111111_1-rectangle,classification/val/0/021001020111111_1-rectangle.jpg,dd82fe129f4de33515e829669a04fe0c5fbbba816e2f8b42cf22d8913f735ed6,0
dev_021001020111112_1-rectangle,classification/val/0/021001020111112_1-rectangle.jpg,ab27e5d6633dcadc87773128dee20866b0d302268c6fa38a64f6b15c3f2c1937,0
dev_021001020111113_1-rectangle,classification/val/0/021001020111113_1-rectangle.jpg,1fef4fe33706453658d9d5c2e283d45add0765750cad52ab02ef7d735b3b2dbf,0
dev_021001020111114_1-rectangle,classification/val/0/021001020111114_1-rectangle.jpg,4cb0c668f0cfca1d0c1fa279c465b6148aefa31e3a4a3b55104e2c6498cd5d0e,0
dev_021001020111115_1-rectangle,classification/val/0/021001020111115_1-rectangle.jpg,6e7908640bb1f1a3d7d6b8ab8c255d11a102fabd80ee223c69174a315cdc251b,0
dev_021001020111116_1-rectangle,classification/val/0/021001020111116_1-rectangle.jpg,c1d4b28a9a5dd76872498480e3179f82b43bfa5f4759895fc2ce3b44f4b96cbf,0
dev_021001020111117_1-rectangle,classification/val/0/021001020111117_1-rectangle.jpg,9083ddb761ca9d18025153977bd5c5575b2e218ff0dba50845bd9b62494462d1,0
dev_021001020111118_1-rectangle,classification/val/0/021001020111118_1-rectangle.jpg,d0fb6b998ffdafdd61a98faf109b2551f031369fcb3bb5953aa98b92abd46710,0
dev_021001020111119_1-rectangle,classification/val/0/021001020111119_1-rectangle.jpg,cf56741bbe001b1b5e9368b8e8e2a16a2f4e2dafadaf91b310bea05fa31e55bb,0
dev_021001020111120_1-rectangle,classification/val/0/021001020111120_1-rectangle.jpg,27079a9ab325c4b7a45994ae6bbc24967fb5a52336a88fe1ccba835cf183c920,0
dev_021001020111121_1-rectangle,classification/val/0/021001020111121_1-rectangle.jpg,53f8f327ffc05a127bdd07fd0c2dff63fbfbd30f51ce47d1b82dc5cb1e2f5b3b,0
dev_021001023111101_1-rectangle,classification/val/0/021001023111101_1-rectangle.jpg,6941ca69ef029e94c66fd3af86913402c894a4d1554e7de6f7934746fd57e223,0
dev_021001023111102_1-rectangle,classification/val/0/021001023111102_1-rectangle.jpg,643663b400913a7e02c1371fc3f3833b7cc5cc94a4f207616b893db9860f5da7,0
dev_021001023111103_1-rectangle,classification/val/0/021001023111103_1-rectangle.jpg,02457570aef7ad51f8c097e5fc4581eaf20f895c486ede50730fb1b1bcd3373b,0
dev_021001023111104_1-rectangle,classification/val/0/021001023111104_1-rectangle.jpg,4a42917fd42d7bbd6f0437bed7f5de4f4db58860a0ca4fabe51cb31e8e380061,0
dev_021001023111105_1-rectangle,classification/val/0/021001023111105_1-rectangle.jpg,b105f7496e16aeecee90d2440ebb588d29ab0aa5653ded7c25b8d4b57c67594d,0
dev_021001023111106_1-rectangle,classification/val/0/021001023111106_1-rectangle.jpg,b80e44307af3c8a93b527df7777e405d4ea67a404a37e6d9682ea550aa005756,0
dev_021001023111107_1-rectangle,classification/val/0/021001023111107_1-rectangle.jpg,0f5e4789221e2838bc81dcb76ea8ee4ac8fd13361be97dc2256b6c1130a86fde,0
dev_021001023111108_1-rectangle,classification/val/0/021001023111108_1-rectangle.jpg,3f7aeaa2a7b7ced28f54bb42cdbb25ade2036b1cf3de8a75cdc0deba356a9eb0,0
dev_021001023111109_1-rectangle,classification/val/0/021001023111109_1-rectangle.jpg,3ff33f218744701f5316096b00547db37e6bfc35b96175f4eadda1e4511eb228,0
dev_021001023111110_1-rectangle,classification/val/0/021001023111110_1-rectangle.jpg,83c4a4dfdf43be4bbaaafe4dd84fb8b40d9319b273b60e0f20c68b8ff267caee,0
dev_021001023111111_1-rectangle,classification/val/0/021001023111111_1-rectangle.jpg,610902dbf638f0eb0c2b4953b374bfd96c2a078edad9d8daaaf200152c43eeb5,0
dev_021001023111112_1-rectangle,classification/val/0/021001023111112_1-rectangle.jpg,6a908c8f786c01e2e3da5a17dc5acbb4c05182d9d3184abe1049839d53be1e1a,0
dev_021001023111113_1-rectangle,classification/val/0/021001023111113_1-rectangle.jpg,cb6f8fd62e92252eb9a5b22ee088a4d56fa3fc0ed5cce69641dd48706feed244,0
dev_021001023111114_1-rectangle,classification/val/0/021001023111114_1-rectangle.jpg,a279b2cd61251acf95a639556824304669ad9588f46b7658561cad5e351bccdd,0
dev_021001023111115_1-rectangle,classification/val/0/021001023111115_1-rectangle.jpg,17fea2d8c336c121cad8513341e5050860f1c825389bf7f9f8dfe3fd5d192f64,0
dev_021001023111116_1-rectangle,classification/val/0/021001023111116_1-rectangle.jpg,7bcb7123fea9670fb8010b752c73ffe611a128d76ac4b9df22362a74cd63afa4,0
dev_021001023111117_1-rectangle,classification/val/0/021001023111117_1-rectangle.jpg,9b4c536367c2bb8ecf43b2310c2befb2020e2c9e8c66d65250231234fd63affd,0
dev_021001023111118_1-rectangle,classification/val/0/021001023111118_1-rectangle.jpg,854121caa750aad3e9188f5e1da8acd3edfedcbf1fe492c0122418bc211a3ef8,0
dev_021001023111119_1-rectangle,classification/val/0/021001023111119_1-rectangle.jpg,939d67214d9bf32cc89942a1bdd318988a9fbfabf785c6bc824ec181ec042176,0
dev_021001023111120_1-rectangle,classification/val/0/021001023111120_1-rectangle.jpg,5d878c1446c553f3ec6330b183d862d7d99a9fec52db4ff30de26817ddd71e3d,4
dev_021001023111121_1-rectangle,classification/val/0/021001023111121_1-rectangle.jpg,131abca11c5f4b77316d3f46ceba267e93c619a2626395bd1c286e46df635d0d,0
dev_021001023111122_1-rectangle,classification/val/0/021001023111122_1-rectangle.jpg,263391477d6c95ab964e2210dbe91c8e97cef031b084622b17b457bdf03d5419,0
dev_021001023111123_1-rectangle,classification/val/0/021001023111123_1-rectangle.jpg,0a926fcee7bdfc31d19db437a8545e8ea5efa5b8000016a0771c8c60ae3a2634,0
dev_021001023111124_1-rectangle,classification/val/0/021001023111124_1-rectangle.jpg,fb650c9b1a6761947515b24d9be8928d660985fce048799a423a482fea574c04,0
dev_021001041111101_1-rectangle,classification/val/0/021001041111101_1-rectangle.jpg,60d888905b1aa69c3347992e04069e5614112d2b0c768ba9cac84368438adeec,0
dev_021001041111102_1-rectangle,classification/val/0/021001041111102_1-rectangle.jpg,9192b0a5defdd0ddc28f39da9f421624a51cf3faeaed29ed6493060ccdb57921,0
dev_021001041111103_1-rectangle,classification/val/0/021001041111103_1-rectangle.jpg,ea29e556e6f004855254a83299786703c779f7d9b72dd2a5140f8c650729dabc,4
dev_021001041111104_1-rectangle,classification/val/0/021001041111104_1-rectangle.jpg,212223433a4d7ac96e1d148486818b604494ef2468e8a9f1b35518f39ecc2b51,0
dev_021001041111105_1-rectangle,classification/val/0/021001041111105_1-rectangle.jpg,460703d4dc3c84bca12bcd3f17eb15c9b74a11907e9750e69b6b3df1ce8fdef8,0
dev_021001041111106_1-rectangle,classification/val/0/021001041111106_1-rectangle.jpg,9630c87a13c59801dda01d18b06ea6c1f33e80a06d392f317e784aeba2a1ab97,0
dev_021001041111107_1-rectangle,classification/val/0/021001041111107_1-rectangle.jpg,7d4b3f6168fcae64837f0649464a1d431ef56ad0ebaeee978cd1d39d83db3dc0,0
dev_021001041111108_1-rectangle,classification/val/0/021001041111108_1-rectangle.jpg,f41b534d584647f51658eab7601712f1b32d532958b73b338c7852b2ecffffb5,0
dev_021001041111109_1-rectangle,classification/val/0/021001041111109_1-rectangle.jpg,66eaa00794950ce065afc4314b44afd5f683a59518a9a502c761a5ab147b339f,0
dev_021001041111110_1-rectangle,classification/val/0/021001041111110_1-rectangle.jpg,92a1f0569667925b140a508adf186756b54f0c2f4161e614735fcc2c63d7f3b2,0
dev_021001041111111_1-rectangle,classification/val/0/021001041111111_1-rectangle.jpg,3cdb7b3a857852d20515d10a9d6cece0a6db6a98957a4d64f631e72ba07a335f,0
dev_021001041111112_1-rectangle,classification/val/0/021001041111112_1-rectangle.jpg,bfd3be3723b0c58ebc31d957b6714fb213bc8773bf6536ca5eafc37c4f3ba51b,0
dev_021001041111113_1-rectangle,classification/val/0/021001041111113_1-rectangle.jpg,43b2b59e8f759dd594780cf2eef99392322e68c2fae4373bd4d40d47fb636e4c,0
dev_021001041111114_1-rectangle,classification/val/0/021001041111114_1-rectangle.jpg,b04fa1f34558e206bcac974349c6e82324b7909632f48fa33cb3dc6b1fa58121,0
dev_021001041111115_1-rectangle,classification/val/0/021001041111115_1-rectangle.jpg,78409c806a4a0627af63063296534c83ce20754c8caa08a15afff932b93a9403,0
dev_021001041111116_1-rectangle,classification/val/0/021001041111116_1-rectangle.jpg,eefa8c11ca5e18c9ca0bc10f4829fee42a70b09fa34726a93924fa31b83f52ae,0
dev_021001041111117_1-rectangle,classification/val/0/021001041111117_1-rectangle.jpg,c0248f422fed887f0341451dcd10ad5cee811b134ca7c61bdab21752d91a389c,0
dev_021001041111118_1-rectangle,classification/val/0/021001041111118_1-rectangle.jpg,96e471f419cd7500fe547eb9fc6e49473b08d05fae2165d39c2e71e49d187a7f,0
dev_021001041111119_1-rectangle,classification/val/0/021001041111119_1-rectangle.jpg,d22dc673d94035a4bbba6a121933ebc6b0f6753abb1a914e2643ba7abf517f20,4
dev_021001041111120_1-rectangle,classification/val/0/021001041111120_1-rectangle.jpg,1cba7881543a016059ecb7d1a901a6c8eac28bb347093d626b40115bb33a88ff,0
dev_021001041111121_1-rectangle,classification/val/0/021001041111121_1-rectangle.jpg,fa2bffd216113cf6ed82179462597141a8f678e20cb841f6e4786438dfd0f158,0
dev_021001041111122_1-rectangle,classification/val/0/021001041111122_1-rectangle.jpg,d413828f1d66077298c731477d273f3fbe60f241c23417a3ab71e385f984a70c,0
dev_021001041111123_1-rectangle,classification/val/0/021001041111123_1-rectangle.jpg,5a657e79ca0f9284b9f8d561bce8e7232f33e67dcefa2074460d678020d064de,2
dev_021001041111124_1-rectangle,classification/val/0/021001041111124_1-rectangle.jpg,1475b0909c6a72c34eeec9cce6fd8597093e99ffe25146bb53fd8b5b25bcb4fb,1
dev_021001043111101_1-rectangle,classification/val/0/021001043111101_1-rectangle.jpg,4b87a54ff561306df46361f2f346f2110d2eba644a91a4e2a7843c1031be4cf5,0
dev_021001043111102_1-rectangle,classification/val/0/021001043111102_1-rectangle.jpg,394318d482362c1a82e6cb293a944222e30532784ee3afa2e85d32ef840ef941,0
dev_021001043111103_1-rectangle,classification/val/0/021001043111103_1-rectangle.jpg,6f01c9507803835c2586622b251f24c032b989575a00f13c7c03884dd91e8ca3,0
dev_021001043111104_1-rectangle,classification/val/0/021001043111104_1-rectangle.jpg,d6a6d9f68b72e0ebff529fea9f606ae6007849e66870da508631f4adb6a0f956,0
dev_021001043111105_1-rectangle,classification/val/0/021001043111105_1-rectangle.jpg,1dd6cbd8d28d48b2b1c39cfbe9a96421917baf37972aab6bb576a3871914dba5,4
dev_021001043111106_1-rectangle,classification/val/0/021001043111106_1-rectangle.jpg,c0fe78a7adf58a820ad5010412211cdec47ea7a77397b85a0aeb20685614f7ee,3
dev_021001043111107_1-rectangle,classification/val/0/021001043111107_1-rectangle.jpg,3e1e93754281fa2796a18c1f181ae64c41b3cdbb144983ce65082ceef37abb87,0
dev_021001043111108_1-rectangle,classification/val/0/021001043111108_1-rectangle.jpg,2b653b8e03df11c5869ed483218547a1c01b4fe96e7bd6198d49df9bf0e77ce1,0
dev_021001043111109_1-rectangle,classification/val/0/021001043111109_1-rectangle.jpg,2cc677c2257df40b7f669a912ddf35adddbc302b88c123c49b8237748c2cc5eb,0
dev_021001043111110_1-rectangle,classification/val/0/021001043111110_1-rectangle.jpg,b830fdeebe29044b0d7f25b6c0411caa8f7cef9bc321ea806cad5dcd4a10e9ba,3
dev_021001043111111_1-rectangle,classification/val/0/021001043111111_1-rectangle.jpg,b296435c8299262c90dbc8c73ef83a74c223e343408477d56d8ae8cc1c83bdb1,0
dev_021001043111112_1-rectangle,classification/val/0/021001043111112_1-rectangle.jpg,7a40b19c3da700b8b4c3bff7c7bc71b215b879ad9024cedf5bbb8f4955020b6e,0
dev_021001043111113_1-rectangle,classification/val/0/021001043111113_1-rectangle.jpg,9fa84000da169b9b3897737436763ae89fd4244ab5a1128b9288780543659f0b,0
dev_021001043111114_1-rectangle,classification/val/0/021001043111114_1-rectangle.jpg,40a3f7f10dc7a5d699f7a351bb67020b0a83703acd829628ba061b452b738b5a,0
dev_021001043111115_1-rectangle,classification/val/0/021001043111115_1-rectangle.jpg,fad09a8f93c63e441fde228dc6a11275f826deb1c8d8ea2f992e32f898c9d642,0
dev_021001043111116_1-rectangle,classification/val/0/021001043111116_1-rectangle.jpg,84b8526baaf9ede9cdf1c30bfbf8df4e0885929e1695d245fb09617a22586fdd,0
dev_021001043111117_1-rectangle,classification/val/0/021001043111117_1-rectangle.jpg,3ae9c08f85045af87f9be8d480b5fed6529c9dba0ee370c64494940412b6dd80,0
dev_021001043111118_1-rectangle,classification/val/0/021001043111118_1-rectangle.jpg,4af36e38f0fc26b4f6dd83d0d945ed34f79ddd25ab3394b51fc32e61d6c75a4e,0
dev_021001043111119_1-rectangle,classification/val/0/021001043111119_1-rectangle.jpg,7eb1181f59f8faa9e26205adc9909cc0dd5f0a2435738c852bd284f08a37f1b7,0
dev_021001043111120_1-rectangle,classification/val/0/021001043111120_1-rectangle.jpg,000da62409d91411cc130e6c5a002c42a9544643c794edc9cde697649b2e693d,0
dev_021001043111121_1-rectangle,classification/val/0/021001043111121_1-rectangle.jpg,6bf530e7bd03ab0722671bd76fd0c3fcea7398e165c4ed0daebebac0e5496306,0
dev_021001043111122_1-rectangle,classification/val/0/021001043111122_1-rectangle.jpg,827887dac45eea123f5379ee955fc68c4a6cb38ba9e1bd9303853f7df7b4caaf,0
dev_021001046111101_1-rectangle,classification/val/0/021001046111101_1-rectangle.jpg,eb6da141269c645dccdc887cfb430954f754ffe0cb6a26334145acbe06af9e9e,0
dev_021001046111102_1-rectangle,classification/val/0/021001046111102_1-rectangle.jpg,4ebe53f3c4e6f133ca81a85c678bb4de0d5b03737e855cf29c468893ea8f9044,0
dev_021001046111103_1-rectangle,classification/val/0/021001046111103_1-rectangle.jpg,145b0281bd094aa27f9eb28f05e23f1baba5e7b07b6c636bfb05fe5671680ef7,1
dev_021001046111104_1-rectangle,classification/val/0/021001046111104_1-rectangle.jpg,2f3e4952bbd3d8cc5a6001f5928110ec369dfd07f75f6f824d7e334e895e6b78,0
dev_021001046111105_1-rectangle,classification/val/0/021001046111105_1-rectangle.jpg,ac0d3955ec0e0563a6148a2d739e966bc28269d7ae21eb6503def0bbe873010b,0
dev_021001046111106_1-rectangle,classification/val/0/021001046111106_1-rectangle.jpg,c26115aed0042c5d73240e5f5917fbef1c42fafe56bed991697cfb8313b83052,0
dev_021001046111107_1-rectangle,classification/val/0/021001046111107_1-rectangle.jpg,42130771029d9060b9c0dc93e88982d792ce34fb62ac09d48184237347e7de9d,0
dev_021001046111108_1-rectangle,classification/val/0/021001046111108_1-rectangle.jpg,0529bd4db1b112cdcadf039c952c3ad30fcdfab64c302fe5c63ec3568555f09e,0
dev_021001046111109_1-rectangle,classification/val/0/021001046111109_1-rectangle.jpg,2447f91c2e96f113b4acf38ee6ecff707136f7db85a79f38ce96117925b09124,0
dev_021001046111110_1-rectangle,classification/val/0/021001046111110_1-rectangle.jpg,e9b011598a3739840d4da09156f55890dbe4ec3c04c8cf235f5598099bfde10d,0
dev_021001046111111_1-rectangle,classification/val/0/021001046111111_1-rectangle.jpg,9fdc3f193ed54509bd2eb49cefdd94d661ffb735bd25401762c743258810610c,0
dev_021001046111112_1-rectangle,classification/val/0/021001046111112_1-rectangle.jpg,e1d6066de0067c380364541b13ce0653358bbedd68804573acd1a5e964568fd4,0
dev_021001046111113_1-rectangle,classification/val/0/021001046111113_1-rectangle.jpg,017ff3daf560f6c67c8c89eb8a59b06566eb5cbdd910c4e4bf235ca340c5414e,0
dev_021001046111114_1-rectangle,classification/val/0/021001046111114_1-rectangle.jpg,b8b7f14e3446267c659fea9961c077afc4d7e728434d99c421797b38c0600776,0
dev_021001046111115_1-rectangle,classification/val/0/021001046111115_1-rectangle.jpg,d664dc33f600eeecbd8e6b2a8463e1e8b4cb9e42813ca31e158eba60f3e73784,1
dev_021001046111116_1-rectangle,classification/val/0/021001046111116_1-rectangle.jpg,503141641c27e49a863475819b49d9e78bd054203300913562a8c6736dc661c7,0
dev_021001046111117_1-rectangle,classification/val/0/021001046111117_1-rectangle.jpg,07f1eaefb8eb4a736f880e857b61be2052913a0c9e1a8ee63b99a43f807e8d7d,0
dev_021001046111118_1-rectangle,classification/val/0/021001046111118_1-rectangle.jpg,2173c76f3f0e423823892486ed145d1932dae25fbbd3018eadf374bed93bbaa6,0
dev_021001046111119_1-rectangle,classification/val/0/021001046111119_1-rectangle.jpg,70ec398ea41ece1a31732479617121321536bd9b8183a829ae2ea025bc264c1e,0
dev_021001047111101_1-rectangle,classification/val/0/021001047111101_1-rectangle.jpg,6ad1a4535961ad54d3418e7932a3a2f68589141be91c060e8d7d566f06828c20,0
dev_021001047111102_1-rectangle,classification/val/0/021001047111102_1-rectangle.jpg,a72a343007795e01c4c3d2a9d088c6ad24dc25547d01952d326390dedf2dfa7d,0
dev_021001047111103_1-rectangle,classification/val/0/021001047111103_1-rectangle.jpg,9dafbdc6c2fec8e97df87115c8f3857fa30e495ca0993f5075b2568675838f65,0
dev_021001047111104_1-rectangle,classification/val/0/021001047111104_1-rectangle.jpg,56857c0f95c732a1b82ef5cd87ef8fd89732536a6a1d9d41540ec36b83b86509,3
dev_021001047111105_1-rectangle,classification/val/0/021001047111105_1-rectangle.jpg,7be89e3be23acfa1b18b2bc3f65244b51b469952403662738ec5ced2121acfb7,0
dev_021001047111106_1-rectangle,classification/val/0/021001047111106_1-rectangle.jpg,4d34ab81d53dd115af7949422383c17f3cbe93226e32b120e804287cf30e58a4,0
dev_021001047111107_1-rectangle,classification/val/0/021001047111107_1-rectangle.jpg,5bce62781e640caf6a1e53703c929804917507646e14dfdfc6c7cbc11d7105d1,0
dev_021001047111108_1-rectangle,classification/val/0/021001047111108_1-rectangle.jpg,c24ad157f480d96d2e0c3482fd0721df0fc30f12bbe2b8cd9917a2e9230c37f3,0
dev_021001047111109_1-rectangle,classification/val/0/021001047111109_1-rectangle.jpg,459f2e03998b1cfa0c07a3533cd64dbac3cc4719e1939944979b63fe17bbb4a3,0
dev_021001047111110_1-rectangle,classification/val/0/021001047111110_1-rectangle.jpg,cb095a3915227c86a13e06b5226bbc2f9b6b04bfadd26cd43bfe63a807e54605,0
dev_021001047111111_1-rectangle,classification/val/0/021001047111111_1-rectangle.jpg,226b218edd8ad224f33586c93fc3e6f29b4c4c6c18d77ade292f60a38dc1aee6,0
dev_021001047111112_1-rectangle,classification/val/0/021001047111112_1-rectangle.jpg,b95a1933e95ff11b70911066aff5d0dc18e6761c2220c831714133746f9a1de6,0
dev_021001047111113_1-rectangle,classification/val/0/021001047111113_1-rectangle.jpg,28806505dcae1f90996d8e8f37f017f4d81b646700c5bf9d9b399463beb5f0d7,0
dev_021001047111114_1-rectangle,classification/val/0/021001047111114_1-rectangle.jpg,3b30790b22f493c5c5efa6afd5aeab7b0cccd81df7961f129252e993d5a14018,0
dev_021001047111115_1-rectangle,classification/val/0/021001047111115_1-rectangle.jpg,44a05ee07f080f068363fb32e49d5886eb7f0eeae2752bbbde40bf71a00b4d2d,0
dev_021001047111116_1-rectangle,classification/val/0/021001047111116_1-rectangle.jpg,6cdbcf8c191730a2799f5ece00ce8a124c5ec47c5b0497ad3d1ab9215e66fc9a,0
dev_021001047111117_1-rectangle,classification/val/0/021001047111117_1-rectangle.jpg,79e5f0bf9170a103a5a114e86112e2d138a23bc5be90677a9447fe95b10a4f9a,0
dev_021001047111118_1-rectangle,classification/val/0/021001047111118_1-rectangle.jpg,5c869f2921f59b775600361b2b2d54da9fa7a764bc85799673f10701c8a530f6,2
dev_021001047111119_1-rectangle,classification/val/0/021001047111119_1-rectangle.jpg,6855b28b3d1e31067e6b766c4cc4d68f953b0bad4eca527f08e6ef996be51cfa,0
dev_021001047111120_1-rectangle,classification/val/0/021001047111120_1-rectangle.jpg,114270a8dc0fc5dfe6126d48767851fc413c14f4ffefdc52fbe4484ec805f517,0
dev_021001047111121_1-rectangle,classification/val/0/021001047111121_1-rectangle.jpg,bb50a7122493ec3f5060fd6e6e39504205aa1261376364fc26d15307da9ef3ea,0
dev_021001047111122_1-rectangle,classification/val/0/021001047111122_1-rectangle.jpg,33a272996ef9eea52cda6578507696fe58ff01938a434eebc37ed394310947f7,1
dev_021002001111101_1-rectangle,classification/val/1/021002001111101_1-rectangle.jpg,4ba0111d13c4b4a87d470f0d611d783bdb7a5bd9c19b3b4a6ab773a2db9f4ed5,1
dev_021002001111102_1-rectangle,classification/val/1/021002001111102_1-rectangle.jpg,d3d3fa30378ce6adc6a6a47be5bc2d5841c808cdfddd53321666e5db5f09241e,1
dev_021002001111103_1-rectangle,classification/val/1/021002001111103_1-rectangle.jpg,f02b5e41c4b0ef8c9da7c4c284ee9c024bba0a1c11782ddcbb38fe02b84604ad,1
dev_021002001111104_1-rectangle,classification/val/1/021002001111104_1-rectangle.jpg,e395f5a1ee9a57fe00fdf4b4fdff4386272c55733bfd0082dbbac407421750ab,1
dev_021002001111105_1-rectangle,classification/val/1/021002001111105_1-rectangle.jpg,5c15f5edda28cbadac1368e3f3ad46c6f2319025f0fd7614bccd0cea018a425c,1
dev_021002001111106_1-rectangle,classification/val/1/021002001111106_1-rectangle.jpg,f2d3b52fc8ac6778deecc8af9bcaeeed363cd8ad21e279a28ec784f6a80a03bd,1
dev_021002001111107_1-rectangle,classification/val/1/021002001111107_1-rectangle.jpg,f52b0bd7c2b5f18fc2cc7a09743d7080102e41230addc08346192505ee7cf831,1
dev_021002001111108_1-rectangle,classification/val/1/021002001111108_1-rectangle.jpg,620ff70cbbd0ad1b89bd89c0d0629ed3a290f9417627322cb844e07ebbe0a4b9,1
dev_021002001111109_1-rectangle,classification/val/1/021002001111109_1-rectangle.jpg,fdae44de83aadd53716c3b6c00e1cd9538e178fc563b75b55c7f27b755f65414,1
dev_021002001111110_1-rectangle,classification/val/1/021002001111110_1-rectangle.jpg,f8ad29dcdf88086c115d338588819e51f1d72814933780f6d1d701386d115e45,0
dev_021002001111111_1-rectangle,classification/val/1/021002001111111_1-rectangle.jpg,d6629f0de40fb911a0dbee0fcf6d3dc8685d742cad9a0eed6f907b608224cd27,2
dev_021002001111112_1-rectangle,classification/val/1/021002001111112_1-rectangle.jpg,f5188ee2aefc8c5ce3ee04703df6a7d4d60c8e83e088c72a0e181d421b8461f0,1
dev_021002001111113_1-rectangle,classification/val/1/021002001111113_1-rectangle.jpg,3a888ae066d79354b3b8263673214a5807bc035599af933bc0e93a724d37b999,1
dev_021002001111114_1-rectangle,classification/val/1/021002001111114_1-rectangle.jpg,b00ba825fe7a58c22849b30c1b7608654b510742cf018cd035232f39491f146d,1
dev_021002001111115_1-rectangle,classification/val/1/021002001111115_1-rectangle.jpg,50fa13e0611c3d397a92a0914400d68a20cfd6d0b0e6cb32b0a0f0a126fca522,1
dev_021002001111116_1-rectangle,classification/val/1/021002001111116_1-rectangle.jpg,8aa8a8de3d897252ddaf455e77a2102b66463fb8abad0eaa33da38d42db2be12,1
dev_021002001111117_1-rectangle,classification/val/1/021002001111117_1-rectangle.jpg,f5a98bd383df6a88f91d51eb00a110a22c21c1d6e65a8f731ce4faf1b2782ba9,0
dev_021002001111118_1-rectangle,classification/val/1/021002001111118_1-rectangle.jpg,47a33d108b6d797c7eb1b9c90a911a040d1e04307eb6d3082342a763b86a6712,1
dev_021002001111119_1-rectangle,classification/val/1/021002001111119_1-rectangle.jpg,3f2db2db8ee514a1d0fa5eeffecdbdb12aa912586a74be4d19407d69602bef0b,1
dev_021002001111120_1-rectangle,classification/val/1/021002001111120_1-rectangle.jpg,0562695757f971c0aaf497c8d18a8e4ba98a0b041683a58bfc289f2adaf6b8b1,1
dev_021002001111121_1-rectangle,classification/val/1/021002001111121_1-rectangle.jpg,fd17a5adb8d9e60eb3edd8c9a6d2ed2e4eaaac3e8d05be2356fa7ca541c1b2f5,1
dev_021002003111101_1-rectangle,classification/val/1/021002003111101_1-rectangle.jpg,edaaabb9a133d426417f658c6c56afcd02ae9b8bc745a732b4eff3759ef95272,1
dev_021002003111102_1-rectangle,classification/val/1/021002003111102_1-rectangle.jpg,9183dc02063660145bdf9103eee0b606d202bb2c8bc35534ac4b048fb64b13fa,1
dev_021002003111103_1-rectangle,classification/val/1/021002003111103_1-rectangle.jpg,d8ae98f661722d05c431c0e200aced3bb565f5927fba2b28d48392af7a536321,1
dev_021002003111104_1-rectangle,classification/val/1/021002003111104_1-rectangle.jpg,ad065ff32e90052c45da2cd84aeb086d1e5decfb5fbe22fec287fb835c49d775,1
dev_021002003111105_1-rectangle,classification/val/1/021002003111105_1-rectangle.jpg,d21e5234c3c99248c7568caa67b9c9d8882ff50d3043cab532ca7598add67ac7,1
dev_021002003111106_1-rectangle,classification/val/1/021002003111106_1-rectangle.jpg,758f74ca3ecf133d36661495c501e9e75f51b6e6f8970aeb2315a59b2ba2171e,1
dev_021002003111107_1-rectangle,classification/val/1/021002003111107_1-rectangle.jpg,3872d2fd88e3b20a0c7ac0946760111c600b0d4378c9ed7d48539179104b0db1,1
dev_021002003111108_1-rectangle,classification/val/1/021002003111108_1-rectangle.jpg,f48207d2560de09ccfc76d9b99f155bb8595d0a2cde95efd2775060c24c6d7f6,1
dev_021002003111109_1-rectangle,classification/val/1/021002003111109_1-rectangle.jpg,cfb4f68fa30549986c4ce1947e7d40017b5eddea1f08b409a2b6cc205977aba8,1
dev_021002003111110_1-rectangle,classification/val/1/021002003111110_1-rectangle.jpg,c9f1598eb32d4b59f93816826806022c4b0cb63f7343167696e6b93e7881975f,1
dev_021002003111111_1-rectangle,classification/val/1/021002003111111_1-rectangle.jpg,d5b61a6348dea45e9337518edc412077cb82cd147130d9e6ad3e468d768d68ee,1
dev_021002003111112_1-rectangle,classification/val/1/021002003111112_1-rectangle.jpg,51d4e0765504054e0da8b3b46ed1f565be771f7a61b51cbc2eef245ddb3393cb,1
dev_021002003111113_1-rectangle,classification/val/1/021002003111113_1-rectangle.jpg,e0c4eb3a5daf5b52ddbf9c2b638083e8681c72146db3f1662de9676075a06552,1
dev_021002003111114_1-rectangle,classification/val/1/021002003111114_1-rectangle.jpg,362917db4d8aaaa0bc024aa58817862003c07102c67a917a24ccfe3d0b296b0d,1
dev_021002003111115_1-rectangle,classification/val/1/021002003111115_1-rectangle.jpg,3fcb8c1aed3ea426542bf8f3f1bbb3e4d30c964521d4a7bf8f358cf8c2a4a569,1
dev_021002003111116_1-rectangle,classification/val/1/021002003111116_1-rectangle.jpg,d0d9ace1edf48c3839881ee66f2a73604d6838712087a4a2060a59d3c4454f6f,1
dev_021002003111117_1-rectangle,classification/val/1/021002003111117_1-rectangle.jpg,6535d52cce63fd1cc604138fe42a5bb6538b7fd6ddddd89d68cf7fd83b36233f,4
dev_021002003111118_1-rectangle,classification/val/1/021002003111118_1-rectangle.jpg,8e40757b86fde9ee01ac60cf47ecfc8a42ab6ac718718f447dca9c44d49000b9,4
dev_021002003111119_1-rectangle,classification/val/1/021002003111119_1-rectangle.jpg,36463866c537a21ade5034ee609f643999056eb7d059ec77c9def04fdae3730a,1
dev_021002003111120_1-rectangle,classification/val/1/021002003111120_1-rectangle.jpg,ff0eb88754d5129420124bf500b157429e0245d36212309d4d475f97e7aea752,1
dev_021002003111121_1-rectangle,classification/val/1/021002003111121_1-rectangle.jpg,cfc3a7920a5e1df38875ae96553a754682b4ce2ba7ac800ea79021511793baf9,1
dev_021002019111101_1-rectangle,classification/val/1/021002019111101_1-rectangle.jpg,b695d1b04f681b5e96c5f7ac9ab0d932741240b8379b91ab9476aa0f3031b368,1
dev_021002019111102_1-rectangle,classification/val/1/021002019111102_1-rectangle.jpg,0a4f02a03dfb5764be73fc7c6149bd8d6a25efff62b2d759a6eaa91694250dc1,1
dev_021002019111103_1-rectangle,classification/val/1/021002019111103_1-rectangle.jpg,94c19d49197896f8cee76af70c873bcd71b785c6728cdca87895cf8e3d07c725,1
dev_021002019111104_1-rectangle,classification/val/1/021002019111104_1-rectangle.jpg,a41d14aa33d7c9918a787e28edb1e8b9084c23132851e677a712a7945ca07379,1
dev_021002019111105_1-rectangle,classification/val/1/021002019111105_1-rectangle.jpg,d87683d60ccc3035637da154154fba5c5fbef934afd1ef92bb1baa03a176621d,1
dev_021002019111106_1-rectangle,classification/val/1/021002019111106_1-rectangle.jpg,d1006fb87816a017c00954a8d5c885ddcdbd1057de4f6f43fa0e3a149d652a8b,1
dev_021002019111107_1-rectangle,classification/val/1/021002019111107_1-rectangle.jpg,65a0176f405f63212b731dfcbed27879afb9a0b82a45d95a977b71104352ffe6,1
dev_021002019111108_1-rectangle,classification/val/1/021002019111108_1-rectangle.jpg,a55a8dcc0b5532dbc96478133915a3f8c706c81187e04a0d8f7ed0a4f13e9f49,2
dev_021002019111109_1-rectangle,classification/val/1/021002019111109_1-rectangle.jpg,226226aa1070bdfc52a0872b5f77a4e6cf8efcec8cb8f7431ae4042310dff7c7,1
dev_021002019111110_1-rectangle,classification/val/1/021002019111110_1-rectangle.jpg,6879ef565559b5644243bbfc7a8ff8926bf66f1d2ef77c546514026f0ad1b906,1
dev_021002019111111_1-rectangle,classification/val/1/021002019111111_1-rectangle.jpg,cf0db12d39aba2711895eeebc4e6ed803dc2f87777a20d391d8aea7a6484c28f,1
dev_021002019111112_1-rectangle,classification/val/1/021002019111112_1-rectangle.jpg,122289b92bbcbe34b337c08666ed4d6fbd45879bfb3d88798678dee31cf88ce7,1
dev_021002019111113_1-rectangle,classification/val/1/021002019111113_1-rectangle.jpg,6ded94928bc237a803d9fc7ed5a6a9b74636e659b25a7c8ab31e12bc24b46007,1
dev_021002019111114_1-rectangle,classification/val/1/021002019111114_1-rectangle.jpg,d59571417c0f46819bb48261ce0b5e80a34b484954122f11a85768238be0b421,1
dev_021002019111115_1-rectangle,classification/val/1/021002019111115_1-rectangle.jpg,41bd5c5e3ec9b92e8ccd07e50b4d41b7d102366d393375d6925d837205e4bd88,1
dev_021002019111116_1-rectangle,classification/val/1/021002019111116_1-rectangle.jpg,cc0fe32c13ffda555ca2ce548b966ef7b9de47450004dc949b8101e33c386100,1
dev_021002019111117_1-rectangle,classification/val/1/021002019111117_1-rectangle.jpg,919c37dfcf1eaf2314f6d5ec622278ebd7ca85de02ff0115c03d2e0feb82a4b8,0
dev_021002019111118_1-rectangle,classification/val/1/021002019111118_1-rectangle.jpg,6da4cd67d5a655cb4e68707c18ca7dc62a36241005697f9d77f90c490239c243,1
dev_021002019111119_1-rectangle,classification/val/1/021002019111119_1-rectangle.jpg,d1ccd038af0f7e990911b6605fc702786b64f8df1856c5a0f94bbc557d63e377,1
dev_021002019111120_1-rectangle,classification/val/1/021002019111120_1-rectangle.jpg,047bf7dc2c54384cc177e54365713fc1943257b08eaff1e8b316c87970f7d79b,1
dev_021002019111121_1-rectangle,classification/val/1/021002019111121_1-rectangle.jpg,88d16014dfb76b94b298acc89b73effb10226f16bd5564aec1300096d5381147,1
dev_021002019111122_1-rectangle,classification/val/1/021002019111122_1-rectangle.jpg,7f888f8d2947a0a7020e7beb17428b01b667158e3e1fa1647375728e4297a645,1
dev_021002019111123_1-rectangle,classification/val/1/021002019111123_1-rectangle.jpg,c280034538ab6ce47e71265ed0ff6b8ae5a7f6d913df849a1074cbc286b23ce5,1
dev_021002019111124_1-rectangle,classification/val/1/021002019111124_1-rectangle.jpg,6194fcad3617a29bd8dee196ab36700b526f3dc3be4c4ed35367614676b80373,1
dev_021002019111125_1-rectangle,classification/val/1/021002019111125_1-rectangle.jpg,1f1dc4b46cf56e66acf69ceb0bd2f086c36b91d907f984d0a8f2c79a69feadbf,1
dev_021002019111126_1-rectangle,classification/val/1/021002019111126_1-rectangle.jpg,356f156a9e72750ff890a524ff4a44aab9faae51af256532e2895abc8470fb36,0
dev_021002019111127_1-rectangle,classification/val/1/021002019111127_1-rectangle.jpg,9d86e66ecd1606595cdc75d76b15f00590ec1d7877676c910bed67a29b4c4be4,1
dev_021002022111101_1-rectangle,classification/val/1/021002022111101_1-rectangle.jpg,5b0d943ba3bb094d1f42c9f09145b143f978ea9850c2524a5b911bbf16eb8fbf,1
dev_021002022111102_1-rectangle,classification/val/1/021002022111102_1-rectangle.jpg,8302c46ce450628b0c618f05584daeb7b976c2952f6019efa54b1c12ccfcb18b,1
dev_021002022111103_1-rectangle,classification/val/1/021002022111103_1-rectangle.jpg,cf316e8c54661255c25e5dc9b7d218b091a7f5a77ca6b4d0e7b4250ca8d6ef9e,3
dev_021002022111104_1-rectangle,classification/val/1/021002022111104_1-rectangle.jpg,1a110d556f6bebe24f5976853fc4430ddad0445a0026ac375ddcbdad51b35a3e,1
dev_021002022111105_1-rectangle,classification/val/1/021002022111105_1-rectangle.jpg,de0683f95c74037f12561304507b49ac4db444f45f495aa31813b4257d9e788b,1
dev_021002022111106_1-rectangle,classification/val/1/021002022111106_1-rectangle.jpg,0e85a8fcb27ee25acbbdbd59a55e925fff1bc6dbec1215b915f9e031d8f368e5,1
dev_021002022111107_1-rectangle,classification/val/1/021002022111107_1-rectangle.jpg,899e3743961890930f66d0ef2b843cb80bc486aa0125e616117442eaf1c0a9c2,1
dev_021002022111108_1-rectangle,classification/val/1/021002022111108_1-rectangle.jpg,a7bafc3546ab4f87d35d716286d139c2cb6da88a68dc469baf1b7db693ad4336,1
dev_021002022111109_1-rectangle,classification/val/1/021002022111109_1-rectangle.jpg,d88723fd6bb6231281a1934e45fe5a48da0f7cee86f64834cf02cffd5cf1def4,4
dev_021002022111110_1-rectangle,classification/val/1/021002022111110_1-rectangle.jpg,64bcd8e423e8726e99a4e625faa5a723fc4370faa4614d70c82223857d303a42,1
dev_021002022111111_1-rectangle,classification/val/1/021002022111111_1-rectangle.jpg,b71fe594706dbb20a0a9fb99dd42cf3cf5ee377721a3bfd9d332709398e2c70c,1
dev_021002022111112_1-rectangle,classification/val/1/021002022111112_1-rectangle.jpg,086574303295a7c1845b597514f7e9f413da405b38bb0988abd81a2fa2396723,1
dev_021002022111113_1-rectangle,classification/val/1/021002022111113_1-rectangle.jpg,8c6992a2b81af8e5d637dea1760e0b532e401071561b99412a49765720fa0d6c,1
dev_021002022111114_1-rectangle,classification/val/1/021002022111114_1-rectangle.jpg,98306b24bc4b0e6c621b420ad0f68e3c0d867b8f22ebeeebb9f7c36bd7dcdd6b,1
dev_021002022111115_1-rectangle,classification/val/1/021002022111115_1-rectangle.jpg,bed7bedee1d60b2f8db214a6dad097e24b2edd4b281998ae3c07ee7168e76f6b,1
dev_021002022111116_1-rectangle,classification/val/1/021002022111116_1-rectangle.jpg,4b838d2ca2387654b72e1e81f04e94f97a7ec364e357bec0c5b8a9a314f5cf1d,1
dev_021002022111117_1-rectangle,classification/val/1/021002022111117_1-rectangle.jpg,287c1610b9629d30663f97447fc0df33a0883177f8a019c55f5b438011a85ea2,1
dev_021002022111118_1-rectangle,classification/val/1/021002022111118_1-rectangle.jpg,95cd2707deeec8ace116f37157822c58cdb9ccf5e0b2dd672a20efda9aa10abe,1
dev_021002022111119_1-rectangle,classification/val/1/021002022111119_1-rectangle.jpg,713e7716eb52f61e8fc82416519df8e7bb9b593bb4d7265451e3206d99de2520,1
dev_021002022111120_1-rectangle,classification/val/1/021002022111120_1-rectangle.jpg,3e9b0a0c056675134e59a5355ed1fcb5a46eaca1a2a1b4e755fcfad5bf96615e,1
dev_021002022111121_1-rectangle,classification/val/1/021002022111121_1-rectangle.jpg,bfe102da4684a5f53de1113055bc53546132ca5c63930cfec94a87b077baef93,1
dev_021002022111122_1-rectangle,classification/val/1/021002022111122_1-rectangle.jpg,fadaf9bf401023225650d51b5a3eecf2d958fbe6f13a6471e6e710a1b20f5ceb,1
dev_021002022111123_1-rectangle,classification/val/1/021002022111123_1-rectangle.jpg,adca6a48d03b00c5649eeac10c4e69c62eac80fc7927fafdf8b85a554bceaba3,1
dev_021002022111124_1-rectangle,classification/val/1/021002022111124_1-rectangle.jpg,fafe228906c4b86ea5b03b3fa51624574930f773bef5a6ac896f1c7c8a0eae6e,1
dev_021002022111125_1-rectangle,classification/val/1/021002022111125_1-rectangle.jpg,498b3f0cf8096ddd5780e64f3376c13b22af4c0bcafc29e8fa5d4e51e50d95ec,0
dev_021002022111126_1-rectangle,classification/val/1/021002022111126_1-rectangle.jpg,c8043c2a863f973ca89a66edcf7a3b924e5080f30680782762e67a42042c1964,1
dev_021002022111127_1-rectangle,classification/val/1/021002022111127_1-rectangle.jpg,94b6db6051a6dae563fd9aec91dbdd76d5f13e2a1c182f08a518d7939b10b12b,1
dev_021002022111128_1-rectangle,classification/val/1/021002022111128_1-rectangle.jpg,2ad6835d3433b42f9064dfae62706837ccfcc3f7da3319570f436ee02ac13f1f,1
dev_021002022111129_1-rectangle,classification/val/1/021002022111129_1-rectangle.jpg,8f8c06906314f8e6657016820482c63bba444623781ca56702d8c666d55cd4ce,1
dev_021002026111101_1-rectangle,classification/val/1/021002026111101_1-rectangle.jpg,f75608caae9c9bfed74b4acdb23e51c09c9a3dee784e2133fae1837c2d0e295c,1
dev_021002026111102_1-rectangle,classification/val/1/021002026111102_1-rectangle.jpg,2b57fd7033c6b6fd8dd4f1a3ddd2ca24e8fb6ba50f98975ce0fd415d1f18606e,1
dev_021002026111103_1-rectangle,classification/val/1/021002026111103_1-rectangle.jpg,0018db12020105e7040a537eb6907f33816e84687e935ccf095bbbbb4c06e543,1
dev_021002026111104_1-rectangle,classification/val/1/021002026111104_1-rectangle.jpg,27180b21f4d78d1301505e6c039e4bccf436b417d6a4afb9ab6e8354dd6d96b5,1
dev_021002026111105_1-rectangle,classification/val/1/021002026111105_1-rectangle.jpg,093547cb02b621728f25706b79f07383d26704892c332f5eb1ad3857dcb731f0,1
dev_021002026111106_1-rectangle,classification/val/1/021002026111106_1-rectangle.jpg,c1031b10e116e4e64bc8efc67acfe88c5be5a783092d128733f57489a00dfb45,1
dev_021002026111107_1-rectangle,classification/val/1/021002026111107_1-rectangle.jpg,eff69a96c9c24ba2f28d805160c1ee65468154704ea63f125ef1d9bc3a00523f,1
dev_021002026111108_1-rectangle,classification/val/1/021002026111108_1-rectangle.jpg,b5048e123a6f39534b248718b0612c26575e89da582f2a2148a482004f7b395c,1
dev_021002026111109_1-rectangle,classification/val/1/021002026111109_1-rectangle.jpg,e4d696627e0182344b8f76d7d73605ba82b0ae62586c6de8e36fdc1ec39af7dc,1
dev_021002026111110_1-rectangle,classification/val/1/021002026111110_1-rectangle.jpg,214df3f483481d5e25f3be6a696e46c42b52ec76d08feee1d53449c7aa611988,1
dev_021002026111111_1-rectangle,classification/val/1/021002026111111_1-rectangle.jpg,b9c572338c5d9052e4e98b805a62fae201ca3260d926b5df649bc7234cbec2f4,1
dev_021002026111112_1-rectangle,classification/val/1/021002026111112_1-rectangle.jpg,735acef82502ee15fc5fb852e64c37ae1a45bcf72f238b1cce6224d334a0cb25,1
dev_021002026111113_1-rectangle,classification/val/1/021002026111113_1-rectangle.jpg,26f49fd910f2d850dfd31041032beb74b380c9a48ef52791b725483d4cfdf38c,1
dev_021002026111114_1-rectangle,classification/val/1/021002026111114_1-rectangle.jpg,9f01b28e75d8d0252894ca4b08c90a72a061783dab50d322dd0e10c0700ac6a6,1
dev_021002026111115_1-rectangle,classification/val/1/021002026111115_1-rectangle.jpg,eee1ad0bbe993a4d9e1d2cb97032df06e18fbfe00d0a87003bed6dbe7bcf2c49,1
dev_021002026111116_1-rectangle,classification/val/1/021002026111116_1-rectangle.jpg,39d1d91d33c5045264e3ff4317c46bf113e85d6fe0afd7af4e6fe7767db1c7af,1
dev_021002026111117_1-rectangle,classification/val/1/021002026111117_1-rectangle.jpg,b095687186aab981c05d66b2c8cc2955fb9f9f962e2b649a00f2d59e4821a800,1
dev_021002026111118_1-rectangle,classification/val/1/021002026111118_1-rectangle.jpg,c087a187afff88cf452ea10f22a216f00244bf895441791790fcb55b70922cd2,0
dev_021002026111119_1-rectangle,classification/val/1/021002026111119_1-rectangle.jpg,7b6cf6c7eb0bf597bd179e273c267d4cd78df21b5d05f48d41efb9f5f59ce4cb,1
dev_021002026111120_1-rectangle,classification/val/1/021002026111120_1-rectangle.jpg,8e860559477e338c95e985e10bd09794c37ed2c4774d77f51fd076a801d6a8d7,1
dev_021002026111121_1-rectangle,classification/val/1/021002026111121_1-rectangle.jpg,8b56a64c1238fb4edb68aceb29165a3820a306413eac36c6535b5ebd57bf427e,1
dev_021002026111122_1-rectangle,classification/val/1/021002026111122_1-rectangle.jpg,8d5a1e87c7329e34a57bcc7cf77ab739a19fe452c72a8dab866c67d7fa280b26,1
dev_021002026111123_1-rectangle,classification/val/1/021002026111123_1-rectangle.jpg,2413d931e0de80fb2314f5c03f5c12301f60b70379378f3038ff5d6ff0b26882,1
dev_021002026111124_1-rectangle,classification/val/1/021002026111124_1-rectangle.jpg,05dd9815ccf357d64de6a6a1767fee8b615737ac2811bbefdbd83cc5d067e359,4
dev_021002028111101_1-rectangle,classification/val/1/021002028111101_1-rectangle.jpg,53f5660ae9f9b1e76f733b1169513421528d1a947a9eef6fa48b001a7a166550,1
dev_021002028111102_1-rectangle,classification/val/1/021002028111102_1-rectangle.jpg,8729897d7c899dffe6c43b3c4ab6eaa26e1a72b7cbb7b60a8a2f588ae761871d,1
dev_021002028111103_1-rectangle,classification/val/1/021002028111103_1-rectangle.jpg,f47ceb30dc650bb2868ef8c37f4db2913996999f86039236eeabef3286cac1ae,1
dev_021002028111104_1-rectangle,classification/val/1/021002028111104_1-rectangle.jpg,8674fadd5b1813da9a4f7f3cce7693da248ef77b7608d55e8bad3b3bd061cb2b,1
dev_021002028111105_1-rectangle,classification/val/1/021002028111105_1-rectangle.jpg,4fb20f1ffee553919aab220bbf25ec2da53b3d86fd250e5e3876b69b54b2daae,1
dev_021002028111106_1-rectangle,classification/val/1/021002028111106_1-rectangle.jpg,c7d193f28f9802f1121020198c902e643af7c4d2d6d9ed4e50bb7ec1c38aaa20,1
dev_021002028111107_1-rectangle,classification/val/1/021002028111107_1-rectangle.jpg,8e851f6c51ec8734330558694e0a67176071c70b3383df23377838528cd72415,0
dev_021002028111108_1-rectangle,classification/val/1/021002028111108_1-rectangle.jpg,4844414961c74846de9017e37522ee92bfb7d23ce040a85e1480d478870797ed,1
dev_021002028111109_1-rectangle,classification/val/1/021002028111109_1-rectangle.jpg,f7e7877484fdbfd72c60245077bd903884ae8e718d0d24ab10d0ccd7dc99c4b4,1
dev_021002028111110_1-rectangle,classification/val/1/021002028111110_1-rectangle.jpg,4d6aec9a5577c8eddc8cc5702aa9b9a5f2eead26f75e8393562cecfbc1ecccb1,1
dev_021002028111111_1-rectangle,classification/val/1/021002028111111_1-rectangle.jpg,9419da16e2c8b1b0d6f4ac8dea48e87b344816bc6afbfc314d8be24a4441a164,1
dev_021002028111112_1-rectangle,classification/val/1/021002028111112_1-rectangle.jpg,3d75db98af0f52767532427db2527744bd702c11f73ca44e611edc84fadf7eba,1
dev_021002028111113_1-rectangle,classification/val/1/021002028111113_1-rectangle.jpg,b4fb502c3d1824f9794d865fc09348107faabe7751dec64548f292d403e43181,1
dev_021002028111114_1-rectangle,classification/val/1/021002028111114_1-rectangle.jpg,9f26349d7616576e816aafa0a930f9868ead3fc5eb6a02923a7449a1a499beea,1
dev_021002028111115_1-rectangle,classification/val/1/021002028111115_1-rectangle.jpg,5236c1ee5e7fb70dd921308ab2fe517c8ad668f5efea182365cce983c4529e46,3
dev_021002028111116_1-rectangle,classification/val/1/021002028111116_1-rectangle.jpg,53ea7ce6e6b33d727e4c8c717c318d9e4eb66102479f57f41e686ebf889e2401,2
dev_021002028111117_1-rectangle,classification/val/1/021002028111117_1-rectangle.jpg,f8e22f8adc4acdcae81e36c2cfb7fafd1a5babd254cc62b197d8202d278bf534,1
dev_021002028111118_1-rectangle,classification/val/1/021002028111118_1-rectangle.jpg,27d4b17c4dc37397885c489568092d50e722ec9e8e7f92eac2598b041538fd72,1
dev_021002028111119_1-rectangle,classification/val/1/021002028111119_1-rectangle.jpg,eb3c8837e58a01d77c7682a980e316b0d02e0641d88b1771c34f7d4c353ef36f,1
dev_021002028111120_1-rectangle,classification/val/1/021002028111120_1-rectangle.jpg,cc93d8a9273581d67a33c44545788acaa457fdd0ef2333544552b664bc903798,1
dev_021002028111121_1-rectangle,classification/val/1/021002028111121_1-rectangle.jpg,454c5c8e274b873e0f5caa1a911e2360c97daa2764e1f8dfbda4327cff1a59fe,1
dev_021002028111122_1-rectangle,classification/val/1/021002028111122_1-rectangle.jpg,5f9f901af0f398e935c5774857a9887136ad1d4649ed1f460e1b41967e27c03a,1
dev_021002028111123_1-rectangle,classification/val/1/021002028111123_1-rectangle.jpg,fe31476ffa57f356c6823c133cd504cfa663c7734786f82bd49138be9f2fa303,1
dev_021002028111124_1-rectangle,classification/val/1/021002028111124_1-rectangle.jpg,85f8b21cb876565bded77a6d590abdf1e54ea89516e1a0b117bcaef1a2ee6a2b,1
dev_021002028111125_1-rectangle,classification/val/1/021002028111125_1-rectangle.jpg,d5efed5000950ba6483c9fdf455ee5472fea5e3c4ee2eec381976e6ccc40f7e5,1
dev_021002028111126_1-rectangle,classification/val/1/021002028111126_1-rectangle.jpg,f0bcdd5ee46d90919522ee3447be546fc7496ffd152ab0b0cd9aa3915630a96b,1
dev_021002028111127_1-rectangle,classification/val/1/021002028111127_1-rectangle.jpg,1cee9473c679221513fe1760cf76f15ef4f97d1b04bf336e154e42b0d9c54c1f,1
dev_021002035111101_1-rectangle,classification/val/1/021002035111101_1-rectangle.jpg,e011fc7c425e6e93a8fddb0d7ecc6e2f970d8c91353a720422e00c06af1b45ae,1
dev_021002035111102_1-rectangle,classification/val/1/021002035111102_1-rectangle.jpg,f13393300863013152ad2264040d63a039cff3671e0806b1eff7e628154ea2c7,1
dev_021002035111103_1-rectangle,classification/val/1/021002035111103_1-rectangle.jpg,ce1dd0ca693c65bb9f5850fa8fa63b71dc5a139d19c11123af10b8c7412723ec,1
dev_021002035111104_1-rectangle,classification/val/1/021002035111104_1-rectangle.jpg,ca237bd4c3df102792bfed08d503f3336840b629ec21c2f167cb45c29cee65b4,1
dev_021002035111105_1-rectangle,classification/val/1/021002035111105_1-rectangle.jpg,990f5d6deea4a0774772cc7b5bc370fe7edfa97acd7df316a2d0cc091673544b,1
dev_021002035111106_1-rectangle,classification/val/1/021002035111106_1-rectangle.jpg,92e66830f25ab75f2851897866123de29cc6ef69f7f89df9118c69a1c9bbc389,1
dev_021002035111107_1-rectangle,classification/val/1/021002035111107_1-rectangle.jpg,6c3f321282a840ff1fcd6241b51ad532c8bbd97162bbe3a27b38744e7a162fc8,1
dev_021002035111108_1-rectangle,classification/val/1/021002035111108_1-rectangle.jpg,c70c3a3a260eb2da33cbd8bbe50186840f4f0d6879bb5502f842b1c4454637bb,1
dev_021002035111109_1-rectangle,classification/val/1/021002035111109_1-rectangle.jpg,c9695ce32acc10bbede3a6c9edf2a4c06c0e8cc21e456e5a56a2c79a5d373931,1
dev_021002035111110_1-rectangle,classification/val/1/021002035111110_1-rectangle.jpg,434129ae165464a613c0aafa968b01e628c7592ed1b13edb443de4609e07db36,1
dev_021002035111111_1-rectangle,classification/val/1/021002035111111_1-rectangle.jpg,7af33d896716eeea5bdf177e9ab6b58204d60815c133829b2c92c5ad688e2327,1
dev_021002035111112_1-rectangle,classification/val/1/021002035111112_1-rectangle.jpg,b0b5de6d7430e90ad7d0c427ea732d3373abbe3a7e2b34b3d81aff47f5620419,1
dev_021002035111113_1-rectangle,classification/val/1/021002035111113_1-rectangle.jpg,1f02c43f59f08fa8bfdbb05274d6aa407b8fd3506141d9b253c59e7c7d5e3d42,1
dev_021002035111114_1-rectangle,classification/val/1/021002035111114_1-rectangle.jpg,8dec6da45218afedc1a513725f0fdf2ededa0546982d50484a2338b2dc118cdd,1
dev_021002035111115_1-rectangle,classification/val/1/021002035111115_1-rectangle.jpg,6a95274a9bfbd7f051cd56128d99f9379b017cd0ec26cf0c3efbf480805c8330,1
dev_021002035111116_1-rectangle,classification/val/1/021002035111116_1-rectangle.jpg,9bdfbace21b5d8768139c1f7af82a4182201347b2b19d6c31b6f5acee0f39eba,1
dev_021002035111117_1-rectangle,classification/val/1/021002035111117_1-rectangle.jpg,95bd3125d237369c18fee09f8a52e71b0d9ff83926e5b2b869da8db11c09e9d0,1
dev_021002035111118_1-rectangle,classification/val/1/021002035111118_1-rectangle.jpg,c915c83ccebd63f37bb00372137e1460bde768c3df89af4b87b12b5b3cff3ea2,2
dev_021002035111119_1-rectangle,classification/val/1/021002035111119_1-rectangle.jpg,5402d06e6d050b9903e5fbbaf42ec7a01f3550adb59087aeaa955e25f2a7bb59,1
dev_021002035111120_1-rectangle,classification/val/1/021002035111120_1-rectangle.jpg,8c07a71f86a02380216c5af75d8d2fa24e154735f5879ca1702b79ab7d4fa875,2
dev_021002035111121_1-rectangle,classification/val/1/021002035111121_1-rectangle.jpg,a3d5c9c726e2fea0eb77acb1db7030adbbfe40937951133fcfdfb3481271f744,1
dev_021002047111101_1-rectangle,classification/val/1/021002047111101_1-rectangle.jpg,9956a2a1ebb6e8366ec4ee24c81c57366552bd83c645bb4001a54232b93fc14d,1
dev_021002047111102_1-rectangle,classification/val/1/021002047111102_1-rectangle.jpg,3d5bbaf6a1ba2c6dd361fad330f800d9c88cdca8cf43531043f6839b226de5c1,4
dev_021002047111103_1-rectangle,classification/val/1/021002047111103_1-rectangle.jpg,ffa6251e2b6378d3ee8fc07aaf4e8cd84977581102d43dfc643d8174687878a9,1
dev_021002047111104_1-rectangle,classification/val/1/021002047111104_1-rectangle.jpg,3d0936a8e24c0417f856e91a704008efbec319a46acc31e747ed630dd2ccf204,1
dev_021002047111105_1-rectangle,classification/val/1/021002047111105_1-rectangle.jpg,9ad6c315628b09a9678283e70c0c47149c6f6e034134b9c713af9cd15b67319c,4
dev_021002047111106_1-rectangle,classification/val/1/021002047111106_1-rectangle.jpg,c824f82fc0b273008845de569d47bbb250daea3bee0d1f6c07727067cc864598,1
dev_021002047111107_1-rectangle,classification/val/1/021002047111107_1-rectangle.jpg,bb30e71a23eabb9fcf405eb26b1d8a17aad497b31de9893edeceed9ff48f40e0,1
dev_021002047111108_1-rectangle,classification/val/1/021002047111108_1-rectangle.jpg,88128888b0db53e2aa501443ecede94e4d91c2716bc04b4800c02de144818c91,1
dev_021002047111109_1-rectangle,classification/val/1/021002047111109_1-rectangle.jpg,bd2c74022e784ad792c5e48f7fd47b49a0e350929446bb11b5e46dea44824935,1
dev_021002047111110_1-rectangle,classification/val/1/021002047111110_1-rectangle.jpg,2a3e7ae8b597b15b714dfd3c6293579c3ef1a19e69c2f72c84569b838f84b3af,1
dev_021002047111111_1-rectangle,classification/val/1/021002047111111_1-rectangle.jpg,b1ebe5483fc84dd7d9fd295b2a22ec6e77df551c3bfa28074150dc97a27e4848,1
dev_021002047111112_1-rectangle,classification/val/1/021002047111112_1-rectangle.jpg,244ee97b741d4e917169610a5b774bcf7277d854284339a640ad00405c467a67,1
dev_021002047111113_1-rectangle,classification/val/1/021002047111113_1-rectangle.jpg,3cbd7c0aeb050ce17d30acc61b3d8447bac2bbfef311dc3282af9da9c6491fac,1
dev_021002047111114_1-rectangle,classification/val/1/021002047111114_1-rectangle.jpg,2d6277f6e75c2870a0869543f363b78beac2d3edb22d8a7afd5961fb5cf0df0c,1
dev_021002047111115_1-rectangle,classification/val/1/021002047111115_1-rectangle.jpg,5b93d3e1dcea7159a398ad80a2a613285d98e8e61610159bd64ecbfb34437f97,2
dev_021002047111116_1-rectangle,classification/val/1/021002047111116_1-rectangle.jpg,eddd9b22988e8853bf89f771b7ad1a2f448f8df8d964d0bc906cbeb062d89cf7,1
dev_021002047111117_1-rectangle,classification/val/1/021002047111117_1-rectangle.jpg,0475b908087fc61a58117d70c5bbf325f1ba0a7703f35d7def3df16b15c2027a,1
dev_021002047111118_1-rectangle,classification/val/1/021002047111118_1-rectangle.jpg,c97d92b3b7cd8568cb56a3ec11f057d2cff57a7967d5f8d8e812a11abef62880,1
dev_021002047111119_1-rectangle,classification/val/1/021002047111119_1-rectangle.jpg,c0a8eefb46af0814fdf1a075ea988a23062bb23dd45809502129f79946733efe,1
dev_021002047111120_1-rectangle,classification/val/1/021002047111120_1-rectangle.jpg,eecec205431cb4b771d10294470c7ba5130356a570e4ee7d2160b112acdba62f,1
dev_021002047111121_1-rectangle,classification/val/1/021002047111121_1-rectangle.jpg,76cd77370359d7cc8b6b881fd6db8d1ab26bd6ab406242921150cd379f5691aa,1
dev_021002047111122_1-rectangle,classification/val/1/021002047111122_1-rectangle.jpg,27b7681e43f1ddef1c2afdaa051bcc517235a86b8d96d816e7db7384ba705ea4,1
dev_021002047111123_1-rectangle,classification/val/1/021002047111123_1-rectangle.jpg,a69898d83ae18a054534d7034d7b0c6986ad1aa0482c3c846b7a3bd2ca0ca15f,1
dev_021002047111124_1-rectangle,classification/val/1/021002047111124_1-rectangle.jpg,f485050e4b3ac9b0dec191928db3ab5d249b394c3aa97fd82dd432d158873324,0
dev_021002047111125_1-rectangle,classification/val/1/021002047111125_1-rectangle.jpg,3d3b61844326cc5328e09ec3b5e29114bfa198614ede2f93c1942db8f350cffb,1
dev_021002047111126_1-rectangle,classification/val/1/021002047111126_1-rectangle.jpg,d4dae0733174db03c5097aa5315af65eb95d012a6ab2274b72e48bbe69ae30e6,1
dev_021002047111127_1-rectangle,classification/val/1/021002047111127_1-rectangle.jpg,fb0883c918ca7890381d6814f67be55f7dd75a1c2183c933bf52fbb9a674123f,1
dev_021002058111101_1-rectangle,classification/val/1/021002058111101_1-rectangle.jpg,6deac8585ae4e0281f0f0b70fe0ec5a5e19fb36ad89da1a8fa285cca87bb4839,1
dev_021002058111102_1-rectangle,classification/val/1/021002058111102_1-rectangle.jpg,31a402894337aa88483166c0ae9ad120de94f4a0a264ba44f5de5b7ea645bf7f,1
dev_021002058111103_1-rectangle,classification/val/1/021002058111103_1-rectangle.jpg,27907b3d03b41d9be87475bede0c5ce50a7ee79ebf7c39bc4947f0302e0367a0,1
dev_021002058111104_1-rectangle,classification/val/1/021002058111104_1-rectangle.jpg,5253e81275059ddc28046137754a632a33f32329d45af1c25a5343aca0ad02d4,1
dev_021002058111105_1-rectangle,classification/val/1/021002058111105_1-rectangle.jpg,e14cd5880de3278c7a5d1c9c3b3bb24c0c7d0623c8c211eefa389d7eedcda258,2
dev_021002058111106_1-rectangle,classification/val/1/021002058111106_1-rectangle.jpg,ff3574fa0429be28f9e673708daaea350353fbdf5c0314c8edba6a185ed74eb4,1
dev_021002058111107_1-rectangle,classification/val/1/021002058111107_1-rectangle.jpg,28bf36ecb88668cb1fff96573d7df3948c7c68033b23b0bdfbde5bc7f96c5977,1
dev_021002058111108_1-rectangle,classification/val/1/021002058111108_1-rectangle.jpg,c988b16675d18984bc3923e8eedb1e2d36a90b7603a3b2b3fd1b1be866284395,1
dev_021002058111109_1-rectangle,classification/val/1/021002058111109_1-rectangle.jpg,c36998835751f21f5037e65d37d632930b3e3fe429acaf778424ee992bd20934,4
dev_021002058111110_1-rectangle,classification/val/1/021002058111110_1-rectangle.jpg,374fe3899062ac8851f7b03c9c758639e8be09e62d274e6153f8a417ea26debb,1
dev_021002058111111_1-rectangle,classification/val/1/021002058111111_1-rectangle.jpg,4adf5bb15065d7ec3d6f4b8ddc47c11f8ddf0b154f8d16e1e55dc39763c0ed68,3
dev_021002058111112_1-rectangle,classification/val/1/021002058111112_1-rectangle.jpg,09ed1b428ea836ad50fc086929cd28c2cec6cee3b7d8ced63c3bb63ffc3fd074,1
dev_021002058111113_1-rectangle,classification/val/1/021002058111113_1-rectangle.jpg,7edb08a205116bae84a3e425d08e2b885de517b4cb16c89cd71ca93d7d338f01,1
dev_021002058111114_1-rectangle,classification/val/1/021002058111114_1-rectangle.jpg,67d6cd31b6fd5323a02fdcf996e0ed542f56cde41d34ba619e251cf1ddcc96cf,1
dev_021002058111115_1-rectangle,classification/val/1/021002058111115_1-rectangle.jpg,85bfcd447145b0b4cf279fa5e4311e36a59fe8de7a489f4ae4029bf9c49cbd1a,1
dev_021002058111116_1-rectangle,classification/val/1/021002058111116_1-rectangle.jpg,218bd9cf1be180417c7418f178a2931e1226cf16891c98f3dee04f49155dd8fa,1
dev_021002058111117_1-rectangle,classification/val/1/021002058111117_1-rectangle.jpg,cbbe8dcdb9d0e3efc5ff46e482bcca1aa9ff97340bc4e82056155da1f73f1245,1
dev_021002058111118_1-rectangle,classification/val/1/021002058111118_1-rectangle.jpg,d29fa2aa4d7c2ae2440ea214b01d3e654a0f66bcbd1ca34f6d7da4d98d110e40,1
dev_021002058111119_1-rectangle,classification/val/1/021002058111119_1-rectangle.jpg,7c71b629fb3bc5e16f3c2c5f1692017f729e5465d6d64432d482ce212db4f1aa,1
dev_021002058111120_1-rectangle,classification/val/1/021002058111120_1-rectangle.jpg,1946b8f00fc61170e1a24d334749eeed29d7eef54099484e5001961becc5b9e2,1
dev_021002058111121_1-rectangle,classification/val/1/021002058111121_1-rectangle.jpg,a384c8233331ac3c9c2644a4471b716fd312dfc3f8f9f91634764cdd9a757861,1
dev_021002064111101_1-rectangle,classification/val/1/021002064111101_1-rectangle.jpg,3756ee5d53fd9a4c85dfb070057e1376053987b443c1ef0359eea9398530397b,1
dev_021002064111102_1-rectangle,classification/val/1/021002064111102_1-rectangle.jpg,0911acc1387a159875158632f4c9476be29114563285d4d4ae8745d20bd0ceb8,1
dev_021002064111103_1-rectangle,classification/val/1/021002064111103_1-rectangle.jpg,d5e907cc5f4e5874dc166c46191001dda154797f0d3259cd9aed9182b9519da2,1
dev_021002064111104_1-rectangle,classification/val/1/021002064111104_1-rectangle.jpg,e79f8410120688cbf77a33ac3685c9a3ccbd25fe0e542912017367ffa06643c1,1
dev_021002064111105_1-rectangle,classification/val/1/021002064111105_1-rectangle.jpg,7b586df39934e5636bf2378d4632a78983e06a0fdf783692d91f560c3d04d30c,1
dev_021002064111106_1-rectangle,classification/val/1/021002064111106_1-rectangle.jpg,b5ceba3d6d366e60de67f23d5f8d16a9d19aa2fda0e373c1bf3657eee4924774,1
dev_021002064111107_1-rectangle,classification/val/1/021002064111107_1-rectangle.jpg,0a03868f3af0b4f670329e77442aee2322f867b0e6193f12a0ffbb1fd3e55a4e,1
dev_021002064111108_1-rectangle,classification/val/1/021002064111108_1-rectangle.jpg,1f9891360f79562ad829a74a62c9a64ab371cd9497722abf0152bc9761b618d2,1
dev_021002064111109_1-rectangle,classification/val/1/021002064111109_1-rectangle.jpg,72aba70a43b7a6cd2cf83aa85d176e060e61771f27817669d6c66ccb53bd9ccc,1
dev_021002064111110_1-rectangle,classification/val/1/021002064111110_1-rectangle.jpg,3f3ebccc7ed73d18f5db3edeb20021caed01ef79d900119d642e6e93688967ca,1
dev_021002064111111_1-rectangle,classification/val/1/021002064111111_1-rectangle.jpg,13dac8d0f13bae683b9102eda540b19e4c203046c124141e83fff68ac5dde788,1
dev_021002064111112_1-rectangle,classification/val/1/021002064111112_1-rectangle.jpg,0365f82e7a1b1040d83f5ff0aefb17110bb46fe22a006ce454aec9d11d1c3e9c,2
dev_021002064111113_1-rectangle,classification/val/1/021002064111113_1-rectangle.jpg,f8770afde8d8e003009a6b4e87a3babbd51e4d938138fe86dbc8700e7ae24048,1
dev_021002064111114_1-rectangle,classification/val/1/021002064111114_1-rectangle.jpg,093f0ad334d753444086e0787e2ee1ec6cabc81440589eab85e66c7611e5dcb4,1
dev_021002064111115_1-rectangle,classification/val/1/021002064111115_1-rectangle.jpg,f7c18e615b386d9db11fdd63f36baba41c06061117a067bac959476711fdc8f0,1
dev_021002064111116_1-rectangle,classification/val/1/021002064111116_1-rectangle.jpg,141e93797ea6219c52de11e7bf8c85efe9e72ef728a74ff824d081d1c5c732a0,1
dev_021002064111117_1-rectangle,classification/val/1/021002064111117_1-rectangle.jpg,592edf7725b0d8f655ba018297ef4f415ebe790329ca70730b322935391e5a91,3
dev_021002064111118_1-rectangle,classification/val/1/021002064111118_1-rectangle.jpg,050baa41920f19c375395440a69716c45bd691d3b067da402238dbd365fe2a59,1
dev_021002064111119_1-rectangle,classification/val/1/021002064111119_1-rectangle.jpg,620f89446503c017781851ee3b98ff2e04586689357a9dbe9a0c6ee421a768b0,1
dev_021002066111101_1-rectangle,classification/val/1/021002066111101_1-rectangle.jpg,24627b68d8d4beb80034072b36d6ea67cdd820b8001c4a0ee38bb6cd9d223c9b,1
dev_021002066111102_1-rectangle,classification/val/1/021002066111102_1-rectangle.jpg,f82412c7c9ac00234a032e6da0eee10b8f793d6926494fb7d730c0bb2ff5c778,1
dev_021002066111103_1-rectangle,classification/val/1/021002066111103_1-rectangle.jpg,dd3cb5b91a4d0109a67e5a71ea07e7a560c24f202d309f6bf96f487833d4fed5,1
dev_021002066111104_1-rectangle,classification/val/1/021002066111104_1-rectangle.jpg,3eb03f393dd1613cdd631280f29cbbb2e3e431f8ec2df519f6c051fed5d23a65,1
dev_021002066111105_1-rectangle,classification/val/1/021002066111105_1-rectangle.jpg,554f640cbcf5cecfeeb91040d5b65558ee0948f3278ef52366d4f477787720dd,1
dev_021002066111106_1-rectangle,classification/val/1/021002066111106_1-rectangle.jpg,de030feefc1649f8261ccbbe13da7505c9e28e7b9fae10dd47def133ed609dfa,1
dev_021002066111107_1-rectangle,classification/val/1/021002066111107_1-rectangle.jpg,c1584862da646803d1d5b040854d2a96cdce45910b91eb51eef015c4934d1fd2,4
dev_021002066111108_1-rectangle,classification/val/1/021002066111108_1-rectangle.jpg,81da29db768afae83d2e4a99e1a1310f26e1d75b4c6ad2baaf12377ed3d78da8,1
dev_021002066111109_1-rectangle,classification/val/1/021002066111109_1-rectangle.jpg,86f71e8f7a5e1812adceb9d66ce3662bea30eb47bfb3e1f6222490f6a0a7676c,1
dev_021002066111110_1-rectangle,classification/val/1/021002066111110_1-rectangle.jpg,3d77f1cb19bed6ca405c01cb413d02adb9799127f5bef05b59703209b2051bc9,1
dev_021002066111111_1-rectangle,classification/val/1/021002066111111_1-rectangle.jpg,00382b9e7cd244d3fb511ab07be812692d9a21c9009ac6581cabf06d9292cb05,1
dev_021002066111112_1-rectangle,classification/val/1/021002066111112_1-rectangle.jpg,4c98407c3ca02c7f31503143b142a64bc61e36b1cbadaec56a7ba6b487e39d1c,1
dev_021002066111113_1-rectangle,classification/val/1/021002066111113_1-rectangle.jpg,a1b1a1abced1c45daccd2e7a2eba17084dce155d1efd8e04ed6034f20e14ed49,1
dev_021002066111114_1-rectangle,classification/val/1/021002066111114_1-rectangle.jpg,6d862b5a08631e19b3457e4e70bac6f0fab348d696a31071ebfe0f93642d6301,1
dev_021002066111115_1-rectangle,classification/val/1/021002066111115_1-rectangle.jpg,3c8ae6c194eddd2080347283ab8a2081ca93a1ffd5613ba0eae1655e57269f21,1
dev_021002066111116_1-rectangle,classification/val/1/021002066111116_1-rectangle.jpg,2086d606e8384540f2e0f7f9986869f0942ec22dc3dafa1cabc1454304def395,1
dev_021002066111117_1-rectangle,classification/val/1/021002066111117_1-rectangle.jpg,d8708871bdac28a93db575ed83376ffe89dadad2fe9905a50a361ec4a515e086,1
dev_021002089111101_1-rectangle,classification/val/1/021002089111101_1-rectangle.jpg,660fe19e4dce41290d47fdd24cecd26fd34d7b0a3cecf9fa466662a98089643f,1
dev_021002089111102_1-rectangle,classification/val/1/021002089111102_1-rectangle.jpg,75a7cb39d6429692c4c5fe6e583d4f5747b66dcc96171e5fd53e9da60a0de6e0,1
dev_021002089111103_1-rectangle,classification/val/1/021002089111103_1-rectangle.jpg,067d30be9fea90f085f6759106fb507ec69cc92ae7ad2e08354b153fc078a947,4
dev_021002089111104_1-rectangle,classification/val/1/021002089111104_1-rectangle.jpg,44eb84cd875a2b035e12e27a1800c89e762235bfb02b7e2142020140b80a71b6,1
dev_021002089111105_1-rectangle,classification/val/1/021002089111105_1-rectangle.jpg,177c9cb486ddbab3c7390f275464fcf2362484a1c5b0036cc585e15518ae4e1f,1
dev_021002089111106_1-rectangle,classification/val/1/021002089111106_1-rectangle.jpg,ee665da3eac260ec568066c017213f93cde5a5de58c033f11e31083075b00b78,3
dev_021002089111107_1-rectangle,classification/val/1/021002089111107_1-rectangle.jpg,ccac5f4fb4c5436dd0bde8afdff1e10a09c79cc94de505b2bed56de6c3d5393d,1
dev_021002089111108_1-rectangle,classification/val/1/021002089111108_1-rectangle.jpg,048520bf72d826f7481670358418e795c850efa8c01332e37851a00280156c42,1
dev_021002089111109_1-rectangle,classification/val/1/021002089111109_1-rectangle.jpg,b799b1c2dcee39b8566fed9647859ce9b777b3b98fc16ac0c560cfa147125127,1
dev_021002089111110_1-rectangle,classification/val/1/021002089111110_1-rectangle.jpg,6bff6a6b9a4dae93869345da1425a6af490f4dcb0378751dcf00a93e3d6192ac,1
dev_021002089111111_1-rectangle,classification/val/1/021002089111111_1-rectangle.jpg,dd6843cb47b9b4988c6fbb1f164c7a00768072ec3d0887f9ff18e1849a601e1b,1
dev_021002089111112_1-rectangle,classification/val/1/021002089111112_1-rectangle.jpg,314fbbf350022982ba23daf08037f7772a152c6c69bbf4eb4ed264abed6e82e7,1
dev_021002089111113_1-rectangle,classification/val/1/021002089111113_1-rectangle.jpg,fd757abee2712a54cbdd7a014ba4998f97c92a53686c08849ddef4f89c92dd99,1
dev_021002089111114_1-rectangle,classification/val/1/021002089111114_1-rectangle.jpg,45d17b1e90ebb57bed157948b88b505015566f04f23e209e07bb21a7e97ab148,1
dev_021002089111115_1-rectangle,classification/val/1/021002089111115_1-rectangle.jpg,8eb72250b13ddded64cf3deabbe0fadca1ce61b3fe1ec4f9a3bca70729690c8d,1
dev_021002089111116_1-rectangle,classification/val/1/021002089111116_1-rectangle.jpg,66a3aa2689e51b8854cb81d0053f75a051cde3545d4d939c4f90fa708d0793eb,1
dev_021002089111117_1-rectangle,classification/val/1/021002089111117_1-rectangle.jpg,f67657c359d384211b25bd6ef4c530915cc551893a3d34d59985bf86cb5fbb56,1
dev_021002089111118_1-rectangle,classification/val/1/021002089111118_1-rectangle.jpg,07b5dfba0a388058ad77e4183de297016d7895e1650594314d58e37861955756,1
dev_021002089111119_1-rectangle,classification/val/1/021002089111119_1-rectangle.jpg,d74f9ba0a588ae477be3f28871eb94f17b47fc22fef8ccc27c65ddc08627b443,1
dev_021002089111120_1-rectangle,classification/val/1/021002089111120_1-rectangle.jpg,b11240536bba40fafa0966cf46b65be6a903a3e0c590c8d48719591b4bf6014c,1
dev_021002089111121_1-rectangle,classification/val/1/021002089111121_1-rectangle.jpg,6aa3d23945c760516b4424f7f2f2f3af199f5cd37ae221b4771ba433ce592956,1
dev_021002089111122_1-rectangle,classification/val/1/021002089111122_1-rectangle.jpg,f3287a5f5d5bebed772a1362c9088c2a51d47a78db295d98856de210b698223e,1
dev_021002091111101_1-rectangle,classification/val/1/021002091111101_1-rectangle.jpg,bd45952d3a5f29850564bed24cd042439e485bbf0031e30b05002d31e6d3dace,1
dev_021002091111102_1-rectangle,classification/val/1/021002091111102_1-rectangle.jpg,ad909420052a50591ef0247f860642fe0d15b5971883ecbf2b9a098cc523f785,1
dev_021002091111103_1-rectangle,classification/val/1/021002091111103_1-rectangle.jpg,4caaa9fe3736c4e77aa53554c3ca528bdb495cf20db20b2dca77f56a8ac73585,1
dev_021002091111104_1-rectangle,classification/val/1/021002091111104_1-rectangle.jpg,575317bdd9a79462e01ba51f379e0eb774ac5c6a127917154fd9d200b51236a4,1
dev_021002091111105_1-rectangle,classification/val/1/021002091111105_1-rectangle.jpg,15980fc41fdb4db8a4ffa9a6db07adfc701ea3d5bb03e92cc685e0cc26b22e5c,1
dev_021002091111106_1-rectangle,classification/val/1/021002091111106_1-rectangle.jpg,f19cb17d3da3c18b69dce1b322c8ebc51b354ef98975e4a259794fad35dbc8c6,1
dev_021002091111107_1-rectangle,classification/val/1/021002091111107_1-rectangle.jpg,44366139517f14f17f499810c94556904206fe1ec4d9e6a26c0405ce0522a310,1
dev_021002091111108_1-rectangle,classification/val/1/021002091111108_1-rectangle.jpg,6f2b6a6c102d627336ccef3af87be288132fe84a653e94c18fecd175b579f761,1
dev_021002091111109_1-rectangle,classification/val/1/021002091111109_1-rectangle.jpg,28a8f49d08fe066513e28fec6ce9ebd68cff846e856b7a55b88b1adee11b2e7f,1
dev_021002091111110_1-rectangle,classification/val/1/021002091111110_1-rectangle.jpg,2bbd219b505f05b5e1cd1d8e6db547e81de3e34f3ac00a5fb064033b7ccde552,1
dev_021002091111111_1-rectangle,classification/val/1/021002091111111_1-rectangle.jpg,7b2cf94c1ffba8ad0d7859fc0dc85279f04bc56fcd4e386cad38611552aca162,1
dev_021002091111112_1-rectangle,classification/val/1/021002091111112_1-rectangle.jpg,c495c2038554c7b306d107a773582ce86ac101afa5f17df25666b55dbf08ad5e,1
dev_021002091111113_1-rectangle,classification/val/1/021002091111113_1-rectangle.jpg,9ca6c3ca9abeb636845dbf922e5f50688b062de46046a0522740d3f3f698d9da,1
dev_021002091111114_1-rectangle,classification/val/1/021002091111114_1-rectangle.jpg,75fab592a0f33126abd66af97a758b070d51e0301c5d31de9ec95e9129032d94,1
dev_021002091111115_1-rectangle,classification/val/1/021002091111115_1-rectangle.jpg,e013750acfe1b53949b223b20e86fcf00d35062bc42daa7eeedfab2b218126da,1
dev_021002091111116_1-rectangle,classification/val/1/021002091111116_1-rectangle.jpg,05a418c042e78e33976e1cd396bc8f7e00fac8faca704499e8591386b965617a,4
dev_021002091111117_1-rectangle,classification/val/1/021002091111117_1-rectangle.jpg,b58e0cabdc02ee5260a950bfd136a9e553272b06e93198acefc64987fff35a02,1
dev_021002091111118_1-rectangle,classification/val/1/021002091111118_1-rectangle.jpg,12327e3aa78e5307b7a2284005e04ad49c3b5a374ea8e7eecd2172673b398000,1
dev_021002091111119_1-rectangle,classification/val/1/021002091111119_1-rectangle.jpg,ec6ed8f4a44f46743db740e5536abe6a5e983b7e4a4d3ca3c8d97b62caf3853e,1
dev_021002091111120_1-rectangle,classification/val/1/021002091111120_1-rectangle.jpg,49ae1ab5655bec48a1c916d20ed4415459b261b6b381cf81994296ecc723ada2,1
dev_021002091111121_1-rectangle,classification/val/1/021002091111121_1-rectangle.jpg,29f8dcd3263fd78b556153863040d1ed17dacb3936f469e165a943dd9e691636,1
dev_021002095111101_1-rectangle,classification/val/1/021002095111101_1-rectangle.jpg,54326ebc1dd43b43281caf703100eeb899346c54d09debe44acb77288cda34a7,0
dev_021002095111102_1-rectangle,classification/val/1/021002095111102_1-rectangle.jpg,84f8b3c686d5f80c035e52861e728095d3395c78073d01470fe98100b533e4d0,1
dev_021002095111103_1-rectangle,classification/val/1/021002095111103_1-rectangle.jpg,1520e00c3a070e1fdef13c40ad026acb4100bfe99713713ec844c3af4e5fd570,1
dev_021002095111104_1-rectangle,classification/val/1/021002095111104_1-rectangle.jpg,4b04880d64772deb9ca9443d9f77596de1c598a0fe757682c4a32847447d477c,1
dev_021002095111105_1-rectangle,classification/val/1/021002095111105_1-rectangle.jpg,0680b8234d5d37071e6b51428529ab819defaab13549b897d9587fc3fc8f8018,1
dev_021002095111106_1-rectangle,classification/val/1/021002095111106_1-rectangle.jpg,c1414a46f402d525b1022c4ceaf8deb4f472181defaef66df23d496efa453573,1
dev_021002095111107_1-rectangle,classification/val/1/021002095111107_1-rectangle.jpg,fa2f6426a8f45ce2bd3637753db1a60fc006d2f65c059fbfadef4655aaf34c7f,1
dev_021002095111108_1-rectangle,classification/val/1/021002095111108_1-rectangle.jpg,220ff6937df85d2d825519242864d50e9ebdf52e87a0c692b38472376523356e,1
dev_021002095111109_1-rectangle,classification/val/1/021002095111109_1-rectangle.jpg,2d47cb2dce02fe48d23638439fde4e554e1b59182c7701ce4a41ba461f0b388c,1
dev_021002095111110_1-rectangle,classification/val/1/021002095111110_1-rectangle.jpg,4404f484474a87cff61c7adf96992364d7d6e700dccc3a802a1e6d513e0ff1f0,0
dev_021002095111111_1-rectangle,classification/val/1/021002095111111_1-rectangle.jpg,0005598d1235580427ff42110e5993af541e3eba2b3c4af28c5efa60c8b463e7,2
dev_021002095111112_1-rectangle,classification/val/1/021002095111112_1-rectangle.jpg,d48ab5917e3180a76a6234ebab9635b76d0d58f5a1337c5f9201e9c27acf209b,1
dev_021002095111113_1-rectangle,classification/val/1/021002095111113_1-rectangle.jpg,4bc779b69e49a4b2b4c26c0f9fc0d6b3c160550ec9abc2a1cdcc2087971e2e25,1
dev_021002095111114_1-rectangle,classification/val/1/021002095111114_1-rectangle.jpg,c2a75b1eadba072b26f679b6b9ec5c436477e5216d324a1af942227b7348b688,1
dev_021002095111115_1-rectangle,classification/val/1/021002095111115_1-rectangle.jpg,8fdb0d0dff6099eba3e84f071390f34b11632fec3a6958a588b4ab7f636032c6,4
dev_021002095111116_1-rectangle,classification/val/1/021002095111116_1-rectangle.jpg,c110bdedc5ee64969c83ee93df995507f44e04e8cd5efe9bca4f590390fe2c49,1
dev_021002095111117_1-rectangle,classification/val/1/021002095111117_1-rectangle.jpg,4258df5f720fc51c37a5b1e5488a12852c48cad7e568fc4f87f1c64f3a25e58f,1
dev_021002095111118_1-rectangle,classification/val/1/021002095111118_1-rectangle.jpg,182185c8381933b4508303cdb097bc7ec55c686e7e6ab4f966dba8cef96f96e8,1
dev_021002095111119_1-rectangle,classification/val/1/021002095111119_1-rectangle.jpg,4ee62a2c35798606401f63a33c3597a47db302322b662216c1d3779d3cf2d21a,1
dev_021002096111101_1-rectangle,classification/val/1/021002096111101_1-rectangle.jpg,a6ffa07ad71792d9d63f9c0c5d549f09a7aad5a3fa1f9c019c3862fd3098002a,1
dev_021002096111102_1-rectangle,classification/val/1/021002096111102_1-rectangle.jpg,866ef2ba23f69216f383c69445d0b648cb445951d9ab4b2ea774d22daf1f4f15,1
dev_021002096111103_1-rectangle,classification/val/1/021002096111103_1-rectangle.jpg,e02b658eb37e37b9cb6489590e0e72164c418dd75d8df5b18685b0ca14834cd1,1
dev_021002096111104_1-rectangle,classification/val/1/021002096111104_1-rectangle.jpg,d589ca54bab004789f982d75ec3bcd38b8e90a1de9b618f2c2bcc14f95506f06,1
dev_021002096111105_1-rectangle,classification/val/1/021002096111105_1-rectangle.jpg,dbcd81476b7d8a3aa60c15fc1378fcf96bea40b75698a325991f79273dfadee5,1
dev_021002096111106_1-rectangle,classification/val/1/021002096111106_1-rectangle.jpg,1b5a11d124c87ed5264f7e88664103e5120024bfb40c531eb1a83491e9ddf5c4,1
dev_021002096111107_1-rectangle,classification/val/1/021002096111107_1-rectangle.jpg,fc916cde0943f09e545a1a2cb778c5b717303bac648f4fdd559b1f66103e72de,1
dev_021002096111108_1-rectangle,classification/val/1/021002096111108_1-rectangle.jpg,5b07cd381d1fa862ad1fcd36087011956bdcf16c842288a8fb1e3dcec413c55a,1
dev_021002096111109_1-rectangle,classification/val/1/021002096111109_1-rectangle.jpg,2def62f534e9b74be5280a91a40334bb3b56a835fa5dc319d8412676ff559645,1
dev_021002096111110_1-rectangle,classification/val/1/021002096111110_1-rectangle.jpg,eedbe7f3a0674242b068712b69e919fd29281c93f3411fb12c9c1c3028796ec0,1
dev_021002096111111_1-rectangle,classification/val/1/021002096111111_1-rectangle.jpg,3bd5886ef310b95cc140fd95ccc6ef2553e991cb1be4e5e44f4839998252e25b,0
dev_021002096111112_1-rectangle,classification/val/1/021002096111112_1-rectangle.jpg,c620c2649d9fb0230f4a042f68fcfc926c97a71f2e61bdd475f0d83ae9798aba,1
dev_021002096111113_1-rectangle,classification/val/1/021002096111113_1-rectangle.jpg,353f44894c18b0dc29807c183b502bca498565b043bdb39ed2f7b3ea86230fe7,1
dev_021002096111114_1-rectangle,classification/val/1/021002096111114_1-rectangle.jpg,6bd996a205b10bc2e41b385ee30ac23324684d27aef1994e1acdc5756c2cfffc,1
dev_021002096111115_1-rectangle,classification/val/1/021002096111115_1-rectangle.jpg,55cea3655d1800b0e6db588d991ecf3e16dc5a42924236fffaf35090d3889369,1
dev_021002096111116_1-rectangle,classification/val/1/021002096111116_1-rectangle.jpg,3a4a311993bc0eba5d3912e6b391bc195fd7177b1a5ba224cacee91bf9c87a38,1
dev_021002096111117_1-rectangle,classification/val/1/021002096111117_1-rectangle.jpg,d1d40414e8aa8bfd82c707ded18c2d452d26a6919897c267bfe24ae415a71bd3,1
dev_021002096111118_1-rectangle,classification/val/1/021002096111118_1-rectangle.jpg,b062ebbfc5fab9585d3594021956bf6814ee374eb444faab0396d19db2537c52,1
dev_021002096111119_1-rectangle,classification/val/1/021002096111119_1-rectangle.jpg,8d35389f2c3d83735dde21eb4e30f365483c02f6840e36b5e5050da9c06239d4,1
dev_021002096111120_1-rectangle,classification/val/1/021002096111120_1-rectangle.jpg,5d320136d77a73be50fe7888e64d3f8d70a0502aca4d0de313a744cbafe7ab93,1
dev_021002096111121_1-rectangle,classification/val/1/021002096111121_1-rectangle.jpg,b9d7c5abbf00e4c2eb67d498236d405413c39f8f8cbf1e50f5e6ff19f64185c1,4
dev_021003007111101_1-rectangle,classification/val/2/021003007111101_1-rectangle.jpg,60559ce0a53f499c6c579485dfb74eca86043a95c97f55c89eaf5545b36ce6ca,2
dev_021003007111102_1-rectangle,classification/val/2/021003007111102_1-rectangle.jpg,38b1af00fa2034989f5142e0b579e445841269ccdba97a02f1a30dafcacabaf8,2
dev_021003007111103_1-rectangle,classification/val/2/021003007111103_1-rectangle.jpg,4c9adea5eddd80819c1152aaf19228c74643d0fb984a11f80c36367214eeb8e5,2
dev_021003007111104_1-rectangle,classification/val/2/021003007111104_1-rectangle.jpg,d3d76366944421c6dfa4cfec1d02a251065e8d442597b4efaaf2bad4d03a761d,2
dev_021003007111105_1-rectangle,classification/val/2/021003007111105_1-rectangle.jpg,ce1a237e7fa5e82e2e4360998cae8ca562f6327aadb781244aa8644d794e7e1a,2
dev_021003007111106_1-rectangle,classification/val/2/021003007111106_1-rectangle.jpg,47514efb1f70027d08ed558da0297622bfeca2526db5a9ca718b079553082e0b,2
dev_021003007111107_1-rectangle,classification/val/2/021003007111107_1-rectangle.jpg,c4939a1ecac74f2b0682472b889c30828f8572b26b3beb7249e8cc1f4cc8ea09,2
dev_021003007111108_1-rectangle,classification/val/2/021003007111108_1-rectangle.jpg,5eb2ef5d1d8cfbd3437a1365d6b7d306f017bf679cd862469c3c059c19e28048,2
dev_021003007111109_1-rectangle,classification/val/2/021003007111109_1-rectangle.jpg,5987b32f02b219557a71b69754ce53551df8350c7fc8fcd291d10a10bed5ccd2,2
dev_021003007111110_1-rectangle,classification/val/2/021003007111110_1-rectangle.jpg,30f9792687a6f22ae5cacf3df7b0afff292b67296dde7141c0f72caa5d58d785,1
dev_021003007111111_1-rectangle,classification/val/2/021003007111111_1-rectangle.jpg,18fac8572b09f39f8b90006acc97b6d530fe3a0a83a4197a1eb16bff22c8e46f,2
dev_021003007111112_1-rectangle,classification/val/2/021003007111112_1-rectangle.jpg,b0af432c795fc8ba47dd5f0b877a14efb221c0225193730d0efc441c5ca72a32,2
dev_021003007111113_1-rectangle,classification/val/2/021003007111113_1-rectangle.jpg,1baa835851ef3415827d255cc6d52c820974b986477b113d0a64ec9140c969f2,2
dev_021003007111114_1-rectangle,classification/val/2/021003007111114_1-rectangle.jpg,3c0c45126227593a9f30d5160920af8ba6b7c70078553a61e8e68f5cf80bcfd7,2
dev_021003007111115_1-rectangle,classification/val/2/021003007111115_1-rectangle.jpg,abb7206c2a2025d1b42e016654024caeda6085fa0033290929a51445486c44f2,3
dev_021003007111116_1-rectangle,classification/val/2/021003007111116_1-rectangle.jpg,93e4d7e39bdec1fd965aa34653486fb034b19a2c6cc9c0c7a862af711145447f,2
dev_021003007111117_1-rectangle,classification/val/2/021003007111117_1-rectangle.jpg,9d47232ab489a5aee979aff9e0b3f6ef71df306332bc96183266c0604545f726,2
dev_021003007111118_1-rectangle,classification/val/2/021003007111118_1-rectangle.jpg,e1d387992cadbf495eebf0392489440cc768daadb95c082832dd04c294b1fdf4,0
dev_021003007111119_1-rectangle,classification/val/2/021003007111119_1-rectangle.jpg,7e8dc779ab5517accb9c2daa4389094dce6dacf42977239f7d044bb1fa1ecf59,2
dev_021003007111120_1-rectangle,classification/val/2/021003007111120_1-rectangle.jpg,2031e7d80d050c62fca4b7ca41ac1103a7302efb0cacd6d713a9cea18e84758f,2
dev_021003007111121_1-rectangle,classification/val/2/021003007111121_1-rectangle.jpg,f99dc20e1ad248671c518a89acae89008619621688b0fbf642b00bf28f94ecd9,2
dev_021003007111122_1-rectangle,classification/val/2/021003007111122_1-rectangle.jpg,3549172aca88f063bdca757359a7cdc159a40991020722f31f72b71debed5f06,2
dev_021003007111123_1-rectangle,classification/val/2/021003007111123_1-rectangle.jpg,4deea54afd1205bdf8ccb717b61dd16227552dd170c24b9d4e8205feaf1726cd,2
dev_021003007111124_1-rectangle,classification/val/2/021003007111124_1-rectangle.jpg,d6accfd6dcd155ec8d8f6fe8bac112a7fd7ba7d1680f091a97c2bdd8f6d8cadb,2
dev_021003007111125_1-rectangle,classification/val/2/021003007111125_1-rectangle.jpg,2337c714b168cd02207121d9a09b91358c2b439840e62bebc2dc3bb699acb12b,2
dev_021003007111126_1-rectangle,classification/val/2/021003007111126_1-rectangle.jpg,9eaa8f52513baf7fd080b1664b5576f0192b0dafdfa87c112f880c1a5322d86d,2
dev_021003007111127_1-rectangle,classification/val/2/021003007111127_1-rectangle.jpg,07c0fe99086df26b99d85e9e4928531654dcc0068667972f5caad9865c35c971,2
dev_021003007111128_1-rectangle,classification/val/2/021003007111128_1-rectangle.jpg,a3e78a0767d9cf38ca9ca167e1a14431b0f1c0f0c02f51d414e00602707d28c8,2
dev_021003009111101_1-rectangle,classification/val/2/021003009111101_1-rectangle.jpg,50bee4f88d0bb6941524fa48ed23ee5f22a3d45aae6222a33171e2fa74ea5683,2
dev_021003009111102_1-rectangle,classification/val/2/021003009111102_1-rectangle.jpg,d21fc575cac38c6b19abf2753f86fce9f36782ff795546807df5d2f4ec87c993,2
dev_021003009111103_1-rectangle,classification/val/2/021003009111103_1-rectangle.jpg,029a87fa85751984a7c0c01f94f5b8fd1b24e0af27a5207d847454221f38e7c3,2
dev_021003009111104_1-rectangle,classification/val/2/021003009111104_1-rectangle.jpg,cf104f0fce8b3f4caff3c8ff88b9cf6b4ef8273d54456e4ba0a42e5fbadcd5c8,2
dev_021003009111105_1-rectangle,classification/val/2/021003009111105_1-rectangle.jpg,98687855ce93f98725470004934c4bd1dea4b1f55a6c21f96441f02fad5480ce,2
dev_021003009111106_1-rectangle,classification/val/2/021003009111106_1-rectangle.jpg,0e40608532ded44c6f490a5d12bf5d551ee1d44b32742b45ff4d9838d6534702,2
dev_021003009111107_1-rectangle,classification/val/2/021003009111107_1-rectangle.jpg,2bf939498b2374ffbce4717fff68a22c7585c7f74874e57b5438e53f34703d42,2
dev_021003009111108_1-rectangle,classification/val/2/021003009111108_1-rectangle.jpg,681e85b1ca61371063ee781e34662748346d82d7dc204c2d4f8258b29732f6be,2
dev_021003009111109_1-rectangle,classification/val/2/021003009111109_1-rectangle.jpg,608072c328932bb97763c72d4e450bdb170b3afd9222c45af017a5f25ffdcdce,2
dev_021003009111110_1-rectangle,classification/val/2/021003009111110_1-rectangle.jpg,eb9666419a62691e84d789c720cc609f591dc4e0138a9004776094d97e9fbd32,2
dev_021003009111111_1-rectangle,classification/val/2/021003009111111_1-rectangle.jpg,375c80aaa845f44344fdab778cacff5f1abfe255f7a02d184e2766ca7533a4fe,1
dev_021003009111112_1-rectangle,classification/val/2/021003009111112_1-rectangle.jpg,29c165649f95525952ef4b7a6c913433e96e2f4571219f94473968655fdfba57,2
dev_021003009111113_1-rectangle,classification/val/2/021003009111113_1-rectangle.jpg,3a26147550bdc89f9119eb0e889c13c7a30073ccd47485c235a7977dbc123235,2
dev_021003009111114_1-rectangle,classification/val/2/021003009111114_1-rectangle.jpg,95b3eff935d94eb4c60085a0b4ef09c7e3a1a9e23b8ff789513b6bbc3ea52f90,2
dev_021003009111115_1-rectangle,classification/val/2/021003009111115_1-rectangle.jpg,0d540d05752b6b6295e6d0da4aee3737f87d8adafbeed534d015e7fefbb0402f,2
dev_021003009111116_1-rectangle,classification/val/2/021003009111116_1-rectangle.jpg,96b26f612db8c6a1dfe19fe480a81201d1625f9eca1f6604483794f63da4ce2f,2
dev_021003009111117_1-rectangle,classification/val/2/021003009111117_1-rectangle.jpg,4945f8d5e947d817c6a54cf4d4ef50ba3f7d2ab98d98fecb8da01a539229312d,2
dev_021003009111118_1-rectangle,classification/val/2/021003009111118_1-rectangle.jpg,cb1e055a0e9c93d8e9a6c54aaad4a94433b6118d8d03a45dc60cae55d1000c3c,2
dev_021003009111119_1-rectangle,classification/val/2/021003009111119_1-rectangle.jpg,9889fbb9b25444edd4028c7eb20fd1ce91276c8399cf04cdb72caa63860ae4a3,2
dev_021003009111120_1-rectangle,classification/val/2/021003009111120_1-rectangle.jpg,aedca6dc585bb36d4f8f377137f33b383ee2ed5637cc651809b1de11277f81c4,2
dev_021003009111121_1-rectangle,classification/val/2/021003009111121_1-rectangle.jpg,785a14393316dcd4fe69e54c19f215a2ce83df134e97272909ec286f6643e1b5,2
dev_021003009111122_1-rectangle,classification/val/2/021003009111122_1-rectangle.jpg,93f5afd9d339a05d4e860c26302bc9f029ed3ccb7baa424f218befcb105e1025,2
dev_021003009111123_1-rectangle,classification/val/2/021003009111123_1-rectangle.jpg,cadce695dfc64d1acc00264a2edff849f8c9b9c82301fa064b1d51cfcd845ae1,2
dev_021003009111124_1-rectangle,classification/val/2/021003009111124_1-rectangle.jpg,5b0e695515f69af1b0079df5e4601168eec08b3c58207ff05e04f2eb1de0136c,2
dev_021003009111125_1-rectangle,classification/val/2/021003009111125_1-rectangle.jpg,5bcacb4c08cddf375e14c575df13dff03642187a5e11437e0f28356e16f903f3,2
dev_021003009111126_1-rectangle,classification/val/2/021003009111126_1-rectangle.jpg,2a0e24c7946a968dd4a057753ffe52464a033dc217178195df148fd4b155cf3c,2
dev_021003009111127_1-rectangle,classification/val/2/021003009111127_1-rectangle.jpg,dd662d1ae66263075bc217c7ddd5a21248d0adc82ad8090c60960ac043639852,2
dev_021003009111128_1-rectangle,classification/val/2/021003009111128_1-rectangle.jpg,0065a6c58973240c07f9c42a283736b6d308b4547630e3abc7ae7a3ef9eb47fd,2
dev_021003009111129_1-rectangle,classification/val/2/021003009111129_1-rectangle.jpg,a59d586063dc408aa107a38eb22414db68177134b3510af3c959fcc5db12a216,2
dev_021003028111101_1-rectangle,classification/val/2/021003028111101_1-rectangle.jpg,36ef2027d110aae109910a8384889a934d34c4f0d6ce066eabd822249384e2ae,2
dev_021003028111102_1-rectangle,classification/val/2/021003028111102_1-rectangle.jpg,a3983ebaf6d0ebfa77b5ae5ffc2e43b776059ec1f2d7c9c944ca340b864255c1,3
dev_021003028111103_1-rectangle,classification/val/2/021003028111103_1-rectangle.jpg,8a04b9c82abc4d4d66c2a94e537d91dcc7ce16ca09e1e2407f52a41002d727c8,2
dev_021003028111104_1-rectangle,classification/val/2/021003028111104_1-rectangle.jpg,67df55c97dca17ac37f305ab6492fd8264d935d59d0732dc1d804594a6630971,2
dev_021003028111105_1-rectangle,classification/val/2/021003028111105_1-rectangle.jpg,68e29225e9f9c51417875f82f4a75ffb151f597ead361f1bf70da1c2cc956408,0
dev_021003028111106_1-rectangle,classification/val/2/021003028111106_1-rectangle.jpg,90b7831b55f883452ac6c40dde52e88ad15cd1ed8470d9a4bd9acd7b7b4dc2d3,2
dev_021003028111107_1-rectangle,classification/val/2/021003028111107_1-rectangle.jpg,3d29c0e0aec0bcccdc5fb2efa3433827c433bc25117efcbac19f19a866c32eb6,2
dev_021003028111108_1-rectangle,classification/val/2/021003028111108_1-rectangle.jpg,5bd1147856068903b5c7d6e6cdc2522abb14efce4955ea47fcdb1dafeeb3687b,2
dev_021003028111109_1-rectangle,classification/val/2/021003028111109_1-rectangle.jpg,cf1d5f6f1b441956b4c585ec8e5c3a9a602a46f67b036bd3895060fb454c3fce,2
dev_021003028111110_1-rectangle,classification/val/2/021003028111110_1-rectangle.jpg,79ac69d3bc35c458a4c5aea7d9062d00e12ba8fee64d8ba8d19f49bc01609b70,2
dev_021003028111111_1-rectangle,classification/val/2/021003028111111_1-rectangle.jpg,342eaf65641ea764527ae1e176b305473283894274bd9b35a6e700fafae2e44f,2
dev_021003028111112_1-rectangle,classification/val/2/021003028111112_1-rectangle.jpg,b823493412cb6795de50f6d2c4a3bbb9c3af60eb9e80e689e57001e106ce6fdf,2
dev_021003028111113_1-rectangle,classification/val/2/021003028111113_1-rectangle.jpg,f2279cbcec7b89e9c3a7934b3933a630e6ec28d992d47de5b194855422ae6c1f,2
dev_021003028111114_1-rectangle,classification/val/2/021003028111114_1-rectangle.jpg,fef1eda57aba3926bca7db8c88aa7e5904023bac9d57424654fe0c44ef2aa5eb,2
dev_021003028111115_1-rectangle,classification/val/2/021003028111115_1-rectangle.jpg,6e79508699d54065ac23b255cdb1de638afd1278a7b27ac4b3afa4c65b9a3913,2
dev_021003028111116_1-rectangle,classification/val/2/021003028111116_1-rectangle.jpg,b7d36d2ec6ec709a5575523d45792ee7046eea91257db40e479b2a80438c31a0,2
dev_021003028111117_1-rectangle,classification/val/2/021003028111117_1-rectangle.jpg,9ff32f30a01a15ec36d7008ee42f0682693ec3d2d593227a1327c21431e5b1e2,2
dev_021003028111118_1-rectangle,classification/val/2/021003028111118_1-rectangle.jpg,c4fea6058f78c80cfe3b29ceacd64ae5a06ab0b4b1db4811cc1118e4f28b011f,2
dev_021003028111119_1-rectangle,classification/val/2/021003028111119_1-rectangle.jpg,c7554c4dbacbe50aa79b379c639c1e44115ca3fba1ff13f538fbaddb743aabdc,2
dev_021003028111120_1-rectangle,classification/val/2/021003028111120_1-rectangle.jpg,d0a4a4321c42562b02722c17310837770efad0f17a559f14da0910c0fbc44684,0
dev_021003028111121_1-rectangle,classification/val/2/021003028111121_1-rectangle.jpg,22c7881226ac391d6ba6a8b683a83a60f2ddc09e0dda758e1483fc6ff1895cd5,2
dev_021003028111122_1-rectangle,classification/val/2/021003028111122_1-rectangle.jpg,42d466e81a85e5633f8907372d0595889db1a7a791246959f1cb20cb9f15741d,2
dev_021003028111123_1-rectangle,classification/val/2/021003028111123_1-rectangle.jpg,14697482599e20330a53601fbd3e55af4b1bd54d586ab0413298608980efefa5,2
dev_021003028111124_1-rectangle,classification/val/2/021003028111124_1-rectangle.jpg,babc2c516222e342d599cf7f817835ded7d49e5b437ff9fb675c96f4491c32b7,2
dev_021003028111125_1-rectangle,classification/val/2/021003028111125_1-rectangle.jpg,ea0ac5a9b64c265972b3a656a6336f2bf7d98d97c9bece8c78a85dbd730e37b8,2
dev_021003028111126_1-rectangle,classification/val/2/021003028111126_1-rectangle.jpg,de62e50922e32ae0221e2963a3ee93bcd53633a408ca1148213d9029b2ecb4a5,2
dev_021003028111127_1-rectangle,classification/val/2/021003028111127_1-rectangle.jpg,a1115b32dc11e9f825663e80d883c8d5faf45f1b4a2c922ecd8de34fdb002a44,2
dev_021003028111128_1-rectangle,classification/val/2/021003028111128_1-rectangle.jpg,36fd6e3cdf7e7b2b0c66642b983dabdb618c0238480b189f612a3c0a777af70d,2
dev_021003028111129_1-rectangle,classification/val/2/021003028111129_1-rectangle.jpg,62f1d9705999e483f5b99adaf1ce09bcd2b187ec6c9b71090bc0d30e60746786,2
dev_021003028111130_1-rectangle,classification/val/2/021003028111130_1-rectangle.jpg,7d8cf613303c088154b2409b61eca153f940c6fa21a3f8bfdda9aec2096e8775,2
dev_021003028111131_1-rectangle,classification/val/2/021003028111131_1-rectangle.jpg,47bf953c8851e2fdc003ba0d78b29c6505dc45c5de0b075a4369b01cd52e2aa7,2
dev_021003028111132_1-rectangle,classification/val/2/021003028111132_1-rectangle.jpg,6a0ef1328fc7301a2ff48c60596eb3e6ca82ebf567eb6d6f09c4f7b7d6306cd1,0
dev_021003045111101_1-rectangle,classification/val/2/021003045111101_1-rectangle.jpg,cbdb179c7e6d00b48835d63f16beb890e1b0048a8647fde06a18102eb196d42b,2
dev_021003045111102_1-rectangle,classification/val/2/021003045111102_1-rectangle.jpg,0970f6825b09da46a33aaf52396dc694a669bbe239f55c6fb68b320b1c33a68d,2
dev_021003045111103_1-rectangle,classification/val/2/021003045111103_1-rectangle.jpg,0ea0e26e8847676b88d0d1997a2a1e8ce55c498acf8e3aa17a147b756efd512b,2
dev_021003045111104_1-rectangle,classification/val/2/021003045111104_1-rectangle.jpg,b1e82491006b94fa8c5f8497883d568f17038e32d59dc6b8daf4b712f4b57d42,2
dev_021003045111105_1-rectangle,classification/val/2/021003045111105_1-rectangle.jpg,f0f5845540a1dc14695f832097259040891eb8cfb0f73af58382b7e198f3f7e8,2
dev_021003045111106_1-rectangle,classification/val/2/021003045111106_1-rectangle.jpg,ad94c7aed1d7538bee79a3a659e9a414f85b7de1a3f30e31a2161f13821074b3,2
dev_021003045111107_1-rectangle,classification/val/2/021003045111107_1-rectangle.jpg,2cbf6b9941388fb7869ccd6a002023b38396cf01cfe999e5bd7bacad486c673b,2
dev_021003045111108_1-rectangle,classification/val/2/021003045111108_1-rectangle.jpg,7403fe7b08107082519e03adb043f0724a97da6e15ad30bdaf0265941c9187e3,2
dev_021003045111109_1-rectangle,classification/val/2/021003045111109_1-rectangle.jpg,2d67d2523de811d2606f922c37dcb411f6c5e9b9947f3d2c5eb4e310f0d25a23,2
dev_021003045111110_1-rectangle,classification/val/2/021003045111110_1-rectangle.jpg,f1b2f3f4c4ac2977172e8bbff11a11939394cce211ec005c02c755529b8fddbf,2
dev_021003045111111_1-rectangle,classification/val/2/021003045111111_1-rectangle.jpg,7b15f90901aae77c639474af94cb07ed3ffafdbf71a96f3a7e443fdbfc51698b,2
dev_021003045111112_1-rectangle,classification/val/2/021003045111112_1-rectangle.jpg,f9764e01c280842bdb829c1334c5024b1b2e8039bbe345c75d577d75ff7beead,2
dev_021003045111113_1-rectangle,classification/val/2/021003045111113_1-rectangle.jpg,ad66738f29bbf1ade3f5f67a5cba61060ba4d0c305e63008d4cb8b87f0549e3e,2
dev_021003045111114_1-rectangle,classification/val/2/021003045111114_1-rectangle.jpg,2517573ac138830bd875837b5971b6665bea2244d20751c40001183da5ec4b7d,2
dev_021003045111115_1-rectangle,classification/val/2/021003045111115_1-rectangle.jpg,28633f5b4b6e742230103ba583a7285df1c3513d3b00379558d0e2cddefe8bcd,2
dev_021003045111116_1-rectangle,classification/val/2/021003045111116_1-rectangle.jpg,b3f13585160dd6e840b442112a23d706825c8c1743b7a062900e53f60cca974d,2
dev_021003045111117_1-rectangle,classification/val/2/021003045111117_1-rectangle.jpg,cadf63a5c6d0b333e05f79f3f50d5b98aa193359bf4382963100d048a13e380e,2
dev_021003045111118_1-rectangle,classification/val/2/021003045111118_1-rectangle.jpg,b34250fdfa4a623520a7dad1d5db8bb7eda6e03da857eb4f6ae3794e1246abc8,2
dev_021003045111119_1-rectangle,classification/val/2/021003045111119_1-rectangle.jpg,ea79a214326b90b3ac479d00ff7758b8306792c59a26a8f9564ce1e8081544c8,2
dev_021003045111120_1-rectangle,classification/val/2/021003045111120_1-rectangle.jpg,4334f2f6e053a0abd986070317be6cc7f9458d879a27b038a964d7f888bcff75,2
dev_021003045111121_1-rectangle,classification/val/2/021003045111121_1-rectangle.jpg,5ccad54435441557b9d63675fa4617bc220e570262515792d8d277062a6f02fe,2
dev_021003051111101_1-rectangle,classification/val/2/021003051111101_1-rectangle.jpg,a311dc2294eaaae1fb9c3d1e047ea9c5a71b7c8a2e95223aecf11245fe6b5efd,2
dev_021003051111102_1-rectangle,classification/val/2/021003051111102_1-rectangle.jpg,78c34d496cba6e6e0c8413134de9f29da932940d4dcf69651236e5929c96371d,2
dev_021003051111103_1-rectangle,classification/val/2/021003051111103_1-rectangle.jpg,694f4f3dfb96a8a90c087557cbed9df540e607789fcc42d0d760bb8b94438774,2
dev_021003051111104_1-rectangle,classification/val/2/021003051111104_1-rectangle.jpg,fb230c4b71d64e46ec480c834b3f0e11c99f160f7cf5f4b585bd6406d3eede6d,2
dev_021003051111105_1-rectangle,classification/val/2/021003051111105_1-rectangle.jpg,df17a5394c8b0e14328f25f43f219ad4ca72cfa832b7482c5845b4c1ea377d23,2
dev_021003051111106_1-rectangle,classification/val/2/021003051111106_1-rectangle.jpg,5eba60ab633078a1a242801d20878d467f2ca26789c35c946f85103b632d9ec1,2
dev_021003051111107_1-rectangle,classification/val/2/021003051111107_1-rectangle.jpg,d80487bb69ce53c71f8a37fbfbd646784466fb0a9f222c320442c96987fca95f,2
dev_021003051111108_1-rectangle,classification/val/2/021003051111108_1-rectangle.jpg,c1122c6ba3ff54a7507d854d1683da1c0ef3fbe61edcf9808cc1e480611a1726,2
dev_021003051111109_1-rectangle,classification/val/2/021003051111109_1-rectangle.jpg,85eb997db45c7b9b920d1cd65ed257827aa0b7a7a11cab806b186f57dccc7242,2
dev_021003051111110_1-rectangle,classification/val/2/021003051111110_1-rectangle.jpg,a8177608de917822dd24730b5fd18d7c04789a09a14ca6683e69ae7fcc03afe2,3
dev_021003051111111_1-rectangle,classification/val/2/021003051111111_1-rectangle.jpg,4dcff6fa5da544f3af6912248cce6e34338978170bd4f46ff5045dc1e39c7fbe,2
dev_021003051111112_1-rectangle,classification/val/2/021003051111112_1-rectangle.jpg,0bf5108ee4385c0158ab9ca8212381068ba25d9f951445113e32d4d01089c261,2
dev_021003051111113_1-rectangle,classification/val/2/021003051111113_1-rectangle.jpg,79294867a26050f3855f92bd56bcaf36be64f1dc99c91dbf10e3c6dd15190137,2
dev_021003051111114_1-rectangle,classification/val/2/021003051111114_1-rectangle.jpg,e52f92b8ea108b7eb9a22b306476843130e5449b12458de664f7f274b30a92b9,2
dev_021003051111115_1-rectangle,classification/val/2/021003051111115_1-rectangle.jpg,4f2d29928a90da8d5319611fc518a696b738d5adb968ad6b093db45afd692acf,2
dev_021003051111116_1-rectangle,classification/val/2/021003051111116_1-rectangle.jpg,9b91584a0b51d9dab0165baab521afe0b4653297e810144df85359923113583b,2
dev_021003051111117_1-rectangle,classification/val/2/021003051111117_1-rectangle.jpg,8b32d9c16f253bb7488d328a07d50c9d0f5f857daf76dbdc06df614ea0e3f795,2
dev_021003051111118_1-rectangle,classification/val/2/021003051111118_1-rectangle.jpg,62170aa60174110e340fd763d5f808512fb56613b557166218b8e2f996815300,4
dev_021003051111119_1-rectangle,classification/val/2/021003051111119_1-rectangle.jpg,f62c45a0009a77479af25b2b292cca9e3ba8fdfbaa8e173ac39a64aa6dd56bb6,2
dev_021003053111101_1-rectangle,classification/val/2/021003053111101_1-rectangle.jpg,f5f8d5366bdbb291c03d6ae893a9002c2506c1bac3abcda1fc9722a96665600f,4
dev_021003053111102_1-rectangle,classification/val/2/021003053111102_1-rectangle.jpg,d00b17ba2989cb6cab8364215caa35b9314cb45356d488664dcc28d11f5a85ec,2
dev_021003053111103_1-rectangle,classification/val/2/021003053111103_1-rectangle.jpg,251d314b919c037dc202e134fcb156db2f5e820263a220e67a21d7209a077cf0,2
dev_021003053111104_1-rectangle,classification/val/2/021003053111104_1-rectangle.jpg,9108651c8d72d33e8b177b6f5bc9b125365b7b7bcb77faa134b58137dfa42eda,2
dev_021003053111105_1-rectangle,classification/val/2/021003053111105_1-rectangle.jpg,2b0221154461971e44eb77d938e016f48fedfadc0319e7ff126073e97275cfd1,2
dev_021003053111106_1-rectangle,classification/val/2/021003053111106_1-rectangle.jpg,b1a84173eba4db90e1f1e12368c18ab325fb3e9e9fd9beb87877e3171710ce85,2
dev_021003053111107_1-rectangle,classification/val/2/021003053111107_1-rectangle.jpg,e2c937d6012b4c46a393dcfbe3963f0effa349f4167e27af164464283e26e792,2
dev_021003053111108_1-rectangle,classification/val/2/021003053111108_1-rectangle.jpg,041fab8d5712a1cb108d565fd4adeba615e3da68759156871a9b456b02fa8bcf,3
dev_021003053111109_1-rectangle,classification/val/2/021003053111109_1-rectangle.jpg,0f8b8ac846065858fc5b781b672db7162bca0d14d36d61179a18161e4fbe2199,2
dev_021003053111110_1-rectangle,classification/val/2/021003053111110_1-rectangle.jpg,d26d6da80569900e06351814fa526ffde619985dbe80983becfcc8984587f6b7,2
dev_021003053111111_1-rectangle,classification/val/2/021003053111111_1-rectangle.jpg,7198136ff11499d5574b819a4279fd516d429d6de55b97d06d809bbb2ff5dd92,2
dev_021003053111112_1-rectangle,classification/val/2/021003053111112_1-rectangle.jpg,6c2bcd3baab984e767ad73e4b1b4a8dac3437dff5b80de0fe5a5fc5bcd98e69d,2
dev_021003053111113_1-rectangle,classification/val/2/021003053111113_1-rectangle.jpg,a725447b13745ad210d76d419f73f1c009210396ae3298371af1bec139edc00e,2
dev_021003053111114_1-rectangle,classification/val/2/021003053111114_1-rectangle.jpg,95730e8f6209023478d76a59c5309b101968a5c02c84a0d0f066829b069f3fe4,2
dev_021003053111115_1-rectangle,classification/val/2/021003053111115_1-rectangle.jpg,562877634ec356e04ca98b2125c07cd53818b1e105d098d6fc3b4cec2f9d8cb5,2
dev_021003053111116_1-rectangle,classification/val/2/021003053111116_1-rectangle.jpg,9f90450bf9bd1dc5347ce14e29d4124963ea0da4affac7aecec2024d9cb5f5e8,2
dev_021003053111117_1-rectangle,classification/val/2/021003053111117_1-rectangle.jpg,2ab2764db9a08a291fc930b0a57f779042c8c06339d3c707bbc545190791b7e2,2
dev_021003053111118_1-rectangle,classification/val/2/021003053111118_1-rectangle.jpg,dddbbbea9f3a31480c5f4e532ea948e3d73b049bdd609c7523eba464b4ef86c7,2
dev_021003055111101_1-rectangle,classification/val/2/021003055111101_1-rectangle.jpg,9a4c32e52269b4a258a4631af2800bda653aac13b9399adb9dcbd1a10c574217,2
dev_021003055111102_1-rectangle,classification/val/2/021003055111102_1-rectangle.jpg,f95fcc58ca4a5c5a7a5bc7bd8ee2ac097d8c71bb74e28c96ef44964bd833ddc5,2
dev_021003055111103_1-rectangle,classification/val/2/021003055111103_1-rectangle.jpg,2b93128e4008057fe71ae5707fa0000b7840e65c2fed565b7598ed10631d308a,2
dev_021003055111104_1-rectangle,classification/val/2/021003055111104_1-rectangle.jpg,94242f7306df9f954519b8f35c2d32b353f8188c6d0c45436c6ba4aa4ae969b9,2
dev_021003055111105_1-rectangle,classification/val/2/021003055111105_1-rectangle.jpg,b29978e25e259200a5a1d547750156d3e74ac7773db7bbb39b8c1297799e6cb9,2
dev_021003055111106_1-rectangle,classification/val/2/021003055111106_1-rectangle.jpg,7c0d9fa454d4ac6f4c84185b45f16240f42361f13d9e2439a3f61e91d103dd1d,2
dev_021003055111107_1-rectangle,classification/val/2/021003055111107_1-rectangle.jpg,9b2e3d1e0f3aab4aaecdad697563afe59eb78bca513554e9393c09deed7b7cf6,2
dev_021003055111108_1-rectangle,classification/val/2/021003055111108_1-rectangle.jpg,ce2f444ce28b7c02e996839fdbe725b414016a62105df75748441903cf1541a7,3
dev_021003055111109_1-rectangle,classification/val/2/021003055111109_1-rectangle.jpg,ddb1d89e010196553fa8d86ee6ace0055458ba0b95aec78ed79929aaeed04b23,2
dev_021003055111110_1-rectangle,classification/val/2/021003055111110_1-rectangle.jpg,a4c80622ddad810f88b584bd8033342000c52475a3ddac974c3884d96f3a27b9,2
dev_021003055111111_1-rectangle,classification/val/2/021003055111111_1-rectangle.jpg,774a0c09ee23fe266bd39204cb63ab9a6e45e3547acfaa869a12fd33ab9f013a,2
dev_021003055111112_1-rectangle,classification/val/2/021003055111112_1-rectangle.jpg,b174ae42c7dfeb771411ce9fe9abad79692395298e1f0a644470587fc5c72f52,2
dev_021003055111113_1-rectangle,classification/val/2/021003055111113_1-rectangle.jpg,22abb8d190d66521ac922646fddd1bdaf43771ea9fc09bc994f3bdf5c843ef89,2
dev_021003055111114_1-rectangle,classification/val/2/021003055111114_1-rectangle.jpg,7f8a99868b13a823a000ff82e6fbcace30762cbd1e276d523341ef733f5b7b6b,2
dev_021003055111115_1-rectangle,classification/val/2/021003055111115_1-rectangle.jpg,5392fb2515e62b097ac23fa2a44edb1c3df597d67e581890b4e20b94fdd3d955,2
dev_021003055111116_1-rectangle,classification/val/2/021003055111116_1-rectangle.jpg,f239f632f765bd2714cfb4929336639ec5870cfb65d20280700e76a2c542fbf4,2
dev_021003055111117_1-rectangle,classification/val/2/021003055111117_1-rectangle.jpg,b1e8fdddadaf45b0afffde5be7ada4bd1e710e39f9952a9f4a4879fc3c8e0a39,1
dev_021003059111101_1-rectangle,classification/val/2/021003059111101_1-rectangle.jpg,591f41027329752eee60010842897908a61de3a5b08f05740aee9185d2659ba1,2
dev_021003059111102_1-rectangle,classification/val/2/021003059111102_1-rectangle.jpg,61cdcad182f956812baff520452f6c980fc48edff67bfd378eedb5af463e6d90,2
dev_021003059111103_1-rectangle,classification/val/2/021003059111103_1-rectangle.jpg,6ed0654e873a19bc655d3f4ebb79802c74a456a1eb7ddc22b280d7c1434eeb35,2
dev_021003059111104_1-rectangle,classification/val/2/021003059111104_1-rectangle.jpg,abe35d879981bdf8425de77f8bcd971c47bb6e50c1bf884514b88ee5ed554718,3
dev_021003059111105_1-rectangle,classification/val/2/021003059111105_1-rectangle.jpg,f0ecd00505434f664488bd9fa31358fe4bc232a02852b26b17bb6e107fa5d64e,2
dev_021003059111106_1-rectangle,classification/val/2/021003059111106_1-rectangle.jpg,e20c5718b36774dbdaf6883c23a4f5b055f691633bb92826800a84aa0f5663be,2
dev_021003059111107_1-rectangle,classification/val/2/021003059111107_1-rectangle.jpg,530d74c9185faf17dabbb399810151fed4159089dccf38e5151264ef00932650,2
dev_021003059111108_1-rectangle,classification/val/2/021003059111108_1-rectangle.jpg,a8601dfb8ee1cd9f5d3c17c5325768d031801d9d54c3f3476c76f0f91ad04310,2
dev_021003059111109_1-rectangle,classification/val/2/021003059111109_1-rectangle.jpg,3e330913c7e990d1313635d2ddf47d28a3aafb07b25dc8e2d3b5e1cdbcbe9d1f,1
dev_021003059111110_1-rectangle,classification/val/2/021003059111110_1-rectangle.jpg,5c67ce8b1da2231f7382175829370b3f9ebbf22c644817894c92eb1c02dadf59,2
dev_021003059111111_1-rectangle,classification/val/2/021003059111111_1-rectangle.jpg,802efe07563291939227f2755a218dc5c6b55c5bab1e6368104fa77f5c4a0451,2
dev_021003059111112_1-rectangle,classification/val/2/021003059111112_1-rectangle.jpg,969016bc163be7db4924e78a97f1ca09f12035fa15782e6a03ab52e318849c90,2
dev_021003059111113_1-rectangle,classification/val/2/021003059111113_1-rectangle.jpg,6313a93c747f8f716b8c84e40ad780eb91acbe120b54176d70355acf5d4c170a,2
dev_021003059111114_1-rectangle,classification/val/2/021003059111114_1-rectangle.jpg,6cc2e2954778539ed98afa8954941dcee310580fd5ee1efbeabfa712d350f4ec,2
dev_021003059111115_1-rectangle,classification/val/2/021003059111115_1-rectangle.jpg,ff5be9c7f70655ad4e6eb8cfdd14178b9b99a1e531ade6d63c136af1db64f0a9,2
dev_021003059111116_1-rectangle,classification/val/2/021003059111116_1-rectangle.jpg,eebe133887792bfc3496e3a828e2ed1047d0f099db42032d933e0fbfb6fc775c,2
dev_021003059111117_1-rectangle,classification/val/2/021003059111117_1-rectangle.jpg,fb7bc5883c91534b31d92a0ad5777de3e10e5a85d853b18867c8812a7717b09d,2
dev_021003059111118_1-rectangle,classification/val/2/021003059111118_1-rectangle.jpg,a44300b420283e47aba6877528bdd76da0cd77b78470072d5d24c5521a1464dc,2
dev_021003059111119_1-rectangle,classification/val/2/021003059111119_1-rectangle.jpg,9f14d29ba0bf7c3a3eaf8149dacc042d955000937d5c112b0714fe627d158f64,2
dev_021003059111120_1-rectangle,classification/val/2/021003059111120_1-rectangle.jpg,301c396d611e484b746b197eb107601bb63a689a920328ed7fd44c8d84454c4e,2
dev_021003059111121_1-rectangle,classification/val/2/021003059111121_1-rectangle.jpg,3b89857dc462f6a8ca1e60d9ace22de4d3fc822aff30639d107ecaa154418f1d,2
dev_021003059111122_1-rectangle,classification/val/2/021003059111122_1-rectangle.jpg,d34815fa7292a1668198eaca71933bff5eff76b0e724cf1a45346a110b5b5538,2
dev_021003059111123_1-rectangle,classification/val/2/021003059111123_1-rectangle.jpg,bdd4a0d3f281ab2b13811db1323b5268dea7aea7b21e3d36e1cdeb10bc9cca87,2
dev_021003059111124_1-rectangle,classification/val/2/021003059111124_1-rectangle.jpg,451ccf15e7a7dcee92e050a4d151d8b642098baf8d787043412d72dd165f8e22,2
dev_021003059111125_1-rectangle,classification/val/2/021003059111125_1-rectangle.jpg,c08e179a4cacf20d27130f29eb1e1274f15ceffabbe55e1df265fa8e4421a254,3
dev_021003060111101_1-rectangle,classification/val/2/021003060111101_1-rectangle.jpg,bd79435d75ff333987fb88ae551fe8d8a1d07ee03bf3c4b2bfb0bcce5e86dc6b,2
dev_021003060111102_1-rectangle,classification/val/2/021003060111102_1-rectangle.jpg,a176a6675f9709ffe0e2c083e3fb80f8b27d40191eb7a6656fdf886bb3f5c046,2
dev_021003060111103_1-rectangle,classification/val/2/021003060111103_1-rectangle.jpg,c0cc03a598bf8e4616263ef67480b9c7769aeee7506ce457762e566def65b88e,2
dev_021003060111104_1-rectangle,classification/val/2/021003060111104_1-rectangle.jpg,3227ea2d99a564fab9459ecdec7d7d5b743494cd83768e7da5e78ddf4b6134e7,2
dev_021003060111105_1-rectangle,classification/val/2/021003060111105_1-rectangle.jpg,7d470fc3beabe532ae210831c8bbb7854303a61fef8e10d869f7ac20bfdbb04f,2
dev_021003060111106_1-rectangle,classification/val/2/021003060111106_1-rectangle.jpg,a67617390d3c672f5e6bf4181e30c7855ade0ed15a4d9a8fe2e6f15458828ab3,2
dev_021003060111107_1-rectangle,classification/val/2/021003060111107_1-rectangle.jpg,904f7650d7293a42c275cc13180686c72617f82e13c2ad14c31933c6fb3b4fa9,3
dev_021003060111108_1-rectangle,classification/val/2/021003060111108_1-rectangle.jpg,25793a982105725ffc82bb1c9aa68f939b740c79988819fc45783ad9085639b2,2
dev_021003060111109_1-rectangle,classification/val/2/021003060111109_1-rectangle.jpg,86c5a3d800231f5a04bf8c4dad87d25fd41423406ab18f85fc09195ec28fd022,2
dev_021003060111110_1-rectangle,classification/val/2/021003060111110_1-rectangle.jpg,7aee84f010a7756a3ebbb54ad161af6e71c052746a296539c9cb74fa63f82c34,2
dev_021003060111111_1-rectangle,classification/val/2/021003060111111_1-rectangle.jpg,b0bd72d64f315556fe4e47c9642d860bd8be8176b3d79d25e3c97618d2fe7007,2
dev_021003060111112_1-rectangle,classification/val/2/021003060111112_1-rectangle.jpg,ad9c6624891576f4ce460863ac14d0c548d4fbf4841034cf0d8fe8196d147b9b,0
dev_021003060111113_1-rectangle,classification/val/2/021003060111113_1-rectangle.jpg,a770bc8cc039502e6a6fc2da9bd6718cfe0db43da86407317348da5b16b03bb7,4
dev_021003060111114_1-rectangle,classification/val/2/021003060111114_1-rectangle.jpg,9efcaf47c429daec727dd1894d5b34dd81cb70a0136a25a871df072c79c1e2a7,2
dev_021003060111115_1-rectangle,classification/val/2/021003060111115_1-rectangle.jpg,2e1b1aa61a18cdd011bf00ddb8cd72ed4efd2fb77ef927a4067f2874624681e2,2
dev_021003060111116_1-rectangle,classification/val/2/021003060111116_1-rectangle.jpg,901a0200bcf8c62553e99b46bde73ccf2308766287e50c56061591f377470f9c,2
dev_021003060111117_1-rectangle,classification/val/2/021003060111117_1-rectangle.jpg,630e8e32836ef3e69d71015c3d5f12a5fcd4c0474c1d4d7919b3215cd4ee20b3,2
dev_021003060111118_1-rectangle,classification/val/2/021003060111118_1-rectangle.jpg,d58a99ad2717359b6fae2d6ad2c775411af1b9a8afcaae152602c7a5f4cf34a1,2
dev_021003060111119_1-rectangle,classification/val/2/021003060111119_1-rectangle.jpg,76accbe790bce02b6a76921ad48029a93160c391629e39e07f98ae3e1d934f9c,2
dev_021003060111120_1-rectangle,classification/val/2/021003060111120_1-rectangle.jpg,4f740b1ef1d7c2171999d03d29d92c762e4f3115c8aaca68a7899f4ae920ee4d,3
dev_021003060111121_1-rectangle,classification/val/2/021003060111121_1-rectangle.jpg,73d8b5641187c48e7ab4de15acd9c232a0f0265a0b05d210fdb1f4232702020a,2
dev_021003060111122_1-rectangle,classification/val/2/021003060111122_1-rectangle.jpg,1b069d383553f9e5a5462e7664e8c865fbe2eb983ae85ff36ef8e662907da65f,2
dev_021003060111123_1-rectangle,classification/val/2/021003060111123_1-rectangle.jpg,ef00b830330abf371fc6bee8210ad3d797c580f6392f47fd451f99eb15480a9e,2
dev_021003060111124_1-rectangle,classification/val/2/021003060111124_1-rectangle.jpg,28dc74c407ea6213780b64acf2cf2f7949499c401b80d02e6b5dacef6efce280,2
dev_021003060111125_1-rectangle,classification/val/2/021003060111125_1-rectangle.jpg,2226aa63a388f5fbf443c0300c25845748c0276e69f712e316ce23ea0480eb1e,2
dev_021003060111126_1-rectangle,classification/val/2/021003060111126_1-rectangle.jpg,98ceba8b882e61b19681cfe8260492d6a64cb52b0e2e107b86896e98772ca489,2
dev_021003060111127_1-rectangle,classification/val/2/021003060111127_1-rectangle.jpg,8f7cec5f79bc94a1100e8fcc3a102de6a1ab049967ff0f47d3b4e0d95296653f,2
dev_021003060111128_1-rectangle,classification/val/2/021003060111128_1-rectangle.jpg,10d96c8b263ca6c8cb2f44fe7fd4f8736a8f56f149aa22382e1b91ac3db90cd5,2
dev_021003069111101_1-rectangle,classification/val/2/021003069111101_1-rectangle.jpg,5829e4b07dbe29d9d9c413d3ce827a7bc6ec682de3d9c6e8b6fe0e0526764848,2
dev_021003069111102_1-rectangle,classification/val/2/021003069111102_1-rectangle.jpg,40b7d9698be2c5d0180ef380b66579820a61f91893e1ce18ee7631d6db87cf41,3
dev_021003069111103_1-rectangle,classification/val/2/021003069111103_1-rectangle.jpg,5b3d8eb9b6328f4468282908b59943a826c154c0d530317fbcbd159ead2c75a4,2
dev_021003069111104_1-rectangle,classification/val/2/021003069111104_1-rectangle.jpg,2d1caed57a48a67854157b18c62b8c6038e5d30a651037bd240bc4db889dacf8,4
dev_021003069111105_1-rectangle,classification/val/2/021003069111105_1-rectangle.jpg,7cecc38fbefceb64f9ac5e8df896848950be6cd6064a31aa9cb60c6797e378de,2
dev_021003069111106_1-rectangle,classification/val/2/021003069111106_1-rectangle.jpg,cc548d46190b59a6841b9c8d10817e827249e06f6f2f086bc205fef05c535b70,2
dev_021003069111107_1-rectangle,classification/val/2/021003069111107_1-rectangle.jpg,c0105fe3a94de29c52359b4474a548482ee53f44293036851542959c02ac4375,2
dev_021003069111108_1-rectangle,classification/val/2/021003069111108_1-rectangle.jpg,a05fb2fffe1092aeea3bf2a8cdc25656ee85a496eb535b85a1dc03264ef3be81,2
dev_021003069111109_1-rectangle,classification/val/2/021003069111109_1-rectangle.jpg,05b830751212126f14dcc3307466b73515c1ab691653ec4b61c596497fd290e6,2
dev_021003069111110_1-rectangle,classification/val/2/021003069111110_1-rectangle.jpg,9fcc1048ad7110ba4e6ef6535eedcdf218baef5c9c7f3b08749cf8447fd1ba3c,2
dev_021003069111111_1-rectangle,classification/val/2/021003069111111_1-rectangle.jpg,62cf1ae616707abdc7402181c81da3294240cdd7765d60cf70aaffd6e21e0f48,2
dev_021003069111112_1-rectangle,classification/val/2/021003069111112_1-rectangle.jpg,7af5e2eb0840aadd6758086b28aa8264503ec0a0af3aa3eb3823b265b9aaf4cb,2
dev_021003069111113_1-rectangle,classification/val/2/021003069111113_1-rectangle.jpg,42529f20376f99fcc20065ca052de999faa5ce43fed04b2b2c95193d1966c4b7,2
dev_021003069111114_1-rectangle,classification/val/2/021003069111114_1-rectangle.jpg,4c127a8a11c66534e1a8d0932aa68d020381e9472bef0b73d70b746e655d0bbd,1
dev_021003069111115_1-rectangle,classification/val/2/021003069111115_1-rectangle.jpg,9a9890b7b1f886dc683d70e9d3d583ab62a7ec7064b20c930c9732a487519bb3,2
dev_021003069111116_1-rectangle,classification/val/2/021003069111116_1-rectangle.jpg,1bf551117313de447abce03a1ae6ca9194165133b4b87180522fb0bb4006d387,2
dev_021003069111117_1-rectangle,classification/val/2/021003069111117_1-rectangle.jpg,e98cc5b97d4c65abbe2026e641db544ae4740e752c3298de251603f3269159d8,2
dev_021003069111118_1-rectangle,classification/val/2/021003069111118_1-rectangle.jpg,0c9030bf5d010214c9290fb0a63bf14695606a9656fd1378f884e0728100c8e9,2
dev_021003069111119_1-rectangle,classification/val/2/021003069111119_1-rectangle.jpg,ab136e5eca009c9bfa567af92bfe75e39c28ec378c2d19fd9bfcc46214fbb744,2
dev_021003069111120_1-rectangle,classification/val/2/021003069111120_1-rectangle.jpg,df47b0a73099e59f18a6ed8bba2812d1b624618bce64e18e8700110bb5f7f67c,2
dev_021003069111121_1-rectangle,classification/val/2/021003069111121_1-rectangle.jpg,9150b463762d0412e2b82d6b3b15dac21f0ca023965faf37a542ac0e0734a259,2
dev_021003069111122_1-rectangle,classification/val/2/021003069111122_1-rectangle.jpg,eb84cf737bc43a0fb2fe9778d34e5915cb20f497eff3bf4eabbcaacc1138dabf,2
dev_021003069111123_1-rectangle,classification/val/2/021003069111123_1-rectangle.jpg,92fe313e13b7448612eb4aa8c4f4e497841bcee5eb21917c2f7ca04de846d658,2
dev_021003069111124_1-rectangle,classification/val/2/021003069111124_1-rectangle.jpg,6dbd601d1d9e0ddbd9721b84dea5c5e5d94301c61da75e1ac7a21c8536c5d71c,2
dev_021003069111125_1-rectangle,classification/val/2/021003069111125_1-rectangle.jpg,764067f3df7063403303e362eb1d32a046ab8e1a746b610ad9911579f5cdd9ea,2
dev_021003075111101_1-rectangle,classification/val/2/021003075111101_1-rectangle.jpg,edb8407d8c9801b519b6370ec8a67e684e0ecb486a8d603ef4c960891693ce83,2
dev_021003075111102_1-rectangle,classification/val/2/021003075111102_1-rectangle.jpg,b285150a81a557d1929a6e04c40f5202abd2ab963ab6f2295afb1407e460ccf8,2
dev_021003075111103_1-rectangle,classification/val/2/021003075111103_1-rectangle.jpg,2adccfd4a27e8b02754f254070b313914b638a9b500ec3365bcdb07ce2ff3ea0,2
dev_021003075111104_1-rectangle,classification/val/2/021003075111104_1-rectangle.jpg,ad50f59544993b72002bf00fcf6236fcd13d14d1efc9f89610b15a99c6e903d0,2
dev_021003075111105_1-rectangle,classification/val/2/021003075111105_1-rectangle.jpg,fa0004cd0ee198528fbb527e32115f7195c448764f4050dae268e8a09dfbb138,2
dev_021003075111106_1-rectangle,classification/val/2/021003075111106_1-rectangle.jpg,70faada46ea40af472d0e50080390667ab2b7cee8e18d42b9b69f2199552d6ee,2
dev_021003075111107_1-rectangle,classification/val/2/021003075111107_1-rectangle.jpg,a9f1c42752ead1c94ec69c00a3828d36b4798c53a3459317ee01760532090606,1
dev_021003075111108_1-rectangle,classification/val/2/021003075111108_1-rectangle.jpg,b2be8eac3a1bbce520ac3bca3317a5f8abc6a15f687932e4edc2e985b34514b0,2
dev_021003075111109_1-rectangle,classification/val/2/021003075111109_1-rectangle.jpg,0b93418236c1e09f2a0ace26d927a7c57b0fdb6d6bced894d580647013d697e9,2
dev_021003075111110_1-rectangle,classification/val/2/021003075111110_1-rectangle.jpg,4e3d2af26fa7c21453f4af520bea41ce04f5d2bb12d4fbf3c3cbeffe4c753293,2
dev_021003075111111_1-rectangle,classification/val/2/021003075111111_1-rectangle.jpg,85f9d76bb3de17200b8314cc80cf15da12456b1cc84f29af7e772715275648ec,2
dev_021003075111112_1-rectangle,classification/val/2/021003075111112_1-rectangle.jpg,b49cff70af7dd3a752d51b0d2b72fe0b1d52862c4a566a28c8ad9cbbc254a7cb,2
dev_021003075111113_1-rectangle,classification/val/2/021003075111113_1-rectangle.jpg,0a0f4f71951b8c5254c9b143e06e14bb727dd8bfec17f229acf11718325a3362,2
dev_021003075111114_1-rectangle,classification/val/2/021003075111114_1-rectangle.jpg,5196985f26e7c4dc4e3b265969d8e326866cd7e4977b2a3db80c400094bb8041,2
dev_021003075111115_1-rectangle,classification/val/2/021003075111115_1-rectangle.jpg,bac44cfa08fafb7a9dfdd289b518766260700c95fed3b655bfdc3fdd24d11eae,2
dev_021003075111116_1-rectangle,classification/val/2/021003075111116_1-rectangle.jpg,7e3c50fd3838fac4d6f7003a2432d6c859385379c70d2a0c9114cba9d55fc426,2
dev_021003075111117_1-rectangle,classification/val/2/021003075111117_1-rectangle.jpg,0bcfd0b6854bd2787db33157394dc3116ded6cc6e24904bf6e23b560c0b23139,2
dev_021003075111118_1-rectangle,classification/val/2/021003075111118_1-rectangle.jpg,0b8d0e23e45339c876661c8d109a791dfff9450bd3d30aa1960fab7932d10270,2
dev_021003075111119_1-rectangle,classification/val/2/021003075111119_1-rectangle.jpg,1365d4120978ca88fef96e7c7ed12edb946484c3bf6cdaf7324ec822b1bbdcc0,2
dev_021003075111120_1-rectangle,classification/val/2/021003075111120_1-rectangle.jpg,ca34d76a6728545695c3dc49e31f045bc0c13164289de1275b468f62b36188e1,2
dev_021003075111121_1-rectangle,classification/val/2/021003075111121_1-rectangle.jpg,067ab0b966eca579575480da0402ae11bc997e53a63018bf82560d3ecaf6227a,2
dev_021003075111122_1-rectangle,classification/val/2/021003075111122_1-rectangle.jpg,2e611df8848ee2459cfe53874fea4960d1e96cdfd8aa05a195fd2809e05e3ed6,2
dev_021003075111123_1-rectangle,classification/val/2/021003075111123_1-rectangle.jpg,65b3f5d3b8eea3df481a1a95f11bfc90f2d946d26477df32c9369c9b4f3e8868,2
dev_021003076111101_1-rectangle,classification/val/2/021003076111101_1-rectangle.jpg,cbfa39916a3b12207c749ac0d8e53fceaaf264b972ad732d598b7cf31b8dd79d,2
dev_021003076111102_1-rectangle,classification/val/2/021003076111102_1-rectangle.jpg,869025e2b7be2414ba1c09b2eca6cd0b72a8790cda47eb822b92e9848a53c3cd,2
dev_021003076111103_1-rectangle,classification/val/2/021003076111103_1-rectangle.jpg,b97354da70f88b01ff3272d84509db000fd473c1672e6638b4aa0d64531842a9,2
dev_021003076111104_1-rectangle,classification/val/2/021003076111104_1-rectangle.jpg,1f0384dd0e65c7b262082b41e9fdcf21418ca7dabe7cd910b35e1de053f81cb0,2
dev_021003076111105_1-rectangle,classification/val/2/021003076111105_1-rectangle.jpg,90dce500c149a1eeed97584fac21c7ce8599fa87e02ffc679a60070b1b557af6,2
dev_021003076111106_1-rectangle,classification/val/2/021003076111106_1-rectangle.jpg,7781145b49e2c60d56915279d75307424d26c6bacf2a8085ced08d014224da3b,2
dev_021003076111107_1-rectangle,classification/val/2/021003076111107_1-rectangle.jpg,df761504ad47b82654816fac97a36ad34ea188f321b9791f28dd470f6c6a95cd,2
dev_021003076111108_1-rectangle,classification/val/2/021003076111108_1-rectangle.jpg,88109be1e15f01c7fe523d28a71da6cb3eed4817aa2473334d5a599a028f06b8,2
dev_021003076111109_1-rectangle,classification/val/2/021003076111109_1-rectangle.jpg,beabe87b631492fb8130e3b513017187fecec09814aa997931a23bab053db42b,2
dev_021003076111110_1-rectangle,classification/val/2/021003076111110_1-rectangle.jpg,9d4a930473db358a653300d26c600f2943a48ad4a97217f51b791380f99f003b,2
dev_021003076111111_1-rectangle,classification/val/2/021003076111111_1-rectangle.jpg,4d0ee388e91759d2e2fcbc04a1e7affbdc759fb644a005361a9157a95ded6708,1
dev_021003076111112_1-rectangle,classification/val/2/021003076111112_1-rectangle.jpg,3ffe58842175262f9b9d308f68184cba7a659cb1efdc609f94bbf2884007275d,2
dev_021003076111113_1-rectangle,classification/val/2/021003076111113_1-rectangle.jpg,6b2a71f98d058e4e4274c4f6b1f16375b900c247a5405894e9169b7eabc3b4a9,2
dev_021003076111114_1-rectangle,classification/val/2/021003076111114_1-rectangle.jpg,80dc6048f92e60d543a9c36e8d86d49f3afaf03beb9602d5db72cc81d18bf4d4,2
dev_021003076111115_1-rectangle,classification/val/2/021003076111115_1-rectangle.jpg,02703a6fdb8b501ca9fa9aa77a297d64d0aaa19ea8660d1b8646cf090f09f96a,2
dev_021003076111116_1-rectangle,classification/val/2/021003076111116_1-rectangle.jpg,cdaa19262607c3c123de21b3b5f449d7f093101a839f2f454bd73e5b68ae671c,2
dev_021003076111117_1-rectangle,classification/val/2/021003076111117_1-rectangle.jpg,8a9ec0e7923f73ecc16dc57bf208c05a469647b50bc4f6232c3b08b5057db897,2
dev_021003076111118_1-rectangle,classification/val/2/021003076111118_1-rectangle.jpg,2d994ad1c658aaf6a19729e4bcf197aafa0d5c0852432d9753a443e1150c9349,3
dev_021003076111119_1-rectangle,classification/val/2/021003076111119_1-rectangle.jpg,3690142d8ce8cf2c054539757207dbd4ee80cc7e0cf5fdb31b5ecd775331befe,2
dev_021003076111120_1-rectangle,classification/val/2/021003076111120_1-rectangle.jpg,e175cc4fbf7a796cd1cef584823444ac17230a77159e1f89cec743d428285b74,2
dev_021003076111121_1-rectangle,classification/val/2/021003076111121_1-rectangle.jpg,68adfa54d8c61c67b59b5ee2f161462bf893081d3d7608bc9e1e1053445c5b2a,2
dev_021003076111122_1-rectangle,classification/val/2/021003076111122_1-rectangle.jpg,d98e51c6df25af16d3d4ca373fa6e10647fc7688d08252c22e148c9afe31bd5f,2
dev_021003076111123_1-rectangle,classification/val/2/021003076111123_1-rectangle.jpg,f85ab84b2313fe8129e20dc58488fd1d9f8ba757ea511c3594f87790a3764f84,2
dev_021003081111101_1-rectangle,classification/val/2/021003081111101_1-rectangle.jpg,ab8b624fcabfc80a77aaaf548e461f98f61a7f58d36129ddd688bd64169a014a,2
dev_021003081111102_1-rectangle,classification/val/2/021003081111102_1-rectangle.jpg,8311602609dbf6f7981379fcb83d0fdb9a73e868b351a6842a9972622291621f,2
dev_021003081111103_1-rectangle,classification/val/2/021003081111103_1-rectangle.jpg,c67e8c98d5c8b6ad12784aa44790b930cce319916ee9c52778a27294e953a7d3,2
dev_021003081111104_1-rectangle,classification/val/2/021003081111104_1-rectangle.jpg,556fe05c9da5047bd301e78a934da72de91d25bca8a773fc8712f9c9d8d6d60c,2
dev_021003081111105_1-rectangle,classification/val/2/021003081111105_1-rectangle.jpg,a3df138706fdd08db544f7ba6ac1b1170c5d802f25d3f6709858fdd503ba6f4b,2
dev_021003081111106_1-rectangle,classification/val/2/021003081111106_1-rectangle.jpg,e1dc9d630b5f58123dbe9d9732fe7b19644b20338168033265ce1b121914d651,2
dev_021003081111107_1-rectangle,classification/val/2/021003081111107_1-rectangle.jpg,e8467f90a9fe3dba1952329ab6cbe91d4390c91670c0788b4baec177e764c31f,2
dev_021003081111108_1-rectangle,classification/val/2/021003081111108_1-rectangle.jpg,70e60fb88dcf98bd9117f29a1a1aba2b5c292fe738b3f6740768e6ee42d978e7,2
dev_021003081111109_1-rectangle,classification/val/2/021003081111109_1-rectangle.jpg,9e8eb034c431565254995d5fae1b8ad42ec613cbe20e10da6995917a85cdcfe4,2
dev_021003081111110_1-rectangle,classification/val/2/021003081111110_1-rectangle.jpg,ebaeac6dee6ae0f53236f3a73faacecac62766191d41aaa14ec858ddab37cfe0,2
dev_021003081111111_1-rectangle,classification/val/2/021003081111111_1-rectangle.jpg,cdb1d7b436a57b1a83cf48d4965e26dd437a868a55bbd6ac3ece43e38440394a,2
dev_021003081111112_1-rectangle,classification/val/2/021003081111112_1-rectangle.jpg,073120c3a28b5706b7ead20f4bdeb41a12e92c0bf41a1ca89e41e84a65ba6030,2
dev_021003081111113_1-rectangle,classification/val/2/021003081111113_1-rectangle.jpg,d149e7d6ed2ea2e51223cdb09c7f78d2021830cca914cbf5150c564e483060e3,2
dev_021003081111114_1-rectangle,classification/val/2/021003081111114_1-rectangle.jpg,c2aeca049179f801f7ff982f1db23ed65c9882a441cc597da1f7518a0f234780,2
dev_021003081111115_1-rectangle,classification/val/2/021003081111115_1-rectangle.jpg,3156a8029e2f186dbf6ceace70b7244bd5b8ac98485d33fdc8e92c6701224f04,2
dev_021003081111116_1-rectangle,classification/val/2/021003081111116_1-rectangle.jpg,11c5c3ee56ad11cc30098f457e76438f005dcbe0ec337f654b481b03ba1b347d,2
dev_021003081111117_1-rectangle,classification/val/2/021003081111117_1-rectangle.jpg,af47ab954d785bb9d2f7c666f302b58898795ebd1fb3f313c0cfb01783a49aa3,2
dev_021003081111118_1-rectangle,classification/val/2/021003081111118_1-rectangle.jpg,576064a2b99b96a18eb37ae2ac21aca93e4d26bbac8e5373ddfdb579df933966,2
dev_021003081111119_1-rectangle,classification/val/2/021003081111119_1-rectangle.jpg,81d8dc8d95b6a313ca3054d40b3f5d9e443d4acd975e4fe87a31ef22782d751e,2
dev_021003081111120_1-rectangle,classification/val/2/021003081111120_1-rectangle.jpg,d6f65d56807952b101a62eeb01670eecedf0a193ca2390373c994d05ff161cf0,2
dev_021003081111121_1-rectangle,classification/val/2/021003081111121_1-rectangle.jpg,25f366b5ceb5df77436c34717053eff614bdb8978b2ca89b55a39f47525956c6,2
dev_021003081111122_1-rectangle,classification/val/2/021003081111122_1-rectangle.jpg,1eb2c5200a27c56615d744644c9220d5c9889b0f3c2285667a45f934916a6097,3
dev_021003081111123_1-rectangle,classification/val/2/021003081111123_1-rectangle.jpg,e18f850371fd92f51fffd0d9f13dcd27f11160dc7dbfc1f16fb586b78921bca2,2
dev_021003081111124_1-rectangle,classification/val/2/021003081111124_1-rectangle.jpg,ab74eef4628e4c6effe7109d504093e10b5b8ee231db2514deae7499c075136c,2
dev_021003081111125_1-rectangle,classification/val/2/021003081111125_1-rectangle.jpg,5f1152c56c933a829a8a9f637f629abc70c6ac2c74bef969a63ecf18fe2a8ccb,0
dev_021003090111101_1-rectangle,classification/val/2/021003090111101_1-rectangle.jpg,438c563eaefea68c2b55ae93273bf7bdd9eba4c1e1c1967e39958023f8952d6e,2
dev_021003090111102_1-rectangle,classification/val/2/021003090111102_1-rectangle.jpg,7f4583eb0f61082d4ea49f7b8c7972fe227c7f8a7e57554565e3a2c5623d1493,2
dev_021003090111103_1-rectangle,classification/val/2/021003090111103_1-rectangle.jpg,31feb4dffd4cb1ac91f48b924e0a47e9be8f14d50d91a62bbb6aedc028144171,2
dev_021003090111104_1-rectangle,classification/val/2/021003090111104_1-rectangle.jpg,12af2dcb4ae949e29a6a70fc1843b661ea3b05b0be3793fcacd84d4cd31b5cae,2
dev_021003090111105_1-rectangle,classification/val/2/021003090111105_1-rectangle.jpg,741001c29aaa85f9674aa96a40a3ce828ac50c53e4db16f46417e607ea40619c,2
dev_021003090111106_1-rectangle,classification/val/2/021003090111106_1-rectangle.jpg,2ae7285985483f8a66efe39c78e0150de64318c5ef1601719278c216c0a83eb0,2
dev_021003090111107_1-rectangle,classification/val/2/021003090111107_1-rectangle.jpg,baa6da846e1facd94df88d4712f1060328e573495b593745ec4b543aec781883,2
dev_021003090111108_1-rectangle,classification/val/2/021003090111108_1-rectangle.jpg,f2d96d541f4ca4a20c5995c14d825bbd2c4515d470a073a7e074d8e68887a119,2
dev_021003090111109_1-rectangle,classification/val/2/021003090111109_1-rectangle.jpg,5b17b5e0b7bdab3785a3a2344a5cdaf440b39c50b8815f7ef9ed7c7660e8a0e9,2
dev_021003090111110_1-rectangle,classification/val/2/021003090111110_1-rectangle.jpg,998a85eb38b829ad8e3c90018c04bf5fc764e1e8b0b2930f40707cfe5af1b375,2
dev_021003090111111_1-rectangle,classification/val/2/021003090111111_1-rectangle.jpg,a2faa82ee4e110027801a419f4e05433bb1baddd9ede1b7bf21d70303f167ccf,2
dev_021003090111112_1-rectangle,classification/val/2/021003090111112_1-rectangle.jpg,ddfe3fcaae2fab1c742e719cd8dc468de04ffa2c70d2f1b7e87979b48d4bc763,2
dev_021003090111113_1-rectangle,classification/val/2/021003090111113_1-rectangle.jpg,121c7f4da00685116716f743d9580a433c28d8858ddc611fe4926e89be7076d6,2
dev_021003090111114_1-rectangle,classification/val/2/021003090111114_1-rectangle.jpg,4e47199db92b72acbbda8e35e09e06c825e26ec4aba72ee8283f7fd4fffdaad3,2
dev_021003090111115_1-rectangle,classification/val/2/021003090111115_1-rectangle.jpg,9fd899655c2398aaf0e8303d4e40fbf8f5713d2a926277499d57079745cc7fd6,2
dev_021003090111116_1-rectangle,classification/val/2/021003090111116_1-rectangle.jpg,3f1ffab6aae9b0fad3a81abc4f676d395a485fb1b94f98119859990c3b93dbda,2
dev_021003090111117_1-rectangle,classification/val/2/021003090111117_1-rectangle.jpg,791d7f37acf14cf7d48a8429a597b82927f35bfd5e100690d7ee2785f854c8e0,2
dev_021003090111118_1-rectangle,classification/val/2/021003090111118_1-rectangle.jpg,7416dbd82c1484a2b2f3ad92ff4e40d3c8fecd171c52a89bc6d2f6691ca76b25,2
dev_021003090111119_1-rectangle,classification/val/2/021003090111119_1-rectangle.jpg,9090bcf4289b32d86cd1d7638294609a5b1a772aa02ede3af36fe243709c2bc4,2
dev_021003090111120_1-rectangle,classification/val/2/021003090111120_1-rectangle.jpg,06bc6bb6ed081788ad06deb4aa6a5ac6503a94c8b18646f353e932408f58ad25,2
dev_021003090111121_1-rectangle,classification/val/2/021003090111121_1-rectangle.jpg,be359317a2cd98d056287372405a879559185e336de5627e589e686bee3f89c4,2
dev_021003090111122_1-rectangle,classification/val/2/021003090111122_1-rectangle.jpg,f3c93e7b84d6880f6fb6efc3193e8e773665e1129ae4a2f6e4dbf65fe968776b,2
dev_021003090111123_1-rectangle,classification/val/2/021003090111123_1-rectangle.jpg,9a0865bb5e3f87d376b321eab6c0e1a06bcbf13beff95af769eda61e14d8e939,2
dev_021006010111101_1-rectangle,classification/val/3/021006010111101_1-rectangle.jpg,b37a8e2e7c8e7dbdc9ecc7dd8bf38d9d2c10d11907b65e702e03823d90f3f54a,3
dev_021006010111102_1-rectangle,classification/val/3/021006010111102_1-rectangle.jpg,e52037fb137b53d07b39b3d5b7655288b953b59e1f0f8ed8cdf543a494bdcef2,3
dev_021006010111103_1-rectangle,classification/val/3/021006010111103_1-rectangle.jpg,187e37570e2bbf953db8da8a496b3b36c345c0c4df5fdd49bba2f169cb28ed7d,3
dev_021006010111104_1-rectangle,classification/val/3/021006010111104_1-rectangle.jpg,d628d0085ce36ab2ddc7f694fba75a0d08ec3e62beebc2f413868990d939b9cf,3
dev_021006010111105_1-rectangle,classification/val/3/021006010111105_1-rectangle.jpg,8eaaf99e27096f280d4fdde610192e97c5f80bf198ab648450ed147f634196fe,3
dev_021006010111106_1-rectangle,classification/val/3/021006010111106_1-rectangle.jpg,6dd3ca41e5e6955a6dd56b85ce97d3d75ee0407160c23424fb94b5b32b5f2ad8,3
dev_021006010111107_1-rectangle,classification/val/3/021006010111107_1-rectangle.jpg,4756dcba52032927baefc1fb2f98f6a3b336b135aaf328321952f09e1ed30611,3
dev_021006010111108_1-rectangle,classification/val/3/021006010111108_1-rectangle.jpg,20f6a01f5fd38c92febbfe5649861cc8bffea43c54118a0663011192ae0f01cd,3
dev_021006010111109_1-rectangle,classification/val/3/021006010111109_1-rectangle.jpg,06a51517af814f2618d76adb82a61a19e96f1b28817b9f74afbf25126b1642d5,1
dev_021006010111110_1-rectangle,classification/val/3/021006010111110_1-rectangle.jpg,1bfe603f347dbfbed630721ac77667d04fa2c310e3a7c26bc184f683c8f9a7ca,3
dev_021006010111111_1-rectangle,classification/val/3/021006010111111_1-rectangle.jpg,454934fa1613adbc88e622099ea5cb8ad499971a03b117f8fe16086533d4a5bd,3
dev_021006010111112_1-rectangle,classification/val/3/021006010111112_1-rectangle.jpg,23ddf43c2f7deb9bb4391bc43b2a6f7b4776dcb5080ea20ebcd93b5f8ee3dd6d,4
dev_021006010111113_1-rectangle,classification/val/3/021006010111113_1-rectangle.jpg,0b4029051b3520129f516466e5b0153b069dec2a4e0c20c98a73bc3d15fcee5f,3
dev_021006010111114_1-rectangle,classification/val/3/021006010111114_1-rectangle.jpg,5f98ca9b91bcb99f209688528f201a20967576295fb6998f92393f96364452c7,3
dev_021006010111115_1-rectangle,classification/val/3/021006010111115_1-rectangle.jpg,6a9e4bc8c326be5c4cfd4d82dddbb07ed3ac4e74890052ec3f0c86c4901f724a,3
dev_021006010111116_1-rectangle,classification/val/3/021006010111116_1-rectangle.jpg,dca66683b8c81c3b7566a48a3fe4985e2bd56d54b0b741ac0972a18ef8cbc4b1,3
dev_021006010111117_1-rectangle,classification/val/3/021006010111117_1-rectangle.jpg,140cf3058a123ea8ed6d610ba6154e3046045ac3c4ec9468b1257c70df54c38d,3
dev_021006010111118_1-rectangle,classification/val/3/021006010111118_1-rectangle.jpg,4644eeb5016854f6d62b2ba3121dff78732520110e765a63df22c706e27f552a,3
dev_021006010111119_1-rectangle,classification/val/3/021006010111119_1-rectangle.jpg,d3948a02e0dfbf3f1b3e0a58c928a9028fad1ada9869a4dc03c0c408e8334939,3
dev_021006010111120_1-rectangle,classification/val/3/021006010111120_1-rectangle.jpg,e0502aa4bedbb5ae9cf17df452d6a0ceb4f7930e1233e593f5e828fb57742977,4
dev_021006010111121_1-rectangle,classification/val/3/021006010111121_1-rectangle.jpg,d824920e53ba0efe138d9ef2576452a82e06a77363ef0787c5be78dee797626b,3
dev_021006010111122_1-rectangle,classification/val/3/021006010111122_1-rectangle.jpg,d00be6a0061bfc3be1d495bcf19fc283a1bc349879855d47648389bfae6fd9e1,3
dev_021006011111101_1-rectangle,classification/val/3/021006011111101_1-rectangle.jpg,18d52c37a760e34bdd14856093ff3da1ff62e180b554d34fcaecc0a3d4067447,3
dev_021006011111102_1-rectangle,classification/val/3/021006011111102_1-rectangle.jpg,10fe94360269edb6079e8bcf24b2ef6b250c992ac1b8d150a6b871d54976e7e7,3
dev_021006011111103_1-rectangle,classification/val/3/021006011111103_1-rectangle.jpg,630c2a9c3ea4febb9f036fbf817646df6d95e155c6bc7c77ec2952d914c713c9,3
dev_021006011111104_1-rectangle,classification/val/3/021006011111104_1-rectangle.jpg,73d06d1f81bdc359a7583067af40ca9c8d0631df0d6693c2aad51266247bae55,3
dev_021006011111105_1-rectangle,classification/val/3/021006011111105_1-rectangle.jpg,851c10f8cc65e631b464f9d8f3f1c515bab79012f7b8e5d68fccde4357cddba0,3
dev_021006011111106_1-rectangle,classification/val/3/021006011111106_1-rectangle.jpg,070730470e7cb5d5e4d4d9e3aac9511f3d7327f1b547134f3f6fe8add6b10bdd,3
dev_021006011111107_1-rectangle,classification/val/3/021006011111107_1-rectangle.jpg,7f630a9010c79a1bcb8e7eea8f38f7c393336e612620c6605a2284ab935e4304,3
dev_021006011111108_1-rectangle,classification/val/3/021006011111108_1-rectangle.jpg,302e22f2cfdbdd2edb1510bd4a4090cc9f146b0fa05c1772e215f9546643c925,3
dev_021006011111109_1-rectangle,classification/val/3/021006011111109_1-rectangle.jpg,eab3ef03b61449abd71b9c20aafc435302728d96b2c6f5e06fa84b86be63dcb3,3
dev_021006011111110_1-rectangle,classification/val/3/021006011111110_1-rectangle.jpg,ab5b7c26157b6a3520ee2006146e3bb7ac69b4b4fdbd73aecaf0755455163167,3
dev_021006011111111_1-rectangle,classification/val/3/021006011111111_1-rectangle.jpg,84da6b362afaf9b774b0523b9cdb9f9c78d54b6a22a2191b48eb27dab94500ee,3
dev_021006011111112_1-rectangle,classification/val/3/021006011111112_1-rectangle.jpg,f489d540040c3029da46e9f8f4fd46cb56ac5992cee1a620887851fb5ce31e98,3
dev_021006011111113_1-rectangle,classification/val/3/021006011111113_1-rectangle.jpg,3c2d5a47059052e4e4779661315b471563871001f5657675338c8e1e9337f213,3
dev_021006011111114_1-rectangle,classification/val/3/021006011111114_1-rectangle.jpg,d7af2e97b560428a8310e3d5e57140902c3ef0fe334f5b3c0688f834d0ecce6a,3
dev_021006011111115_1-rectangle,classification/val/3/021006011111115_1-rectangle.jpg,ce09affbf468a592395f3a741d8fbc26d2d89b104ee05ce1bde071b69f03eec3,3
dev_021006011111116_1-rectangle,classification/val/3/021006011111116_1-rectangle.jpg,b1c33aa6213f00297a572d5a30118360d86c11ee7c6300d3c1d815502801a0ce,3
dev_021006011111117_1-rectangle,classification/val/3/021006011111117_1-rectangle.jpg,bf3e0b39974905fb1a9904d687073612e73181579ac91e9b88a99436432bbd37,3
dev_021006011111118_1-rectangle,classification/val/3/021006011111118_1-rectangle.jpg,ee6ab0868aa4295be395df317d3455b9ff8d66730b09a85c0d50c51735667efa,2
dev_021006014111101_1-rectangle,classification/val/3/021006014111101_1-rectangle.jpg,4275d47fa1611b277aa5cb2f8745d14d4a4872d243a654c32beb9b328fe3db1e,3
dev_021006014111102_1-rectangle,classification/val/3/021006014111102_1-rectangle.jpg,0bf530d0ffccbaeb5bdf3a6e497d67e9c95e18fa73d7cc32df42f357ac916342,3
dev_021006014111103_1-rectangle,classification/val/3/021006014111103_1-rectangle.jpg,add26f73741bc98132dad421c61541b568443f34a3ca197526b8879dc7017e14,3
dev_021006014111104_1-rectangle,classification/val/3/021006014111104_1-rectangle.jpg,4577d98be0d0b5accdd78132332125f9d355649baabc61e47dcf6f69b895ee0a,3
dev_021006014111105_1-rectangle,classification/val/3/021006014111105_1-rectangle.jpg,8f7cc4312442b0187ecdbf72b66de2f94625c3a644e69605f7f348cb673feea1,3
dev_021006014111106_1-rectangle,classification/val/3/021006014111106_1-rectangle.jpg,9f23b1c8a1ac3832a0a0450c4f4fb9b87fb944f30fd417cd0d7530ef1e724949,3
dev_021006014111107_1-rectangle,classification/val/3/021006014111107_1-rectangle.jpg,2bde3a0676e72c46195e6e4ba6a511894546756671ff30431f22a12af357ce10,3
dev_021006014111108_1-rectangle,classification/val/3/021006014111108_1-rectangle.jpg,8108255b82b0fdb1acf4549b31b67d2d84aaa1604be2b6a24b3f1f6fa437ebe1,3
dev_021006014111109_1-rectangle,classification/val/3/021006014111109_1-rectangle.jpg,2be1a4ca342f094dae6180142454a73ed8b9f9817a846cc6191b6a544caaaab9,4
dev_021006014111110_1-rectangle,classification/val/3/021006014111110_1-rectangle.jpg,4062c5e67e26d71557bf2530ad78d6a9e45d5c1bebd017cf6f2494d2e572daf4,0
dev_021006014111111_1-rectangle,classification/val/3/021006014111111_1-rectangle.jpg,35a63b39c4906a435aae9e36923d8e6446d49e1e0115e76fa8a6aaa9da9f3a38,3
dev_021006014111112_1-rectangle,classification/val/3/021006014111112_1-rectangle.jpg,873b9192ccd02b4bb2717fe75189183c41f549c28e178223b81e781c52f3142f,3
dev_021006014111113_1-rectangle,classification/val/3/021006014111113_1-rectangle.jpg,fd253c06b514f5d1e4131a3730622d97ca9934f700d8bfb19c578bd24ed134a5,3
dev_021006014111114_1-rectangle,classification/val/3/021006014111114_1-rectangle.jpg,b94c87843d023d669edc82fda55eccc87a424564657d9f8c91fc81d37b308a5e,3
dev_021006014111115_1-rectangle,classification/val/3/021006014111115_1-rectangle.jpg,a104c51ee925c55fd77486106b693080f466264cffeda0f3d2c98f687ba02e1d,3
dev_021006014111116_1-rectangle,classification/val/3/021006014111116_1-rectangle.jpg,d940706e9746f2b9cd2222aecb11a817e3d5535c44e285d1e500b3f8ee6ea49f,3
dev_021006014111117_1-rectangle,classification/val/3/021006014111117_1-rectangle.jpg,52496cbc118f8e39de1f1f754a9649c4c56f5946cf8d178921b117dd63e8748a,3
dev_021006014111119_1-rectangle,classification/val/3/021006014111119_1-rectangle.jpg,7f22da56eb4279faa0b3d02e9e7a0f490ba20ce89fcad2660ccda673db1c4003,2
dev_021006014111120_1-rectangle,classification/val/3/021006014111120_1-rectangle.jpg,095afebf9d687c2efba88d50f5a5e08392a666b413902663b8e22a0eae2e7c27,3
dev_021006014111121_1-rectangle,classification/val/3/021006014111121_1-rectangle.jpg,835b37b8dd36669668cf72186f2d7f9b7ed425e6dbd501a9a57a8af4fdb17dd2,3
dev_021006014111122_1-rectangle,classification/val/3/021006014111122_1-rectangle.jpg,0627d774fbb99c5a06bdfa2ed71be036883d8555ef1cc9aa3f319e5b617eb0ee,3
dev_021006014111123_1-rectangle,classification/val/3/021006014111123_1-rectangle.jpg,33913911e43c7860a4666e495ddb68eb2bab86ecc1fc0c85b76600763532aeaa,3
dev_021006014111124_1-rectangle,classification/val/3/021006014111124_1-rectangle.jpg,63144ea0de7890d3f0ed89c20647d0a4dfd45b46d3f27c1ae1d07df2c3606839,0
dev_021006014111125_1-rectangle,classification/val/3/021006014111125_1-rectangle.jpg,01f72bc768adfee5b40303c8c8c8eded7375363887eb95136381fb979c80dd5c,3
dev_021006014111126_1-rectangle,classification/val/3/021006014111126_1-rectangle.jpg,74ae425f6e0e5bddc01f505c724b3747d8c0a6369399a64e59e8d3f39aa6b643,3
dev_021006014111127_1-rectangle,classification/val/3/021006014111127_1-rectangle.jpg,1236518e0c9476d2bdfe6a3bc50cddcfdffe491af52254c5cee980c03102f1bf,3
dev_021006014111128_1-rectangle,classification/val/3/021006014111128_1-rectangle.jpg,be558e03e86ad6fe86e7205a4affe8b6584877f0c59ebb47d0ed1ead549294d2,3
dev_021006015111101_1-rectangle,classification/val/3/021006015111101_1-rectangle.jpg,976cd058b2aa4439fb395ecf07f51341d4178ba25edd8adcf436bbc045fd8f8f,3
dev_021006015111102_1-rectangle,classification/val/3/021006015111102_1-rectangle.jpg,d26dad7bdd538f0e495995e4f67bd4cc3fd2c84afc5cd0e0d2dccc51ee076ad7,3
dev_021006015111103_1-rectangle,classification/val/3/021006015111103_1-rectangle.jpg,af0d3c3d6ffe4e76ca4be6d439bfbcdfc7202700b7b3e69e1196fe134c4a4e5e,0
dev_021006015111104_1-rectangle,classification/val/3/021006015111104_1-rectangle.jpg,f397785a451d95116f38e49d7eaf1c466035b306fa1288395dc3e53eae1fefc2,3
dev_021006015111105_1-rectangle,classification/val/3/021006015111105_1-rectangle.jpg,8ba04a9cd422fc9b38034b83f62d924d0d5a5b7d334217ad2943b03c959b96f6,3
dev_021006015111106_1-rectangle,classification/val/3/021006015111106_1-rectangle.jpg,b6e67f160c4167ef9f5861d39a7b63bb076b58f67e51d26bbdf4232753402bc6,3
dev_021006015111107_1-rectangle,classification/val/3/021006015111107_1-rectangle.jpg,8bf609ed5787e28b62912d5772262dff936b228939d232343fb54e9a0170d558,3
dev_021006015111108_1-rectangle,classification/val/3/021006015111108_1-rectangle.jpg,509c37cdd4505d33de4c71aff987938c1905217a329bfb972b567225ca5fd71f,3
dev_021006015111109_1-rectangle,classification/val/3/021006015111109_1-rectangle.jpg,8a7e87055657930c0d16d4dd78431fb0fdab1aa7b7ae8e45068eb05c3e46ee9b,3
dev_021006015111110_1-rectangle,classification/val/3/021006015111110_1-rectangle.jpg,2eff409ea77958b6e5dee28bb037d6dc7583b7539b91d830e5a0d48a313d9266,3
dev_021006015111111_1-rectangle,classification/val/3/021006015111111_1-rectangle.jpg,67af374e25d928d48d6bccf4354e361e004bc212ac51cbebe7d15ede7c9eec3f,3
dev_021006015111112_1-rectangle,classification/val/3/021006015111112_1-rectangle.jpg,9f7faba90e4dacfcffbbe11453e54fcab3c24012bd36a2f05438b75d05dc49ea,3
dev_021006015111113_1-rectangle,classification/val/3/021006015111113_1-rectangle.jpg,fd2f79e93fbc0022308d5390ac2f409a7266edf70ee33676c7cb4d5ba7596943,3
dev_021006015111114_1-rectangle,classification/val/3/021006015111114_1-rectangle.jpg,b9cf8f529a50429f2d103365586bd722ad9f8ec0997a0080eb7ea700754d8ef8,3
dev_021006015111115_1-rectangle,classification/val/3/021006015111115_1-rectangle.jpg,e34bbfa7ee0aacd58fc65d7ab2978ccc8e21645d6d2cf1964b33989eab86332f,3
dev_021006015111116_1-rectangle,classification/val/3/021006015111116_1-rectangle.jpg,445c039c7e599e2745b8a1df4ce4c928844ab66aa497cc22534f4be0a85c9ee4,2
dev_021006015111117_1-rectangle,classification/val/3/021006015111117_1-rectangle.jpg,75542444cc9cb7ef78477989670fd21f535f3a98a351de6d2b158580bd0afa53,2
dev_021006015111118_1-rectangle,classification/val/3/021006015111118_1-rectangle.jpg,2674bd28790985f81df6f4896797bcaccef1c90a2ddcc8d12fb67a4fbbfaf34d,3
dev_021006015111119_1-rectangle,classification/val/3/021006015111119_1-rectangle.jpg,efdfaaa6444fc8283afcd4ba259dd9c2da12887c3b8237525a6349c0daa54d8e,3
dev_021006015111120_1-rectangle,classification/val/3/021006015111120_1-rectangle.jpg,b5b9c74ace05e6746369a2ee7a6b3738bc2e0575b97777340a82aa1678c8e1dd,3
dev_021006015111121_1-rectangle,classification/val/3/021006015111121_1-rectangle.jpg,d2a6fd12976821112126739cebd4e2ef85ba83087dfdc1eb5ba93a8036c2b3bf,3
dev_021006015111122_1-rectangle,classification/val/3/021006015111122_1-rectangle.jpg,52135ddf09a5e80e527a710a6bd9c298d92a0692ae6bbe61da5c6d2874afff4b,3
dev_021006015111123_1-rectangle,classification/val/3/021006015111123_1-rectangle.jpg,77bb0ae2f4799f60a97d168bf3e2aa574a84aa03b947d6befbd131cbd75799d0,3
dev_021006015111124_1-rectangle,classification/val/3/021006015111124_1-rectangle.jpg,dd8a919b7ce3637517ebbb6c73892e573045928fe0b72337f70bc2ef7c86e8d4,3
dev_021006015111125_1-rectangle,classification/val/3/021006015111125_1-rectangle.jpg,3e10dbfa59886acc868104025587471f2e20810ca6917686f64809e3110b8063,3
dev_021006015111126_1-rectangle,classification/val/3/021006015111126_1-rectangle.jpg,5cf6482ef22de3a07470a46c1ac2a05a38a095310a5b7160a1869e88fc051643,3
dev_021006024111101_1-rectangle,classification/val/3/021006024111101_1-rectangle.jpg,29b15d4f71564400c1258aa9dd6ff07a9d193d0288fa1683f4ac5a5ea565545c,3
dev_021006024111102_1-rectangle,classification/val/3/021006024111102_1-rectangle.jpg,d3f94b85b8c5d93bbe36b82dbe57be83822b485d8c09daa5d3f552b61ee0a25d,1
dev_021006024111103_1-rectangle,classification/val/3/021006024111103_1-rectangle.jpg,21ef270b19e84326cbd5996225d66fd9b0fe79f97e3fd6613e983bc31c002b71,3
dev_021006024111104_1-rectangle,classification/val/3/021006024111104_1-rectangle.jpg,16608452e1c67d76dbe054ee677235f0b32368d8e39808fefb02104f5fdaafcc,3
dev_021006024111105_1-rectangle,classification/val/3/021006024111105_1-rectangle.jpg,4441abdc1da31de10e029ea4e5b64731432d4768ceab07fcebe20f8638a7b770,3
dev_021006024111106_1-rectangle,classification/val/3/021006024111106_1-rectangle.jpg,55c03c0db83b49e3bb350d0bc29ceb97bd4c689f7e33f23d0264294edf7a673f,3
dev_021006024111107_1-rectangle,classification/val/3/021006024111107_1-rectangle.jpg,d714fc8ad90f2ddccb368b9c2f1c9684819a815f8db53450d4afd68785b68b41,3
dev_021006024111108_1-rectangle,classification/val/3/021006024111108_1-rectangle.jpg,c253ba5787dfa9798e71873a7bb13d37dcc80f283f3806eb361ecd38cbe85c15,3
dev_021006024111109_1-rectangle,classification/val/3/021006024111109_1-rectangle.jpg,e744415b89a1edf0ec90c8a5edecb858160ab256eb100974f5b8f4278d123127,3
dev_021006024111110_1-rectangle,classification/val/3/021006024111110_1-rectangle.jpg,eadf7cbf24a484dcc13b80acca340474dc54be43f0d5f44884d80f4f54aebc37,2
dev_021006024111111_1-rectangle,classification/val/3/021006024111111_1-rectangle.jpg,5956244fd6a5c4ec6fa108dcfd610eb6e9e7b8557f128ae0fe64224cb1a5eee3,3
dev_021006024111112_1-rectangle,classification/val/3/021006024111112_1-rectangle.jpg,e06355bd7284c9f7f6c12d3c4d2458d5895dcbd38a9056287f6d6017e69efb50,3
dev_021006024111113_1-rectangle,classification/val/3/021006024111113_1-rectangle.jpg,34bce6138ae88c8f445a4a45240e13a6180e8facec6c821abb17fb451386360a,3
dev_021006024111114_1-rectangle,classification/val/3/021006024111114_1-rectangle.jpg,287cdb61af48f8cef8285309abc19469c3de86ff0a2f59ab198561bb6bbd0bfb,3
dev_021006024111115_1-rectangle,classification/val/3/021006024111115_1-rectangle.jpg,f20dbe449306aa64dfbc9d8f541a1d957a76dcf248ae4c5c14d53c92156f25ac,3
dev_021006024111116_1-rectangle,classification/val/3/021006024111116_1-rectangle.jpg,9fd600030523ab46dcd28ba877a3aaec697704f55d5b1533156a7268d0bc6232,3
dev_021006024111117_1-rectangle,classification/val/3/021006024111117_1-rectangle.jpg,70bce9cd73069110f88fa4e042f8f9f0607ab2a9e3022712c4be9ed5ee967bb9,1
dev_021006024111118_1-rectangle,classification/val/3/021006024111118_1-rectangle.jpg,90d63c9766f383a3b7f9b4b06c320b514cd0eefe755f62ad36f1aa32a56953f4,3
dev_021006024111119_1-rectangle,classification/val/3/021006024111119_1-rectangle.jpg,a88588a1ef287edced57170439ce2502956faf1482f521e578f1507169fd2048,3
dev_021006024111120_1-rectangle,classification/val/3/021006024111120_1-rectangle.jpg,40f795373a34eebdecf4e9466edc78a4485a97c1d3e164917bfa82facb1974ac,3
dev_021006024111121_1-rectangle,classification/val/3/021006024111121_1-rectangle.jpg,66a26e23ea6fff7b24740cbd48d5509b3ffe49af91288f453812bb17811b2822,3
dev_021006028111101_1-rectangle,classification/val/3/021006028111101_1-rectangle.jpg,184bc898dc03c84b6f1f9bf91f285d94abce83b1c46d2701e6b6ea8f7b455509,0
dev_021006028111102_1-rectangle,classification/val/3/021006028111102_1-rectangle.jpg,67cfe9fc9b81a91ddb3e0e3fec86ab24e4a61da97737f1ceca6ad5a7e9d4630a,3
dev_021006028111103_1-rectangle,classification/val/3/021006028111103_1-rectangle.jpg,2a784c0031cc04772295b513930fd9c0970894c2e3078da23e73416fb30179c2,3
dev_021006028111104_1-rectangle,classification/val/3/021006028111104_1-rectangle.jpg,9a609012cfd306c3b5c67fbbadf3de73542886acda4bcccc25d21ba8c394e723,3
dev_021006028111105_1-rectangle,classification/val/3/021006028111105_1-rectangle.jpg,c4de77077f18a19915674791becc14759a5cf412d17479e9c932caef97875bef,3
dev_021006028111106_1-rectangle,classification/val/3/021006028111106_1-rectangle.jpg,22e0c7dd2bb972182700d3ee9ea77aa10fe066427adc32f523912cd23332e8e0,3
dev_021006028111107_1-rectangle,classification/val/3/021006028111107_1-rectangle.jpg,c796392914fe468984f87a19e5ba9c0f5544cecb29f451622541d51471d1920f,3
dev_021006028111108_1-rectangle,classification/val/3/021006028111108_1-rectangle.jpg,f13223ea7deaec7f0ee617baf37e812cffda727d9225cae4f84534fcc81de04e,3
dev_021006028111109_1-rectangle,classification/val/3/021006028111109_1-rectangle.jpg,fa40454403e725ae902a1a73e662d6b3d7774c3a8cf593169256034a3c76bb39,3
dev_021006028111110_1-rectangle,classification/val/3/021006028111110_1-rectangle.jpg,e1504cdee6b9016f5c4438be5fe17ce3bc9edbcb8f3ce09b82370b3680bb4858,3
dev_021006028111111_1-rectangle,classification/val/3/021006028111111_1-rectangle.jpg,93c37f31213386d0206ca698da18c5824ea7b4354abf92e326a02d47ba193a59,3
dev_021006028111112_1-rectangle,classification/val/3/021006028111112_1-rectangle.jpg,4e568ee38fcdac69aa1546e4ade5113a391c91f020647c79215227d4a7a6c7ec,3
dev_021006028111113_1-rectangle,classification/val/3/021006028111113_1-rectangle.jpg,258ab86116a0d5f07b9409427e2d9a9ab5d5a9b8da597f4d7f5d059c048b9069,3
dev_021006028111114_1-rectangle,classification/val/3/021006028111114_1-rectangle.jpg,910dbb27e02ca11fee0e9f4c4a91573e8914041b2b102d117b04c34d51f1f5f5,3
dev_021006028111115_1-rectangle,classification/val/3/021006028111115_1-rectangle.jpg,1667365e540a79cb20f2758921169120a367626bc6a21686853eeecb27737b3b,3
dev_021006028111116_1-rectangle,classification/val/3/021006028111116_1-rectangle.jpg,109409e362dcd92301107708ec7aebfcdfd5b7279a68f27bd8a28f427f6cabfc,1
dev_021006028111117_1-rectangle,classification/val/3/021006028111117_1-rectangle.jpg,e17a6d78cfa2d3fd1c7512009232d1597c8544a34b8a55afbd5af1c0f4ca8b7a,3
dev_021006028111118_1-rectangle,classification/val/3/021006028111118_1-rectangle.jpg,07b0c5c91e26fe9a79a698bfe330e0ef1294020a9261088e253cd87628b48bb3,3
dev_021006028111119_1-rectangle,classification/val/3/021006028111119_1-rectangle.jpg,f004e8128e9294b8ee5ef5e25c61aaa344032bf8a4760652c66969ca1c920320,3
dev_021006029111101_1-rectangle,classification/val/3/021006029111101_1-rectangle.jpg,182e1a195a66a2e1ad706323669367114db28943b8e12bd70f9d0e306de2a8a1,3
dev_021006029111102_1-rectangle,classification/val/3/021006029111102_1-rectangle.jpg,bf4d0cbc452449509be78b3fad110910d84bff39b3d723b75cc352ae9972360b,3
dev_021006029111103_1-rectangle,classification/val/3/021006029111103_1-rectangle.jpg,43f008add8f20b80933c0da8e9caade45e30b275e5f466b535134a3ab5ee1e5f,3
dev_021006029111104_1-rectangle,classification/val/3/021006029111104_1-rectangle.jpg,59d9c87aa0c1aebb4109acf7b67980886ec8a4bc87dacea3f33778c14c302ef0,3
dev_021006029111105_1-rectangle,classification/val/3/021006029111105_1-rectangle.jpg,a6f4bbc82a05f7b5c505c82cdea9b455410f4e3cfea0f89749234394d57a749f,3
dev_021006029111106_1-rectangle,classification/val/3/021006029111106_1-rectangle.jpg,4569d0020263d276ae1fd45a49b2e94ac50f237a324cf23ad6d78dac38b2b580,3
dev_021006029111107_1-rectangle,classification/val/3/021006029111107_1-rectangle.jpg,b519fc55c218343389307470319b119903933c71bee52b39b4504ee8068077de,3
dev_021006029111108_1-rectangle,classification/val/3/021006029111108_1-rectangle.jpg,bf067644bf348fc77d95a294e773964b666f55c303bba07bda85f60a4cf2d1d8,3
dev_021006029111109_1-rectangle,classification/val/3/021006029111109_1-rectangle.jpg,bc8f212856b1b87e6c40931034ca1d66324adac61a04dd1ecbdb0b493fa3ddda,3
dev_021006029111110_1-rectangle,classification/val/3/021006029111110_1-rectangle.jpg,77579dd9ba83390450b569ba2f420780d4dcd638579c81ba36e91d7d9244a1b9,3
dev_021006029111111_1-rectangle,classification/val/3/021006029111111_1-rectangle.jpg,a0d01cb7c65c2cb2d410506979d423ec86bfd325311039826ddc10aa760c55ef,3
dev_021006029111112_1-rectangle,classification/val/3/021006029111112_1-rectangle.jpg,743b1aaa6cb52a9916ac2bf12f331f18a5083c776025024b0e6978c8d16c63ff,3
dev_021006029111113_1-rectangle,classification/val/3/021006029111113_1-rectangle.jpg,83f79537a24df55b28a6da9f330c00989103e7aaca886658341c0ceb703b769f,4
dev_021006029111114_1-rectangle,classification/val/3/021006029111114_1-rectangle.jpg,02fe0b9deee928e9b2c84a5e50c83260aceca89991d908b45e64e8d852e94f78,3
dev_021006029111115_1-rectangle,classification/val/3/021006029111115_1-rectangle.jpg,cd0d099ac31c2efc9673d690f05c844aab53b74365a216f6b2e9f79489451525,3
dev_021006029111116_1-rectangle,classification/val/3/021006029111116_1-rectangle.jpg,74903da01cdccf38d344b07e18eb528f85a1adcb685695bff4e60213d5aa9d82,3
dev_021006029111117_1-rectangle,classification/val/3/021006029111117_1-rectangle.jpg,2ac4b580a1ecec2ea71710aa983823500fec251caaaff88329904b579ed75659,3
dev_021006029111118_1-rectangle,classification/val/3/021006029111118_1-rectangle.jpg,d1695c331dc45bebf71149ce6cf17e9b7747e0dfc58c0dae881f10827b273a07,3
dev_021006029111119_1-rectangle,classification/val/3/021006029111119_1-rectangle.jpg,d6d8f25b4a66773ba7c74766ebc411b3d4820ec92b3adb2f06139454e940c767,3
dev_021006029111120_1-rectangle,classification/val/3/021006029111120_1-rectangle.jpg,3f60a10208eeffa3a518ec2ded8316b4a799b1d2191546f9fe3d605487318734,1
dev_021006029111121_1-rectangle,classification/val/3/021006029111121_1-rectangle.jpg,7536d6613567d19b5dbfdd41770a266ecc946e4adf36e66455205e9be0321c75,3
dev_021006029111122_1-rectangle,classification/val/3/021006029111122_1-rectangle.jpg,c980cade50eed7977eee7b542838452be076a821b8b90f036b68d3111d993b78,3
dev_021006029111123_1-rectangle,classification/val/3/021006029111123_1-rectangle.jpg,557c83d16408652dba975dfaac8c297ac8c2cfb20bc5ca89c95aad7b2104c1fb,3
dev_021006029111124_1-rectangle,classification/val/3/021006029111124_1-rectangle.jpg,2730ac4d268e1263ef76a84f745c8e90ee8890f6ee69304b48b37da7da007bdd,3
dev_021018002111101_1-rectangle,classification/val/4/021018002111101_1-rectangle.jpg,7d500b787a373d2e4097294f45b4f7b4577657eeb253f7d6d224e2db02df04f5,4
dev_021018002111102_1-rectangle,classification/val/4/021018002111102_1-rectangle.jpg,37a286dd68ed022f994caf70e3a0ccd65978b5c435628123c80f94201c0fa9fb,4
dev_021018002111103_1-rectangle,classification/val/4/021018002111103_1-rectangle.jpg,7701d5b4514ed269ff58c01b15ae72d0e65e160f47d28db0dacdb6c297dc70e0,4
dev_021018002111104_1-rectangle,classification/val/4/021018002111104_1-rectangle.jpg,2e23b7aafdd5d5f42e4333a2f58924a851840630b07eccbc5f948952d401c608,4
dev_021018002111105_1-rectangle,classification/val/4/021018002111105_1-rectangle.jpg,d3b5783ad8fe3bcbfdc84bf0322522a9e272f39cbbbb22486d8fa2c52eee8b53,4
dev_021018002111106_1-rectangle,classification/val/4/021018002111106_1-rectangle.jpg,0b3dfac8bad9004f5a0bd84eddaaa9ce009020c7cd4097e42e7047dfba6eab9c,4
dev_021018002111107_1-rectangle,classification/val/4/021018002111107_1-rectangle.jpg,3c17f6b67d1b5301c8ea0c6a7172c23b7ee66d8f8ad61692667c295de3c3d131,4
dev_021018002111108_1-rectangle,classification/val/4/021018002111108_1-rectangle.jpg,6f46d21eecd75bed9a329e8d616e84e1334f124f6e8a712d53287c07414a1644,4
dev_021018002111109_1-rectangle,classification/val/4/021018002111109_1-rectangle.jpg,6d1e11cfdbeb18b34ed7859902c54b9dfc19d1f65d9042cb4c32c5c66503d91e,4
dev_021018002111110_1-rectangle,classification/val/4/021018002111110_1-rectangle.jpg,f13df282235d02eaff4d6ca065c0fbe88e2b0a7740bc02e158ed2c582d8a954f,4
dev_021018002111111_1-rectangle,classification/val/4/021018002111111_1-rectangle.jpg,c7451a98fb7fa182f0ceef5c08bfe1713f710d8f5615cf525181a478d9a1e37d,4
dev_021018002111112_1-rectangle,classification/val/4/021018002111112_1-rectangle.jpg,ac4d734e2e79d35ed30dfd146e42b532eb874445926806457516d1e9bc70fd1d,4
dev_021018002111113_1-rectangle,classification/val/4/021018002111113_1-rectangle.jpg,56892cf3fc2309fe1ab6e6cf0f5cf9838455f680c03f92d2a7422060bb8e9e04,2
dev_021018002111114_1-rectangle,classification/val/4/021018002111114_1-rectangle.jpg,0b04d7730decdf533ff4e375fc1aa65e82ec019f812ff691ba5368584b15054d,4
dev_021018002111115_1-rectangle,classification/val/4/021018002111115_1-rectangle.jpg,2f9744f48fc0275b09bc4acf3002ec0702dcecb90be134f7541b0f9c1dd7ca20,4
dev_021018002111116_1-rectangle,classification/val/4/021018002111116_1-rectangle.jpg,a15cb492072e2b7618de0f748de8be768de34060e259388794ebddd1ca7d5203,4
dev_021018002111117_1-rectangle,classification/val/4/021018002111117_1-rectangle.jpg,a15105c2141ddd8d660bbbf1de56c763f8af0d8e7ce77134c7f560d82a605447,4
dev_021018002111118_1-rectangle,classification/val/4/021018002111118_1-rectangle.jpg,dd83e97e42d1ad4720a088fe9d3749a2218fedba0973d07deab36f3ab50c783f,4
dev_021018002111119_1-rectangle,classification/val/4/021018002111119_1-rectangle.jpg,64acdb6f35e42a130f654692fe429800d65dde7e9613e480e389b0be8d9049cc,4
dev_021018002111120_1-rectangle,classification/val/4/021018002111120_1-rectangle.jpg,0784c380f8962218b15d730df11f9f0b27c3c4b5b79bcb35950c4963ffcbc4d5,4
dev_021018002111121_1-rectangle,classification/val/4/021018002111121_1-rectangle.jpg,6ac5beaf6b824b21108e8fee718a8a9c326f959c3cb01d327e7d75e307bd422d,4
dev_021018002111122_1-rectangle,classification/val/4/021018002111122_1-rectangle.jpg,0e2bec87cd19659deabdeb06411771beacb9f7ec86082f932939da9f89646bea,4
dev_021018002111123_1-rectangle,classification/val/4/021018002111123_1-rectangle.jpg,7a735177bbab4581fda8e4d8b078461edecdd9ba18e042c1297d6768243c8766,1
dev_021018002111124_1-rectangle,classification/val/4/021018002111124_1-rectangle.jpg,f3928748c393c3b99342e238e1ec46c17c7e4d8e33180ed318ed39aabc60fe64,4
dev_021018002111125_1-rectangle,classification/val/4/021018002111125_1-rectangle.jpg,f3090a5ff15f6aee3d2e663c8c1acb4035f2c3b4a6370bdc65c0e3c1204b30dd,4
dev_021018025111101_1-rectangle,classification/val/4/021018025111101_1-rectangle.jpg,84ca231786c47ee5d8777813d4254f28b0d73188cfcd7fe44b9d35cac20e5572,4
dev_021018025111102_1-rectangle,classification/val/4/021018025111102_1-rectangle.jpg,d4aca86f4a9f6c9c6f87b23aebd255c99a805b29fd2c9e882c34f2b786cc5961,4
dev_021018025111103_1-rectangle,classification/val/4/021018025111103_1-rectangle.jpg,6897272767654ad3983a1b606e1a7d607225582381d670d8633dab2f4160da1a,4
dev_021018025111104_1-rectangle,classification/val/4/021018025111104_1-rectangle.jpg,85c69423b3173588c7a09171cab8dde273c00fc61e3287f85d129a0ad9d54c9a,4
dev_021018025111105_1-rectangle,classification/val/4/021018025111105_1-rectangle.jpg,1763eadc9d7ad3ccb37bef6fb4cdcf102050a2b2223e242f0d0741aa75f64810,4
dev_021018025111106_1-rectangle,classification/val/4/021018025111106_1-rectangle.jpg,721cf080cf0f5cfff5baf13c3096490dbf8352f8cb51aaf62f34e8d678417136,4
dev_021018025111107_1-rectangle,classification/val/4/021018025111107_1-rectangle.jpg,3fd3cbce06a236e7ad0c730a6a4aeb7d82a771865093eeb36334b8bfca346e6b,4
dev_021018025111108_1-rectangle,classification/val/4/021018025111108_1-rectangle.jpg,765028786780fa163bbb638faf4e04e7aabe3a48e91c795e1d2c2a2e9d802c8f,4
dev_021018025111109_1-rectangle,classification/val/4/021018025111109_1-rectangle.jpg,7605e18d287f2128b9dd894f46dabe2432ab013469841529ff0142016af3d168,4
dev_021018025111110_1-rectangle,classification/val/4/021018025111110_1-rectangle.jpg,3b837d1388b4612e4acb588933cbdabdfc1775421c0f0d21fa9264b514c26610,4
dev_021018025111111_1-rectangle,classification/val/4/021018025111111_1-rectangle.jpg,80287750d0c4b9a10991e35327046397b4f51fb9f39271052d431e18345954b9,4
dev_021018025111112_1-rectangle,classification/val/4/021018025111112_1-rectangle.jpg,4770d6cafa3b5e8d222c11e6e99762cc45a1523bc3b5d92c443f25b8d37fcea6,4
dev_021018025111113_1-rectangle,classification/val/4/021018025111113_1-rectangle.jpg,ed96532bab2f09affce75de0d8454fbf6b7c022e83bd3e470330f032a068cbb4,4
dev_021018025111114_1-rectangle,classification/val/4/021018025111114_1-rectangle.jpg,24a08b4c0b36c3337d2f545004868e91f6d20bab64541b6be99759d3cf2ba5ce,0
dev_021018025111115_1-rectangle,classification/val/4/021018025111115_1-rectangle.jpg,192b4ba34532d11a0b51628f986a9b243aea584b4227437c39d1dfce162065ee,4
dev_021018025111116_1-rectangle,classification/val/4/021018025111116_1-rectangle.jpg,b056497623dfa9450ae8697ff6492439f9f1c2df8d68239ebb3543f4a7e9db09,4
dev_021018025111117_1-rectangle,classification/val/4/021018025111117_1-rectangle.jpg,86bc66d2bbcb0d9fe40507dbcdac10be60313bf0a73b0c27a5a96c75cc9a127f,4
dev_021018025111118_1-rectangle,classification/val/4/021018025111118_1-rectangle.jpg,32404ba1e1c7da5f94d4a3a257c86fc3e1d6275fadca7921eccebec5fe29f047,4
dev_021018025111119_1-rectangle,classification/val/4/021018025111119_1-rectangle.jpg,d5dbb9c09ae61bbca177bf67b6ff2aa7373f594f3962123ade6f1921246c66e7,4
dev_021018025111120_1-rectangle,classification/val/4/021018025111120_1-rectangle.jpg,8df906ee658a823eaed59e4202ebd4b4c536b657093280f964340a1990a71c8b,4
dev_021018025111121_1-rectangle,classification/val/4/021018025111121_1-rectangle.jpg,5ac2c98ebb181d049d7ecd941a6190836f93254d871c2fae89f4b67c05e1eb7f,4
dev_021018025111122_1-rectangle,classification/val/4/021018025111122_1-rectangle.jpg,e95e40d1324fafbd00b2bc21b470459a8f6992353d6460bc1cfedd20922e620c,4
dev_021018025111123_1-rectangle,classification/val/4/021018025111123_1-rectangle.jpg,2096daf63038566c030ba87c236dd0f983221d816373d32c4f0bc6312bf4d00d,4
dev_021018025111124_1-rectangle,classification/val/4/021018025111124_1-rectangle.jpg,0451a8726fa9755f6c0b1f9ebe9ae3ee155a33c46dfd5aae2544abf9eb44de16,3
dev_021018025111125_1-rectangle,classification/val/4/021018025111125_1-rectangle.jpg,98f0e23a666cb027047359dec7ab148c33a6bb7b5333afa5f6a59f9c50d76857,2
dev_021018025111126_1-rectangle,classification/val/4/021018025111126_1-rectangle.jpg,c3d1690cdb4febceaa5f32e7682a9a5a314798737ecce57b94e755cbda5a6d3a,4
dev_021018025111127_1-rectangle,classification/val/4/021018025111127_1-rectangle.jpg,61ba7869b6bd5243ae9637d0c4360520da06fc951a6e3882c664a585da465657,4
dev_021018025111128_1-rectangle,classification/val/4/021018025111128_1-rectangle.jpg,401283e0dc93068bc442091603135a9ab485af42a6b2bfeb07ee0b43bc69271f,4
dev_021018036111101_1-rectangle,classification/val/4/021018036111101_1-rectangle.jpg,b6a4efd17d29975e199cd20056c97cd40d00675bff5ea24be35d7cb36373a64b,4
dev_021018036111102_1-rectangle,classification/val/4/021018036111102_1-rectangle.jpg,7d81eda6c2a6d3c6daea393ef95a7a9aa6fbfc2102ea778640af7e8ed50dfb10,4
dev_021018036111103_1-rectangle,classification/val/4/021018036111103_1-rectangle.jpg,c7ce1d28e13ee90500d6a7b661452959ea2d6e6e379dbf0dd15f43c960d490b6,4
dev_021018036111104_1-rectangle,classification/val/4/021018036111104_1-rectangle.jpg,eafc9c11407c584869648e72cfde4751cebd23880301b59aeb742587fb405017,4
dev_021018036111105_1-rectangle,classification/val/4/021018036111105_1-rectangle.jpg,0bf6f3fb223d7c80d9ec7c00ddeae0ef39d278996c3ecf01aa450aa21376af81,4
dev_021018036111106_1-rectangle,classification/val/4/021018036111106_1-rectangle.jpg,0b22b4115b41bb298932816d06ee8a0e34631c73f6eabaf20ba704e75bc3bec9,4
dev_021018036111107_1-rectangle,classification/val/4/021018036111107_1-rectangle.jpg,cdaae3f6e300689e6ae84fa8a80d35477d7daddd2b2fd3111b463528592ba078,4
dev_021018036111108_1-rectangle,classification/val/4/021018036111108_1-rectangle.jpg,f48eb0f1d3fd8a0ded2bf89d83de37f48a699946b2586d860f3f4ab89e0cd37f,4
dev_021018036111109_1-rectangle,classification/val/4/021018036111109_1-rectangle.jpg,a82c53bd444ea8d9452308b70177cec0fd8e44c8a9a8dc61003e0a9c239501be,4
dev_021018036111110_1-rectangle,classification/val/4/021018036111110_1-rectangle.jpg,2fcc9e1e80b7ad3c7802c8a31c4b10e307f1d149470a1c31cf0da65840cc0807,4
dev_021018036111111_1-rectangle,classification/val/4/021018036111111_1-rectangle.jpg,59bc01b4b0eed3e65c229659c206e76fc331e043f55e2fd7ee33b0a5a8817891,4
dev_021018036111112_1-rectangle,classification/val/4/021018036111112_1-rectangle.jpg,9c705d850ca1c986717e1e34ec894d507ec5743703aa2a0626e87d01e89db279,4
dev_021018036111113_1-rectangle,classification/val/4/021018036111113_1-rectangle.jpg,2e6d362842e462c745f39c3ada7b46dbde9adc2302d7ea11b940f48f115ff94d,4
dev_021018036111114_1-rectangle,classification/val/4/021018036111114_1-rectangle.jpg,80c208bc43399c01a67a41314fea725a8597eeeef134fb94710f486d59746fd6,4
dev_021018036111115_1-rectangle,classification/val/4/021018036111115_1-rectangle.jpg,becd339d856426876ba36824a7dd65812d5bad6c2f9a1c4a517c5800f1d7567d,4
dev_021018036111116_1-rectangle,classification/val/4/021018036111116_1-rectangle.jpg,010e947f8e1c3b4787c5f8179802d8642c983802da0ae5b0c59c4d45cc508b63,4
dev_021018036111117_1-rectangle,classification/val/4/021018036111117_1-rectangle.jpg,969dc6fd7dff566aa55c89c71a51c2dd3929ad5c881909526c2c1eb5859b7a44,4
dev_021018036111118_1-rectangle,classification/val/4/021018036111118_1-rectangle.jpg,4d224840bbf5435ca7761352b4af11435001108ac9255116e4238e480dbad5ef,4
dev_021018036111119_1-rectangle,classification/val/4/021018036111119_1-rectangle.jpg,0b342cefc3ea1d4d978c9c0b2508de82b5ebcbdb1b7b1f91ee2e20ab054980a9,4
dev_021018036111120_1-rectangle,classification/val/4/021018036111120_1-rectangle.jpg,fe34f4855033efb9bc6c8dd9a8780ddfe5074611a6ee5b5da3dcd86690a00652,4
dev_021018036111121_1-rectangle,classification/val/4/021018036111121_1-rectangle.jpg,136ae684c97ff8f80a668c85cc8f51b267da06ad9e00580077328035827de5d2,1
dev_021018036111122_1-rectangle,classification/val/4/021018036111122_1-rectangle.jpg,9ad95351d5bde4649821594ff3b53e140ecb9cb1fd22211dadb941a711cf0493,4
dev_021018036111123_1-rectangle,classification/val/4/021018036111123_1-rectangle.jpg,e1d7366bd375f5c12ebc4570f7eb8ec9bfb1bd380d7e4402c1d88cac77679c6f,4
dev_021018036111124_1-rectangle,classification/val/4/021018036111124_1-rectangle.jpg,5735db6ef72b7f056c4395e3a53fb6947fcc67546bb5b60ef9891ba801a7ca0d,4
dev_021018036111125_1-rectangle,classification/val/4/021018036111125_1-rectangle.jpg,8e1fac0d3903ea2c9a8b75e9b9e8141d0d231b6cd1b60a48e61069adcba82d99,4
dev_021018036111126_1-rectangle,classification/val/4/021018036111126_1-rectangle.jpg,d8ffdd3905055b00629da0714c790a10b0b981263f0ca96ed5a4ef3588de1a8c,4
dev_021018036111127_1-rectangle,classification/val/4/021018036111127_1-rectangle.jpg,0238e57b1485b9c9c817e4d80ebe327be2cba29bba9dfb3e6262649b7b32757f,1
dev_021018036111128_1-rectangle,classification/val/4/021018036111128_1-rectangle.jpg,ed162feeb8c6c9220ce1191c7118ed2b23328fc5eb35cce167df8930a0c85b21,4
dev_021018036111129_1-rectangle,classification/val/4/021018036111129_1-rectangle.jpg,e4df402600d32420309d4b9f2ee50c46f0894cd3f951ff2befbc79e60ac98bad,4
dev_021018036111130_1-rectangle,classification/val/4/021018036111130_1-rectangle.jpg,aa12ed44a2e57103d2eb637dec66617d3eb5dc1d2b9ddc6d86f31d09e3a24e86,2
dev_021018036111131_1-rectangle,classification/val/4/021018036111131_1-rectangle.jpg,02ee2fd97379032209f2e301bdd40ce07b99b296e49d132a76520af9eba3d06b,4
dev_021018036111132_1-rectangle,classification/val/4/021018036111132_1-rectangle.jpg,64f1ba7f80fca4edd7051bc39dfbaf1489c3cae150998be5080f437ea2c0bfef,4
dev_021018040111101_1-rectangle,classification/val/4/021018040111101_1-rectangle.jpg,fe63b86b84721eb4378ee579bb6f57f5a6f3d5f3333ee7f1a33d521583a73080,4
dev_021018040111102_1-rectangle,classification/val/4/021018040111102_1-rectangle.jpg,93be260724f1696488d53315d99df935a9b49b55d811587d30e0ba4aee18199d,4
dev_021018040111103_1-rectangle,classification/val/4/021018040111103_1-rectangle.jpg,4a5410d9c4235f9ce56d01cfd965eed1ae0b11a1cbdb283dc0b62d4540db7b90,2
dev_021018040111104_1-rectangle,classification/val/4/021018040111104_1-rectangle.jpg,d79ebb5baf35909ede0723cfcdab5f5aa0220e8a55fb8c16d7faa869ceba7cd1,4
dev_021018040111105_1-rectangle,classification/val/4/021018040111105_1-rectangle.jpg,3167617be919cc23f8b4512772e27f3cdcc938a5407c2ce21facf27b4a8ab052,4
dev_021018040111106_1-rectangle,classification/val/4/021018040111106_1-rectangle.jpg,dd70c3500db3fa41c564b8b2e3d57da86f0335aca2af47571098554b0891c40e,4
dev_021018040111107_1-rectangle,classification/val/4/021018040111107_1-rectangle.jpg,1be5e839962a8dd6a7f52409953fe4760ae4fb586c529ce3fdbcc0913f664698,4
dev_021018040111108_1-rectangle,classification/val/4/021018040111108_1-rectangle.jpg,c04ae8b5e3b2286c95990244cbec3cbd269ba30036bca167a8c0c5a5cc2ee948,4
dev_021018040111109_1-rectangle,classification/val/4/021018040111109_1-rectangle.jpg,55f6478d06aa303a38347ecd84fabbec9bd672976e31dce53dda070e69c22a35,4
dev_021018040111110_1-rectangle,classification/val/4/021018040111110_1-rectangle.jpg,9e4907bae4cd16406285df5dd4a2d2a204c5e6ce6ad621767747693eb1ed91b4,4
dev_021018040111111_1-rectangle,classification/val/4/021018040111111_1-rectangle.jpg,e50c0f81f65cb28cb1fd00df0c72be85063f20e27911cfbac90ae45e2f9cfacc,4
dev_021018040111112_1-rectangle,classification/val/4/021018040111112_1-rectangle.jpg,2fc254d16c50f9ec24ccf0d8c0d56367f1058cbd88cfbd8dbf4730ce80a049f4,4
dev_021018040111113_1-rectangle,classification/val/4/021018040111113_1-rectangle.jpg,5a58539a832ad346d54e99f107cbfa3e48e2a2f3ecbf9c9a7accb43c4439fadc,4
dev_021018040111114_1-rectangle,classification/val/4/021018040111114_1-rectangle.jpg,b33b6d200256042b313e6cee6dffb53e83aea48e1d7b25e7da7001e3a20d5ce9,4
dev_021018040111115_1-rectangle,classification/val/4/021018040111115_1-rectangle.jpg,d1eb22940a8552b894bca6cfe96507f5101126e459ea6b789c438bb4d1aceebf,4
dev_021018040111116_1-rectangle,classification/val/4/021018040111116_1-rectangle.jpg,0b517fe473c64ea2da28cfea33d60c8f6434505f1418445f3f27cf3c0ec33934,4
dev_021018040111117_1-rectangle,classification/val/4/021018040111117_1-rectangle.jpg,9ab94c5d6301ce5b0f4e46f1f7bc287b8a64535e59ebc7577a287118bb9fd41d,4
dev_021018040111118_1-rectangle,classification/val/4/021018040111118_1-rectangle.jpg,b4e31011725fa39e881de93ee0934780e274b55b0b663989826770e79a3f852c,4
dev_021018040111119_1-rectangle,classification/val/4/021018040111119_1-rectangle.jpg,0349bfdc92595f8c19b10df6f4260b772cd1677d1f8b47ff9b28345c76d8e296,4
dev_021018040111120_1-rectangle,classification/val/4/021018040111120_1-rectangle.jpg,c7f5cf36ebf0649bd401aaf28ad55110474cbcee23ba883d2fc4b60b15e320fc,4
dev_021018040111121_1-rectangle,classification/val/4/021018040111121_1-rectangle.jpg,d8b818c51f61b850e64fc8bbe1585f36416b0281c29357428674794fda79fc0a,4
dev_021018046111101_1-rectangle,classification/val/4/021018046111101_1-rectangle.jpg,3fd4fd7ed5c6af22f648c9f15833d479512f831bad5154bb1b97c9adbd84375d,4
dev_021018046111102_1-rectangle,classification/val/4/021018046111102_1-rectangle.jpg,b8fcf5ed0b4230e7ae6b6bd90602a5ca047a5b6950ebb629b8796ec4dc9b1b59,4
dev_021018046111103_1-rectangle,classification/val/4/021018046111103_1-rectangle.jpg,c286e42840fbc7dc1046bbed6f11b687f158801201b9c549308df4b3fd17e550,4
dev_021018046111104_1-rectangle,classification/val/4/021018046111104_1-rectangle.jpg,4bb7fcee14e08857a170c81fc802d291443365d1ae3131f1f1b8fa8a332d1812,4
dev_021018046111105_1-rectangle,classification/val/4/021018046111105_1-rectangle.jpg,5c1a371fe06a94d0e90cf66ddde9d46ca125966b012bc6c8371b5998dc81c697,4
dev_021018046111106_1-rectangle,classification/val/4/021018046111106_1-rectangle.jpg,c7e37c2edb71f8e26b2772881632822f2d44ad6d9589a25c2e51dcd845f9122e,4
dev_021018046111107_1-rectangle,classification/val/4/021018046111107_1-rectangle.jpg,1fd86b57455f49806f5fb421ff7a39f69185a6d7300b316e9334849457e0be85,4
dev_021018046111108_1-rectangle,classification/val/4/021018046111108_1-rectangle.jpg,676ceb0547c595da833eef6f9915bb7848065c14192d56865bd7a6a7c4c9ff5b,4
dev_021018046111109_1-rectangle,classification/val/4/021018046111109_1-rectangle.jpg,4e8bd2c94bd68533b7405137964b1691f6d08ee71a50dbe2cf7e4089dcf9a184,4
dev_021018046111110_1-rectangle,classification/val/4/021018046111110_1-rectangle.jpg,a30b8a1145829d03d2b9d48e3a6134158a7eb246e0b9abbe940f1d903d83ce9c,4
dev_021018046111111_1-rectangle,classification/val/4/021018046111111_1-rectangle.jpg,8d7b086d8c08f2865cca978e50af2185477024f7b190e9134c3e8ea4fc02789b,4
dev_021018046111112_1-rectangle,classification/val/4/021018046111112_1-rectangle.jpg,2c567292f1683814c3b0235ad3f63c098feb3fcdb37fae07c3f1f93a40ed8ec9,4
dev_021018046111113_1-rectangle,classification/val/4/021018046111113_1-rectangle.jpg,7cdcd2764479557d4b4721e077de9dc8562067c6a72056201b659ad9b707f649,4
dev_021018046111114_1-rectangle,classification/val/4/021018046111114_1-rectangle.jpg,985fa5f14d32bd5e8c0673c65d240c746bd008cd270ba13770adfaba24534598,4
dev_021018046111115_1-rectangle,classification/val/4/021018046111115_1-rectangle.jpg,ffe94fd33eb27896a214bd7e30e75000cee758aedee839d1efa1acfe24d8abc4,4
dev_021018046111116_1-rectangle,classification/val/4/021018046111116_1-rectangle.jpg,463d39f49ff011b41ba8dc0eef98527d30ff91f932a38a6c1c5bfac9517e6bef,2
dev_021018046111117_1-rectangle,classification/val/4/021018046111117_1-rectangle.jpg,585fd7a5cbd8044105e724c0a415e63e5672da10d1468e9e6decfe361ed08e87,4
dev_021018046111118_1-rectangle,classification/val/4/021018046111118_1-rectangle.jpg,523ae15dfcbb248475e9c10bed5de957a58d84d38f0ee0d249a582f43d409bd6,3
dev_021018046111119_1-rectangle,classification/val/4/021018046111119_1-rectangle.jpg,a711acf2276a7bf4938f3befb47da7ac25e5093e58656110dd3d7c9bb2bb35bc,4
dev_021018046111120_1-rectangle,classification/val/4/021018046111120_1-rectangle.jpg,ce84a55c209e1b4e9af5ad375cc5f411fa40e8949b196668c3ffa1be995b9ef1,4
dev_021018046111121_1-rectangle,classification/val/4/021018046111121_1-rectangle.jpg,52a332c5d88a7fbf9cd0fa2b0d21f8e04aff109a4d9e324e894e019b75b499b3,4
dev_021018063111101_1-rectangle,classification/val/4/021018063111101_1-rectangle.jpg,e392dd6f3e4e482d262e8b78445a6e8050da71c084813019210488fca948ed0c,4
dev_021018063111102_1-rectangle,classification/val/4/021018063111102_1-rectangle.jpg,b5316688a5d59e08e9c53cce0dae08f5f1c55702d4036bb6b1762d6683cc013b,4
dev_021018063111103_1-rectangle,classification/val/4/021018063111103_1-rectangle.jpg,f556b977b3c88324e74995c6471d7949ff95b367922b91aacfdea521644fc098,4
dev_021018063111104_1-rectangle,classification/val/4/021018063111104_1-rectangle.jpg,2e0391be49dcd714fb3353011e6fdde4dc1c2d3fd58462b2ad9a907518847751,4
dev_021018063111105_1-rectangle,classification/val/4/021018063111105_1-rectangle.jpg,447f5baec950e59eacec4357d5fb8894e25103b5218a5d2cb11166f0b9af3655,4
dev_021018063111106_1-rectangle,classification/val/4/021018063111106_1-rectangle.jpg,5aafa9f3404337021a9ae7d3e81820d399e7bbdc44c84196ac29573d3b8e5dd4,4
dev_021018063111107_1-rectangle,classification/val/4/021018063111107_1-rectangle.jpg,9a3a4dc430242709d9dea9b6653e70967d45de0e1f27f891e62e87d3e32c0785,4
dev_021018063111108_1-rectangle,classification/val/4/021018063111108_1-rectangle.jpg,f914451f575ba105633ad0efe9e49af6e9418668e2ce7428360d82b7a5076fbe,4
dev_021018063111109_1-rectangle,classification/val/4/021018063111109_1-rectangle.jpg,6f23f4626e012ac4f270e6b86bd3fdfa909fae8b874a51ea3654524d505a35e1,4
dev_021018063111110_1-rectangle,classification/val/4/021018063111110_1-rectangle.jpg,7ee9885a2b9f6ad0b5cf55ab2176ddcdca64671ddfcd380b329f45f7eec9a1e5,4
dev_021018063111111_1-rectangle,classification/val/4/021018063111111_1-rectangle.jpg,04df2618269adcc7a0e6f4dd18d637913460264912038ff8e25d1a6e928739df,4
dev_021018063111112_1-rectangle,classification/val/4/021018063111112_1-rectangle.jpg,4f5995c2bfbed8eedb922b6cbc1b2c9df251ac549c20d792466a0704fe5685af,4
dev_021018063111113_1-rectangle,classification/val/4/021018063111113_1-rectangle.jpg,f90c75eb3c881d3bd47d829fa1e5a5da955b703862d8b7e6d1e0ac07fe708201,4
dev_021018063111114_1-rectangle,classification/val/4/021018063111114_1-rectangle.jpg,174e5d7fc0414aa0900741a4981e46bcdc3ef7d89ee51373d01bacb12a2e7a95,4
dev_021018063111115_1-rectangle,classification/val/4/021018063111115_1-rectangle.jpg,797e0ee5c818563ee511baa28cf2e00469f6f165bb007e424f472b44853eebfb,4
dev_021018063111116_1-rectangle,classification/val/4/021018063111116_1-rectangle.jpg,f3324e44f0fa887e547dfef1e17cf097cece3d89e5e065b3e18240cde9baf0b1,4
dev_021018063111117_1-rectangle,classification/val/4/021018063111117_1-rectangle.jpg,b5d437945b06df792bf632ba1dadc137852dcf723b482c5b598eff9b712d29c4,4
dev_021018063111118_1-rectangle,classification/val/4/021018063111118_1-rectangle.jpg,9f2da825460ad12af44da7a8993a11780855bc3289b0a11fc6b5f2ab256ec89e,4
dev_021018063111119_1-rectangle,classification/val/4/021018063111119_1-rectangle.jpg,1ed94cba29a3ce548c1990829ed95d88da143f45fe68c2346f83d9d16e033b9f,4
dev_021018063111120_1-rectangle,classification/val/4/021018063111120_1-rectangle.jpg,a31fab5410af98361bb3af98e8f8326aba4f6d70b7c0dfe527019057a31199a9,4
dev_021018063111121_1-rectangle,classification/val/4/021018063111121_1-rectangle.jpg,e39f836c21b859b9a553ad1df8be1d4c41928dfd800643e892e65968a882d94a,4
dev_021018063111122_1-rectangle,classification/val/4/021018063111122_1-rectangle.jpg,eb6fdfcc9977768cf2efb025cc6818713a1d25df82f9de9401d1740963188b44,4
dev_021018073111101_1-rectangle,classification/val/4/021018073111101_1-rectangle.jpg,3815605ae4ada52d35b3efa6f6d708b9d04d91f9e652c6642d8bec840dab0c35,4
dev_021018073111102_1-rectangle,classification/val/4/021018073111102_1-rectangle.jpg,4b815040a86a41b7f4a971bf095c0934468bf12329a10d1bb66f25944473923e,4
dev_021018073111103_1-rectangle,classification/val/4/021018073111103_1-rectangle.jpg,3282e2d9d116e0bb45e7132ee0376283e03b82a6364a2253f81e8bf9d79d6519,4
dev_021018073111104_1-rectangle,classification/val/4/021018073111104_1-rectangle.jpg,cbbe3fc4907bce55e6e504d6ad37dd83de70450fc686d2c6dfa857b8cd650091,4
dev_021018073111105_1-rectangle,classification/val/4/021018073111105_1-rectangle.jpg,8529782a15565fa98df7cb802e081635be2d36e212d24b857ff69ab64b48b5f0,4
dev_021018073111106_1-rectangle,classification/val/4/021018073111106_1-rectangle.jpg,c1a6d6e7a4ac40b96c65e8a2c998a066244f56b97f7acce299bd32e0a71f3423,3
dev_021018073111107_1-rectangle,classification/val/4/021018073111107_1-rectangle.jpg,9b355d5abc60229d2383a05ca815edb990326602837787e34f0f3fabdea25df1,4
dev_021018073111108_1-rectangle,classification/val/4/021018073111108_1-rectangle.jpg,817e3163b9f0b6c3189aae381c14849f9e07cea6e95accbaad91c4e2c0599d09,4
dev_021018073111109_1-rectangle,classification/val/4/021018073111109_1-rectangle.jpg,0f0a6fd06d6657e31f4838592b027dbe787f7e5ca04ed28cc35ed396463a3710,4
dev_021018073111110_1-rectangle,classification/val/4/021018073111110_1-rectangle.jpg,39163e4076ae4e59e4860ca966ccc2d90784ab95a2be24354b1c712e0e2d2da6,4
dev_021018073111111_1-rectangle,classification/val/4/021018073111111_1-rectangle.jpg,349fa5d6d47cbd9c0450132eb57298cd01a25ac5d2648d8e0801d6d581387d39,2
dev_021018073111112_1-rectangle,classification/val/4/021018073111112_1-rectangle.jpg,a4865aa5f8079859b30907fd79149f3a8ff10905e13cfb6d38127160c0cb947f,4
dev_021018073111113_1-rectangle,classification/val/4/021018073111113_1-rectangle.jpg,e4b95a190b52367c6ad82fe236bf093ad884d4e47949f20b7e609ed3b51b057c,4
dev_021018073111114_1-rectangle,classification/val/4/021018073111114_1-rectangle.jpg,6ef463dc29ddb9c409bd58efbbfdb19ce52373ff330a00656401ee2b5c18fa74,4
dev_021018073111115_1-rectangle,classification/val/4/021018073111115_1-rectangle.jpg,15e4730fc0a2a66972479511709d91dc0ab2e2e21f18484733969b263431aeba,4
dev_021018073111116_1-rectangle,classification/val/4/021018073111116_1-rectangle.jpg,da5683932a4b2d6ab9f4118127642366b12f8757c9d3d3528ed14515496cd6dc,4
dev_021018073111117_1-rectangle,classification/val/4/021018073111117_1-rectangle.jpg,fc4e2213d15dc1a4b338fea5000539f3d8780e28d67b95235f581bb2afe8e260,4
dev_021018073111118_1-rectangle,classification/val/4/021018073111118_1-rectangle.jpg,b76a04b70d4202484cb82b417985485a341f25c4a5eb2329acbc26d690cd32ca,2
dev_021018073111119_1-rectangle,classification/val/4/021018073111119_1-rectangle.jpg,2ba2027bb76ff055e52065a00676812fa604b30a7bd92dff112bfe736ddcec0e,4
dev_021018073111120_1-rectangle,classification/val/4/021018073111120_1-rectangle.jpg,0ca73c8f6054167c65abcc5df263bebcfcc0fac340d3f46f8c10cb4b4418e9e3,4
dev_021018073111121_1-rectangle,classification/val/4/021018073111121_1-rectangle.jpg,d7a6d2590f8ae68fc102aaac63dd2f7c6e8ae8e73cb91375bbb9826537a34349,4
dev_021018073111122_1-rectangle,classification/val/4/021018073111122_1-rectangle.jpg,e242056dd528ab2ad33440fd8daa71a5e4f29fabebf00549a1ebee47b9e8b6c9,0
dev_021018073111123_1-rectangle,classification/val/4/021018073111123_1-rectangle.jpg,7a8d747edccbba5ce106c7f0f59cdcff4db15367b4e3256ccca554f3435f73f1,4
dev_021018073111124_1-rectangle,classification/val/4/021018073111124_1-rectangle.jpg,8eab43f84251bfe947380055f5fd21aeb0cf106fa804b41ddb1a29ddb00d0ff9,4
dev_021018073111125_1-rectangle,classification/val/4/021018073111125_1-rectangle.jpg,b35fbd1d5459d9cdbad0db40532bdf090844b2d4c1c1e40edb94c77b168c0502,4
dev_021018073111126_1-rectangle,classification/val/4/021018073111126_1-rectangle.jpg,9bcc44e7157dff9e40bc839e5bea54f03df74778a088d486b7baa15fb75065d9,4
dev_021018073111127_1-rectangle,classification/val/4/021018073111127_1-rectangle.jpg,6ea1ee958c226dad9329f5ad3fc8da488a182dad062a6b4235031d41d0ee6c28,4
dev_021018073111128_1-rectangle,classification/val/4/021018073111128_1-rectangle.jpg,f9f611a16985a145bcff0619ae4eaa62e6b96634f7daaa4fec2dae8cef426fbd,4
dev_021018073111129_1-rectangle,classification/val/4/021018073111129_1-rectangle.jpg,829824d3d20fadb9ac812bfdb2d023c3bcbd20585b3f62e601a1620d957da76c,4
dev_021018073111130_1-rectangle,classification/val/4/021018073111130_1-rectangle.jpg,1fc4d3d6568e25edd87aabf02322c6cbee587f201338109bb383f0ec8c7fb002,4
dev_021018073111131_1-rectangle,classification/val/4/021018073111131_1-rectangle.jpg,310039087eae182ea70f779cdd5fa6cdf48b349c675d7f9b7a099ff5617c7e01,4
dev_021018074111101_1-rectangle,classification/val/4/021018074111101_1-rectangle.jpg,ef22c4532afe272be92738ebc9d9856e80fe49fb5b3aeb78879a8fb3ca245008,4
dev_021018074111102_1-rectangle,classification/val/4/021018074111102_1-rectangle.jpg,afa7331d940e347db40522147f9aa30610dbe72b56cc5eb720a74d762578b777,4
dev_021018074111103_1-rectangle,classification/val/4/021018074111103_1-rectangle.jpg,cc3658c0844a8f01f872f7cba2e756bc50c3fdbcfd33b211f26140357d6c6fce,4
dev_021018074111104_1-rectangle,classification/val/4/021018074111104_1-rectangle.jpg,d8f7137eb129285fd9bf7a7d3f06fcf14a69f94d3fc9b9d5f98b19c079aa2104,4
dev_021018074111105_1-rectangle,classification/val/4/021018074111105_1-rectangle.jpg,730c1078ae7d0b545214d4be41c309f129f6351ee693f561c7cc37a9533f3db1,4
dev_021018074111106_1-rectangle,classification/val/4/021018074111106_1-rectangle.jpg,ca9246bdeb18357ee7268b7b3a3e4abd620121b76b44de417ca13bd2d4ab9c75,4
dev_021018074111107_1-rectangle,classification/val/4/021018074111107_1-rectangle.jpg,9a47c89d70b7609ff962dc97698c64a3fada57a4fd4bad9231544a46aad73ae5,4
dev_021018074111108_1-rectangle,classification/val/4/021018074111108_1-rectangle.jpg,ea0ef0a2812b3efb9d04573f3aaab804dc0cfe6108dc71eb5f15a942b4ffa154,4
dev_021018074111109_1-rectangle,classification/val/4/021018074111109_1-rectangle.jpg,c4c5dbc39c053d36705068d5094287a6c7f719a3b2531134b70b97322e2f647e,4
dev_021018074111110_1-rectangle,classification/val/4/021018074111110_1-rectangle.jpg,50badbf5e9b0b9b620dd2fb91d6411783433e9c0e418cdfb3a12031c91d5c3e2,4
dev_021018074111111_1-rectangle,classification/val/4/021018074111111_1-rectangle.jpg,ff7904356093c72e3cb59c967122cf52c8b0f394bd6c2a1533471269905df192,4
dev_021018074111112_1-rectangle,classification/val/4/021018074111112_1-rectangle.jpg,eb1301150ae926aa4651759032324fe84adc7368c42c56b6571ee069b365106a,4
dev_021018074111113_1-rectangle,classification/val/4/021018074111113_1-rectangle.jpg,7862be949fe6c6305487b6a207fe2743235379c6a865483e99b93a4f5a1c5851,4
dev_021018074111114_1-rectangle,classification/val/4/021018074111114_1-rectangle.jpg,006daf869ae08fdacea667e0c022aa675edf02176eb9c788ebcb2a90450c0eba,4
dev_021018074111115_1-rectangle,classification/val/4/021018074111115_1-rectangle.jpg,03f4f31a7a89502a3b234235e78ca4182f4a108161780b2add85d0514d8af1d1,4
dev_021018074111116_1-rectangle,classification/val/4/021018074111116_1-rectangle.jpg,56537475d372efb9414f722ada0522f8d5c8a2b9a6cfb623963fbe6ca64fa33d,4
dev_021018074111117_1-rectangle,classification/val/4/021018074111117_1-rectangle.jpg,76db929f040cd73fcceee3f522e24b146cbbf08a39d24bb1a103225a7b99a1ab,4
dev_021018074111118_1-rectangle,classification/val/4/021018074111118_1-rectangle.jpg,8174e84d2d04db29db4919443b7996e6d20b136566e08eadc82b79b0059de5d3,4
dev_021018074111119_1-rectangle,classification/val/4/021018074111119_1-rectangle.jpg,3be961fd39b539aeeee9d5281b7f60e34c1d0a8b0ad396ccbfbe1de2e3208079,4
dev_021018074111120_1-rectangle,classification/val/4/021018074111120_1-rectangle.jpg,5bf9113c5ab4960467b2a41aaef4f5941720bc9c380e97a27b3b0ebabc12fe72,4
dev_021018074111121_1-rectangle,classification/val/4/021018074111121_1-rectangle.jpg,773ee95e4266faaf6746b432432af902af92ddec969e56e8a266691a38458c7e,0
dev_021018074111122_1-rectangle,classification/val/4/021018074111122_1-rectangle.jpg,a114a17391c346f40b659d42af3bb59128e5032efadbb89909214b1a462fa458,4
dev_021018074111123_1-rectangle,classification/val/4/021018074111123_1-rectangle.jpg,b301aecff5147282289029843a360f16550fd9afc94930b819bdebd6d1369b86,4
dev_021018074111124_1-rectangle,classification/val/4/021018074111124_1-rectangle.jpg,3ab1783ffe7275c11560a776e85bb84666cf4115dfc4d2a587514e779af2236c,4
dev_021018074111125_1-rectangle,classification/val/4/021018074111125_1-rectangle.jpg,62d67da20f4d6903c401d552eb385d47a069d2b778ce1a3838ec96f516cb10ab,4
dev_021018084111101_1-rectangle,classification/val/4/021018084111101_1-rectangle.jpg,1d95bd20f67fbb997c1c792542560f408eac8bbe27bb8284669c9c5b69541987,4
dev_021018084111102_1-rectangle,classification/val/4/021018084111102_1-rectangle.jpg,743ef375772aba029e91f67ff0927492bb4743227f8a28f747873b1253abdfcb,4
dev_021018084111103_1-rectangle,classification/val/4/021018084111103_1-rectangle.jpg,0b503fde701a0206cc99d787d44a835936ebe6cf10136cd0d2b3412afed976be,4
dev_021018084111104_1-rectangle,classification/val/4/021018084111104_1-rectangle.jpg,4fb7e81ffe71c26755ffeb04537ad88b41d004714d6207d9a9a17aa004eb17a6,4
dev_021018084111105_1-rectangle,classification/val/4/021018084111105_1-rectangle.jpg,197305d10c0a517c0567f4b82851f07f5ccff509504f20d0e0411dc11c552b62,3
dev_021018084111106_1-rectangle,classification/val/4/021018084111106_1-rectangle.jpg,db1a42f763e507d165c02146830fa33ad2bc787d412a52614a635d3567d38421,2
dev_021018084111107_1-rectangle,classification/val/4/021018084111107_1-rectangle.jpg,cdb664ee990c39b386606a9c350483609d102c24bb0e8d43eb5feb883baa1bdf,4
dev_021018084111108_1-rectangle,classification/val/4/021018084111108_1-rectangle.jpg,18322bce5ac3464b86c62d6d52e80513b3f016c7dece7589aa84b2e319dffe01,4
dev_021018084111109_1-rectangle,classification/val/4/021018084111109_1-rectangle.jpg,d71d3b0d24da5f512b3cb5a3b1dc2598a90596ac6308ab994a3d42e9404abfac,4
dev_021018084111110_1-rectangle,classification/val/4/021018084111110_1-rectangle.jpg,cbb1fee7b6738157245d3281fc3ed94c9fb7c441c37c1e9e3f066a80377c47a5,4
dev_021018084111111_1-rectangle,classification/val/4/021018084111111_1-rectangle.jpg,f6017be7d5d9d7b36a95997e03923f29b62e6d3856693681d21fe17c0ff2d90a,4
dev_021018084111112_1-rectangle,classification/val/4/021018084111112_1-rectangle.jpg,4f9c2a979df0b14e1a4c4f5e269c0df1a1dbf1f054bbd368fd2b02dbd0aff78a,4
dev_021018084111113_1-rectangle,classification/val/4/021018084111113_1-rectangle.jpg,d3db9a2845e5061e957ce242321b933b63b69030a4e8781c07bf36d571c9583e,4
dev_021018084111114_1-rectangle,classification/val/4/021018084111114_1-rectangle.jpg,0e93d69c58154e59ef7dcd7e9002f0e65edeef5b062fd0f3c4520cb9f8fe7a77,4
dev_021018084111115_1-rectangle,classification/val/4/021018084111115_1-rectangle.jpg,6ab7b2eb30113b426d9e06ef0e92d10b857c8177d47b9a650e6490bffbfcedf7,4
dev_021018084111116_1-rectangle,classification/val/4/021018084111116_1-rectangle.jpg,e5fac3a128c740758532a37e18563271fe60303771193f16611a1c27c60064b6,3
dev_021018084111117_1-rectangle,classification/val/4/021018084111117_1-rectangle.jpg,6a2e8a8cf4b4c6abc690148d2333e5eae8b483f601880f0ae14ae5b26ad13fcd,0
dev_021018084111118_1-rectangle,classification/val/4/021018084111118_1-rectangle.jpg,80ae3580d781ea21e03c328ec787a6e47049d6dc411364984a512c53802f5a30,4
dev_021018084111119_1-rectangle,classification/val/4/021018084111119_1-rectangle.jpg,58930f39c764fb322a5cefadde846f753305c24628a5ffd06ba2c62a25e4d3f8,4
dev_021018084111120_1-rectangle,classification/val/4/021018084111120_1-rectangle.jpg,22a5d9dfa2592442dd848cb702cc17f3daee9c0d29ea239a28eebbf8c0487d7e,4
dev_021018084111121_1-rectangle,classification/val/4/021018084111121_1-rectangle.jpg,cab6dbe6ee555a2d6a0b5e62e3b0cb67c14c2fc61604f1595f429a9bf8412d20,4
dev_021018084111122_1-rectangle,classification/val/4/021018084111122_1-rectangle.jpg,d2c568dd23cc17125cccd9e7badd07bb5d64646754e4cb824086a58dd3cdc00e,4
dev_021018084111123_1-rectangle,classification/val/4/021018084111123_1-rectangle.jpg,b0d7ee4c6cfbc14c5b8343a44b8dbeb040b08750553790751b47163dd17ddba3,4
dev_021018084111124_1-rectangle,classification/val/4/021018084111124_1-rectangle.jpg,785a1d8440fd8e6084cd95cf80d9d645fd6faab8d4f3a4c663dae34e7a81baff,4
dev_021018091111101_1-rectangle,classification/val/4/021018091111101_1-rectangle.jpg,4bf027a971f987500a2f4fcc3dab1023c2ea101c1f7c91e71c2b0524cb7aad4d,4
dev_021018091111102_1-rectangle,classification/val/4/021018091111102_1-rectangle.jpg,0259d126bcf333c4288bdbd5f827b8e4e8e70b1fcabbdf10dc7815df2512b469,4
dev_021018091111103_1-rectangle,classification/val/4/021018091111103_1-rectangle.jpg,fbee9e8c9e5074f06ea02a6ecfe4e0a69e4bada661f4e0e6025fb6832e6d8c41,4
dev_021018091111104_1-rectangle,classification/val/4/021018091111104_1-rectangle.jpg,8eabcef6600297c0305aae7ff984ec86fdca863dd5410bd2aa5f169b875f49ce,4
dev_021018091111105_1-rectangle,classification/val/4/021018091111105_1-rectangle.jpg,90700a2bc83a4bc84933712fb8d6acfe0807b71be5d0fbff8e0219962723a1dd,4
dev_021018091111106_1-rectangle,classification/val/4/021018091111106_1-rectangle.jpg,78ea950322e9d9c4ad2812ed2efee46f7b78013f3947e6cc36d8036fc8d3604e,4
dev_021018091111107_1-rectangle,classification/val/4/021018091111107_1-rectangle.jpg,0cd0f1c096d0c0e18872e9d6e9c62e21deab28983b1453532316fb1daf2048fc,4
dev_021018091111108_1-rectangle,classification/val/4/021018091111108_1-rectangle.jpg,77be9fed3f3cad2434a999e91d22e9eb05ee5ce4aa85738d11d6b7236b885314,4
dev_021018091111109_1-rectangle,classification/val/4/021018091111109_1-rectangle.jpg,f633d2d808bb92feb4b9a2a95fc9e37c58b0344a545b1babcf2961220e84cbad,4
dev_021018091111110_1-rectangle,classification/val/4/021018091111110_1-rectangle.jpg,a3614e66d859f300cc01d4476191b58a162ec987a39dba9ca39d5486b3e50201,4
dev_021018091111111_1-rectangle,classification/val/4/021018091111111_1-rectangle.jpg,608b217abbe50591cfb128074b73b723741b1b89da07daee1f626c151829c320,4
dev_021018091111112_1-rectangle,classification/val/4/021018091111112_1-rectangle.jpg,1b200a03aee49e4bfac320b60d539be948cc0c57312c3998d8fc2ae926e5d64a,4
dev_021018091111113_1-rectangle,classification/val/4/021018091111113_1-rectangle.jpg,213cb7c3c36e2062b6f21e4a5657065a2be367944f40f0f91b67dca1f697ef8e,4
dev_021018091111114_1-rectangle,classification/val/4/021018091111114_1-rectangle.jpg,8a470886853392e686f0a790aad8eae951ab8fc04590df8a3313c217f62c4169,4
dev_021018091111115_1-rectangle,classification/val/4/021018091111115_1-rectangle.jpg,cb1eb76f956bcfa3760efb47e3a75384e3a60e61b810dda15772d29ed2b8a403,4
dev_021018091111116_1-rectangle,classification/val/4/021018091111116_1-rectangle.jpg,abbd51e17b73cc93b5226af2d78deca55a2472524069e778190af88576fba319,4
dev_021018091111117_1-rectangle,classification/val/4/021018091111117_1-rectangle.jpg,a2d45515a165b01fb23a17a11be0f4fe9ba6a24f03a79efc40747801f7c1ab65,4
dev_021018091111118_1-rectangle,classification/val/4/021018091111118_1-rectangle.jpg,c87c9426495f8cc55a51c14c6684220e744ec26f50137e43889a39d501168b40,4
dev_021018091111119_1-rectangle,classification/val/4/021018091111119_1-rectangle.jpg,6fa6499f4b33e5b4d8ec5d011ba8e2caadbd05f79195230174d50e5d8a48e0b9,4
dev_021018091111120_1-rectangle,classification/val/4/021018091111120_1-rectangle.jpg,436f588c67e3645a66e91900e70afe1a29e3c7b6ca8ddacef6462558af9bdde2,4
dev_021018091111121_1-rectangle,classification/val/4/021018091111121_1-rectangle.jpg,3f027ec7539846f098187c3f0c7e11be58c88f47daf2d42717fd4e8fba7bc0c5,4
dev_021018091111122_1-rectangle,classification/val/4/021018091111122_1-rectangle.jpg,297dbfd6112405ff483d2d079098aa28de356baa5fac7ad50ea898a0f5af7842,4
dev_021018091111123_1-rectangle,classification/val/4/021018091111123_1-rectangle.jpg,25e4d505965f7a8e56d5a7e7cd955d7344cda0bad51d7fdb4f4945b6b22d8e8b,4
dev_021018091111124_1-rectangle,classification/val/4/021018091111124_1-rectangle.jpg,0dadc0b099293e97a54ccd7eec8b2c02023603792d11ac562c36730e459d4c5e,4
dev_021018096111101_1-rectangle,classification/val/4/021018096111101_1-rectangle.jpg,33983ccdbd196ee701823c62adfa34b9ac3844c586b7b49e37c5bef7d49204d4,4
dev_021018096111102_1-rectangle,classification/val/4/021018096111102_1-rectangle.jpg,fc14484b5efc9f4f48fd44cf674c79f4d507f2ee4985bdc5710fe344eb6a2084,4
dev_021018096111103_1-rectangle,classification/val/4/021018096111103_1-rectangle.jpg,e99d29c78fbb1c3beff647270993e1678fdcc2e05a3643dea9b8f583095b6e0d,4
dev_021018096111104_1-rectangle,classification/val/4/021018096111104_1-rectangle.jpg,dbba926d592c6c4a14e3f755d9a2057a3240307cfaf7c333062886c332ab89d5,4
dev_021018096111105_1-rectangle,classification/val/4/021018096111105_1-rectangle.jpg,c085f1f955db75266b4e3de3c21b02a36880e6231a6b1b74da463a1966fadebd,1
dev_021018096111106_1-rectangle,classification/val/4/021018096111106_1-rectangle.jpg,312535e381771de42651c190c5097bf2426d799da7ca6b21eeace64baae06176,4
dev_021018096111107_1-rectangle,classification/val/4/021018096111107_1-rectangle.jpg,b3c7bc130ff283021a1655e33818e59c14cc5901824f1abf064b8ce48e2a7634,4
dev_021018096111108_1-rectangle,classification/val/4/021018096111108_1-rectangle.jpg,4ac094848c2f2833dcab745cebc71e12a4b0e92bde956649b5734e55291f9801,4
dev_021018096111109_1-rectangle,classification/val/4/021018096111109_1-rectangle.jpg,bbce74f3fe0e6c55dd8fe58da29b54fbb77b56086c12273a8bd27563a6cbc6b2,4
dev_021018096111110_1-rectangle,classification/val/4/021018096111110_1-rectangle.jpg,b3486209ccbb9e9f1f6f1bfb2047887b6a30034ea542b0f636cdbbf279cf95f9,2
dev_021018096111111_1-rectangle,classification/val/4/021018096111111_1-rectangle.jpg,b846723b8476e2ba27d9caa169f4a1df3c3f0fb2966eb2a7b7012dff7596bab1,4
dev_021018096111112_1-rectangle,classification/val/4/021018096111112_1-rectangle.jpg,9c9734c865f2fc3a8d43333e4998ccf9531a505154cbed5f9941706db4a619d3,4
dev_021018096111113_1-rectangle,classification/val/4/021018096111113_1-rectangle.jpg,fd3b543122c13dd574cd3f7a359ff288154331164b45528caac035c17fe532ff,4
dev_021018096111114_1-rectangle,classification/val/4/021018096111114_1-rectangle.jpg,97e01751d5cadec933efc2dd98b2c5fa585dfc159e7ef7d99714f6544db11a50,4
dev_021018096111115_1-rectangle,classification/val/4/021018096111115_1-rectangle.jpg,ec396374aa63b3e94028aa5a1ae5b88ae041d4789ad65c4f381046d7a822f973,4
dev_021018096111116_1-rectangle,classification/val/4/021018096111116_1-rectangle.jpg,0397299c27a90aadc8e23e2cc1b65f576331b2d5fbbbf0b1c65faf8e4850feef,4
dev_021018096111117_1-rectangle,classification/val/4/021018096111117_1-rectangle.jpg,e6d64322bc9868f9b427d9ebbcd626fc283e9b61af44743852e8fcdb9942b898,4
dev_021018096111118_1-rectangle,classification/val/4/021018096111118_1-rectangle.jpg,7ef1cc43be41019ccfe7c7d7c9498356d2dd743d198606bd7538358babc89dc4,4
dev_021018096111119_1-rectangle,classification/val/4/021018096111119_1-rectangle.jpg,bd148e79826190580b4427e25d05d3a5cc620ec348d55585f36406482b7e67a9,4
dev_021018096111120_1-rectangle,classification/val/4/021018096111120_1-rectangle.jpg,2c3af2db9e3064621f0d9dade76423995d1972f7332d4a89190e110466149eca,4
dev_021018096111121_1-rectangle,classification/val/4/021018096111121_1-rectangle.jpg,6d5b98b5205c7396518ccad9e92a618136b0cd668e47684d762746676b14d56a,4
dev_021018096111122_1-rectangle,classification/val/4/021018096111122_1-rectangle.jpg,a9c8bdff393271dc75fae3633742f873598cb654feefde6cb51fe474e8e5f991,4
dev_021018098111101_1-rectangle,classification/val/4/021018098111101_1-rectangle.jpg,6cce174b8b6a88c340cc0f337ac6e785ee4999d9bd41542eb0623f1264fd2b5b,4
dev_021018098111102_1-rectangle,classification/val/4/021018098111102_1-rectangle.jpg,1eedf1582c887ea2b43db1c7e326987d80d9633ce8537d626899ffdc24464961,4
dev_021018098111103_1-rectangle,classification/val/4/021018098111103_1-rectangle.jpg,070df823b2516fb090fc6f770dff2f1dfe5473059bc62771ebcc5812b211c4d4,4
dev_021018098111104_1-rectangle,classification/val/4/021018098111104_1-rectangle.jpg,898d63395daee9fe84bf5ad885cbca083a2a5f2d9df4499f44dbe4c878f74167,4
dev_021018098111105_1-rectangle,classification/val/4/021018098111105_1-rectangle.jpg,dca514bb8b2904437c8af8b5144b7d60da461646d4eaa1bbdbac2b63d08af54a,0
dev_021018098111106_1-rectangle,classification/val/4/021018098111106_1-rectangle.jpg,4c4de3878213be8adc09a1a7115af4b2269b220f1064f578775dbb1baf383f76,4
dev_021018098111107_1-rectangle,classification/val/4/021018098111107_1-rectangle.jpg,73d6f8a374973ae246faf3ef0ba61af44b18f85fb7487a083056a1e33869125d,4
dev_021018098111108_1-rectangle,classification/val/4/021018098111108_1-rectangle.jpg,32ddacab0d7878e3162930380a5be9a5fa6981141033053ed7040749c94c03e7,4
dev_021018098111109_1-rectangle,classification/val/4/021018098111109_1-rectangle.jpg,00d000eec40f3882181f1953213555d2eb70293776849605f21050e29a2001b1,4
dev_021018098111110_1-rectangle,classification/val/4/021018098111110_1-rectangle.jpg,0038dc6c1d2d133730e2bbcae16acc0b2b5822a59c4789ffe62051cdea0efb7d,4
dev_021018098111111_1-rectangle,classification/val/4/021018098111111_1-rectangle.jpg,6534806021dfbb488a8c3a79dd05667127733f3e4d7ecbe16604841cdb3e03e4,4
dev_021018098111112_1-rectangle,classification/val/4/021018098111112_1-rectangle.jpg,a1a08e3b27d74723c0d1d55e102a24afb7282904b31b501c3f796510f8f0291c,4
dev_021018098111113_1-rectangle,classification/val/4/021018098111113_1-rectangle.jpg,8063b1e02537e4beae32c910f279a1d0803c609a5232ade85ce664718d1c4a42,4
dev_021018098111114_1-rectangle,classification/val/4/021018098111114_1-rectangle.jpg,32d0df6b49b2118ac50c7cf66e176fa801e4c9413eb598983ac01e37c18df1f0,2
dev_021018098111115_1-rectangle,classification/val/4/021018098111115_1-rectangle.jpg,04ce5faf5482a3c5fca64a6304422475637e68549e8c535d0c6c08e5705a418e,4
dev_021018098111116_1-rectangle,classification/val/4/021018098111116_1-rectangle.jpg,d52c8aa106f538d54b27cc7533c3fa0e45bce06839d89a13769b1db1e1e07bd5,4
dev_021018098111117_1-rectangle,classification/val/4/021018098111117_1-rectangle.jpg,b44263783ab463078d9d2d37fc6036877d6c3c30408e385290c921520b041532,4
dev_021018098111118_1-rectangle,classification/val/4/021018098111118_1-rectangle.jpg,03d493df27d64307441932a6cc99e037dbf288067607d48ad5ee3bfac5b132d3,4
dev_021018098111119_1-rectangle,classification/val/4/021018098111119_1-rectangle.jpg,dbcdff122a39dacec143a32d0a0cb00355c342b205c02f42f7a6a49d4ba3775e,2
dev_021018099111101_1-rectangle,classification/val/4/021018099111101_1-rectangle.jpg,17671e73f1273c2b8299c4ff672f9df1903e25e2e622943fc47370721129db7a,1
dev_021018099111102_1-rectangle,classification/val/4/021018099111102_1-rectangle.jpg,66a591c74da50a485610dbac2809d43970188d79d5a452fc58d0bb91583c3a04,4
dev_021018099111103_1-rectangle,classification/val/4/021018099111103_1-rectangle.jpg,74812a1108cd1dd810b9fd49580987aba190131e7c344bc7f995d0f3c0465428,4
dev_021018099111104_1-rectangle,classification/val/4/021018099111104_1-rectangle.jpg,7f8a335e6e82d7089ee043b3fc0c481d833cd9a4ac21141de58adc1e2952721b,4
dev_021018099111105_1-rectangle,classification/val/4/021018099111105_1-rectangle.jpg,b1856cfa37354b0c32d206164f59e5a79b1ddd0f75df49c988fc9114d4d30731,4
dev_021018099111106_1-rectangle,classification/val/4/021018099111106_1-rectangle.jpg,9a21103a9c216d0420a1f8d221a51ea18c4cc28d8cfab5efb8235f661fbaf4e2,4
dev_021018099111107_1-rectangle,classification/val/4/021018099111107_1-rectangle.jpg,5c9bcd7cc6f4906b6166aa1049e6bdbb966e5491e97a327f0f403899879d783f,4
dev_021018099111108_1-rectangle,classification/val/4/021018099111108_1-rectangle.jpg,34ba04964868f995893f856496af377f9cb88078a0a00e686c1fe38d3fed4c2a,3
dev_021018099111109_1-rectangle,classification/val/4/021018099111109_1-rectangle.jpg,ef2e885e69583db50a06dc7d93a3502adad94eb0949086aaf36c8101e797a89d,4
dev_021018099111110_1-rectangle,classification/val/4/021018099111110_1-rectangle.jpg,59dcf9c0a1d9394a9204a086c4d2d456c2e97f313605bdadfc09078bbf1732d5,4
dev_021018099111111_1-rectangle,classification/val/4/021018099111111_1-rectangle.jpg,5ea036b533db6c60ae106764e7da574dfb1e48d2bb8c7aea9ede3cd4d76e691b,4
dev_021018099111112_1-rectangle,classification/val/4/021018099111112_1-rectangle.jpg,c13ec075bca66a806dc2d492439da7d66cc5692a7605d5baf11a32b56da55519,4
dev_021018099111113_1-rectangle,classification/val/4/021018099111113_1-rectangle.jpg,086eddf4754f02a93be9a56e4d5d7639e86b040f21e7664d7d1003ac4d20d152,4
dev_021018099111114_1-rectangle,classification/val/4/021018099111114_1-rectangle.jpg,9b8733a64a991f496bdc512a08bcc2d788f8125d6297585c2e09c14111ece6ff,4
dev_021018099111115_1-rectangle,classification/val/4/021018099111115_1-rectangle.jpg,181d720d6deefef08d21f3bf600533d838d1c32dc7b8121807b8e0f221af7b44,4
dev_021018099111116_1-rectangle,classification/val/4/021018099111116_1-rectangle.jpg,3c984584fd95a656df758486abb074374126bf302f0ff1692de09e6f494a5ec4,4
dev_021018099111117_1-rectangle,classification/val/4/021018099111117_1-rectangle.jpg,ec852c8e41bf4daae4cc231e5f6429ada4a8be7faeb0e50718829612503adbbf,3
dev_021018099111118_1-rectangle,classification/val/4/021018099111118_1-rectangle.jpg,bebffed199a9b3f35f4c1350ce148df6f488324962252a0c097a5865a25e0f2d,4
dev_021018099111119_1-rectangle,classification/val/4/021018099111119_1-rectangle.jpg,294ef66a5c1dc0e4ab7526876785819b14284b81951bdfc5359410f7349606ce,4
dev_021018099111120_1-rectangle,classification/val/4/021018099111120_1-rectangle.jpg,39e16fd8541fef108993d99a2bc01403feb0d66ecf548ea61eca2f81aa7b7c28,4
dev_021018099111121_1-rectangle,classification/val/4/021018099111121_1-rectangle.jpg,50426a31fe5e01025565da1b13c2a3b6ba0397fea7d3459365c5ed61fc18b05d,4
dev_021018099111122_1-rectangle,classification/val/4/021018099111122_1-rectangle.jpg,f65e6d4598de13147d677ec4dc2c17c621575a6858eea6a51008f2ca0e4c8c47,4
dev_021018100111101_1-rectangle,classification/val/4/021018100111101_1-rectangle.jpg,591a58779961a231fc20ff63190f5b216efc9053c0342f0abb6b1f115b54af9e,1
dev_021018100111102_1-rectangle,classification/val/4/021018100111102_1-rectangle.jpg,a68683978566f6b180ad13eb7909098b78b459493b97315610eff1058fa5e97f,4
dev_021018100111103_1-rectangle,classification/val/4/021018100111103_1-rectangle.jpg,b0cf43ab8f4c51d546b12c549d97009d3b30bf293fce34e68a2693e4582ffadd,4
dev_021018100111104_1-rectangle,classification/val/4/021018100111104_1-rectangle.jpg,228b6dcb41ce1e1eec71f7941504483b1971ab43e6756d1f1556dca0dd74e4b9,4
dev_021018100111105_1-rectangle,classification/val/4/021018100111105_1-rectangle.jpg,aa0ccd81cecf4c4a7f1ad4724a21b5f5ce2f4a00499ef96f4f3dd4b53b1282b7,4
dev_021018100111106_1-rectangle,classification/val/4/021018100111106_1-rectangle.jpg,dfcd43645cd609d44307c1d512a2695bbccc6cd65cd90e858be51b746eb57e1d,4
dev_021018100111107_1-rectangle,classification/val/4/021018100111107_1-rectangle.jpg,cc041cb7ba2387c3bf43d3b37da87a8f15af6e59c581e756996e34a95cd3c16c,4
dev_021018100111108_1-rectangle,classification/val/4/021018100111108_1-rectangle.jpg,a059cf7b4d7c8d8e52d14e52ae6745211b9a48a8d30ab2331f197ac2be587330,4
dev_021018100111109_1-rectangle,classification/val/4/021018100111109_1-rectangle.jpg,7fdf0aa3c8fca5799636737aa49230ac211b8ce16d0b17ed0b0d4285eac913e3,4
dev_021018100111110_1-rectangle,classification/val/4/021018100111110_1-rectangle.jpg,d230981e0cc1da96e0d9a0f68fd8ff9befaf0ceddabcf7a4fda10b4bc8eea399,2
dev_021018100111111_1-rectangle,classification/val/4/021018100111111_1-rectangle.jpg,b000163a264f5eb8d2886826171aebb03c92cf1689b2891fdbf4d261c29ef95e,4
dev_021018100111112_1-rectangle,classification/val/4/021018100111112_1-rectangle.jpg,9185d3bbded586e677f45ed5f79fce04fc055127fb5b718398c6838ffcdd1852,4
dev_021018100111113_1-rectangle,classification/val/4/021018100111113_1-rectangle.jpg,41ff3053fae0f1a6f5cc82b02c3afd2eb0445ec261c93b4131364ced2eda9250,4
dev_021018100111114_1-rectangle,classification/val/4/021018100111114_1-rectangle.jpg,9b30ba3f164b1c0b5f777a45dae3ddf37d82874332f2c65877d52720e9406773,4
dev_021018100111115_1-rectangle,classification/val/4/021018100111115_1-rectangle.jpg,883d40a4cc4029c2a411e5e685f8fcb8309c36e81d27f22617860d4d6edb2c8d,4
dev_021018100111116_1-rectangle,classification/val/4/021018100111116_1-rectangle.jpg,c11d47e7a3e7c8e6443dc56b53bb3a1de90e4679b853790a7b56f0afb1659587,4
dev_021018100111117_1-rectangle,classification/val/4/021018100111117_1-rectangle.jpg,8210b02e4c1ccf263d33541acdcb09d450875d8edabf2d6b98f2ee6348681954,4
dev_021018100111118_1-rectangle,classification/val/4/021018100111118_1-rectangle.jpg,8b7f15b65ae531c038d72d2b5869578d8835959f2938a30a9f680dbfaee6e68f,1
dev_021018100111119_1-rectangle,classification/val/4/021018100111119_1-rectangle.jpg,bf175d63f3c3a127da003a586b88357ba01a0339970f2a0fa1ff667ba383a394,4
dev_021018100111120_1-rectangle,classification/val/4/021018100111120_1-rectangle.jpg,12fee8d483536679c2c44cf8cfef9c6fdbcfca75bac7457bff22ebdab98ddd8c,4
dev_021018100111121_1-rectangle,classification/val/4/021018100111121_1-rectangle.jpg,c7fd9e233891c61f073178cf8dda7bfd2e11b9775ae817a9b113850549705870,4
dev_021018101111101_1-rectangle,classification/val/4/021018101111101_1-rectangle.jpg,da6b3b96963b9b74025edfc04a7971fa5b2684b5b845bfc616c37477d15c686f,4
dev_021018101111102_1-rectangle,classification/val/4/021018101111102_1-rectangle.jpg,b3e8bd7e49b59c47b899ae4edb70afa4f265d1fcaf1e0f4faaa6c00a04bbaee9,4
dev_021018101111103_1-rectangle,classification/val/4/021018101111103_1-rectangle.jpg,11da113ee3bfdb5d032a0f8be0a6c8cbc591e5467ca6b849ace708e3e697849c,4
dev_021018101111104_1-rectangle,classification/val/4/021018101111104_1-rectangle.jpg,0ba448114cb603ffe591548535fb7a63cef4868709112f28fd21e746e62a4a40,4
dev_021018101111105_1-rectangle,classification/val/4/021018101111105_1-rectangle.jpg,5d8ba0e076b1a199baf9b65fae06505165472c21b6fb6a0e433fa2344b849aa6,4
dev_021018101111106_1-rectangle,classification/val/4/021018101111106_1-rectangle.jpg,e84258a4dc6438bfddd5b1f38aea7dde74afadb52d2d91e3e6dc7015dba67bf3,4
dev_021018101111107_1-rectangle,classification/val/4/021018101111107_1-rectangle.jpg,2a47e130997740f546cfbfba685b80a563f16660589793afd84e342279c1c250,4
dev_021018101111108_1-rectangle,classification/val/4/021018101111108_1-rectangle.jpg,234015a6154a31d846a9508278677dbc33095c68ed872c0c840bf16b2ffb222b,4
dev_021018101111109_1-rectangle,classification/val/4/021018101111109_1-rectangle.jpg,9bb9273bb65ae4c6e86b86186ee920d77b143fa58eb432c47a38f70ffb83d5f5,4
dev_021018101111110_1-rectangle,classification/val/4/021018101111110_1-rectangle.jpg,b654d8039a40d11699c01b6be432cd72a7e21ff6bd6af1b07caf25644efd2e54,2
dev_021018101111111_1-rectangle,classification/val/4/021018101111111_1-rectangle.jpg,6487cef09753b55184bd4315e88e6213528f6b9e5d59a808433f89b7da682105,4
dev_021018101111112_1-rectangle,classification/val/4/021018101111112_1-rectangle.jpg,5153600c933d1f8e3ff4550030db8bc7b8428652665dd5ac72278376a01d41fb,4
dev_021018101111113_1-rectangle,classification/val/4/021018101111113_1-rectangle.jpg,d47e683b369b333b7b4a9787eedf2a93e74205e248bc3d17ca9e40adadea4a35,4
dev_021018101111114_1-rectangle,classification/val/4/021018101111114_1-rectangle.jpg,fa0efdbdfda1fcf929b45fd555a5d8be38fcecb8c3acda544a214022cf9820a7,4
dev_021018101111115_1-rectangle,classification/val/4/021018101111115_1-rectangle.jpg,a79a79ab6a25a751ecb5edb42d97e5831fe7500915b63bb94bbeb8c2c0eb852f,4
dev_021018101111116_1-rectangle,classification/val/4/021018101111116_1-rectangle.jpg,8b89f392ac58b08a5e3b75a6bd617a83fee6a22ccacfc626818e2b1d99dbba29,4
dev_021018101111117_1-rectangle,classification/val/4/021018101111117_1-rectangle.jpg,2a361db80f490aba434d76c6bf9a1ebf368f5457e793c948fb616477dec1111a,4
dev_021018101111118_1-rectangle,classification/val/4/021018101111118_1-rectangle.jpg,b2000f5a9652a1537ad131f6e9f44e20b2092d21e53a1b877593dd775c3564d3,4
dev_021018101111119_1-rectangle,classification/val/4/021018101111119_1-rectangle.jpg,5f3cabdfa2a46aa9b7160c8af95c3dd5ecf820e631faac795adf4891714c0247,4
dev_021018101111120_1-rectangle,classification/val/4/021018101111120_1-rectangle.jpg,aef315d5a3a58e8d5d9bcd9f194745e70adb44c09e96166236210ad9357f2bf2,4
dev_021018101111121_1-rectangle,classification/val/4/021018101111121_1-rectangle.jpg,d3942cdbd7d310b03a40711458a226c2f3e8bfac9bd41aa039307e658d983c4b,4
dev_021018101111122_1-rectangle,classification/val/4/021018101111122_1-rectangle.jpg,73938e2fa549c7871d79a46fe65ee3503b85071d0014e7d99d49cb5bf3c05b17,4
