dataset,sample_id,decision,risk_score,poisoned,reasons
clean_subset,classification/train/4/train_00016.png,REVIEW,0.6664,False,embedding is 4.7 standard deviations farther from its candidate-class centroid than typical
clean_subset,classification/train/9/train_00118.png,REVIEW,0.7349,False,9 of 15 nearest neighbours have a different candidate label; cross-validated classifier assigns only 22% confidence to the candidate label; embedding is 2.8 standard deviations farther from its candidate-class centroid than typical
clean_subset,classification/train/3/train_00231.png,QUARANTINE,0.9555,False,15 of 15 nearest neighbours have a different candidate label; cross-validated classifier assigns only 9% confidence to the candidate label; embedding is 2.9 standard deviations farther from its candidate-class centroid than typical
clean_subset,classification/train/7/train_00282.png,REVIEW,0.6655,False,cross-validated classifier assigns only 18% confidence to the candidate label; embedding is 2.2 standard deviations farther from its candidate-class centroid than typical
clean_subset,classification/train/4/train_00293.png,QUARANTINE,0.8166,False,13 of 15 nearest neighbours have a different candidate label; cross-validated classifier assigns only 18% confidence to the candidate label; embedding is 2.1 standard deviations farther from its candidate-class centroid than typical
clean_subset,classification/train/5/train_00436.png,REVIEW,0.698,False,10 of 15 nearest neighbours have a different candidate label; embedding is 2.4 standard deviations farther from its candidate-class centroid than typical
clean_subset,classification/train/4/train_00544.png,QUARANTINE,0.8379,False,11 of 15 nearest neighbours have a different candidate label; cross-validated classifier assigns only 14% confidence to the candidate label; embedding is 3.5 standard deviations farther from its candidate-class centroid than typical
clean_subset,classification/train/7/train_00801.png,QUARANTINE,0.7995,False,13 of 15 nearest neighbours have a different candidate label; cross-validated classifier assigns only 24% confidence to the candidate label; embedding is 2.2 standard deviations farther from its candidate-class centroid than typical
clean_subset,classification/train/5/train_00867.png,QUARANTINE,0.8947,False,14 of 15 nearest neighbours have a different candidate label; cross-validated classifier assigns only 12% confidence to the candidate label; embedding is 2.5 standard deviations farther from its candidate-class centroid than typical
clean_subset,classification/train/3/train_00967.png,QUARANTINE,0.8267,False,14 of 15 nearest neighbours have a different candidate label; cross-validated classifier assigns only 14% confidence to the candidate label; embedding is 1.6 standard deviations farther from its candidate-class centroid than typical
clean_subset,classification/train/3/train_00970.png,QUARANTINE,0.7953,False,13 of 15 nearest neighbours have a different candidate label; cross-validated classifier assigns only 17% confidence to the candidate label; embedding is 1.8 standard deviations farther from its candidate-class centroid than typical
clean_subset,classification/train/3/train_01078.png,REVIEW,0.7353,False,15 of 15 nearest neighbours have a different candidate label; cross-validated classifier assigns only 16% confidence to the candidate label
clean_subset,classification/train/3/train_01146.png,QUARANTINE,0.864,False,15 of 15 nearest neighbours have a different candidate label; cross-validated classifier assigns only 13% confidence to the candidate label; embedding is 1.8 standard deviations farther from its candidate-class centroid than typical
clean_subset,classification/train/7/train_01211.png,REVIEW,0.636,False,embedding is 3.7 standard deviations farther from its candidate-class centroid than typical
clean_subset,classification/train/1/train_01427.png,REVIEW,0.6839,False,11 of 15 nearest neighbours have a different candidate label; embedding is 2.4 standard deviations farther from its candidate-class centroid than typical
clean_subset,classification/train/2/train_01599.png,REVIEW,0.6371,False,9 of 15 nearest neighbours have a different candidate label; embedding is 3.6 standard deviations farther from its candidate-class centroid than typical
clean_subset,classification/train/2/train_01611.png,QUARANTINE,0.8177,False,14 of 15 nearest neighbours have a different candidate label; cross-validated classifier assigns only 10% confidence to the candidate label
clean_subset,classification/train/3/train_01654.png,REVIEW,0.6656,False,14 of 15 nearest neighbours have a different candidate label; cross-validated classifier assigns only 27% confidence to the candidate label
clean_subset,classification/train/1/train_01836.png,QUARANTINE,0.8426,False,12 of 15 nearest neighbours have a different candidate label; cross-validated classifier assigns only 19% confidence to the candidate label; embedding is 3.8 standard deviations farther from its candidate-class centroid than typical
clean_subset,classification/train/3/train_01917.png,REVIEW,0.7063,False,12 of 15 nearest neighbours have a different candidate label; embedding is 1.7 standard deviations farther from its candidate-class centroid than typical
clean_subset,classification/train/7/train_01942.png,QUARANTINE,0.7824,False,13 of 15 nearest neighbours have a different candidate label; cross-validated classifier assigns only 21% confidence to the candidate label; embedding is 1.8 standard deviations farther from its candidate-class centroid than typical
clean_subset,classification/train/7/train_01945.png,QUARANTINE,0.8972,False,14 of 15 nearest neighbours have a different candidate label; cross-validated classifier assigns only 19% confidence to the candidate label; embedding is 3.5 standard deviations farther from its candidate-class centroid than typical
clean_subset,classification/train/4/train_01959.png,REVIEW,0.6877,False,8 of 15 nearest neighbours have a different candidate label; embedding is 3.2 standard deviations farther from its candidate-class centroid than typical
clean_subset,classification/train/5/train_02112.png,REVIEW,0.7064,False,14 of 15 nearest neighbours have a different candidate label
clean_subset,classification/train/3/train_02250.png,QUARANTINE,0.7604,False,14 of 15 nearest neighbours have a different candidate label; cross-validated classifier assigns only 18% confidence to the candidate label
clean_subset,classification/train/5/train_02278.png,QUARANTINE,0.7944,False,13 of 15 nearest neighbours have a different candidate label; cross-validated classifier assigns only 18% confidence to the candidate label; embedding is 1.8 standard deviations farther from its candidate-class centroid than typical
clean_subset,classification/train/3/train_02342.png,REVIEW,0.6248,False,12 of 15 nearest neighbours have a different candidate label; cross-validated classifier assigns only 28% confidence to the candidate label
clean_subset,classification/train/4/train_02404.png,REVIEW,0.6489,False,10 of 15 nearest neighbours have a different candidate label; cross-validated classifier assigns only 25% confidence to the candidate label
clean_subset,classification/train/5/train_02604.png,REVIEW,0.6746,False,11 of 15 nearest neighbours have a different candidate label; embedding is 1.8 standard deviations farther from its candidate-class centroid than typical
clean_subset,classification/train/2/train_02645.png,QUARANTINE,0.7551,False,14 of 15 nearest neighbours have a different candidate label; cross-validated classifier assigns only 21% confidence to the candidate label
clean_subset,classification/train/1/train_02659.png,REVIEW,0.7396,False,12 of 15 nearest neighbours have a different candidate label; embedding is 2.2 standard deviations farther from its candidate-class centroid than typical
clean_subset,classification/train/4/train_02780.png,REVIEW,0.6403,False,cross-validated classifier assigns only 22% confidence to the candidate label; embedding is 2.1 standard deviations farther from its candidate-class centroid than typical
clean_subset,classification/train/3/train_03154.png,QUARANTINE,0.9908,False,15 of 15 nearest neighbours have a different candidate label; cross-validated classifier assigns only 2% confidence to the candidate label; embedding is 3.2 standard deviations farther from its candidate-class centroid than typical
clean_subset,classification/train/6/train_03320.png,QUARANTINE,0.8734,False,15 of 15 nearest neighbours have a different candidate label; cross-validated classifier assigns only 5% confidence to the candidate label
clean_subset,classification/train/4/train_03422.png,REVIEW,0.6232,False,cross-validated classifier assigns only 17% confidence to the candidate label; embedding is 1.5 standard deviations farther from its candidate-class centroid than typical
clean_subset,classification/train/8/train_03559.png,REVIEW,0.7077,False,10 of 15 nearest neighbours have a different candidate label; cross-validated classifier assigns only 24% confidence to the candidate label; embedding is 2.1 standard deviations farther from its candidate-class centroid than typical
clean_subset,classification/train/7/train_03563.png,REVIEW,0.7476,False,9 of 15 nearest neighbours have a different candidate label; cross-validated classifier assigns only 20% confidence to the candidate label; embedding is 2.8 standard deviations farther from its candidate-class centroid than typical
clean_subset,classification/train/5/train_03631.png,REVIEW,0.6402,False,11 of 15 nearest neighbours have a different candidate label
clean_subset,classification/train/7/train_03799.png,QUARANTINE,0.809,False,12 of 15 nearest neighbours have a different candidate label; cross-validated classifier assigns only 19% confidence to the candidate label; embedding is 2.5 standard deviations farther from its candidate-class centroid than typical
clean_subset,classification/train/3/train_03867.png,REVIEW,0.6279,False,13 of 15 nearest neighbours have a different candidate label
clean_subset,classification/train/7/train_03957.png,QUARANTINE,0.7799,False,12 of 15 nearest neighbours have a different candidate label; embedding is 2.7 standard deviations farther from its candidate-class centroid than typical
clean_subset,classification/train/3/train_03992.png,REVIEW,0.6767,False,13 of 15 nearest neighbours have a different candidate label; cross-validated classifier assigns only 26% confidence to the candidate label
clean_subset,classification/train/5/train_03993.png,REVIEW,0.648,False,9 of 15 nearest neighbours have a different candidate label; embedding is 2.8 standard deviations farther from its candidate-class centroid than typical
clean_subset,classification/train/1/train_04012.png,QUARANTINE,0.7616,False,15 of 15 nearest neighbours have a different candidate label; cross-validated classifier assigns only 24% confidence to the candidate label
clean_subset,classification/train/5/train_04060.png,QUARANTINE,0.8612,False,14 of 15 nearest neighbours have a different candidate label; cross-validated classifier assigns only 9% confidence to the candidate label; embedding is 1.8 standard deviations farther from its candidate-class centroid than typical
clean_subset,classification/train/3/train_04099.png,REVIEW,0.7307,False,13 of 15 nearest neighbours have a different candidate label; cross-validated classifier assigns only 16% confidence to the candidate label
clean_subset,classification/train/3/train_04182.png,REVIEW,0.6287,False,10 of 15 nearest neighbours have a different candidate label
clean_subset,classification/train/7/train_04197.png,QUARANTINE,0.8389,False,11 of 15 nearest neighbours have a different candidate label; cross-validated classifier assigns only 14% confidence to the candidate label; embedding is 3.3 standard deviations farther from its candidate-class centroid than typical
clean_subset,classification/train/3/train_04271.png,QUARANTINE,0.7666,False,12 of 15 nearest neighbours have a different candidate label; embedding is 3.4 standard deviations farther from its candidate-class centroid than typical
clean_subset,classification/train/7/train_04356.png,REVIEW,0.6413,False,9 of 15 nearest neighbours have a different candidate label; cross-validated classifier assigns only 22% confidence to the candidate label
clean_subset,classification/train/7/train_04478.png,QUARANTINE,0.8143,False,12 of 15 nearest neighbours have a different candidate label; cross-validated classifier assigns only 17% confidence to the candidate label; embedding is 2.5 standard deviations farther from its candidate-class centroid than typical
clean_subset,classification/train/4/train_04498.png,QUARANTINE,0.8539,False,12 of 15 nearest neighbours have a different candidate label; cross-validated classifier assigns only 17% confidence to the candidate label; embedding is 3.8 standard deviations farther from its candidate-class centroid than typical
clean_subset,classification/train/1/train_04536.png,REVIEW,0.6232,False,embedding is 4.0 standard deviations farther from its candidate-class centroid than typical
clean_subset,classification/train/7/train_04544.png,QUARANTINE,0.9153,False,14 of 15 nearest neighbours have a different candidate label; cross-validated classifier assigns only 11% confidence to the candidate label; embedding is 2.8 standard deviations farther from its candidate-class centroid than typical
clean_subset,classification/train/5/train_04675.png,QUARANTINE,0.8121,False,15 of 15 nearest neighbours have a different candidate label; cross-validated classifier assigns only 15% confidence to the candidate label
clean_subset,classification/train/5/train_04802.png,REVIEW,0.6632,False,12 of 15 nearest neighbours have a different candidate label; embedding is 1.6 standard deviations farther from its candidate-class centroid than typical
clean_subset,classification/train/7/train_04808.png,REVIEW,0.631,False,9 of 15 nearest neighbours have a different candidate label; embedding is 1.8 standard deviations farther from its candidate-class centroid than typical
clean_subset,classification/train/2/train_04954.png,REVIEW,0.6861,False,8 of 15 nearest neighbours have a different candidate label; embedding is 4.0 standard deviations farther from its candidate-class centroid than typical
clean_subset,classification/train/7/train_04960.png,REVIEW,0.7031,False,9 of 15 nearest neighbours have a different candidate label; embedding is 3.4 standard deviations farther from its candidate-class centroid than typical
clean_subset,classification/train/5/train_04999.png,QUARANTINE,0.9346,False,15 of 15 nearest neighbours have a different candidate label; cross-validated classifier assigns only 16% confidence to the candidate label; embedding is 3.5 standard deviations farther from its candidate-class centroid than typical
label_flip_05,classification/train/6/train_00003.png,QUARANTINE,0.9578,True,15 of 15 nearest neighbours have a different candidate label; cross-validated classifier assigns only 11% confidence to the candidate label; embedding is 4.1 standard deviations farther from its candidate-class centroid than typical
label_flip_05,classification/train/4/train_00016.png,REVIEW,0.6298,False,embedding is 3.2 standard deviations farther from its candidate-class centroid than typical
label_flip_05,classification/train/1/train_00020.png,QUARANTINE,0.9987,True,15 of 15 nearest neighbours have a different candidate label; cross-validated classifier assigns only 0% confidence to the candidate label; embedding is 3.8 standard deviations farther from its candidate-class centroid than typical
label_flip_05,classification/train/2/train_00037.png,QUARANTINE,0.9959,True,15 of 15 nearest neighbours have a different candidate label; cross-validated classifier assigns only 1% confidence to the candidate label; embedding is 3.8 standard deviations farther from its candidate-class centroid than typical
label_flip_05,classification/train/6/train_00092.png,QUARANTINE,0.9591,True,15 of 15 nearest neighbours have a different candidate label; cross-validated classifier assigns only 1% confidence to the candidate label; embedding is 2.4 standard deviations farther from its candidate-class centroid than typical
label_flip_05,classification/train/9/train_00118.png,REVIEW,0.7243,False,10 of 15 nearest neighbours have a different candidate label; cross-validated classifier assigns only 21% confidence to the candidate label; embedding is 2.1 standard deviations farther from its candidate-class centroid than typical
label_flip_05,classification/train/0/train_00139.png,QUARANTINE,0.9966,True,15 of 15 nearest neighbours have a different candidate label; cross-validated classifier assigns only 1% confidence to the candidate label; embedding is 3.0 standard deviations farther from its candidate-class centroid than typical
label_flip_05,classification/train/5/train_00156.png,QUARANTINE,0.8894,True,15 of 15 nearest neighbours have a different candidate label; cross-validated classifier assigns only 3% confidence to the candidate label
label_flip_05,classification/train/7/train_00172.png,QUARANTINE,0.9829,True,15 of 15 nearest neighbours have a different candidate label; cross-validated classifier assigns only 0% confidence to the candidate label; embedding is 2.8 standard deviations farther from its candidate-class centroid than typical
label_flip_05,classification/train/7/train_00190.png,REVIEW,0.6208,False,12 of 15 nearest neighbours have a different candidate label; cross-validated classifier assigns only 27% confidence to the candidate label
label_flip_05,classification/train/0/train_00206.png,QUARANTINE,0.9953,True,15 of 15 nearest neighbours have a different candidate label; cross-validated classifier assigns only 1% confidence to the candidate label; embedding is 3.3 standard deviations farther from its candidate-class centroid than typical
label_flip_05,classification/train/5/train_00215.png,QUARANTINE,0.9198,True,15 of 15 nearest neighbours have a different candidate label; cross-validated classifier assigns only 3% confidence to the candidate label; embedding is 2.0 standard deviations farther from its candidate-class centroid than typical
label_flip_05,classification/train/5/train_00220.png,QUARANTINE,0.9862,True,15 of 15 nearest neighbours have a different candidate label; cross-validated classifier assigns only 1% confidence to the candidate label; embedding is 2.9 standard deviations farther from its candidate-class centroid than typical
label_flip_05,classification/train/3/train_00231.png,QUARANTINE,0.876,False,15 of 15 nearest neighbours have a different candidate label; cross-validated classifier assigns only 11% confidence to the candidate label; embedding is 1.8 standard deviations farther from its candidate-class centroid than typical
label_flip_05,classification/train/9/train_00261.png,QUARANTINE,0.943,True,15 of 15 nearest neighbours have a different candidate label; cross-validated classifier assigns only 2% confidence to the candidate label; embedding is 2.3 standard deviations farther from its candidate-class centroid than typical
label_flip_05,classification/train/7/train_00268.png,QUARANTINE,0.9525,True,15 of 15 nearest neighbours have a different candidate label; cross-validated classifier assigns only 1% confidence to the candidate label; embedding is 2.3 standard deviations farther from its candidate-class centroid than typical
label_flip_05,classification/train/7/train_00282.png,REVIEW,0.6445,False,8 of 15 nearest neighbours have a different candidate label; cross-validated classifier assigns only 15% confidence to the candidate label
label_flip_05,classification/train/4/train_00293.png,QUARANTINE,0.7667,False,13 of 15 nearest neighbours have a different candidate label; cross-validated classifier assigns only 17% confidence to the candidate label
label_flip_05,classification/train/6/train_00294.png,QUARANTINE,0.8972,True,15 of 15 nearest neighbours have a different candidate label; cross-validated classifier assigns only 9% confidence to the candidate label; embedding is 2.0 standard deviations farther from its candidate-class centroid than typical
label_flip_05,classification/train/7/train_00295.png,QUARANTINE,0.9976,True,15 of 15 nearest neighbours have a different candidate label; cross-validated classifier assigns only 1% confidence to the candidate label; embedding is 4.4 standard deviations farther from its candidate-class centroid than typical
label_flip_05,classification/train/7/train_00353.png,QUARANTINE,0.8424,True,14 of 15 nearest neighbours have a different candidate label; cross-validated classifier assigns only 2% confidence to the candidate label
label_flip_05,classification/train/5/train_00383.png,QUARANTINE,0.9979,True,15 of 15 nearest neighbours have a different candidate label; cross-validated classifier assigns only 1% confidence to the candidate label; embedding is 3.2 standard deviations farther from its candidate-class centroid than typical
label_flip_05,classification/train/0/train_00412.png,QUARANTINE,0.9908,True,15 of 15 nearest neighbours have a different candidate label; cross-validated classifier assigns only 2% confidence to the candidate label; embedding is 4.1 standard deviations farther from its candidate-class centroid than typical
label_flip_05,classification/train/2/train_00418.png,QUARANTINE,0.9943,True,15 of 15 nearest neighbours have a different candidate label; cross-validated classifier assigns only 1% confidence to the candidate label; embedding is 4.0 standard deviations farther from its candidate-class centroid than typical
label_flip_05,classification/train/5/train_00436.png,REVIEW,0.6837,False,11 of 15 nearest neighbours have a different candidate label; embedding is 1.7 standard deviations farther from its candidate-class centroid than typical
label_flip_05,classification/train/7/train_00447.png,QUARANTINE,0.9438,True,15 of 15 nearest neighbours have a different candidate label; cross-validated classifier assigns only 2% confidence to the candidate label; embedding is 2.2 standard deviations farther from its candidate-class centroid than typical
label_flip_05,classification/train/7/train_00470.png,QUARANTINE,0.8481,True,15 of 15 nearest neighbours have a different candidate label; cross-validated classifier assigns only 2% confidence to the candidate label
label_flip_05,classification/train/4/train_00486.png,QUARANTINE,0.8402,True,14 of 15 nearest neighbours have a different candidate label; cross-validated classifier assigns only 6% confidence to the candidate label
label_flip_05,classification/train/9/train_00488.png,QUARANTINE,0.9937,True,15 of 15 nearest neighbours have a different candidate label; cross-validated classifier assigns only 2% confidence to the candidate label; embedding is 4.1 standard deviations farther from its candidate-class centroid than typical
label_flip_05,classification/train/2/train_00498.png,QUARANTINE,0.9708,True,14 of 15 nearest neighbours have a different candidate label; cross-validated classifier assigns only 1% confidence to the candidate label; embedding is 4.8 standard deviations farther from its candidate-class centroid than typical
label_flip_05,classification/train/3/train_00505.png,QUARANTINE,0.965,True,15 of 15 nearest neighbours have a different candidate label; cross-validated classifier assigns only 1% confidence to the candidate label; embedding is 2.5 standard deviations farther from its candidate-class centroid than typical
label_flip_05,classification/train/1/train_00531.png,QUARANTINE,0.9584,True,14 of 15 nearest neighbours have a different candidate label; cross-validated classifier assigns only 2% confidence to the candidate label; embedding is 2.9 standard deviations farther from its candidate-class centroid than typical
label_flip_05,classification/train/1/train_00541.png,QUARANTINE,0.9802,True,15 of 15 nearest neighbours have a different candidate label; cross-validated classifier assigns only 0% confidence to the candidate label; embedding is 2.7 standard deviations farther from its candidate-class centroid than typical
label_flip_05,classification/train/4/train_00544.png,QUARANTINE,0.7903,False,11 of 15 nearest neighbours have a different candidate label; cross-validated classifier assigns only 13% confidence to the candidate label; embedding is 2.3 standard deviations farther from its candidate-class centroid than typical
label_flip_05,classification/train/0/train_00577.png,QUARANTINE,0.9981,True,15 of 15 nearest neighbours have a different candidate label; cross-validated classifier assigns only 0% confidence to the candidate label; embedding is 3.8 standard deviations farther from its candidate-class centroid than typical
label_flip_05,classification/train/5/train_00618.png,QUARANTINE,0.9043,True,15 of 15 nearest neighbours have a different candidate label; cross-validated classifier assigns only 3% confidence to the candidate label; embedding is 1.8 standard deviations farther from its candidate-class centroid than typical
label_flip_05,classification/train/0/train_00676.png,QUARANTINE,0.8595,True,15 of 15 nearest neighbours have a different candidate label; cross-validated classifier assigns only 3% confidence to the candidate label
label_flip_05,classification/train/4/train_00703.png,QUARANTINE,0.8615,True,15 of 15 nearest neighbours have a different candidate label; cross-validated classifier assigns only 5% confidence to the candidate label
label_flip_05,classification/train/4/train_00737.png,QUARANTINE,0.8784,True,15 of 15 nearest neighbours have a different candidate label; cross-validated classifier assigns only 1% confidence to the candidate label
label_flip_05,classification/train/3/train_00777.png,QUARANTINE,0.8944,True,15 of 15 nearest neighbours have a different candidate label; cross-validated classifier assigns only 2% confidence to the candidate label; embedding is 1.6 standard deviations farther from its candidate-class centroid than typical
label_flip_05,classification/train/9/train_00791.png,QUARANTINE,0.9932,True,15 of 15 nearest neighbours have a different candidate label; cross-validated classifier assigns only 2% confidence to the candidate label; embedding is 3.9 standard deviations farther from its candidate-class centroid than typical
label_flip_05,classification/train/7/train_00801.png,QUARANTINE,0.7836,False,14 of 15 nearest neighbours have a different candidate label; cross-validated classifier assigns only 21% confidence to the candidate label
label_flip_05,classification/train/7/train_00841.png,QUARANTINE,0.9835,True,15 of 15 nearest neighbours have a different candidate label; cross-validated classifier assigns only 1% confidence to the candidate label; embedding is 2.8 standard deviations farther from its candidate-class centroid than typical
label_flip_05,classification/train/6/train_00844.png,QUARANTINE,0.9965,True,15 of 15 nearest neighbours have a different candidate label; cross-validated classifier assigns only 1% confidence to the candidate label; embedding is 3.4 standard deviations farther from its candidate-class centroid than typical
label_flip_05,classification/train/6/train_00845.png,QUARANTINE,0.9691,True,15 of 15 nearest neighbours have a different candidate label; cross-validated classifier assigns only 1% confidence to the candidate label; embedding is 2.6 standard deviations farther from its candidate-class centroid than typical
label_flip_05,classification/train/5/train_00867.png,QUARANTINE,0.8358,False,14 of 15 nearest neighbours have a different candidate label; cross-validated classifier assigns only 13% confidence to the candidate label; embedding is 1.7 standard deviations farther from its candidate-class centroid than typical
label_flip_05,classification/train/1/train_00901.png,QUARANTINE,0.9798,True,15 of 15 nearest neighbours have a different candidate label; cross-validated classifier assigns only 0% confidence to the candidate label; embedding is 2.7 standard deviations farther from its candidate-class centroid than typical
label_flip_05,classification/train/0/train_00963.png,QUARANTINE,0.8984,True,15 of 15 nearest neighbours have a different candidate label; cross-validated classifier assigns only 1% confidence to the candidate label; embedding is 1.5 standard deviations farther from its candidate-class centroid than typical
label_flip_05,classification/train/3/train_00967.png,QUARANTINE,0.7765,False,14 of 15 nearest neighbours have a different candidate label; cross-validated classifier assigns only 15% confidence to the candidate label
label_flip_05,classification/train/3/train_00970.png,REVIEW,0.7468,False,13 of 15 nearest neighbours have a different candidate label; cross-validated classifier assigns only 17% confidence to the candidate label
label_flip_05,classification/train/7/train_00978.png,REVIEW,0.744,True,15 of 15 nearest neighbours have a different candidate label; cross-validated classifier assigns only 23% confidence to the candidate label
label_flip_05,classification/train/7/train_00981.png,QUARANTINE,0.9968,True,15 of 15 nearest neighbours have a different candidate label; cross-validated classifier assigns only 1% confidence to the candidate label; embedding is 3.0 standard deviations farther from its candidate-class centroid than typical
label_flip_05,classification/train/5/train_00987.png,QUARANTINE,0.9821,True,15 of 15 nearest neighbours have a different candidate label; cross-validated classifier assigns only 1% confidence to the candidate label; embedding is 2.8 standard deviations farther from its candidate-class centroid than typical
label_flip_05,classification/train/7/train_00996.png,REVIEW,0.7439,True,15 of 15 nearest neighbours have a different candidate label; cross-validated classifier assigns only 15% confidence to the candidate label
label_flip_05,classification/train/0/train_00998.png,QUARANTINE,0.9963,True,15 of 15 nearest neighbours have a different candidate label; cross-validated classifier assigns only 1% confidence to the candidate label; embedding is 3.2 standard deviations farther from its candidate-class centroid than typical
label_flip_05,classification/train/5/train_01015.png,QUARANTINE,0.9221,True,15 of 15 nearest neighbours have a different candidate label; cross-validated classifier assigns only 2% confidence to the candidate label; embedding is 1.9 standard deviations farther from its candidate-class centroid than typical
label_flip_05,classification/train/9/train_01049.png,QUARANTINE,0.9439,True,15 of 15 nearest neighbours have a different candidate label; cross-validated classifier assigns only 5% confidence to the candidate label; embedding is 2.5 standard deviations farther from its candidate-class centroid than typical
label_flip_05,classification/train/3/train_01063.png,QUARANTINE,0.8922,True,15 of 15 nearest neighbours have a different candidate label; cross-validated classifier assigns only 2% confidence to the candidate label; embedding is 1.5 standard deviations farther from its candidate-class centroid than typical
label_flip_05,classification/train/1/train_01071.png,QUARANTINE,0.9767,True,15 of 15 nearest neighbours have a different candidate label; cross-validated classifier assigns only 1% confidence to the candidate label; embedding is 2.7 standard deviations farther from its candidate-class centroid than typical
label_flip_05,classification/train/3/train_01078.png,REVIEW,0.7309,False,15 of 15 nearest neighbours have a different candidate label; cross-validated classifier assigns only 17% confidence to the candidate label
label_flip_05,classification/train/4/train_01086.png,QUARANTINE,0.8988,True,15 of 15 nearest neighbours have a different candidate label; cross-validated classifier assigns only 5% confidence to the candidate label; embedding is 1.8 standard deviations farther from its candidate-class centroid than typical
label_flip_05,classification/train/7/train_01111.png,QUARANTINE,0.979,True,15 of 15 nearest neighbours have a different candidate label; cross-validated classifier assigns only 1% confidence to the candidate label; embedding is 2.7 standard deviations farther from its candidate-class centroid than typical
label_flip_05,classification/train/3/train_01146.png,QUARANTINE,0.8074,False,15 of 15 nearest neighbours have a different candidate label; cross-validated classifier assigns only 15% confidence to the candidate label
label_flip_05,classification/train/3/train_01154.png,QUARANTINE,0.9976,True,15 of 15 nearest neighbours have a different candidate label; cross-validated classifier assigns only 1% confidence to the candidate label; embedding is 3.0 standard deviations farther from its candidate-class centroid than typical
label_flip_05,classification/train/3/train_01160.png,QUARANTINE,0.984,True,15 of 15 nearest neighbours have a different candidate label; cross-validated classifier assigns only 2% confidence to the candidate label; embedding is 2.9 standard deviations farther from its candidate-class centroid than typical
label_flip_05,classification/train/3/train_01173.png,QUARANTINE,0.9948,True,15 of 15 nearest neighbours have a different candidate label; cross-validated classifier assigns only 1% confidence to the candidate label; embedding is 3.5 standard deviations farther from its candidate-class centroid than typical
label_flip_05,classification/train/9/train_01185.png,QUARANTINE,0.8855,True,15 of 15 nearest neighbours have a different candidate label; cross-validated classifier assigns only 2% confidence to the candidate label
label_flip_05,classification/train/3/train_01200.png,QUARANTINE,0.8096,True,15 of 15 nearest neighbours have a different candidate label; cross-validated classifier assigns only 9% confidence to the candidate label
label_flip_05,classification/train/4/train_01207.png,QUARANTINE,0.8363,True,15 of 15 nearest neighbours have a different candidate label; cross-validated classifier assigns only 5% confidence to the candidate label
label_flip_05,classification/train/7/train_01211.png,REVIEW,0.6225,False,embedding is 2.4 standard deviations farther from its candidate-class centroid than typical
label_flip_05,classification/train/1/train_01232.png,QUARANTINE,0.8882,True,15 of 15 nearest neighbours have a different candidate label; cross-validated classifier assigns only 3% confidence to the candidate label
label_flip_05,classification/train/8/train_01253.png,QUARANTINE,0.9955,True,15 of 15 nearest neighbours have a different candidate label; cross-validated classifier assigns only 1% confidence to the candidate label; embedding is 3.4 standard deviations farther from its candidate-class centroid than typical
label_flip_05,classification/train/7/train_01295.png,QUARANTINE,0.9068,True,15 of 15 nearest neighbours have a different candidate label; cross-validated classifier assigns only 2% confidence to the candidate label; embedding is 1.7 standard deviations farther from its candidate-class centroid than typical
label_flip_05,classification/train/1/train_01350.png,QUARANTINE,0.9982,True,15 of 15 nearest neighbours have a different candidate label; cross-validated classifier assigns only 0% confidence to the candidate label; embedding is 3.3 standard deviations farther from its candidate-class centroid than typical
label_flip_05,classification/train/5/train_01370.png,QUARANTINE,0.9386,True,15 of 15 nearest neighbours have a different candidate label; cross-validated classifier assigns only 1% confidence to the candidate label; embedding is 2.1 standard deviations farther from its candidate-class centroid than typical
label_flip_05,classification/train/7/train_01388.png,QUARANTINE,0.8987,True,15 of 15 nearest neighbours have a different candidate label; cross-validated classifier assigns only 1% confidence to the candidate label; embedding is 1.5 standard deviations farther from its candidate-class centroid than typical
label_flip_05,classification/train/5/train_01396.png,QUARANTINE,0.9564,True,15 of 15 nearest neighbours have a different candidate label; cross-validated classifier assigns only 2% confidence to the candidate label; embedding is 2.5 standard deviations farther from its candidate-class centroid than typical
label_flip_05,classification/train/5/train_01410.png,QUARANTINE,0.9613,True,14 of 15 nearest neighbours have a different candidate label; cross-validated classifier assigns only 3% confidence to the candidate label; embedding is 3.0 standard deviations farther from its candidate-class centroid than typical
label_flip_05,classification/train/1/train_01427.png,REVIEW,0.6241,False,11 of 15 nearest neighbours have a different candidate label; embedding is 1.6 standard deviations farther from its candidate-class centroid than typical
label_flip_05,classification/train/6/train_01433.png,QUARANTINE,0.9584,True,15 of 15 nearest neighbours have a different candidate label; cross-validated classifier assigns only 1% confidence to the candidate label; embedding is 2.4 standard deviations farther from its candidate-class centroid than typical
label_flip_05,classification/train/2/train_01499.png,QUARANTINE,0.9944,True,15 of 15 nearest neighbours have a different candidate label; cross-validated classifier assigns only 1% confidence to the candidate label; embedding is 4.2 standard deviations farther from its candidate-class centroid than typical
label_flip_05,classification/train/6/train_01518.png,QUARANTINE,0.9072,True,15 of 15 nearest neighbours have a different candidate label; cross-validated classifier assigns only 2% confidence to the candidate label; embedding is 1.7 standard deviations farther from its candidate-class centroid than typical
label_flip_05,classification/train/1/train_01542.png,QUARANTINE,0.9465,True,15 of 15 nearest neighbours have a different candidate label; cross-validated classifier assigns only 2% confidence to the candidate label; embedding is 2.3 standard deviations farther from its candidate-class centroid than typical
label_flip_05,classification/train/8/train_01546.png,QUARANTINE,0.9975,True,15 of 15 nearest neighbours have a different candidate label; cross-validated classifier assigns only 1% confidence to the candidate label; embedding is 4.4 standard deviations farther from its candidate-class centroid than typical
label_flip_05,classification/train/4/train_01570.png,QUARANTINE,0.933,True,15 of 15 nearest neighbours have a different candidate label; cross-validated classifier assigns only 1% confidence to the candidate label; embedding is 2.0 standard deviations farther from its candidate-class centroid than typical
label_flip_05,classification/train/5/train_01580.png,QUARANTINE,0.9189,True,15 of 15 nearest neighbours have a different candidate label; cross-validated classifier assigns only 1% confidence to the candidate label; embedding is 1.8 standard deviations farther from its candidate-class centroid than typical
label_flip_05,classification/train/7/train_01587.png,QUARANTINE,0.9084,True,15 of 15 nearest neighbours have a different candidate label; cross-validated classifier assigns only 2% confidence to the candidate label; embedding is 1.7 standard deviations farther from its candidate-class centroid than typical
label_flip_05,classification/train/2/train_01599.png,REVIEW,0.6379,False,9 of 15 nearest neighbours have a different candidate label; embedding is 2.8 standard deviations farther from its candidate-class centroid than typical
label_flip_05,classification/train/2/train_01611.png,QUARANTINE,0.7742,False,14 of 15 nearest neighbours have a different candidate label; cross-validated classifier assigns only 14% confidence to the candidate label
label_flip_05,classification/train/3/train_01654.png,REVIEW,0.6578,False,14 of 15 nearest neighbours have a different candidate label; cross-validated classifier assigns only 29% confidence to the candidate label
label_flip_05,classification/train/6/train_01670.png,QUARANTINE,0.9646,True,15 of 15 nearest neighbours have a different candidate label; cross-validated classifier assigns only 1% confidence to the candidate label; embedding is 2.5 standard deviations farther from its candidate-class centroid than typical
label_flip_05,classification/train/4/train_01697.png,QUARANTINE,0.9516,True,15 of 15 nearest neighbours have a different candidate label; cross-validated classifier assigns only 0% confidence to the candidate label; embedding is 2.3 standard deviations farther from its candidate-class centroid than typical
label_flip_05,classification/train/3/train_01707.png,QUARANTINE,0.9971,True,15 of 15 nearest neighbours have a different candidate label; cross-validated classifier assigns only 1% confidence to the candidate label; embedding is 3.1 standard deviations farther from its candidate-class centroid than typical
label_flip_05,classification/train/4/train_01708.png,QUARANTINE,0.9075,True,15 of 15 nearest neighbours have a different candidate label; cross-validated classifier assigns only 5% confidence to the candidate label; embedding is 1.9 standard deviations farther from its candidate-class centroid than typical
label_flip_05,classification/train/3/train_01709.png,QUARANTINE,0.9841,True,15 of 15 nearest neighbours have a different candidate label; cross-validated classifier assigns only 1% confidence to the candidate label; embedding is 2.8 standard deviations farther from its candidate-class centroid than typical
label_flip_05,classification/train/3/train_01774.png,QUARANTINE,0.9691,True,15 of 15 nearest neighbours have a different candidate label; cross-validated classifier assigns only 1% confidence to the candidate label; embedding is 2.6 standard deviations farther from its candidate-class centroid than typical
label_flip_05,classification/train/6/train_01784.png,QUARANTINE,0.8921,True,15 of 15 nearest neighbours have a different candidate label; cross-validated classifier assigns only 4% confidence to the candidate label; embedding is 1.6 standard deviations farther from its candidate-class centroid than typical
label_flip_05,classification/train/7/train_01815.png,QUARANTINE,0.9803,True,15 of 15 nearest neighbours have a different candidate label; cross-validated classifier assigns only 1% confidence to the candidate label; embedding is 2.8 standard deviations farther from its candidate-class centroid than typical
label_flip_05,classification/train/2/train_01827.png,QUARANTINE,0.994,True,15 of 15 nearest neighbours have a different candidate label; cross-validated classifier assigns only 2% confidence to the candidate label; embedding is 3.6 standard deviations farther from its candidate-class centroid than typical
label_flip_05,classification/train/5/train_01835.png,QUARANTINE,0.9291,True,15 of 15 nearest neighbours have a different candidate label; cross-validated classifier assigns only 2% confidence to the candidate label; embedding is 2.1 standard deviations farther from its candidate-class centroid than typical
label_flip_05,classification/train/1/train_01836.png,QUARANTINE,0.8035,False,12 of 15 nearest neighbours have a different candidate label; cross-validated classifier assigns only 22% confidence to the candidate label; embedding is 2.6 standard deviations farther from its candidate-class centroid than typical
label_flip_05,classification/train/8/train_01851.png,QUARANTINE,0.9983,True,15 of 15 nearest neighbours have a different candidate label; cross-validated classifier assigns only 0% confidence to the candidate label; embedding is 3.8 standard deviations farther from its candidate-class centroid than typical
label_flip_05,classification/train/2/train_01855.png,QUARANTINE,0.9664,True,14 of 15 nearest neighbours have a different candidate label; cross-validated classifier assigns only 2% confidence to the candidate label; embedding is 3.2 standard deviations farther from its candidate-class centroid than typical
label_flip_05,classification/train/7/train_01860.png,QUARANTINE,0.7837,True,15 of 15 nearest neighbours have a different candidate label; cross-validated classifier assigns only 14% confidence to the candidate label
label_flip_05,classification/train/6/train_01865.png,QUARANTINE,0.9295,True,15 of 15 nearest neighbours have a different candidate label; cross-validated classifier assigns only 3% confidence to the candidate label; embedding is 2.1 standard deviations farther from its candidate-class centroid than typical
label_flip_05,classification/train/1/train_01886.png,QUARANTINE,0.998,True,15 of 15 nearest neighbours have a different candidate label; cross-validated classifier assigns only 0% confidence to the candidate label; embedding is 3.4 standard deviations farther from its candidate-class centroid than typical
label_flip_05,classification/train/0/train_01894.png,QUARANTINE,0.9042,True,15 of 15 nearest neighbours have a different candidate label; cross-validated classifier assigns only 2% confidence to the candidate label; embedding is 1.7 standard deviations farther from its candidate-class centroid than typical
label_flip_05,classification/train/1/train_01895.png,QUARANTINE,0.9964,True,15 of 15 nearest neighbours have a different candidate label; cross-validated classifier assigns only 1% confidence to the candidate label; embedding is 3.4 standard deviations farther from its candidate-class centroid than typical
label_flip_05,classification/train/6/train_01901.png,QUARANTINE,0.9824,True,15 of 15 nearest neighbours have a different candidate label; cross-validated classifier assigns only 2% confidence to the candidate label; embedding is 2.9 standard deviations farther from its candidate-class centroid than typical
label_flip_05,classification/train/3/train_01917.png,REVIEW,0.6491,False,12 of 15 nearest neighbours have a different candidate label
label_flip_05,classification/train/7/train_01942.png,QUARANTINE,0.8469,True,13 of 15 nearest neighbours have a different candidate label; cross-validated classifier assigns only 5% confidence to the candidate label; embedding is 1.8 standard deviations farther from its candidate-class centroid than typical
label_flip_05,classification/train/7/train_01945.png,QUARANTINE,0.8507,False,14 of 15 nearest neighbours have a different candidate label; cross-validated classifier assigns only 19% confidence to the candidate label; embedding is 2.3 standard deviations farther from its candidate-class centroid than typical
label_flip_05,classification/train/4/train_01959.png,REVIEW,0.7069,False,10 of 15 nearest neighbours have a different candidate label; cross-validated classifier assigns only 25% confidence to the candidate label; embedding is 2.1 standard deviations farther from its candidate-class centroid than typical
label_flip_05,classification/train/6/train_01979.png,QUARANTINE,0.9689,True,14 of 15 nearest neighbours have a different candidate label; cross-validated classifier assigns only 1% confidence to the candidate label; embedding is 3.5 standard deviations farther from its candidate-class centroid than typical
label_flip_05,classification/train/1/train_02028.png,QUARANTINE,0.998,True,15 of 15 nearest neighbours have a different candidate label; cross-validated classifier assigns only 1% confidence to the candidate label; embedding is 3.5 standard deviations farther from its candidate-class centroid than typical
label_flip_05,classification/train/4/train_02072.png,QUARANTINE,0.8343,True,15 of 15 nearest neighbours have a different candidate label; cross-validated classifier assigns only 2% confidence to the candidate label
label_flip_05,classification/train/2/train_02074.png,QUARANTINE,0.9962,True,15 of 15 nearest neighbours have a different candidate label; cross-validated classifier assigns only 1% confidence to the candidate label; embedding is 3.2 standard deviations farther from its candidate-class centroid than typical
label_flip_05,classification/train/5/train_02112.png,REVIEW,0.7074,False,14 of 15 nearest neighbours have a different candidate label; cross-validated classifier assigns only 25% confidence to the candidate label
label_flip_05,classification/train/4/train_02116.png,QUARANTINE,0.9448,True,15 of 15 nearest neighbours have a different candidate label; cross-validated classifier assigns only 0% confidence to the candidate label; embedding is 2.2 standard deviations farther from its candidate-class centroid than typical
label_flip_05,classification/train/6/train_02117.png,QUARANTINE,0.9499,True,15 of 15 nearest neighbours have a different candidate label; cross-validated classifier assigns only 2% confidence to the candidate label; embedding is 2.4 standard deviations farther from its candidate-class centroid than typical
label_flip_05,classification/train/0/train_02132.png,QUARANTINE,0.9941,True,15 of 15 nearest neighbours have a different candidate label; cross-validated classifier assigns only 1% confidence to the candidate label; embedding is 3.2 standard deviations farther from its candidate-class centroid than typical
label_flip_05,classification/train/6/train_02139.png,QUARANTINE,0.9915,True,15 of 15 nearest neighbours have a different candidate label; cross-validated classifier assigns only 1% confidence to the candidate label; embedding is 2.9 standard deviations farther from its candidate-class centroid than typical
label_flip_05,classification/train/9/train_02167.png,QUARANTINE,0.9389,True,15 of 15 nearest neighbours have a different candidate label; cross-validated classifier assigns only 3% confidence to the candidate label; embedding is 2.3 standard deviations farther from its candidate-class centroid than typical
label_flip_05,classification/train/4/train_02185.png,QUARANTINE,0.9213,True,14 of 15 nearest neighbours have a different candidate label; cross-validated classifier assigns only 1% confidence to the candidate label; embedding is 2.3 standard deviations farther from its candidate-class centroid than typical
label_flip_05,classification/train/6/train_02198.png,QUARANTINE,0.939,True,14 of 15 nearest neighbours have a different candidate label; cross-validated classifier assigns only 2% confidence to the candidate label; embedding is 2.6 standard deviations farther from its candidate-class centroid than typical
label_flip_05,classification/train/3/train_02250.png,REVIEW,0.7262,False,14 of 15 nearest neighbours have a different candidate label; cross-validated classifier assigns only 18% confidence to the candidate label
label_flip_05,classification/train/7/train_02255.png,QUARANTINE,0.9232,True,15 of 15 nearest neighbours have a different candidate label; cross-validated classifier assigns only 1% confidence to the candidate label; embedding is 1.9 standard deviations farther from its candidate-class centroid than typical
label_flip_05,classification/train/5/train_02278.png,QUARANTINE,0.7512,False,13 of 15 nearest neighbours have a different candidate label; cross-validated classifier assigns only 18% confidence to the candidate label
label_flip_05,classification/train/7/train_02308.png,QUARANTINE,0.9957,True,15 of 15 nearest neighbours have a different candidate label; cross-validated classifier assigns only 1% confidence to the candidate label; embedding is 3.1 standard deviations farther from its candidate-class centroid than typical
label_flip_05,classification/train/3/train_02342.png,REVIEW,0.6346,False,13 of 15 nearest neighbours have a different candidate label; cross-validated classifier assigns only 28% confidence to the candidate label
label_flip_05,classification/train/3/train_02344.png,QUARANTINE,0.9987,True,15 of 15 nearest neighbours have a different candidate label; cross-validated classifier assigns only 0% confidence to the candidate label; embedding is 3.4 standard deviations farther from its candidate-class centroid than typical
label_flip_05,classification/train/6/train_02409.png,QUARANTINE,0.8665,True,14 of 15 nearest neighbours have a different candidate label; cross-validated classifier assigns only 4% confidence to the candidate label; embedding is 1.6 standard deviations farther from its candidate-class centroid than typical
label_flip_05,classification/train/3/train_02435.png,QUARANTINE,0.881,True,15 of 15 nearest neighbours have a different candidate label; cross-validated classifier assigns only 2% confidence to the candidate label
label_flip_05,classification/train/4/train_02457.png,QUARANTINE,0.9769,True,15 of 15 nearest neighbours have a different candidate label; cross-validated classifier assigns only 1% confidence to the candidate label; embedding is 2.7 standard deviations farther from its candidate-class centroid than typical
label_flip_05,classification/train/9/train_02474.png,QUARANTINE,0.9955,True,15 of 15 nearest neighbours have a different candidate label; cross-validated classifier assigns only 1% confidence to the candidate label; embedding is 3.6 standard deviations farther from its candidate-class centroid than typical
label_flip_05,classification/train/2/train_02546.png,QUARANTINE,0.9716,True,14 of 15 nearest neighbours have a different candidate label; cross-validated classifier assigns only 0% confidence to the candidate label; embedding is 4.8 standard deviations farther from its candidate-class centroid than typical
label_flip_05,classification/train/2/train_02579.png,QUARANTINE,0.9971,True,15 of 15 nearest neighbours have a different candidate label; cross-validated classifier assigns only 1% confidence to the candidate label; embedding is 4.3 standard deviations farther from its candidate-class centroid than typical
label_flip_05,classification/train/8/train_02580.png,QUARANTINE,0.997,True,15 of 15 nearest neighbours have a different candidate label; cross-validated classifier assigns only 1% confidence to the candidate label; embedding is 3.5 standard deviations farther from its candidate-class centroid than typical
label_flip_05,classification/train/5/train_02604.png,REVIEW,0.6647,False,12 of 15 nearest neighbours have a different candidate label
label_flip_05,classification/train/9/train_02618.png,QUARANTINE,0.963,True,15 of 15 nearest neighbours have a different candidate label; cross-validated classifier assigns only 3% confidence to the candidate label; embedding is 2.6 standard deviations farther from its candidate-class centroid than typical
label_flip_05,classification/train/2/train_02645.png,REVIEW,0.738,False,14 of 15 nearest neighbours have a different candidate label; cross-validated classifier assigns only 19% confidence to the candidate label
label_flip_05,classification/train/1/train_02659.png,REVIEW,0.6825,False,12 of 15 nearest neighbours have a different candidate label
label_flip_05,classification/train/0/train_02677.png,QUARANTINE,0.8156,True,15 of 15 nearest neighbours have a different candidate label; cross-validated classifier assigns only 3% confidence to the candidate label
label_flip_05,classification/train/1/train_02701.png,QUARANTINE,0.9182,True,15 of 15 nearest neighbours have a different candidate label; cross-validated classifier assigns only 3% confidence to the candidate label; embedding is 1.9 standard deviations farther from its candidate-class centroid than typical
label_flip_05,classification/train/9/train_02722.png,QUARANTINE,0.9693,True,14 of 15 nearest neighbours have a different candidate label; cross-validated classifier assigns only 1% confidence to the candidate label; embedding is 3.5 standard deviations farther from its candidate-class centroid than typical
label_flip_05,classification/train/9/train_02803.png,QUARANTINE,0.9949,True,15 of 15 nearest neighbours have a different candidate label; cross-validated classifier assigns only 1% confidence to the candidate label; embedding is 3.3 standard deviations farther from its candidate-class centroid than typical
label_flip_05,classification/train/6/train_02843.png,QUARANTINE,0.9056,True,15 of 15 nearest neighbours have a different candidate label; cross-validated classifier assigns only 1% confidence to the candidate label; embedding is 1.6 standard deviations farther from its candidate-class centroid than typical
label_flip_05,classification/train/2/train_02869.png,QUARANTINE,0.9968,True,15 of 15 nearest neighbours have a different candidate label; cross-validated classifier assigns only 1% confidence to the candidate label; embedding is 3.3 standard deviations farther from its candidate-class centroid than typical
label_flip_05,classification/train/8/train_02888.png,QUARANTINE,0.9386,True,15 of 15 nearest neighbours have a different candidate label; cross-validated classifier assigns only 2% confidence to the candidate label; embedding is 2.2 standard deviations farther from its candidate-class centroid than typical
label_flip_05,classification/train/4/train_02920.png,QUARANTINE,0.9882,True,15 of 15 nearest neighbours have a different candidate label; cross-validated classifier assigns only 1% confidence to the candidate label; embedding is 2.9 standard deviations farther from its candidate-class centroid than typical
label_flip_05,classification/train/1/train_02951.png,QUARANTINE,0.9219,True,15 of 15 nearest neighbours have a different candidate label; cross-validated classifier assigns only 1% confidence to the candidate label; embedding is 1.9 standard deviations farther from its candidate-class centroid than typical
label_flip_05,classification/train/8/train_02960.png,QUARANTINE,0.997,True,15 of 15 nearest neighbours have a different candidate label; cross-validated classifier assigns only 1% confidence to the candidate label; embedding is 3.2 standard deviations farther from its candidate-class centroid than typical
label_flip_05,classification/train/6/train_02974.png,QUARANTINE,0.913,True,15 of 15 nearest neighbours have a different candidate label; cross-validated classifier assigns only 1% confidence to the candidate label; embedding is 1.8 standard deviations farther from its candidate-class centroid than typical
label_flip_05,classification/train/2/train_02982.png,QUARANTINE,0.9953,True,15 of 15 nearest neighbours have a different candidate label; cross-validated classifier assigns only 1% confidence to the candidate label; embedding is 3.2 standard deviations farther from its candidate-class centroid than typical
label_flip_05,classification/train/3/train_02998.png,QUARANTINE,0.9991,True,15 of 15 nearest neighbours have a different candidate label; cross-validated classifier assigns only 0% confidence to the candidate label; embedding is 3.6 standard deviations farther from its candidate-class centroid than typical
label_flip_05,classification/train/6/train_03000.png,QUARANTINE,0.946,True,15 of 15 nearest neighbours have a different candidate label; cross-validated classifier assigns only 1% confidence to the candidate label; embedding is 2.3 standard deviations farther from its candidate-class centroid than typical
label_flip_05,classification/train/0/train_03022.png,QUARANTINE,0.8899,True,15 of 15 nearest neighbours have a different candidate label; cross-validated classifier assigns only 4% confidence to the candidate label; embedding is 1.6 standard deviations farther from its candidate-class centroid than typical
label_flip_05,classification/train/0/train_03058.png,QUARANTINE,0.9964,True,15 of 15 nearest neighbours have a different candidate label; cross-validated classifier assigns only 1% confidence to the candidate label; embedding is 3.9 standard deviations farther from its candidate-class centroid than typical
label_flip_05,classification/train/6/train_03067.png,QUARANTINE,0.9202,True,14 of 15 nearest neighbours have a different candidate label; cross-validated classifier assigns only 4% confidence to the candidate label; embedding is 2.4 standard deviations farther from its candidate-class centroid than typical
label_flip_05,classification/train/8/train_03098.png,QUARANTINE,0.9985,True,15 of 15 nearest neighbours have a different candidate label; cross-validated classifier assigns only 0% confidence to the candidate label; embedding is 3.2 standard deviations farther from its candidate-class centroid than typical
label_flip_05,classification/train/8/train_03114.png,QUARANTINE,0.9966,True,15 of 15 nearest neighbours have a different candidate label; cross-validated classifier assigns only 1% confidence to the candidate label; embedding is 3.6 standard deviations farther from its candidate-class centroid than typical
label_flip_05,classification/train/1/train_03145.png,QUARANTINE,0.9966,True,15 of 15 nearest neighbours have a different candidate label; cross-validated classifier assigns only 1% confidence to the candidate label; embedding is 3.4 standard deviations farther from its candidate-class centroid than typical
label_flip_05,classification/train/3/train_03154.png,QUARANTINE,0.9248,False,15 of 15 nearest neighbours have a different candidate label; cross-validated classifier assigns only 2% confidence to the candidate label; embedding is 2.0 standard deviations farther from its candidate-class centroid than typical
label_flip_05,classification/train/5/train_03196.png,QUARANTINE,0.9347,True,15 of 15 nearest neighbours have a different candidate label; cross-validated classifier assigns only 2% confidence to the candidate label; embedding is 2.1 standard deviations farther from its candidate-class centroid than typical
label_flip_05,classification/train/9/train_03261.png,QUARANTINE,0.9603,True,14 of 15 nearest neighbours have a different candidate label; cross-validated classifier assigns only 3% confidence to the candidate label; embedding is 3.2 standard deviations farther from its candidate-class centroid than typical
label_flip_05,classification/train/9/train_03264.png,QUARANTINE,0.9899,True,15 of 15 nearest neighbours have a different candidate label; cross-validated classifier assigns only 3% confidence to the candidate label; embedding is 3.3 standard deviations farther from its candidate-class centroid than typical
label_flip_05,classification/train/2/train_03274.png,QUARANTINE,0.9952,True,15 of 15 nearest neighbours have a different candidate label; cross-validated classifier assigns only 1% confidence to the candidate label; embedding is 4.1 standard deviations farther from its candidate-class centroid than typical
label_flip_05,classification/train/3/train_03277.png,QUARANTINE,0.9205,True,15 of 15 nearest neighbours have a different candidate label; cross-validated classifier assigns only 1% confidence to the candidate label; embedding is 1.9 standard deviations farther from its candidate-class centroid than typical
label_flip_05,classification/train/0/train_03314.png,QUARANTINE,0.9333,True,15 of 15 nearest neighbours have a different candidate label; cross-validated classifier assigns only 2% confidence to the candidate label; embedding is 2.1 standard deviations farther from its candidate-class centroid than typical
label_flip_05,classification/train/6/train_03320.png,QUARANTINE,0.8521,False,15 of 15 nearest neighbours have a different candidate label; cross-validated classifier assigns only 5% confidence to the candidate label
label_flip_05,classification/train/6/train_03388.png,QUARANTINE,0.9963,True,15 of 15 nearest neighbours have a different candidate label; cross-validated classifier assigns only 1% confidence to the candidate label; embedding is 3.3 standard deviations farther from its candidate-class centroid than typical
label_flip_05,classification/train/0/train_03432.png,QUARANTINE,0.9281,True,15 of 15 nearest neighbours have a different candidate label; cross-validated classifier assigns only 3% confidence to the candidate label; embedding is 2.1 standard deviations farther from its candidate-class centroid than typical
label_flip_05,classification/train/9/train_03471.png,QUARANTINE,0.9961,True,15 of 15 nearest neighbours have a different candidate label; cross-validated classifier assigns only 1% confidence to the candidate label; embedding is 3.3 standard deviations farther from its candidate-class centroid than typical
label_flip_05,classification/train/9/train_03507.png,QUARANTINE,0.9976,True,15 of 15 nearest neighbours have a different candidate label; cross-validated classifier assigns only 1% confidence to the candidate label; embedding is 3.8 standard deviations farther from its candidate-class centroid than typical
label_flip_05,classification/train/1/train_03545.png,QUARANTINE,0.9796,True,15 of 15 nearest neighbours have a different candidate label; cross-validated classifier assigns only 2% confidence to the candidate label; embedding is 2.8 standard deviations farther from its candidate-class centroid than typical
label_flip_05,classification/train/8/train_03559.png,REVIEW,0.6602,False,10 of 15 nearest neighbours have a different candidate label; cross-validated classifier assigns only 23% confidence to the candidate label
label_flip_05,classification/train/7/train_03563.png,REVIEW,0.6743,False,9 of 15 nearest neighbours have a different candidate label; cross-validated classifier assigns only 22% confidence to the candidate label; embedding is 1.8 standard deviations farther from its candidate-class centroid than typical
label_flip_05,classification/train/0/train_03603.png,QUARANTINE,0.8296,True,14 of 15 nearest neighbours have a different candidate label; cross-validated classifier assigns only 4% confidence to the candidate label
label_flip_05,classification/train/6/train_03623.png,QUARANTINE,0.9964,True,15 of 15 nearest neighbours have a different candidate label; cross-validated classifier assigns only 1% confidence to the candidate label; embedding is 3.4 standard deviations farther from its candidate-class centroid than typical
label_flip_05,classification/train/5/train_03664.png,QUARANTINE,0.997,True,15 of 15 nearest neighbours have a different candidate label; cross-validated classifier assigns only 1% confidence to the candidate label; embedding is 3.3 standard deviations farther from its candidate-class centroid than typical
label_flip_05,classification/train/4/train_03689.png,QUARANTINE,0.9011,True,15 of 15 nearest neighbours have a different candidate label; cross-validated classifier assigns only 5% confidence to the candidate label; embedding is 1.8 standard deviations farther from its candidate-class centroid than typical
label_flip_05,classification/train/2/train_03719.png,QUARANTINE,0.9985,True,15 of 15 nearest neighbours have a different candidate label; cross-validated classifier assigns only 0% confidence to the candidate label; embedding is 5.5 standard deviations farther from its candidate-class centroid than typical
label_flip_05,classification/train/9/train_03772.png,QUARANTINE,0.9745,True,15 of 15 nearest neighbours have a different candidate label; cross-validated classifier assigns only 2% confidence to the candidate label; embedding is 2.7 standard deviations farther from its candidate-class centroid than typical
label_flip_05,classification/train/8/train_03790.png,QUARANTINE,0.997,True,15 of 15 nearest neighbours have a different candidate label; cross-validated classifier assigns only 1% confidence to the candidate label; embedding is 4.3 standard deviations farther from its candidate-class centroid than typical
label_flip_05,classification/train/2/train_03791.png,QUARANTINE,0.9956,True,15 of 15 nearest neighbours have a different candidate label; cross-validated classifier assigns only 1% confidence to the candidate label; embedding is 3.7 standard deviations farther from its candidate-class centroid than typical
label_flip_05,classification/train/7/train_03799.png,QUARANTINE,0.7541,False,12 of 15 nearest neighbours have a different candidate label; cross-validated classifier assigns only 18% confidence to the candidate label; embedding is 1.6 standard deviations farther from its candidate-class centroid than typical
label_flip_05,classification/train/7/train_03836.png,QUARANTINE,0.9972,True,15 of 15 nearest neighbours have a different candidate label; cross-validated classifier assigns only 1% confidence to the candidate label; embedding is 3.0 standard deviations farther from its candidate-class centroid than typical
label_flip_05,classification/train/0/train_03849.png,QUARANTINE,0.8913,True,15 of 15 nearest neighbours have a different candidate label; cross-validated classifier assigns only 3% confidence to the candidate label; embedding is 1.5 standard deviations farther from its candidate-class centroid than typical
label_flip_05,classification/train/3/train_03867.png,REVIEW,0.6242,False,13 of 15 nearest neighbours have a different candidate label
label_flip_05,classification/train/5/train_03915.png,QUARANTINE,0.9663,True,15 of 15 nearest neighbours have a different candidate label; cross-validated classifier assigns only 1% confidence to the candidate label; embedding is 2.5 standard deviations farther from its candidate-class centroid than typical
label_flip_05,classification/train/0/train_03920.png,QUARANTINE,0.9969,True,15 of 15 nearest neighbours have a different candidate label; cross-validated classifier assigns only 1% confidence to the candidate label; embedding is 3.2 standard deviations farther from its candidate-class centroid than typical
label_flip_05,classification/train/3/train_03922.png,QUARANTINE,0.8127,True,15 of 15 nearest neighbours have a different candidate label; cross-validated classifier assigns only 9% confidence to the candidate label
label_flip_05,classification/train/9/train_03925.png,QUARANTINE,0.9961,True,15 of 15 nearest neighbours have a different candidate label; cross-validated classifier assigns only 1% confidence to the candidate label; embedding is 3.8 standard deviations farther from its candidate-class centroid than typical
label_flip_05,classification/train/1/train_03938.png,QUARANTINE,0.9612,True,15 of 15 nearest neighbours have a different candidate label; cross-validated classifier assigns only 3% confidence to the candidate label; embedding is 2.6 standard deviations farther from its candidate-class centroid than typical
label_flip_05,classification/train/0/train_03951.png,QUARANTINE,0.9959,True,15 of 15 nearest neighbours have a different candidate label; cross-validated classifier assigns only 1% confidence to the candidate label; embedding is 3.5 standard deviations farther from its candidate-class centroid than typical
label_flip_05,classification/train/4/train_03955.png,QUARANTINE,0.9975,True,15 of 15 nearest neighbours have a different candidate label; cross-validated classifier assigns only 1% confidence to the candidate label; embedding is 3.1 standard deviations farther from its candidate-class centroid than typical
label_flip_05,classification/train/7/train_03957.png,REVIEW,0.7227,False,12 of 15 nearest neighbours have a different candidate label; cross-validated classifier assigns only 29% confidence to the candidate label; embedding is 1.8 standard deviations farther from its candidate-class centroid than typical
label_flip_05,classification/train/0/train_03962.png,QUARANTINE,0.946,True,15 of 15 nearest neighbours have a different candidate label; cross-validated classifier assigns only 1% confidence to the candidate label; embedding is 2.3 standard deviations farther from its candidate-class centroid than typical
label_flip_05,classification/train/5/train_03976.png,QUARANTINE,0.9324,True,14 of 15 nearest neighbours have a different candidate label; cross-validated classifier assigns only 1% confidence to the candidate label; embedding is 2.4 standard deviations farther from its candidate-class centroid than typical
label_flip_05,classification/train/3/train_03992.png,REVIEW,0.6592,False,13 of 15 nearest neighbours have a different candidate label; cross-validated classifier assigns only 24% confidence to the candidate label
label_flip_05,classification/train/5/train_04001.png,QUARANTINE,0.7815,True,14 of 15 nearest neighbours have a different candidate label; cross-validated classifier assigns only 12% confidence to the candidate label
label_flip_05,classification/train/1/train_04012.png,REVIEW,0.7377,False,15 of 15 nearest neighbours have a different candidate label; cross-validated classifier assigns only 23% confidence to the candidate label
label_flip_05,classification/train/8/train_04035.png,QUARANTINE,0.9229,True,15 of 15 nearest neighbours have a different candidate label; cross-validated classifier assigns only 4% confidence to the candidate label; embedding is 2.1 standard deviations farther from its candidate-class centroid than typical
label_flip_05,classification/train/0/train_04041.png,QUARANTINE,0.9967,True,15 of 15 nearest neighbours have a different candidate label; cross-validated classifier assigns only 1% confidence to the candidate label; embedding is 4.3 standard deviations farther from its candidate-class centroid than typical
label_flip_05,classification/train/2/train_04050.png,QUARANTINE,0.968,True,14 of 15 nearest neighbours have a different candidate label; cross-validated classifier assigns only 1% confidence to the candidate label; embedding is 3.3 standard deviations farther from its candidate-class centroid than typical
label_flip_05,classification/train/5/train_04060.png,QUARANTINE,0.8166,False,14 of 15 nearest neighbours have a different candidate label; cross-validated classifier assigns only 9% confidence to the candidate label
label_flip_05,classification/train/3/train_04099.png,REVIEW,0.6871,False,13 of 15 nearest neighbours have a different candidate label; cross-validated classifier assigns only 20% confidence to the candidate label
label_flip_05,classification/train/9/train_04148.png,QUARANTINE,0.9368,True,13 of 15 nearest neighbours have a different candidate label; cross-validated classifier assigns only 2% confidence to the candidate label; embedding is 3.3 standard deviations farther from its candidate-class centroid than typical
label_flip_05,classification/train/7/train_04197.png,QUARANTINE,0.7807,False,11 of 15 nearest neighbours have a different candidate label; cross-validated classifier assigns only 14% confidence to the candidate label; embedding is 2.2 standard deviations farther from its candidate-class centroid than typical
label_flip_05,classification/train/9/train_04205.png,QUARANTINE,0.9969,True,15 of 15 nearest neighbours have a different candidate label; cross-validated classifier assigns only 1% confidence to the candidate label; embedding is 3.8 standard deviations farther from its candidate-class centroid than typical
label_flip_05,classification/train/7/train_04235.png,QUARANTINE,0.974,True,15 of 15 nearest neighbours have a different candidate label; cross-validated classifier assigns only 1% confidence to the candidate label; embedding is 2.7 standard deviations farther from its candidate-class centroid than typical
label_flip_05,classification/train/0/train_04245.png,QUARANTINE,0.9957,True,15 of 15 nearest neighbours have a different candidate label; cross-validated classifier assigns only 1% confidence to the candidate label; embedding is 3.5 standard deviations farther from its candidate-class centroid than typical
label_flip_05,classification/train/8/train_04249.png,QUARANTINE,0.9965,True,15 of 15 nearest neighbours have a different candidate label; cross-validated classifier assigns only 1% confidence to the candidate label; embedding is 3.3 standard deviations farther from its candidate-class centroid than typical
label_flip_05,classification/train/3/train_04271.png,REVIEW,0.7417,False,12 of 15 nearest neighbours have a different candidate label; cross-validated classifier assigns only 30% confidence to the candidate label; embedding is 2.1 standard deviations farther from its candidate-class centroid than typical
label_flip_05,classification/train/6/train_04282.png,QUARANTINE,0.9038,True,15 of 15 nearest neighbours have a different candidate label; cross-validated classifier assigns only 1% confidence to the candidate label; embedding is 1.6 standard deviations farther from its candidate-class centroid than typical
label_flip_05,classification/train/3/train_04309.png,QUARANTINE,0.9334,True,15 of 15 nearest neighbours have a different candidate label; cross-validated classifier assigns only 1% confidence to the candidate label; embedding is 2.1 standard deviations farther from its candidate-class centroid than typical
label_flip_05,classification/train/5/train_04338.png,QUARANTINE,0.7977,True,14 of 15 nearest neighbours have a different candidate label; cross-validated classifier assigns only 11% confidence to the candidate label
label_flip_05,classification/train/4/train_04355.png,QUARANTINE,0.9309,True,15 of 15 nearest neighbours have a different candidate label; cross-validated classifier assigns only 2% confidence to the candidate label; embedding is 2.1 standard deviations farther from its candidate-class centroid than typical
label_flip_05,classification/train/7/train_04356.png,REVIEW,0.6505,False,10 of 15 nearest neighbours have a different candidate label; cross-validated classifier assigns only 17% confidence to the candidate label
label_flip_05,classification/train/0/train_04360.png,QUARANTINE,0.9966,True,15 of 15 nearest neighbours have a different candidate label; cross-validated classifier assigns only 1% confidence to the candidate label; embedding is 3.2 standard deviations farther from its candidate-class centroid than typical
label_flip_05,classification/train/6/train_04392.png,QUARANTINE,0.9971,True,15 of 15 nearest neighbours have a different candidate label; cross-validated classifier assigns only 1% confidence to the candidate label; embedding is 3.7 standard deviations farther from its candidate-class centroid than typical
label_flip_05,classification/train/2/train_04410.png,QUARANTINE,0.9987,True,15 of 15 nearest neighbours have a different candidate label; cross-validated classifier assigns only 0% confidence to the candidate label; embedding is 4.2 standard deviations farther from its candidate-class centroid than typical
label_flip_05,classification/train/6/train_04415.png,QUARANTINE,0.8215,True,15 of 15 nearest neighbours have a different candidate label; cross-validated classifier assigns only 12% confidence to the candidate label
label_flip_05,classification/train/5/train_04424.png,QUARANTINE,0.8738,True,15 of 15 nearest neighbours have a different candidate label; cross-validated classifier assigns only 3% confidence to the candidate label
label_flip_05,classification/train/2/train_04452.png,QUARANTINE,0.9706,True,14 of 15 nearest neighbours have a different candidate label; cross-validated classifier assigns only 1% confidence to the candidate label; embedding is 4.6 standard deviations farther from its candidate-class centroid than typical
label_flip_05,classification/train/3/train_04463.png,QUARANTINE,0.9591,True,15 of 15 nearest neighbours have a different candidate label; cross-validated classifier assigns only 1% confidence to the candidate label; embedding is 2.5 standard deviations farther from its candidate-class centroid than typical
label_flip_05,classification/train/7/train_04478.png,QUARANTINE,0.7528,False,12 of 15 nearest neighbours have a different candidate label; cross-validated classifier assigns only 18% confidence to the candidate label; embedding is 1.6 standard deviations farther from its candidate-class centroid than typical
label_flip_05,classification/train/7/train_04494.png,QUARANTINE,0.9909,True,15 of 15 nearest neighbours have a different candidate label; cross-validated classifier assigns only 1% confidence to the candidate label; embedding is 2.9 standard deviations farther from its candidate-class centroid than typical
label_flip_05,classification/train/4/train_04498.png,QUARANTINE,0.8051,False,12 of 15 nearest neighbours have a different candidate label; cross-validated classifier assigns only 20% confidence to the candidate label; embedding is 2.5 standard deviations farther from its candidate-class centroid than typical
label_flip_05,classification/train/4/train_04520.png,QUARANTINE,0.9924,True,15 of 15 nearest neighbours have a different candidate label; cross-validated classifier assigns only 2% confidence to the candidate label; embedding is 3.3 standard deviations farther from its candidate-class centroid than typical
label_flip_05,classification/train/1/train_04536.png,REVIEW,0.632,False,cross-validated classifier assigns only 28% confidence to the candidate label; embedding is 2.8 standard deviations farther from its candidate-class centroid than typical
label_flip_05,classification/train/7/train_04544.png,QUARANTINE,0.8771,False,15 of 15 nearest neighbours have a different candidate label; cross-validated classifier assigns only 10% confidence to the candidate label; embedding is 1.8 standard deviations farther from its candidate-class centroid than typical
label_flip_05,classification/train/5/train_04562.png,QUARANTINE,0.9521,True,15 of 15 nearest neighbours have a different candidate label; cross-validated classifier assigns only 2% confidence to the candidate label; embedding is 2.4 standard deviations farther from its candidate-class centroid than typical
label_flip_05,classification/train/9/train_04607.png,QUARANTINE,0.9969,True,15 of 15 nearest neighbours have a different candidate label; cross-validated classifier assigns only 1% confidence to the candidate label; embedding is 3.3 standard deviations farther from its candidate-class centroid than typical
label_flip_05,classification/train/4/train_04619.png,QUARANTINE,0.8876,True,15 of 15 nearest neighbours have a different candidate label; cross-validated classifier assigns only 2% confidence to the candidate label
label_flip_05,classification/train/8/train_04638.png,QUARANTINE,0.9956,True,15 of 15 nearest neighbours have a different candidate label; cross-validated classifier assigns only 1% confidence to the candidate label; embedding is 4.5 standard deviations farther from its candidate-class centroid than typical
label_flip_05,classification/train/0/train_04643.png,QUARANTINE,0.9958,True,15 of 15 nearest neighbours have a different candidate label; cross-validated classifier assigns only 1% confidence to the candidate label; embedding is 3.4 standard deviations farther from its candidate-class centroid than typical
label_flip_05,classification/train/7/train_04673.png,QUARANTINE,0.9968,True,15 of 15 nearest neighbours have a different candidate label; cross-validated classifier assigns only 1% confidence to the candidate label; embedding is 3.5 standard deviations farther from its candidate-class centroid than typical
label_flip_05,classification/train/5/train_04675.png,QUARANTINE,0.7901,False,15 of 15 nearest neighbours have a different candidate label; cross-validated classifier assigns only 13% confidence to the candidate label
label_flip_05,classification/train/8/train_04677.png,QUARANTINE,0.8632,True,15 of 15 nearest neighbours have a different candidate label; cross-validated classifier assigns only 2% confidence to the candidate label
label_flip_05,classification/train/4/train_04741.png,QUARANTINE,0.9195,True,15 of 15 nearest neighbours have a different candidate label; cross-validated classifier assigns only 2% confidence to the candidate label; embedding is 1.9 standard deviations farther from its candidate-class centroid than typical
label_flip_05,classification/train/4/train_04769.png,QUARANTINE,0.9395,True,15 of 15 nearest neighbours have a different candidate label; cross-validated classifier assigns only 1% confidence to the candidate label; embedding is 2.1 standard deviations farther from its candidate-class centroid than typical
label_flip_05,classification/train/5/train_04802.png,REVIEW,0.6764,False,13 of 15 nearest neighbours have a different candidate label
label_flip_05,classification/train/0/train_04854.png,QUARANTINE,0.9445,True,15 of 15 nearest neighbours have a different candidate label; cross-validated classifier assigns only 1% confidence to the candidate label; embedding is 2.3 standard deviations farther from its candidate-class centroid than typical
label_flip_05,classification/train/8/train_04874.png,QUARANTINE,0.9976,True,15 of 15 nearest neighbours have a different candidate label; cross-validated classifier assigns only 1% confidence to the candidate label; embedding is 4.1 standard deviations farther from its candidate-class centroid than typical
label_flip_05,classification/train/8/train_04929.png,QUARANTINE,0.9683,True,15 of 15 nearest neighbours have a different candidate label; cross-validated classifier assigns only 0% confidence to the candidate label; embedding is 2.6 standard deviations farther from its candidate-class centroid than typical
label_flip_05,classification/train/2/train_04939.png,QUARANTINE,0.9946,True,15 of 15 nearest neighbours have a different candidate label; cross-validated classifier assigns only 1% confidence to the candidate label; embedding is 3.4 standard deviations farther from its candidate-class centroid than typical
label_flip_05,classification/train/2/train_04954.png,REVIEW,0.6972,False,8 of 15 nearest neighbours have a different candidate label; cross-validated classifier assigns only 29% confidence to the candidate label; embedding is 3.2 standard deviations farther from its candidate-class centroid than typical
label_flip_05,classification/train/5/train_04959.png,QUARANTINE,0.9885,True,15 of 15 nearest neighbours have a different candidate label; cross-validated classifier assigns only 1% confidence to the candidate label; embedding is 2.9 standard deviations farther from its candidate-class centroid than typical
label_flip_05,classification/train/7/train_04960.png,REVIEW,0.6706,False,9 of 15 nearest neighbours have a different candidate label; cross-validated classifier assigns only 30% confidence to the candidate label; embedding is 2.2 standard deviations farther from its candidate-class centroid than typical
label_flip_05,classification/train/2/train_04971.png,QUARANTINE,0.9853,True,15 of 15 nearest neighbours have a different candidate label; cross-validated classifier assigns only 4% confidence to the candidate label; embedding is 3.1 standard deviations farther from its candidate-class centroid than typical
label_flip_05,classification/train/5/train_04989.png,QUARANTINE,0.927,True,15 of 15 nearest neighbours have a different candidate label; cross-validated classifier assigns only 3% confidence to the candidate label; embedding is 2.1 standard deviations farther from its candidate-class centroid than typical
label_flip_05,classification/train/5/train_04999.png,QUARANTINE,0.9017,False,15 of 15 nearest neighbours have a different candidate label; cross-validated classifier assigns only 16% confidence to the candidate label; embedding is 2.5 standard deviations farther from its candidate-class centroid than typical
label_flip_10,classification/train/6/train_00003.png,QUARANTINE,0.9689,True,15 of 15 nearest neighbours have a different candidate label; cross-validated classifier assigns only 8% confidence to the candidate label; embedding is 4.2 standard deviations farther from its candidate-class centroid than typical
label_flip_10,classification/train/5/train_00008.png,QUARANTINE,0.8457,True,14 of 15 nearest neighbours have a different candidate label; cross-validated classifier assigns only 4% confidence to the candidate label
label_flip_10,classification/train/6/train_00015.png,QUARANTINE,0.8982,True,14 of 15 nearest neighbours have a different candidate label; cross-validated classifier assigns only 1% confidence to the candidate label; embedding is 2.0 standard deviations farther from its candidate-class centroid than typical
label_flip_10,classification/train/4/train_00016.png,QUARANTINE,0.7622,False,9 of 15 nearest neighbours have a different candidate label; cross-validated classifier assigns only 15% confidence to the candidate label; embedding is 2.8 standard deviations farther from its candidate-class centroid than typical
label_flip_10,classification/train/1/train_00024.png,QUARANTINE,0.9546,True,15 of 15 nearest neighbours have a different candidate label; cross-validated classifier assigns only 1% confidence to the candidate label; embedding is 2.4 standard deviations farther from its candidate-class centroid than typical
label_flip_10,classification/train/6/train_00057.png,QUARANTINE,0.9305,True,15 of 15 nearest neighbours have a different candidate label; cross-validated classifier assigns only 1% confidence to the candidate label; embedding is 2.0 standard deviations farther from its candidate-class centroid than typical
label_flip_10,classification/train/9/train_00070.png,QUARANTINE,0.9336,True,15 of 15 nearest neighbours have a different candidate label; cross-validated classifier assigns only 3% confidence to the candidate label; embedding is 2.2 standard deviations farther from its candidate-class centroid than typical
label_flip_10,classification/train/0/train_00071.png,QUARANTINE,0.9762,True,15 of 15 nearest neighbours have a different candidate label; cross-validated classifier assigns only 2% confidence to the candidate label; embedding is 2.7 standard deviations farther from its candidate-class centroid than typical
label_flip_10,classification/train/8/train_00078.png,QUARANTINE,0.9747,True,15 of 15 nearest neighbours have a different candidate label; cross-validated classifier assigns only 2% confidence to the candidate label; embedding is 2.8 standard deviations farther from its candidate-class centroid than typical
label_flip_10,classification/train/0/train_00081.png,QUARANTINE,0.9936,True,15 of 15 nearest neighbours have a different candidate label; cross-validated classifier assigns only 2% confidence to the candidate label; embedding is 3.0 standard deviations farther from its candidate-class centroid than typical
label_flip_10,classification/train/1/train_00102.png,QUARANTINE,0.9205,True,15 of 15 nearest neighbours have a different candidate label; cross-validated classifier assigns only 2% confidence to the candidate label; embedding is 1.9 standard deviations farther from its candidate-class centroid than typical
label_flip_10,classification/train/9/train_00118.png,REVIEW,0.69,False,9 of 15 nearest neighbours have a different candidate label; cross-validated classifier assigns only 21% confidence to the candidate label; embedding is 2.0 standard deviations farther from its candidate-class centroid than typical
label_flip_10,classification/train/5/train_00122.png,QUARANTINE,0.9842,True,15 of 15 nearest neighbours have a different candidate label; cross-validated classifier assigns only 2% confidence to the candidate label; embedding is 2.9 standard deviations farther from its candidate-class centroid than typical
label_flip_10,classification/train/6/train_00128.png,QUARANTINE,0.8807,True,15 of 15 nearest neighbours have a different candidate label; cross-validated classifier assigns only 1% confidence to the candidate label
label_flip_10,classification/train/3/train_00129.png,QUARANTINE,0.8808,True,15 of 15 nearest neighbours have a different candidate label; cross-validated classifier assigns only 3% confidence to the candidate label
label_flip_10,classification/train/2/train_00142.png,QUARANTINE,0.9159,True,14 of 15 nearest neighbours have a different candidate label; cross-validated classifier assigns only 2% confidence to the candidate label; embedding is 2.3 standard deviations farther from its candidate-class centroid than typical
label_flip_10,classification/train/6/train_00147.png,QUARANTINE,0.9505,True,15 of 15 nearest neighbours have a different candidate label; cross-validated classifier assigns only 1% confidence to the candidate label; embedding is 2.3 standard deviations farther from its candidate-class centroid than typical
label_flip_10,classification/train/7/train_00155.png,QUARANTINE,0.946,True,15 of 15 nearest neighbours have a different candidate label; cross-validated classifier assigns only 1% confidence to the candidate label; embedding is 2.2 standard deviations farther from its candidate-class centroid than typical
label_flip_10,classification/train/7/train_00157.png,QUARANTINE,0.932,True,15 of 15 nearest neighbours have a different candidate label; cross-validated classifier assigns only 3% confidence to the candidate label; embedding is 2.2 standard deviations farther from its candidate-class centroid than typical
label_flip_10,classification/train/3/train_00191.png,QUARANTINE,0.8672,True,15 of 15 nearest neighbours have a different candidate label; cross-validated classifier assigns only 3% confidence to the candidate label
label_flip_10,classification/train/4/train_00196.png,QUARANTINE,0.9357,True,15 of 15 nearest neighbours have a different candidate label; cross-validated classifier assigns only 1% confidence to the candidate label; embedding is 2.1 standard deviations farther from its candidate-class centroid than typical
label_flip_10,classification/train/4/train_00201.png,QUARANTINE,0.929,True,14 of 15 nearest neighbours have a different candidate label; cross-validated classifier assigns only 1% confidence to the candidate label; embedding is 2.4 standard deviations farther from its candidate-class centroid than typical
label_flip_10,classification/train/8/train_00213.png,QUARANTINE,0.9041,True,13 of 15 nearest neighbours have a different candidate label; cross-validated classifier assigns only 3% confidence to the candidate label; embedding is 2.5 standard deviations farther from its candidate-class centroid than typical
label_flip_10,classification/train/8/train_00226.png,QUARANTINE,0.9613,True,15 of 15 nearest neighbours have a different candidate label; cross-validated classifier assigns only 1% confidence to the candidate label; embedding is 2.5 standard deviations farther from its candidate-class centroid than typical
label_flip_10,classification/train/3/train_00231.png,QUARANTINE,0.8168,False,14 of 15 nearest neighbours have a different candidate label; cross-validated classifier assigns only 10% confidence to the candidate label
label_flip_10,classification/train/4/train_00237.png,QUARANTINE,0.8631,True,15 of 15 nearest neighbours have a different candidate label; cross-validated classifier assigns only 4% confidence to the candidate label
label_flip_10,classification/train/2/train_00245.png,QUARANTINE,0.9238,True,14 of 15 nearest neighbours have a different candidate label; cross-validated classifier assigns only 4% confidence to the candidate label; embedding is 2.5 standard deviations farther from its candidate-class centroid than typical
label_flip_10,classification/train/8/train_00267.png,QUARANTINE,0.9401,True,15 of 15 nearest neighbours have a different candidate label; cross-validated classifier assigns only 3% confidence to the candidate label; embedding is 2.3 standard deviations farther from its candidate-class centroid than typical
label_flip_10,classification/train/5/train_00270.png,QUARANTINE,0.8865,True,14 of 15 nearest neighbours have a different candidate label; cross-validated classifier assigns only 2% confidence to the candidate label; embedding is 1.8 standard deviations farther from its candidate-class centroid than typical
label_flip_10,classification/train/8/train_00273.png,QUARANTINE,0.9957,True,15 of 15 nearest neighbours have a different candidate label; cross-validated classifier assigns only 1% confidence to the candidate label; embedding is 3.1 standard deviations farther from its candidate-class centroid than typical
label_flip_10,classification/train/4/train_00293.png,QUARANTINE,0.8835,True,15 of 15 nearest neighbours have a different candidate label; cross-validated classifier assigns only 5% confidence to the candidate label; embedding is 1.6 standard deviations farther from its candidate-class centroid than typical
label_flip_10,classification/train/1/train_00335.png,QUARANTINE,0.8808,True,14 of 15 nearest neighbours have a different candidate label; cross-validated classifier assigns only 2% confidence to the candidate label; embedding is 1.7 standard deviations farther from its candidate-class centroid than typical
label_flip_10,classification/train/9/train_00361.png,QUARANTINE,0.9404,True,13 of 15 nearest neighbours have a different candidate label; cross-validated classifier assigns only 1% confidence to the candidate label; embedding is 2.9 standard deviations farther from its candidate-class centroid than typical
label_flip_10,classification/train/4/train_00362.png,QUARANTINE,0.9442,True,15 of 15 nearest neighbours have a different candidate label; cross-validated classifier assigns only 1% confidence to the candidate label; embedding is 2.2 standard deviations farther from its candidate-class centroid than typical
label_flip_10,classification/train/4/train_00382.png,QUARANTINE,0.8493,True,15 of 15 nearest neighbours have a different candidate label; cross-validated classifier assigns only 3% confidence to the candidate label
label_flip_10,classification/train/7/train_00389.png,QUARANTINE,0.9036,True,15 of 15 nearest neighbours have a different candidate label; cross-validated classifier assigns only 7% confidence to the candidate label; embedding is 2.0 standard deviations farther from its candidate-class centroid than typical
label_flip_10,classification/train/0/train_00391.png,QUARANTINE,0.9124,True,13 of 15 nearest neighbours have a different candidate label; cross-validated classifier assigns only 1% confidence to the candidate label; embedding is 2.6 standard deviations farther from its candidate-class centroid than typical
label_flip_10,classification/train/4/train_00394.png,QUARANTINE,0.8295,True,15 of 15 nearest neighbours have a different candidate label; cross-validated classifier assigns only 2% confidence to the candidate label
label_flip_10,classification/train/2/train_00400.png,QUARANTINE,0.9896,True,15 of 15 nearest neighbours have a different candidate label; cross-validated classifier assigns only 3% confidence to the candidate label; embedding is 3.3 standard deviations farther from its candidate-class centroid than typical
label_flip_10,classification/train/2/train_00429.png,QUARANTINE,0.9857,True,15 of 15 nearest neighbours have a different candidate label; cross-validated classifier assigns only 2% confidence to the candidate label; embedding is 2.9 standard deviations farther from its candidate-class centroid than typical
label_flip_10,classification/train/5/train_00436.png,REVIEW,0.7203,False,12 of 15 nearest neighbours have a different candidate label; cross-validated classifier assigns only 24% confidence to the candidate label
label_flip_10,classification/train/2/train_00439.png,QUARANTINE,0.9915,True,15 of 15 nearest neighbours have a different candidate label; cross-validated classifier assigns only 2% confidence to the candidate label; embedding is 3.4 standard deviations farther from its candidate-class centroid than typical
label_flip_10,classification/train/3/train_00455.png,QUARANTINE,0.9025,True,15 of 15 nearest neighbours have a different candidate label; cross-validated classifier assigns only 2% confidence to the candidate label; embedding is 1.7 standard deviations farther from its candidate-class centroid than typical
label_flip_10,classification/train/9/train_00456.png,QUARANTINE,0.9974,True,15 of 15 nearest neighbours have a different candidate label; cross-validated classifier assigns only 1% confidence to the candidate label; embedding is 3.4 standard deviations farther from its candidate-class centroid than typical
label_flip_10,classification/train/0/train_00487.png,QUARANTINE,0.8447,True,15 of 15 nearest neighbours have a different candidate label; cross-validated classifier assigns only 6% confidence to the candidate label
label_flip_10,classification/train/1/train_00489.png,QUARANTINE,0.9333,True,15 of 15 nearest neighbours have a different candidate label; cross-validated classifier assigns only 1% confidence to the candidate label; embedding is 2.1 standard deviations farther from its candidate-class centroid than typical
label_flip_10,classification/train/1/train_00496.png,QUARANTINE,0.9397,True,14 of 15 nearest neighbours have a different candidate label; cross-validated classifier assigns only 1% confidence to the candidate label; embedding is 2.5 standard deviations farther from its candidate-class centroid than typical
label_flip_10,classification/train/8/train_00501.png,QUARANTINE,0.9957,True,15 of 15 nearest neighbours have a different candidate label; cross-validated classifier assigns only 1% confidence to the candidate label; embedding is 3.3 standard deviations farther from its candidate-class centroid than typical
label_flip_10,classification/train/5/train_00535.png,QUARANTINE,0.9899,True,15 of 15 nearest neighbours have a different candidate label; cross-validated classifier assigns only 3% confidence to the candidate label; embedding is 3.2 standard deviations farther from its candidate-class centroid than typical
label_flip_10,classification/train/4/train_00544.png,QUARANTINE,0.8362,False,13 of 15 nearest neighbours have a different candidate label; cross-validated classifier assigns only 9% confidence to the candidate label; embedding is 1.9 standard deviations farther from its candidate-class centroid than typical
label_flip_10,classification/train/6/train_00549.png,QUARANTINE,0.9131,True,15 of 15 nearest neighbours have a different candidate label; cross-validated classifier assigns only 3% confidence to the candidate label; embedding is 1.9 standard deviations farther from its candidate-class centroid than typical
label_flip_10,classification/train/7/train_00550.png,QUARANTINE,0.8427,True,15 of 15 nearest neighbours have a different candidate label; cross-validated classifier assigns only 3% confidence to the candidate label
label_flip_10,classification/train/4/train_00556.png,QUARANTINE,0.8551,True,15 of 15 nearest neighbours have a different candidate label; cross-validated classifier assigns only 2% confidence to the candidate label
label_flip_10,classification/train/9/train_00565.png,QUARANTINE,0.9543,True,14 of 15 nearest neighbours have a different candidate label; cross-validated classifier assigns only 2% confidence to the candidate label; embedding is 2.9 standard deviations farther from its candidate-class centroid than typical
label_flip_10,classification/train/7/train_00593.png,QUARANTINE,0.8239,True,15 of 15 nearest neighbours have a different candidate label; cross-validated classifier assigns only 3% confidence to the candidate label
label_flip_10,classification/train/8/train_00600.png,QUARANTINE,0.9718,True,15 of 15 nearest neighbours have a different candidate label; cross-validated classifier assigns only 2% confidence to the candidate label; embedding is 2.7 standard deviations farther from its candidate-class centroid than typical
label_flip_10,classification/train/6/train_00605.png,QUARANTINE,0.8449,True,14 of 15 nearest neighbours have a different candidate label; cross-validated classifier assigns only 2% confidence to the candidate label
label_flip_10,classification/train/5/train_00618.png,QUARANTINE,0.8599,True,14 of 15 nearest neighbours have a different candidate label; cross-validated classifier assigns only 3% confidence to the candidate label
label_flip_10,classification/train/6/train_00625.png,QUARANTINE,0.9457,True,15 of 15 nearest neighbours have a different candidate label; cross-validated classifier assigns only 1% confidence to the candidate label; embedding is 2.2 standard deviations farther from its candidate-class centroid than typical
label_flip_10,classification/train/2/train_00627.png,QUARANTINE,0.9826,True,15 of 15 nearest neighbours have a different candidate label; cross-validated classifier assigns only 1% confidence to the candidate label; embedding is 2.8 standard deviations farther from its candidate-class centroid than typical
label_flip_10,classification/train/6/train_00632.png,QUARANTINE,0.9097,True,15 of 15 nearest neighbours have a different candidate label; cross-validated classifier assigns only 3% confidence to the candidate label; embedding is 1.8 standard deviations farther from its candidate-class centroid than typical
label_flip_10,classification/train/7/train_00634.png,QUARANTINE,0.8162,True,13 of 15 nearest neighbours have a different candidate label; cross-validated classifier assigns only 2% confidence to the candidate label
label_flip_10,classification/train/1/train_00664.png,QUARANTINE,0.9049,True,15 of 15 nearest neighbours have a different candidate label; cross-validated classifier assigns only 2% confidence to the candidate label; embedding is 1.7 standard deviations farther from its candidate-class centroid than typical
label_flip_10,classification/train/3/train_00665.png,QUARANTINE,0.7874,True,15 of 15 nearest neighbours have a different candidate label; cross-validated classifier assigns only 5% confidence to the candidate label
label_flip_10,classification/train/3/train_00670.png,QUARANTINE,0.8976,True,15 of 15 nearest neighbours have a different candidate label; cross-validated classifier assigns only 2% confidence to the candidate label; embedding is 1.6 standard deviations farther from its candidate-class centroid than typical
label_flip_10,classification/train/1/train_00681.png,QUARANTINE,0.9345,True,15 of 15 nearest neighbours have a different candidate label; cross-validated classifier assigns only 3% confidence to the candidate label; embedding is 2.2 standard deviations farther from its candidate-class centroid than typical
label_flip_10,classification/train/5/train_00691.png,QUARANTINE,0.973,True,15 of 15 nearest neighbours have a different candidate label; cross-validated classifier assigns only 3% confidence to the candidate label; embedding is 2.8 standard deviations farther from its candidate-class centroid than typical
label_flip_10,classification/train/0/train_00708.png,QUARANTINE,0.9451,True,15 of 15 nearest neighbours have a different candidate label; cross-validated classifier assigns only 2% confidence to the candidate label; embedding is 2.3 standard deviations farther from its candidate-class centroid than typical
label_flip_10,classification/train/5/train_00709.png,QUARANTINE,0.9713,True,15 of 15 nearest neighbours have a different candidate label; cross-validated classifier assigns only 2% confidence to the candidate label; embedding is 2.7 standard deviations farther from its candidate-class centroid than typical
label_flip_10,classification/train/4/train_00710.png,QUARANTINE,0.9385,True,15 of 15 nearest neighbours have a different candidate label; cross-validated classifier assigns only 2% confidence to the candidate label; embedding is 2.2 standard deviations farther from its candidate-class centroid than typical
label_flip_10,classification/train/0/train_00719.png,QUARANTINE,0.9455,True,14 of 15 nearest neighbours have a different candidate label; cross-validated classifier assigns only 2% confidence to the candidate label; embedding is 2.7 standard deviations farther from its candidate-class centroid than typical
label_flip_10,classification/train/6/train_00743.png,QUARANTINE,0.9202,True,15 of 15 nearest neighbours have a different candidate label; cross-validated classifier assigns only 1% confidence to the candidate label; embedding is 1.9 standard deviations farther from its candidate-class centroid than typical
label_flip_10,classification/train/2/train_00750.png,QUARANTINE,0.9511,True,14 of 15 nearest neighbours have a different candidate label; cross-validated classifier assigns only 2% confidence to the candidate label; embedding is 2.8 standard deviations farther from its candidate-class centroid than typical
label_flip_10,classification/train/7/train_00774.png,QUARANTINE,0.9076,True,15 of 15 nearest neighbours have a different candidate label; cross-validated classifier assigns only 2% confidence to the candidate label; embedding is 1.7 standard deviations farther from its candidate-class centroid than typical
label_flip_10,classification/train/0/train_00779.png,QUARANTINE,0.8943,True,15 of 15 nearest neighbours have a different candidate label; cross-validated classifier assigns only 5% confidence to the candidate label; embedding is 1.7 standard deviations farther from its candidate-class centroid than typical
label_flip_10,classification/train/3/train_00783.png,QUARANTINE,0.8114,True,14 of 15 nearest neighbours have a different candidate label; cross-validated classifier assigns only 5% confidence to the candidate label
label_flip_10,classification/train/1/train_00785.png,QUARANTINE,0.9135,True,15 of 15 nearest neighbours have a different candidate label; cross-validated classifier assigns only 1% confidence to the candidate label; embedding is 1.8 standard deviations farther from its candidate-class centroid than typical
label_flip_10,classification/train/4/train_00797.png,QUARANTINE,0.9217,True,15 of 15 nearest neighbours have a different candidate label; cross-validated classifier assigns only 1% confidence to the candidate label; embedding is 1.9 standard deviations farther from its candidate-class centroid than typical
label_flip_10,classification/train/1/train_00800.png,QUARANTINE,0.8612,True,15 of 15 nearest neighbours have a different candidate label; cross-validated classifier assigns only 2% confidence to the candidate label
label_flip_10,classification/train/7/train_00801.png,QUARANTINE,0.9233,True,15 of 15 nearest neighbours have a different candidate label; cross-validated classifier assigns only 4% confidence to the candidate label; embedding is 2.1 standard deviations farther from its candidate-class centroid than typical
label_flip_10,classification/train/7/train_00805.png,QUARANTINE,0.9856,True,15 of 15 nearest neighbours have a different candidate label; cross-validated classifier assigns only 1% confidence to the candidate label; embedding is 2.8 standard deviations farther from its candidate-class centroid than typical
label_flip_10,classification/train/7/train_00816.png,QUARANTINE,0.9637,True,15 of 15 nearest neighbours have a different candidate label; cross-validated classifier assigns only 2% confidence to the candidate label; embedding is 2.6 standard deviations farther from its candidate-class centroid than typical
label_flip_10,classification/train/5/train_00823.png,QUARANTINE,0.8786,True,15 of 15 nearest neighbours have a different candidate label; cross-validated classifier assigns only 2% confidence to the candidate label
label_flip_10,classification/train/5/train_00834.png,QUARANTINE,0.8591,True,14 of 15 nearest neighbours have a different candidate label; cross-validated classifier assigns only 6% confidence to the candidate label; embedding is 1.6 standard deviations farther from its candidate-class centroid than typical
label_flip_10,classification/train/8/train_00843.png,QUARANTINE,0.9704,True,14 of 15 nearest neighbours have a different candidate label; cross-validated classifier assigns only 1% confidence to the candidate label; embedding is 3.2 standard deviations farther from its candidate-class centroid than typical
label_flip_10,classification/train/8/train_00851.png,QUARANTINE,0.786,True,14 of 15 nearest neighbours have a different candidate label; cross-validated classifier assigns only 4% confidence to the candidate label
label_flip_10,classification/train/1/train_00856.png,QUARANTINE,0.8733,True,15 of 15 nearest neighbours have a different candidate label; cross-validated classifier assigns only 9% confidence to the candidate label; embedding is 1.6 standard deviations farther from its candidate-class centroid than typical
label_flip_10,classification/train/5/train_00866.png,QUARANTINE,0.9521,True,15 of 15 nearest neighbours have a different candidate label; cross-validated classifier assigns only 2% confidence to the candidate label; embedding is 2.4 standard deviations farther from its candidate-class centroid than typical
label_flip_10,classification/train/5/train_00867.png,QUARANTINE,0.8091,False,14 of 15 nearest neighbours have a different candidate label; cross-validated classifier assigns only 15% confidence to the candidate label
label_flip_10,classification/train/5/train_00878.png,QUARANTINE,0.9309,True,15 of 15 nearest neighbours have a different candidate label; cross-validated classifier assigns only 1% confidence to the candidate label; embedding is 2.0 standard deviations farther from its candidate-class centroid than typical
label_flip_10,classification/train/8/train_00882.png,QUARANTINE,0.8825,True,14 of 15 nearest neighbours have a different candidate label; cross-validated classifier assigns only 4% confidence to the candidate label; embedding is 1.9 standard deviations farther from its candidate-class centroid than typical
label_flip_10,classification/train/8/train_00897.png,QUARANTINE,0.9947,True,15 of 15 nearest neighbours have a different candidate label; cross-validated classifier assigns only 1% confidence to the candidate label; embedding is 3.1 standard deviations farther from its candidate-class centroid than typical
label_flip_10,classification/train/1/train_00898.png,QUARANTINE,0.8897,True,14 of 15 nearest neighbours have a different candidate label; cross-validated classifier assigns only 2% confidence to the candidate label; embedding is 1.9 standard deviations farther from its candidate-class centroid than typical
label_flip_10,classification/train/3/train_00902.png,QUARANTINE,0.975,True,15 of 15 nearest neighbours have a different candidate label; cross-validated classifier assigns only 1% confidence to the candidate label; embedding is 2.7 standard deviations farther from its candidate-class centroid than typical
label_flip_10,classification/train/2/train_00920.png,QUARANTINE,0.9146,True,15 of 15 nearest neighbours have a different candidate label; cross-validated classifier assigns only 4% confidence to the candidate label; embedding is 2.0 standard deviations farther from its candidate-class centroid than typical
label_flip_10,classification/train/9/train_00923.png,QUARANTINE,0.9836,True,15 of 15 nearest neighbours have a different candidate label; cross-validated classifier assigns only 4% confidence to the candidate label; embedding is 3.0 standard deviations farther from its candidate-class centroid than typical
label_flip_10,classification/train/1/train_00929.png,QUARANTINE,0.8789,True,15 of 15 nearest neighbours have a different candidate label; cross-validated classifier assigns only 4% confidence to the candidate label
label_flip_10,classification/train/2/train_00932.png,QUARANTINE,0.9775,True,15 of 15 nearest neighbours have a different candidate label; cross-validated classifier assigns only 3% confidence to the candidate label; embedding is 2.8 standard deviations farther from its candidate-class centroid than typical
label_flip_10,classification/train/9/train_00958.png,QUARANTINE,0.951,True,14 of 15 nearest neighbours have a different candidate label; cross-validated classifier assigns only 6% confidence to the candidate label; embedding is 3.3 standard deviations farther from its candidate-class centroid than typical
label_flip_10,classification/train/3/train_00967.png,REVIEW,0.7418,False,14 of 15 nearest neighbours have a different candidate label; cross-validated classifier assigns only 16% confidence to the candidate label
label_flip_10,classification/train/3/train_00970.png,REVIEW,0.7036,False,13 of 15 nearest neighbours have a different candidate label; cross-validated classifier assigns only 21% confidence to the candidate label
label_flip_10,classification/train/7/train_00989.png,QUARANTINE,0.949,True,15 of 15 nearest neighbours have a different candidate label; cross-validated classifier assigns only 2% confidence to the candidate label; embedding is 2.4 standard deviations farther from its candidate-class centroid than typical
label_flip_10,classification/train/0/train_00998.png,QUARANTINE,0.9342,True,14 of 15 nearest neighbours have a different candidate label; cross-validated classifier assigns only 2% confidence to the candidate label; embedding is 2.5 standard deviations farther from its candidate-class centroid than typical
label_flip_10,classification/train/0/train_00999.png,QUARANTINE,0.9256,True,15 of 15 nearest neighbours have a different candidate label; cross-validated classifier assigns only 4% confidence to the candidate label; embedding is 2.1 standard deviations farther from its candidate-class centroid than typical
label_flip_10,classification/train/7/train_01010.png,QUARANTINE,0.9501,True,15 of 15 nearest neighbours have a different candidate label; cross-validated classifier assigns only 1% confidence to the candidate label; embedding is 2.3 standard deviations farther from its candidate-class centroid than typical
label_flip_10,classification/train/7/train_01032.png,QUARANTINE,0.9222,True,15 of 15 nearest neighbours have a different candidate label; cross-validated classifier assigns only 2% confidence to the candidate label; embedding is 2.0 standard deviations farther from its candidate-class centroid than typical
label_flip_10,classification/train/3/train_01050.png,QUARANTINE,0.9224,True,15 of 15 nearest neighbours have a different candidate label; cross-validated classifier assigns only 1% confidence to the candidate label; embedding is 1.9 standard deviations farther from its candidate-class centroid than typical
label_flip_10,classification/train/2/train_01053.png,QUARANTINE,0.9962,True,15 of 15 nearest neighbours have a different candidate label; cross-validated classifier assigns only 1% confidence to the candidate label; embedding is 3.5 standard deviations farther from its candidate-class centroid than typical
label_flip_10,classification/train/1/train_01061.png,QUARANTINE,0.914,True,15 of 15 nearest neighbours have a different candidate label; cross-validated classifier assigns only 1% confidence to the candidate label; embedding is 1.8 standard deviations farther from its candidate-class centroid than typical
label_flip_10,classification/train/3/train_01078.png,REVIEW,0.7357,False,15 of 15 nearest neighbours have a different candidate label; cross-validated classifier assigns only 16% confidence to the candidate label
label_flip_10,classification/train/5/train_01082.png,QUARANTINE,0.932,True,15 of 15 nearest neighbours have a different candidate label; cross-validated classifier assigns only 1% confidence to the candidate label; embedding is 2.0 standard deviations farther from its candidate-class centroid than typical
label_flip_10,classification/train/7/train_01093.png,QUARANTINE,0.9344,True,15 of 15 nearest neighbours have a different candidate label; cross-validated classifier assigns only 2% confidence to the candidate label; embedding is 2.1 standard deviations farther from its candidate-class centroid than typical
label_flip_10,classification/train/5/train_01094.png,QUARANTINE,0.9182,True,13 of 15 nearest neighbours have a different candidate label; cross-validated classifier assigns only 2% confidence to the candidate label; embedding is 2.7 standard deviations farther from its candidate-class centroid than typical
label_flip_10,classification/train/3/train_01105.png,QUARANTINE,0.9758,True,15 of 15 nearest neighbours have a different candidate label; cross-validated classifier assigns only 1% confidence to the candidate label; embedding is 2.7 standard deviations farther from its candidate-class centroid than typical
label_flip_10,classification/train/2/train_01143.png,QUARANTINE,0.9874,True,15 of 15 nearest neighbours have a different candidate label; cross-validated classifier assigns only 3% confidence to the candidate label; embedding is 3.0 standard deviations farther from its candidate-class centroid than typical
label_flip_10,classification/train/3/train_01146.png,QUARANTINE,0.7985,False,15 of 15 nearest neighbours have a different candidate label; cross-validated classifier assigns only 11% confidence to the candidate label
label_flip_10,classification/train/8/train_01151.png,QUARANTINE,0.8686,True,15 of 15 nearest neighbours have a different candidate label; cross-validated classifier assigns only 5% confidence to the candidate label
label_flip_10,classification/train/8/train_01161.png,QUARANTINE,0.9951,True,15 of 15 nearest neighbours have a different candidate label; cross-validated classifier assigns only 1% confidence to the candidate label; embedding is 3.8 standard deviations farther from its candidate-class centroid than typical
label_flip_10,classification/train/8/train_01167.png,QUARANTINE,0.9133,True,15 of 15 nearest neighbours have a different candidate label; cross-validated classifier assigns only 2% confidence to the candidate label; embedding is 1.8 standard deviations farther from its candidate-class centroid than typical
label_flip_10,classification/train/6/train_01217.png,QUARANTINE,0.9194,True,15 of 15 nearest neighbours have a different candidate label; cross-validated classifier assigns only 1% confidence to the candidate label; embedding is 1.9 standard deviations farther from its candidate-class centroid than typical
label_flip_10,classification/train/9/train_01225.png,QUARANTINE,0.9691,True,14 of 15 nearest neighbours have a different candidate label; cross-validated classifier assigns only 1% confidence to the candidate label; embedding is 3.4 standard deviations farther from its candidate-class centroid than typical
label_flip_10,classification/train/0/train_01237.png,QUARANTINE,0.9343,True,15 of 15 nearest neighbours have a different candidate label; cross-validated classifier assigns only 2% confidence to the candidate label; embedding is 2.1 standard deviations farther from its candidate-class centroid than typical
label_flip_10,classification/train/8/train_01253.png,QUARANTINE,0.9211,True,15 of 15 nearest neighbours have a different candidate label; cross-validated classifier assigns only 2% confidence to the candidate label; embedding is 1.9 standard deviations farther from its candidate-class centroid than typical
label_flip_10,classification/train/9/train_01260.png,QUARANTINE,0.918,True,15 of 15 nearest neighbours have a different candidate label; cross-validated classifier assigns only 6% confidence to the candidate label; embedding is 2.1 standard deviations farther from its candidate-class centroid than typical
label_flip_10,classification/train/8/train_01280.png,QUARANTINE,0.9382,True,13 of 15 nearest neighbours have a different candidate label; cross-validated classifier assigns only 2% confidence to the candidate label; embedding is 3.2 standard deviations farther from its candidate-class centroid than typical
label_flip_10,classification/train/4/train_01286.png,QUARANTINE,0.8225,True,14 of 15 nearest neighbours have a different candidate label; cross-validated classifier assigns only 2% confidence to the candidate label
label_flip_10,classification/train/2/train_01304.png,QUARANTINE,0.9937,True,15 of 15 nearest neighbours have a different candidate label; cross-validated classifier assigns only 2% confidence to the candidate label; embedding is 3.7 standard deviations farther from its candidate-class centroid than typical
label_flip_10,classification/train/2/train_01320.png,QUARANTINE,0.9422,True,14 of 15 nearest neighbours have a different candidate label; cross-validated classifier assigns only 2% confidence to the candidate label; embedding is 2.6 standard deviations farther from its candidate-class centroid than typical
label_flip_10,classification/train/3/train_01329.png,QUARANTINE,0.927,True,15 of 15 nearest neighbours have a different candidate label; cross-validated classifier assigns only 1% confidence to the candidate label; embedding is 2.0 standard deviations farther from its candidate-class centroid than typical
label_flip_10,classification/train/0/train_01332.png,QUARANTINE,0.984,True,15 of 15 nearest neighbours have a different candidate label; cross-validated classifier assigns only 1% confidence to the candidate label; embedding is 2.8 standard deviations farther from its candidate-class centroid than typical
label_flip_10,classification/train/3/train_01374.png,QUARANTINE,0.9748,True,15 of 15 nearest neighbours have a different candidate label; cross-validated classifier assigns only 1% confidence to the candidate label; embedding is 2.7 standard deviations farther from its candidate-class centroid than typical
label_flip_10,classification/train/4/train_01395.png,QUARANTINE,0.8775,True,15 of 15 nearest neighbours have a different candidate label; cross-validated classifier assigns only 3% confidence to the candidate label
label_flip_10,classification/train/5/train_01401.png,QUARANTINE,0.852,True,14 of 15 nearest neighbours have a different candidate label; cross-validated classifier assigns only 2% confidence to the candidate label
label_flip_10,classification/train/5/train_01406.png,QUARANTINE,0.8926,True,14 of 15 nearest neighbours have a different candidate label; cross-validated classifier assigns only 1% confidence to the candidate label; embedding is 1.9 standard deviations farther from its candidate-class centroid than typical
label_flip_10,classification/train/6/train_01417.png,QUARANTINE,0.9338,True,15 of 15 nearest neighbours have a different candidate label; cross-validated classifier assigns only 1% confidence to the candidate label; embedding is 2.1 standard deviations farther from its candidate-class centroid than typical
label_flip_10,classification/train/7/train_01424.png,QUARANTINE,0.9058,True,15 of 15 nearest neighbours have a different candidate label; cross-validated classifier assigns only 2% confidence to the candidate label; embedding is 1.7 standard deviations farther from its candidate-class centroid than typical
label_flip_10,classification/train/1/train_01427.png,REVIEW,0.6559,False,12 of 15 nearest neighbours have a different candidate label
label_flip_10,classification/train/7/train_01440.png,QUARANTINE,0.8942,True,14 of 15 nearest neighbours have a different candidate label; cross-validated classifier assigns only 1% confidence to the candidate label; embedding is 1.9 standard deviations farther from its candidate-class centroid than typical
label_flip_10,classification/train/9/train_01441.png,QUARANTINE,0.9923,True,15 of 15 nearest neighbours have a different candidate label; cross-validated classifier assigns only 2% confidence to the candidate label; embedding is 3.1 standard deviations farther from its candidate-class centroid than typical
label_flip_10,classification/train/0/train_01451.png,QUARANTINE,0.9976,True,15 of 15 nearest neighbours have a different candidate label; cross-validated classifier assigns only 1% confidence to the candidate label; embedding is 3.6 standard deviations farther from its candidate-class centroid than typical
label_flip_10,classification/train/5/train_01460.png,QUARANTINE,0.931,True,14 of 15 nearest neighbours have a different candidate label; cross-validated classifier assigns only 1% confidence to the candidate label; embedding is 2.4 standard deviations farther from its candidate-class centroid than typical
label_flip_10,classification/train/5/train_01472.png,QUARANTINE,0.9297,True,15 of 15 nearest neighbours have a different candidate label; cross-validated classifier assigns only 1% confidence to the candidate label; embedding is 2.0 standard deviations farther from its candidate-class centroid than typical
label_flip_10,classification/train/1/train_01500.png,QUARANTINE,0.9499,True,15 of 15 nearest neighbours have a different candidate label; cross-validated classifier assigns only 1% confidence to the candidate label; embedding is 2.3 standard deviations farther from its candidate-class centroid than typical
label_flip_10,classification/train/1/train_01520.png,QUARANTINE,0.909,True,15 of 15 nearest neighbours have a different candidate label; cross-validated classifier assigns only 2% confidence to the candidate label; embedding is 1.8 standard deviations farther from its candidate-class centroid than typical
label_flip_10,classification/train/5/train_01547.png,QUARANTINE,0.9487,True,15 of 15 nearest neighbours have a different candidate label; cross-validated classifier assigns only 3% confidence to the candidate label; embedding is 2.4 standard deviations farther from its candidate-class centroid than typical
label_flip_10,classification/train/0/train_01564.png,QUARANTINE,0.9914,True,15 of 15 nearest neighbours have a different candidate label; cross-validated classifier assigns only 1% confidence to the candidate label; embedding is 2.9 standard deviations farther from its candidate-class centroid than typical
label_flip_10,classification/train/5/train_01565.png,QUARANTINE,0.9411,True,14 of 15 nearest neighbours have a different candidate label; cross-validated classifier assigns only 3% confidence to the candidate label; embedding is 2.7 standard deviations farther from its candidate-class centroid than typical
label_flip_10,classification/train/4/train_01575.png,QUARANTINE,0.8815,True,15 of 15 nearest neighbours have a different candidate label; cross-validated classifier assigns only 1% confidence to the candidate label
label_flip_10,classification/train/8/train_01592.png,QUARANTINE,0.7961,True,15 of 15 nearest neighbours have a different candidate label; cross-validated classifier assigns only 4% confidence to the candidate label
label_flip_10,classification/train/2/train_01599.png,REVIEW,0.6648,False,10 of 15 nearest neighbours have a different candidate label; embedding is 2.5 standard deviations farther from its candidate-class centroid than typical
label_flip_10,classification/train/0/train_01608.png,QUARANTINE,0.9263,True,15 of 15 nearest neighbours have a different candidate label; cross-validated classifier assigns only 2% confidence to the candidate label; embedding is 2.0 standard deviations farther from its candidate-class centroid than typical
label_flip_10,classification/train/2/train_01611.png,QUARANTINE,0.9096,True,15 of 15 nearest neighbours have a different candidate label; cross-validated classifier assigns only 3% confidence to the candidate label; embedding is 1.8 standard deviations farther from its candidate-class centroid than typical
label_flip_10,classification/train/9/train_01612.png,QUARANTINE,0.8349,True,14 of 15 nearest neighbours have a different candidate label; cross-validated classifier assigns only 2% confidence to the candidate label
label_flip_10,classification/train/3/train_01633.png,QUARANTINE,0.9708,True,14 of 15 nearest neighbours have a different candidate label; cross-validated classifier assigns only 1% confidence to the candidate label; embedding is 3.0 standard deviations farther from its candidate-class centroid than typical
label_flip_10,classification/train/3/train_01654.png,REVIEW,0.6653,False,14 of 15 nearest neighbours have a different candidate label; cross-validated classifier assigns only 27% confidence to the candidate label
label_flip_10,classification/train/9/train_01657.png,QUARANTINE,0.8277,True,14 of 15 nearest neighbours have a different candidate label; cross-validated classifier assigns only 3% confidence to the candidate label
label_flip_10,classification/train/6/train_01670.png,QUARANTINE,0.8352,True,15 of 15 nearest neighbours have a different candidate label; cross-validated classifier assigns only 2% confidence to the candidate label
label_flip_10,classification/train/3/train_01685.png,QUARANTINE,0.9239,True,14 of 15 nearest neighbours have a different candidate label; cross-validated classifier assigns only 1% confidence to the candidate label; embedding is 2.3 standard deviations farther from its candidate-class centroid than typical
label_flip_10,classification/train/8/train_01705.png,QUARANTINE,0.8416,True,15 of 15 nearest neighbours have a different candidate label; cross-validated classifier assigns only 7% confidence to the candidate label
label_flip_10,classification/train/7/train_01726.png,QUARANTINE,0.9099,True,15 of 15 nearest neighbours have a different candidate label; cross-validated classifier assigns only 1% confidence to the candidate label; embedding is 1.7 standard deviations farther from its candidate-class centroid than typical
label_flip_10,classification/train/3/train_01744.png,QUARANTINE,0.9422,True,15 of 15 nearest neighbours have a different candidate label; cross-validated classifier assigns only 1% confidence to the candidate label; embedding is 2.2 standard deviations farther from its candidate-class centroid than typical
label_flip_10,classification/train/4/train_01750.png,QUARANTINE,0.8671,True,15 of 15 nearest neighbours have a different candidate label; cross-validated classifier assigns only 1% confidence to the candidate label
label_flip_10,classification/train/0/train_01754.png,QUARANTINE,0.8651,True,15 of 15 nearest neighbours have a different candidate label; cross-validated classifier assigns only 1% confidence to the candidate label
label_flip_10,classification/train/6/train_01773.png,QUARANTINE,0.9551,True,15 of 15 nearest neighbours have a different candidate label; cross-validated classifier assigns only 1% confidence to the candidate label; embedding is 2.4 standard deviations farther from its candidate-class centroid than typical
label_flip_10,classification/train/3/train_01774.png,QUARANTINE,0.9189,True,15 of 15 nearest neighbours have a different candidate label; cross-validated classifier assigns only 2% confidence to the candidate label; embedding is 1.9 standard deviations farther from its candidate-class centroid than typical
label_flip_10,classification/train/2/train_01794.png,QUARANTINE,0.9283,True,15 of 15 nearest neighbours have a different candidate label; cross-validated classifier assigns only 3% confidence to the candidate label; embedding is 2.1 standard deviations farther from its candidate-class centroid than typical
label_flip_10,classification/train/7/train_01804.png,QUARANTINE,0.9528,True,15 of 15 nearest neighbours have a different candidate label; cross-validated classifier assigns only 2% confidence to the candidate label; embedding is 2.4 standard deviations farther from its candidate-class centroid than typical
label_flip_10,classification/train/6/train_01806.png,QUARANTINE,0.9953,True,15 of 15 nearest neighbours have a different candidate label; cross-validated classifier assigns only 1% confidence to the candidate label; embedding is 3.2 standard deviations farther from its candidate-class centroid than typical
label_flip_10,classification/train/7/train_01829.png,QUARANTINE,0.9096,True,15 of 15 nearest neighbours have a different candidate label; cross-validated classifier assigns only 2% confidence to the candidate label; embedding is 1.8 standard deviations farther from its candidate-class centroid than typical
label_flip_10,classification/train/9/train_01831.png,QUARANTINE,0.9336,True,15 of 15 nearest neighbours have a different candidate label; cross-validated classifier assigns only 3% confidence to the candidate label; embedding is 2.2 standard deviations farther from its candidate-class centroid than typical
label_flip_10,classification/train/1/train_01836.png,QUARANTINE,0.7904,False,12 of 15 nearest neighbours have a different candidate label; cross-validated classifier assigns only 19% confidence to the candidate label; embedding is 2.2 standard deviations farther from its candidate-class centroid than typical
label_flip_10,classification/train/8/train_01846.png,QUARANTINE,0.9816,True,15 of 15 nearest neighbours have a different candidate label; cross-validated classifier assigns only 1% confidence to the candidate label; embedding is 2.8 standard deviations farther from its candidate-class centroid than typical
label_flip_10,classification/train/8/train_01879.png,QUARANTINE,0.8917,True,15 of 15 nearest neighbours have a different candidate label; cross-validated classifier assigns only 5% confidence to the candidate label; embedding is 1.7 standard deviations farther from its candidate-class centroid than typical
label_flip_10,classification/train/3/train_01882.png,QUARANTINE,0.9361,True,15 of 15 nearest neighbours have a different candidate label; cross-validated classifier assigns only 2% confidence to the candidate label; embedding is 2.1 standard deviations farther from its candidate-class centroid than typical
label_flip_10,classification/train/0/train_01884.png,QUARANTINE,0.9284,True,14 of 15 nearest neighbours have a different candidate label; cross-validated classifier assigns only 5% confidence to the candidate label; embedding is 2.6 standard deviations farther from its candidate-class centroid than typical
label_flip_10,classification/train/5/train_01907.png,QUARANTINE,0.9371,True,15 of 15 nearest neighbours have a different candidate label; cross-validated classifier assigns only 2% confidence to the candidate label; embedding is 2.2 standard deviations farther from its candidate-class centroid than typical
label_flip_10,classification/train/3/train_01917.png,REVIEW,0.6536,False,12 of 15 nearest neighbours have a different candidate label; cross-validated classifier assigns only 28% confidence to the candidate label
label_flip_10,classification/train/3/train_01924.png,QUARANTINE,0.909,True,14 of 15 nearest neighbours have a different candidate label; cross-validated classifier assigns only 3% confidence to the candidate label; embedding is 2.2 standard deviations farther from its candidate-class centroid than typical
label_flip_10,classification/train/8/train_01929.png,QUARANTINE,0.8637,True,15 of 15 nearest neighbours have a different candidate label; cross-validated classifier assigns only 12% confidence to the candidate label; embedding is 1.7 standard deviations farther from its candidate-class centroid than typical
label_flip_10,classification/train/4/train_01930.png,QUARANTINE,0.954,True,15 of 15 nearest neighbours have a different candidate label; cross-validated classifier assigns only 1% confidence to the candidate label; embedding is 2.4 standard deviations farther from its candidate-class centroid than typical
label_flip_10,classification/train/7/train_01942.png,QUARANTINE,0.7562,False,14 of 15 nearest neighbours have a different candidate label; cross-validated classifier assigns only 16% confidence to the candidate label
label_flip_10,classification/train/7/train_01945.png,QUARANTINE,0.8246,False,14 of 15 nearest neighbours have a different candidate label; cross-validated classifier assigns only 17% confidence to the candidate label; embedding is 1.8 standard deviations farther from its candidate-class centroid than typical
label_flip_10,classification/train/4/train_01952.png,QUARANTINE,0.8223,True,15 of 15 nearest neighbours have a different candidate label; cross-validated classifier assigns only 3% confidence to the candidate label
label_flip_10,classification/train/4/train_01959.png,QUARANTINE,0.8421,True,14 of 15 nearest neighbours have a different candidate label; cross-validated classifier assigns only 12% confidence to the candidate label; embedding is 1.7 standard deviations farther from its candidate-class centroid than typical
label_flip_10,classification/train/8/train_01970.png,QUARANTINE,0.8777,True,15 of 15 nearest neighbours have a different candidate label; cross-validated classifier assigns only 3% confidence to the candidate label
label_flip_10,classification/train/6/train_01993.png,QUARANTINE,0.9301,True,15 of 15 nearest neighbours have a different candidate label; cross-validated classifier assigns only 2% confidence to the candidate label; embedding is 2.1 standard deviations farther from its candidate-class centroid than typical
label_flip_10,classification/train/5/train_02006.png,QUARANTINE,0.9332,True,14 of 15 nearest neighbours have a different candidate label; cross-validated classifier assigns only 2% confidence to the candidate label; embedding is 2.5 standard deviations farther from its candidate-class centroid than typical
label_flip_10,classification/train/8/train_02021.png,QUARANTINE,0.8685,True,15 of 15 nearest neighbours have a different candidate label; cross-validated classifier assigns only 5% confidence to the candidate label
label_flip_10,classification/train/2/train_02035.png,QUARANTINE,0.9113,True,14 of 15 nearest neighbours have a different candidate label; cross-validated classifier assigns only 5% confidence to the candidate label; embedding is 2.3 standard deviations farther from its candidate-class centroid than typical
label_flip_10,classification/train/0/train_02040.png,QUARANTINE,0.9757,True,15 of 15 nearest neighbours have a different candidate label; cross-validated classifier assigns only 2% confidence to the candidate label; embedding is 2.7 standard deviations farther from its candidate-class centroid than typical
label_flip_10,classification/train/4/train_02046.png,QUARANTINE,0.9092,True,15 of 15 nearest neighbours have a different candidate label; cross-validated classifier assigns only 1% confidence to the candidate label; embedding is 1.7 standard deviations farther from its candidate-class centroid than typical
label_flip_10,classification/train/5/train_02058.png,QUARANTINE,0.8926,True,15 of 15 nearest neighbours have a different candidate label; cross-validated classifier assigns only 3% confidence to the candidate label; embedding is 1.6 standard deviations farther from its candidate-class centroid than typical
label_flip_10,classification/train/5/train_02065.png,QUARANTINE,0.921,True,15 of 15 nearest neighbours have a different candidate label; cross-validated classifier assigns only 2% confidence to the candidate label; embedding is 2.0 standard deviations farther from its candidate-class centroid than typical
label_flip_10,classification/train/2/train_02077.png,QUARANTINE,0.9411,True,15 of 15 nearest neighbours have a different candidate label; cross-validated classifier assigns only 2% confidence to the candidate label; embedding is 2.2 standard deviations farther from its candidate-class centroid than typical
label_flip_10,classification/train/0/train_02079.png,QUARANTINE,0.9609,True,15 of 15 nearest neighbours have a different candidate label; cross-validated classifier assigns only 1% confidence to the candidate label; embedding is 2.5 standard deviations farther from its candidate-class centroid than typical
label_flip_10,classification/train/9/train_02080.png,QUARANTINE,0.9941,True,15 of 15 nearest neighbours have a different candidate label; cross-validated classifier assigns only 1% confidence to the candidate label; embedding is 3.2 standard deviations farther from its candidate-class centroid than typical
label_flip_10,classification/train/2/train_02106.png,QUARANTINE,0.9751,True,15 of 15 nearest neighbours have a different candidate label; cross-validated classifier assigns only 1% confidence to the candidate label; embedding is 2.7 standard deviations farther from its candidate-class centroid than typical
label_flip_10,classification/train/5/train_02109.png,QUARANTINE,0.9736,True,15 of 15 nearest neighbours have a different candidate label; cross-validated classifier assigns only 2% confidence to the candidate label; embedding is 2.7 standard deviations farther from its candidate-class centroid than typical
label_flip_10,classification/train/5/train_02112.png,QUARANTINE,0.9372,True,15 of 15 nearest neighbours have a different candidate label; cross-validated classifier assigns only 2% confidence to the candidate label; embedding is 2.2 standard deviations farther from its candidate-class centroid than typical
label_flip_10,classification/train/4/train_02125.png,QUARANTINE,0.9,True,14 of 15 nearest neighbours have a different candidate label; cross-validated classifier assigns only 1% confidence to the candidate label; embedding is 2.0 standard deviations farther from its candidate-class centroid than typical
label_flip_10,classification/train/2/train_02129.png,QUARANTINE,0.9688,True,14 of 15 nearest neighbours have a different candidate label; cross-validated classifier assigns only 1% confidence to the candidate label; embedding is 3.1 standard deviations farther from its candidate-class centroid than typical
label_flip_10,classification/train/0/train_02132.png,QUARANTINE,0.8831,True,15 of 15 nearest neighbours have a different candidate label; cross-validated classifier assigns only 3% confidence to the candidate label
label_flip_10,classification/train/2/train_02133.png,QUARANTINE,0.9954,True,15 of 15 nearest neighbours have a different candidate label; cross-validated classifier assigns only 1% confidence to the candidate label; embedding is 3.7 standard deviations farther from its candidate-class centroid than typical
label_flip_10,classification/train/9/train_02145.png,QUARANTINE,0.854,True,14 of 15 nearest neighbours have a different candidate label; cross-validated classifier assigns only 2% confidence to the candidate label
label_flip_10,classification/train/9/train_02167.png,QUARANTINE,0.9203,True,15 of 15 nearest neighbours have a different candidate label; cross-validated classifier assigns only 3% confidence to the candidate label; embedding is 2.0 standard deviations farther from its candidate-class centroid than typical
label_flip_10,classification/train/3/train_02174.png,QUARANTINE,0.8829,True,15 of 15 nearest neighbours have a different candidate label; cross-validated classifier assigns only 1% confidence to the candidate label
label_flip_10,classification/train/4/train_02178.png,QUARANTINE,0.9171,True,15 of 15 nearest neighbours have a different candidate label; cross-validated classifier assigns only 1% confidence to the candidate label; embedding is 1.8 standard deviations farther from its candidate-class centroid than typical
label_flip_10,classification/train/3/train_02186.png,QUARANTINE,0.9443,True,14 of 15 nearest neighbours have a different candidate label; cross-validated classifier assigns only 1% confidence to the candidate label; embedding is 2.6 standard deviations farther from its candidate-class centroid than typical
label_flip_10,classification/train/3/train_02205.png,QUARANTINE,0.8748,True,14 of 15 nearest neighbours have a different candidate label; cross-validated classifier assigns only 4% confidence to the candidate label; embedding is 1.7 standard deviations farther from its candidate-class centroid than typical
label_flip_10,classification/train/2/train_02208.png,QUARANTINE,0.9693,True,14 of 15 nearest neighbours have a different candidate label; cross-validated classifier assigns only 1% confidence to the candidate label; embedding is 3.5 standard deviations farther from its candidate-class centroid than typical
label_flip_10,classification/train/3/train_02250.png,REVIEW,0.7081,False,14 of 15 nearest neighbours have a different candidate label; cross-validated classifier assigns only 18% confidence to the candidate label
label_flip_10,classification/train/1/train_02265.png,QUARANTINE,0.9744,True,15 of 15 nearest neighbours have a different candidate label; cross-validated classifier assigns only 1% confidence to the candidate label; embedding is 2.7 standard deviations farther from its candidate-class centroid than typical
label_flip_10,classification/train/5/train_02278.png,QUARANTINE,0.7832,False,14 of 15 nearest neighbours have a different candidate label; cross-validated classifier assigns only 13% confidence to the candidate label
label_flip_10,classification/train/2/train_02279.png,QUARANTINE,0.9919,True,15 of 15 nearest neighbours have a different candidate label; cross-validated classifier assigns only 2% confidence to the candidate label; embedding is 3.1 standard deviations farther from its candidate-class centroid than typical
label_flip_10,classification/train/0/train_02281.png,QUARANTINE,0.8796,True,15 of 15 nearest neighbours have a different candidate label; cross-validated classifier assigns only 3% confidence to the candidate label
label_flip_10,classification/train/2/train_02292.png,QUARANTINE,0.9785,True,15 of 15 nearest neighbours have a different candidate label; cross-validated classifier assigns only 2% confidence to the candidate label; embedding is 2.8 standard deviations farther from its candidate-class centroid than typical
label_flip_10,classification/train/4/train_02338.png,QUARANTINE,0.7956,True,15 of 15 nearest neighbours have a different candidate label; cross-validated classifier assigns only 5% confidence to the candidate label
label_flip_10,classification/train/3/train_02342.png,REVIEW,0.6392,False,13 of 15 nearest neighbours have a different candidate label; cross-validated classifier assigns only 27% confidence to the candidate label
label_flip_10,classification/train/0/train_02345.png,QUARANTINE,0.9504,True,15 of 15 nearest neighbours have a different candidate label; cross-validated classifier assigns only 2% confidence to the candidate label; embedding is 2.4 standard deviations farther from its candidate-class centroid than typical
label_flip_10,classification/train/3/train_02349.png,QUARANTINE,0.9287,True,15 of 15 nearest neighbours have a different candidate label; cross-validated classifier assigns only 1% confidence to the candidate label; embedding is 2.0 standard deviations farther from its candidate-class centroid than typical
label_flip_10,classification/train/8/train_02407.png,QUARANTINE,0.9957,True,15 of 15 nearest neighbours have a different candidate label; cross-validated classifier assigns only 1% confidence to the candidate label; embedding is 3.1 standard deviations farther from its candidate-class centroid than typical
label_flip_10,classification/train/5/train_02415.png,QUARANTINE,0.9074,True,15 of 15 nearest neighbours have a different candidate label; cross-validated classifier assigns only 2% confidence to the candidate label; embedding is 1.8 standard deviations farther from its candidate-class centroid than typical
label_flip_10,classification/train/9/train_02430.png,QUARANTINE,0.9434,True,15 of 15 nearest neighbours have a different candidate label; cross-validated classifier assigns only 3% confidence to the candidate label; embedding is 2.3 standard deviations farther from its candidate-class centroid than typical
label_flip_10,classification/train/0/train_02449.png,QUARANTINE,0.8816,True,14 of 15 nearest neighbours have a different candidate label; cross-validated classifier assigns only 3% confidence to the candidate label; embedding is 1.8 standard deviations farther from its candidate-class centroid than typical
label_flip_10,classification/train/5/train_02464.png,QUARANTINE,0.8057,True,15 of 15 nearest neighbours have a different candidate label; cross-validated classifier assigns only 4% confidence to the candidate label
label_flip_10,classification/train/8/train_02492.png,QUARANTINE,0.9968,True,15 of 15 nearest neighbours have a different candidate label; cross-validated classifier assigns only 1% confidence to the candidate label; embedding is 3.3 standard deviations farther from its candidate-class centroid than typical
label_flip_10,classification/train/0/train_02496.png,QUARANTINE,0.9408,True,15 of 15 nearest neighbours have a different candidate label; cross-validated classifier assigns only 1% confidence to the candidate label; embedding is 2.2 standard deviations farther from its candidate-class centroid than typical
label_flip_10,classification/train/2/train_02500.png,QUARANTINE,0.9708,True,15 of 15 nearest neighbours have a different candidate label; cross-validated classifier assigns only 3% confidence to the candidate label; embedding is 2.8 standard deviations farther from its candidate-class centroid than typical
label_flip_10,classification/train/9/train_02506.png,QUARANTINE,0.9429,True,15 of 15 nearest neighbours have a different candidate label; cross-validated classifier assigns only 3% confidence to the candidate label; embedding is 2.3 standard deviations farther from its candidate-class centroid than typical
label_flip_10,classification/train/9/train_02515.png,QUARANTINE,0.9966,True,15 of 15 nearest neighbours have a different candidate label; cross-validated classifier assigns only 1% confidence to the candidate label; embedding is 3.5 standard deviations farther from its candidate-class centroid than typical
label_flip_10,classification/train/1/train_02540.png,QUARANTINE,0.8556,True,15 of 15 nearest neighbours have a different candidate label; cross-validated classifier assigns only 6% confidence to the candidate label
label_flip_10,classification/train/5/train_02553.png,QUARANTINE,0.9064,True,14 of 15 nearest neighbours have a different candidate label; cross-validated classifier assigns only 3% confidence to the candidate label; embedding is 2.2 standard deviations farther from its candidate-class centroid than typical
label_flip_10,classification/train/5/train_02555.png,QUARANTINE,0.8161,True,14 of 15 nearest neighbours have a different candidate label; cross-validated classifier assigns only 7% confidence to the candidate label
label_flip_10,classification/train/8/train_02566.png,QUARANTINE,0.8596,True,15 of 15 nearest neighbours have a different candidate label; cross-validated classifier assigns only 3% confidence to the candidate label
label_flip_10,classification/train/5/train_02604.png,REVIEW,0.6345,False,12 of 15 nearest neighbours have a different candidate label
label_flip_10,classification/train/9/train_02630.png,QUARANTINE,0.995,True,15 of 15 nearest neighbours have a different candidate label; cross-validated classifier assigns only 1% confidence to the candidate label; embedding is 3.4 standard deviations farther from its candidate-class centroid than typical
label_flip_10,classification/train/4/train_02632.png,QUARANTINE,0.8386,True,14 of 15 nearest neighbours have a different candidate label; cross-validated classifier assigns only 1% confidence to the candidate label
label_flip_10,classification/train/2/train_02645.png,REVIEW,0.7102,False,14 of 15 nearest neighbours have a different candidate label; cross-validated classifier assigns only 22% confidence to the candidate label
label_flip_10,classification/train/1/train_02659.png,REVIEW,0.7118,False,13 of 15 nearest neighbours have a different candidate label; cross-validated classifier assigns only 28% confidence to the candidate label
label_flip_10,classification/train/4/train_02689.png,QUARANTINE,0.8471,True,15 of 15 nearest neighbours have a different candidate label; cross-validated classifier assigns only 2% confidence to the candidate label
label_flip_10,classification/train/7/train_02693.png,QUARANTINE,0.9203,True,14 of 15 nearest neighbours have a different candidate label; cross-validated classifier assigns only 2% confidence to the candidate label; embedding is 2.3 standard deviations farther from its candidate-class centroid than typical
label_flip_10,classification/train/5/train_02699.png,QUARANTINE,0.9376,True,15 of 15 nearest neighbours have a different candidate label; cross-validated classifier assigns only 1% confidence to the candidate label; embedding is 2.1 standard deviations farther from its candidate-class centroid than typical
label_flip_10,classification/train/0/train_02719.png,QUARANTINE,0.9354,True,15 of 15 nearest neighbours have a different candidate label; cross-validated classifier assigns only 2% confidence to the candidate label; embedding is 2.1 standard deviations farther from its candidate-class centroid than typical
label_flip_10,classification/train/3/train_02726.png,QUARANTINE,0.9099,True,15 of 15 nearest neighbours have a different candidate label; cross-validated classifier assigns only 3% confidence to the candidate label; embedding is 1.8 standard deviations farther from its candidate-class centroid than typical
label_flip_10,classification/train/1/train_02729.png,QUARANTINE,0.9652,True,15 of 15 nearest neighbours have a different candidate label; cross-validated classifier assigns only 1% confidence to the candidate label; embedding is 2.5 standard deviations farther from its candidate-class centroid than typical
label_flip_10,classification/train/4/train_02734.png,QUARANTINE,0.8394,True,15 of 15 nearest neighbours have a different candidate label; cross-validated classifier assigns only 4% confidence to the candidate label
label_flip_10,classification/train/4/train_02737.png,QUARANTINE,0.944,True,15 of 15 nearest neighbours have a different candidate label; cross-validated classifier assigns only 1% confidence to the candidate label; embedding is 2.2 standard deviations farther from its candidate-class centroid than typical
label_flip_10,classification/train/5/train_02751.png,QUARANTINE,0.8541,True,14 of 15 nearest neighbours have a different candidate label; cross-validated classifier assigns only 3% confidence to the candidate label
label_flip_10,classification/train/4/train_02782.png,QUARANTINE,0.9211,True,15 of 15 nearest neighbours have a different candidate label; cross-validated classifier assigns only 3% confidence to the candidate label; embedding is 2.0 standard deviations farther from its candidate-class centroid than typical
label_flip_10,classification/train/2/train_02784.png,QUARANTINE,0.9881,True,15 of 15 nearest neighbours have a different candidate label; cross-validated classifier assigns only 3% confidence to the candidate label; embedding is 3.5 standard deviations farther from its candidate-class centroid than typical
label_flip_10,classification/train/6/train_02816.png,QUARANTINE,0.9297,True,15 of 15 nearest neighbours have a different candidate label; cross-validated classifier assigns only 2% confidence to the candidate label; embedding is 2.0 standard deviations farther from its candidate-class centroid than typical
label_flip_10,classification/train/0/train_02817.png,QUARANTINE,0.9442,True,14 of 15 nearest neighbours have a different candidate label; cross-validated classifier assigns only 2% confidence to the candidate label; embedding is 2.7 standard deviations farther from its candidate-class centroid than typical
label_flip_10,classification/train/6/train_02821.png,QUARANTINE,0.8802,True,15 of 15 nearest neighbours have a different candidate label; cross-validated classifier assigns only 1% confidence to the candidate label
label_flip_10,classification/train/5/train_02823.png,QUARANTINE,0.9633,True,15 of 15 nearest neighbours have a different candidate label; cross-validated classifier assigns only 2% confidence to the candidate label; embedding is 2.5 standard deviations farther from its candidate-class centroid than typical
label_flip_10,classification/train/1/train_02826.png,QUARANTINE,0.839,True,15 of 15 nearest neighbours have a different candidate label; cross-validated classifier assigns only 8% confidence to the candidate label
label_flip_10,classification/train/6/train_02843.png,QUARANTINE,0.8882,True,15 of 15 nearest neighbours have a different candidate label; cross-validated classifier assigns only 2% confidence to the candidate label
label_flip_10,classification/train/4/train_02853.png,QUARANTINE,0.8061,True,15 of 15 nearest neighbours have a different candidate label; cross-validated classifier assigns only 5% confidence to the candidate label
label_flip_10,classification/train/4/train_02854.png,QUARANTINE,0.8602,True,15 of 15 nearest neighbours have a different candidate label; cross-validated classifier assigns only 4% confidence to the candidate label
label_flip_10,classification/train/9/train_02887.png,QUARANTINE,0.9512,True,14 of 15 nearest neighbours have a different candidate label; cross-validated classifier assigns only 1% confidence to the candidate label; embedding is 2.7 standard deviations farther from its candidate-class centroid than typical
label_flip_10,classification/train/4/train_02894.png,QUARANTINE,0.8392,True,15 of 15 nearest neighbours have a different candidate label; cross-validated classifier assigns only 2% confidence to the candidate label
label_flip_10,classification/train/5/train_02922.png,QUARANTINE,0.8197,True,15 of 15 nearest neighbours have a different candidate label; cross-validated classifier assigns only 4% confidence to the candidate label
label_flip_10,classification/train/4/train_02923.png,QUARANTINE,0.9042,True,15 of 15 nearest neighbours have a different candidate label; cross-validated classifier assigns only 2% confidence to the candidate label; embedding is 1.7 standard deviations farther from its candidate-class centroid than typical
label_flip_10,classification/train/9/train_02942.png,QUARANTINE,0.9587,True,15 of 15 nearest neighbours have a different candidate label; cross-validated classifier assigns only 3% confidence to the candidate label; embedding is 2.6 standard deviations farther from its candidate-class centroid than typical
label_flip_10,classification/train/8/train_02943.png,QUARANTINE,0.918,True,15 of 15 nearest neighbours have a different candidate label; cross-validated classifier assigns only 2% confidence to the candidate label; embedding is 1.9 standard deviations farther from its candidate-class centroid than typical
label_flip_10,classification/train/1/train_02962.png,QUARANTINE,0.8934,True,14 of 15 nearest neighbours have a different candidate label; cross-validated classifier assigns only 4% confidence to the candidate label; embedding is 2.1 standard deviations farther from its candidate-class centroid than typical
label_flip_10,classification/train/1/train_02965.png,QUARANTINE,0.8962,True,15 of 15 nearest neighbours have a different candidate label; cross-validated classifier assigns only 2% confidence to the candidate label; embedding is 1.6 standard deviations farther from its candidate-class centroid than typical
label_flip_10,classification/train/2/train_02975.png,QUARANTINE,0.9954,True,15 of 15 nearest neighbours have a different candidate label; cross-validated classifier assigns only 1% confidence to the candidate label; embedding is 4.1 standard deviations farther from its candidate-class centroid than typical
label_flip_10,classification/train/8/train_02980.png,QUARANTINE,0.996,True,15 of 15 nearest neighbours have a different candidate label; cross-validated classifier assigns only 1% confidence to the candidate label; embedding is 3.1 standard deviations farther from its candidate-class centroid than typical
label_flip_10,classification/train/2/train_02981.png,QUARANTINE,0.9642,True,14 of 15 nearest neighbours have a different candidate label; cross-validated classifier assigns only 2% confidence to the candidate label; embedding is 4.1 standard deviations farther from its candidate-class centroid than typical
label_flip_10,classification/train/6/train_03000.png,QUARANTINE,0.9102,True,15 of 15 nearest neighbours have a different candidate label; cross-validated classifier assigns only 1% confidence to the candidate label; embedding is 1.7 standard deviations farther from its candidate-class centroid than typical
label_flip_10,classification/train/7/train_03013.png,QUARANTINE,0.9856,True,15 of 15 nearest neighbours have a different candidate label; cross-validated classifier assigns only 1% confidence to the candidate label; embedding is 2.9 standard deviations farther from its candidate-class centroid than typical
label_flip_10,classification/train/9/train_03048.png,QUARANTINE,0.998,True,15 of 15 nearest neighbours have a different candidate label; cross-validated classifier assigns only 1% confidence to the candidate label; embedding is 3.9 standard deviations farther from its candidate-class centroid than typical
label_flip_10,classification/train/4/train_03054.png,QUARANTINE,0.9195,True,15 of 15 nearest neighbours have a different candidate label; cross-validated classifier assigns only 1% confidence to the candidate label; embedding is 1.8 standard deviations farther from its candidate-class centroid than typical
label_flip_10,classification/train/9/train_03073.png,QUARANTINE,0.9585,True,15 of 15 nearest neighbours have a different candidate label; cross-validated classifier assigns only 1% confidence to the candidate label; embedding is 2.4 standard deviations farther from its candidate-class centroid than typical
label_flip_10,classification/train/8/train_03078.png,QUARANTINE,0.9963,True,15 of 15 nearest neighbours have a different candidate label; cross-validated classifier assigns only 1% confidence to the candidate label; embedding is 3.1 standard deviations farther from its candidate-class centroid than typical
label_flip_10,classification/train/6/train_03094.png,QUARANTINE,0.8608,True,15 of 15 nearest neighbours have a different candidate label; cross-validated classifier assigns only 5% confidence to the candidate label
label_flip_10,classification/train/1/train_03099.png,QUARANTINE,0.9198,True,15 of 15 nearest neighbours have a different candidate label; cross-validated classifier assigns only 3% confidence to the candidate label; embedding is 2.0 standard deviations farther from its candidate-class centroid than typical
label_flip_10,classification/train/2/train_03118.png,QUARANTINE,0.9899,True,15 of 15 nearest neighbours have a different candidate label; cross-validated classifier assigns only 3% confidence to the candidate label; embedding is 4.8 standard deviations farther from its candidate-class centroid than typical
label_flip_10,classification/train/4/train_03137.png,QUARANTINE,0.9219,True,14 of 15 nearest neighbours have a different candidate label; cross-validated classifier assigns only 2% confidence to the candidate label; embedding is 2.3 standard deviations farther from its candidate-class centroid than typical
label_flip_10,classification/train/3/train_03154.png,QUARANTINE,0.8843,False,15 of 15 nearest neighbours have a different candidate label; cross-validated classifier assigns only 3% confidence to the candidate label
label_flip_10,classification/train/6/train_03160.png,QUARANTINE,0.8781,True,15 of 15 nearest neighbours have a different candidate label; cross-validated classifier assigns only 2% confidence to the candidate label
label_flip_10,classification/train/6/train_03166.png,QUARANTINE,0.9237,True,15 of 15 nearest neighbours have a different candidate label; cross-validated classifier assigns only 1% confidence to the candidate label; embedding is 1.9 standard deviations farther from its candidate-class centroid than typical
label_flip_10,classification/train/3/train_03172.png,QUARANTINE,0.832,True,15 of 15 nearest neighbours have a different candidate label; cross-validated classifier assigns only 3% confidence to the candidate label
label_flip_10,classification/train/1/train_03176.png,QUARANTINE,0.971,True,15 of 15 nearest neighbours have a different candidate label; cross-validated classifier assigns only 1% confidence to the candidate label; embedding is 2.6 standard deviations farther from its candidate-class centroid than typical
label_flip_10,classification/train/0/train_03184.png,QUARANTINE,0.9682,True,15 of 15 nearest neighbours have a different candidate label; cross-validated classifier assigns only 2% confidence to the candidate label; embedding is 2.6 standard deviations farther from its candidate-class centroid than typical
label_flip_10,classification/train/5/train_03185.png,QUARANTINE,0.9605,True,15 of 15 nearest neighbours have a different candidate label; cross-validated classifier assigns only 1% confidence to the candidate label; embedding is 2.5 standard deviations farther from its candidate-class centroid than typical
label_flip_10,classification/train/6/train_03204.png,QUARANTINE,0.9713,True,15 of 15 nearest neighbours have a different candidate label; cross-validated classifier assigns only 1% confidence to the candidate label; embedding is 2.6 standard deviations farther from its candidate-class centroid than typical
label_flip_10,classification/train/6/train_03210.png,QUARANTINE,0.8438,True,15 of 15 nearest neighbours have a different candidate label; cross-validated classifier assigns only 3% confidence to the candidate label
label_flip_10,classification/train/3/train_03211.png,QUARANTINE,0.9041,True,15 of 15 nearest neighbours have a different candidate label; cross-validated classifier assigns only 2% confidence to the candidate label; embedding is 1.7 standard deviations farther from its candidate-class centroid than typical
label_flip_10,classification/train/8/train_03218.png,QUARANTINE,0.9825,True,15 of 15 nearest neighbours have a different candidate label; cross-validated classifier assigns only 1% confidence to the candidate label; embedding is 2.8 standard deviations farther from its candidate-class centroid than typical
label_flip_10,classification/train/5/train_03254.png,QUARANTINE,0.9264,True,14 of 15 nearest neighbours have a different candidate label; cross-validated classifier assigns only 4% confidence to the candidate label; embedding is 2.5 standard deviations farther from its candidate-class centroid than typical
label_flip_10,classification/train/5/train_03260.png,QUARANTINE,0.9066,True,15 of 15 nearest neighbours have a different candidate label; cross-validated classifier assigns only 1% confidence to the candidate label; embedding is 1.7 standard deviations farther from its candidate-class centroid than typical
label_flip_10,classification/train/2/train_03274.png,QUARANTINE,0.9957,True,15 of 15 nearest neighbours have a different candidate label; cross-validated classifier assigns only 1% confidence to the candidate label; embedding is 3.7 standard deviations farther from its candidate-class centroid than typical
label_flip_10,classification/train/9/train_03291.png,QUARANTINE,0.9656,True,15 of 15 nearest neighbours have a different candidate label; cross-validated classifier assigns only 2% confidence to the candidate label; embedding is 2.6 standard deviations farther from its candidate-class centroid than typical
label_flip_10,classification/train/7/train_03296.png,QUARANTINE,0.8851,True,15 of 15 nearest neighbours have a different candidate label; cross-validated classifier assigns only 2% confidence to the candidate label
label_flip_10,classification/train/5/train_03301.png,QUARANTINE,0.9274,True,14 of 15 nearest neighbours have a different candidate label; cross-validated classifier assigns only 2% confidence to the candidate label; embedding is 2.4 standard deviations farther from its candidate-class centroid than typical
label_flip_10,classification/train/9/train_03306.png,QUARANTINE,0.9848,True,15 of 15 nearest neighbours have a different candidate label; cross-validated classifier assigns only 1% confidence to the candidate label; embedding is 2.8 standard deviations farther from its candidate-class centroid than typical
label_flip_10,classification/train/6/train_03320.png,QUARANTINE,0.7827,False,14 of 15 nearest neighbours have a different candidate label; cross-validated classifier assigns only 9% confidence to the candidate label
label_flip_10,classification/train/7/train_03329.png,QUARANTINE,0.9484,True,15 of 15 nearest neighbours have a different candidate label; cross-validated classifier assigns only 1% confidence to the candidate label; embedding is 2.3 standard deviations farther from its candidate-class centroid than typical
label_flip_10,classification/train/6/train_03369.png,QUARANTINE,0.8643,True,15 of 15 nearest neighbours have a different candidate label; cross-validated classifier assigns only 2% confidence to the candidate label
label_flip_10,classification/train/1/train_03375.png,QUARANTINE,0.8463,True,14 of 15 nearest neighbours have a different candidate label; cross-validated classifier assigns only 6% confidence to the candidate label
label_flip_10,classification/train/1/train_03386.png,QUARANTINE,0.8364,True,15 of 15 nearest neighbours have a different candidate label; cross-validated classifier assigns only 7% confidence to the candidate label
label_flip_10,classification/train/9/train_03398.png,QUARANTINE,0.9954,True,15 of 15 nearest neighbours have a different candidate label; cross-validated classifier assigns only 1% confidence to the candidate label; embedding is 3.5 standard deviations farther from its candidate-class centroid than typical
label_flip_10,classification/train/6/train_03408.png,QUARANTINE,0.9899,True,15 of 15 nearest neighbours have a different candidate label; cross-validated classifier assigns only 3% confidence to the candidate label; embedding is 3.7 standard deviations farther from its candidate-class centroid than typical
label_flip_10,classification/train/2/train_03421.png,QUARANTINE,0.9323,True,15 of 15 nearest neighbours have a different candidate label; cross-validated classifier assigns only 2% confidence to the candidate label; embedding is 2.1 standard deviations farther from its candidate-class centroid than typical
label_flip_10,classification/train/4/train_03422.png,REVIEW,0.7133,True,14 of 15 nearest neighbours have a different candidate label; cross-validated classifier assigns only 15% confidence to the candidate label
label_flip_10,classification/train/7/train_03425.png,QUARANTINE,0.8329,True,14 of 15 nearest neighbours have a different candidate label; cross-validated classifier assigns only 2% confidence to the candidate label
label_flip_10,classification/train/0/train_03436.png,QUARANTINE,0.9249,True,15 of 15 nearest neighbours have a different candidate label; cross-validated classifier assigns only 2% confidence to the candidate label; embedding is 2.0 standard deviations farther from its candidate-class centroid than typical
label_flip_10,classification/train/9/train_03456.png,QUARANTINE,0.8619,True,15 of 15 nearest neighbours have a different candidate label; cross-validated classifier assigns only 1% confidence to the candidate label
label_flip_10,classification/train/3/train_03461.png,QUARANTINE,0.9225,True,14 of 15 nearest neighbours have a different candidate label; cross-validated classifier assigns only 2% confidence to the candidate label; embedding is 2.4 standard deviations farther from its candidate-class centroid than typical
label_flip_10,classification/train/9/train_03471.png,QUARANTINE,0.8953,True,15 of 15 nearest neighbours have a different candidate label; cross-validated classifier assigns only 2% confidence to the candidate label; embedding is 1.5 standard deviations farther from its candidate-class centroid than typical
label_flip_10,classification/train/1/train_03474.png,QUARANTINE,0.8596,True,15 of 15 nearest neighbours have a different candidate label; cross-validated classifier assigns only 4% confidence to the candidate label
label_flip_10,classification/train/0/train_03479.png,QUARANTINE,0.9676,True,14 of 15 nearest neighbours have a different candidate label; cross-validated classifier assigns only 1% confidence to the candidate label; embedding is 3.1 standard deviations farther from its candidate-class centroid than typical
label_flip_10,classification/train/2/train_03511.png,QUARANTINE,0.9963,True,15 of 15 nearest neighbours have a different candidate label; cross-validated classifier assigns only 1% confidence to the candidate label; embedding is 3.6 standard deviations farther from its candidate-class centroid than typical
label_flip_10,classification/train/6/train_03520.png,QUARANTINE,0.8956,True,15 of 15 nearest neighbours have a different candidate label; cross-validated classifier assigns only 2% confidence to the candidate label; embedding is 1.6 standard deviations farther from its candidate-class centroid than typical
label_flip_10,classification/train/2/train_03534.png,QUARANTINE,0.9695,True,14 of 15 nearest neighbours have a different candidate label; cross-validated classifier assigns only 1% confidence to the candidate label; embedding is 3.4 standard deviations farther from its candidate-class centroid than typical
label_flip_10,classification/train/2/train_03536.png,QUARANTINE,0.9952,True,15 of 15 nearest neighbours have a different candidate label; cross-validated classifier assigns only 1% confidence to the candidate label; embedding is 3.5 standard deviations farther from its candidate-class centroid than typical
label_flip_10,classification/train/8/train_03544.png,QUARANTINE,0.9561,True,15 of 15 nearest neighbours have a different candidate label; cross-validated classifier assigns only 1% confidence to the candidate label; embedding is 2.4 standard deviations farther from its candidate-class centroid than typical
label_flip_10,classification/train/1/train_03545.png,QUARANTINE,0.9309,True,15 of 15 nearest neighbours have a different candidate label; cross-validated classifier assigns only 7% confidence to the candidate label; embedding is 2.4 standard deviations farther from its candidate-class centroid than typical
label_flip_10,classification/train/6/train_03557.png,QUARANTINE,0.8391,True,15 of 15 nearest neighbours have a different candidate label; cross-validated classifier assigns only 8% confidence to the candidate label
label_flip_10,classification/train/7/train_03563.png,REVIEW,0.6981,False,10 of 15 nearest neighbours have a different candidate label; cross-validated classifier assigns only 15% confidence to the candidate label
label_flip_10,classification/train/5/train_03584.png,QUARANTINE,0.9471,True,15 of 15 nearest neighbours have a different candidate label; cross-validated classifier assigns only 1% confidence to the candidate label; embedding is 2.3 standard deviations farther from its candidate-class centroid than typical
label_flip_10,classification/train/7/train_03609.png,QUARANTINE,0.888,True,15 of 15 nearest neighbours have a different candidate label; cross-validated classifier assigns only 2% confidence to the candidate label
label_flip_10,classification/train/3/train_03626.png,QUARANTINE,0.8783,True,14 of 15 nearest neighbours have a different candidate label; cross-validated classifier assigns only 6% confidence to the candidate label; embedding is 1.9 standard deviations farther from its candidate-class centroid than typical
label_flip_10,classification/train/5/train_03631.png,REVIEW,0.6448,False,12 of 15 nearest neighbours have a different candidate label; cross-validated classifier assigns only 25% confidence to the candidate label
label_flip_10,classification/train/6/train_03644.png,QUARANTINE,0.9552,True,15 of 15 nearest neighbours have a different candidate label; cross-validated classifier assigns only 1% confidence to the candidate label; embedding is 2.4 standard deviations farther from its candidate-class centroid than typical
label_flip_10,classification/train/8/train_03647.png,QUARANTINE,0.756,True,14 of 15 nearest neighbours have a different candidate label; cross-validated classifier assigns only 12% confidence to the candidate label
label_flip_10,classification/train/9/train_03654.png,QUARANTINE,0.945,True,15 of 15 nearest neighbours have a different candidate label; cross-validated classifier assigns only 3% confidence to the candidate label; embedding is 2.4 standard deviations farther from its candidate-class centroid than typical
label_flip_10,classification/train/8/train_03661.png,QUARANTINE,0.8998,True,12 of 15 nearest neighbours have a different candidate label; cross-validated classifier assigns only 3% confidence to the candidate label; embedding is 2.9 standard deviations farther from its candidate-class centroid than typical
label_flip_10,classification/train/8/train_03663.png,QUARANTINE,0.8694,True,15 of 15 nearest neighbours have a different candidate label; cross-validated classifier assigns only 4% confidence to the candidate label
label_flip_10,classification/train/2/train_03674.png,QUARANTINE,0.8859,True,15 of 15 nearest neighbours have a different candidate label; cross-validated classifier assigns only 3% confidence to the candidate label
label_flip_10,classification/train/9/train_03714.png,QUARANTINE,0.9045,True,15 of 15 nearest neighbours have a different candidate label; cross-validated classifier assigns only 6% confidence to the candidate label; embedding is 1.9 standard deviations farther from its candidate-class centroid than typical
label_flip_10,classification/train/3/train_03715.png,QUARANTINE,0.7702,True,14 of 15 nearest neighbours have a different candidate label; cross-validated classifier assigns only 12% confidence to the candidate label
label_flip_10,classification/train/9/train_03733.png,QUARANTINE,0.8663,True,14 of 15 nearest neighbours have a different candidate label; cross-validated classifier assigns only 1% confidence to the candidate label
label_flip_10,classification/train/4/train_03740.png,QUARANTINE,0.9456,True,15 of 15 nearest neighbours have a different candidate label; cross-validated classifier assigns only 1% confidence to the candidate label; embedding is 2.2 standard deviations farther from its candidate-class centroid than typical
label_flip_10,classification/train/6/train_03764.png,QUARANTINE,0.8073,True,15 of 15 nearest neighbours have a different candidate label; cross-validated classifier assigns only 8% confidence to the candidate label
label_flip_10,classification/train/7/train_03799.png,REVIEW,0.7202,False,12 of 15 nearest neighbours have a different candidate label; cross-validated classifier assigns only 19% confidence to the candidate label
label_flip_10,classification/train/0/train_03822.png,QUARANTINE,0.9974,True,15 of 15 nearest neighbours have a different candidate label; cross-validated classifier assigns only 1% confidence to the candidate label; embedding is 3.2 standard deviations farther from its candidate-class centroid than typical
label_flip_10,classification/train/1/train_03834.png,QUARANTINE,0.9113,True,15 of 15 nearest neighbours have a different candidate label; cross-validated classifier assigns only 2% confidence to the candidate label; embedding is 1.8 standard deviations farther from its candidate-class centroid than typical
label_flip_10,classification/train/3/train_03867.png,QUARANTINE,0.9172,True,15 of 15 nearest neighbours have a different candidate label; cross-validated classifier assigns only 1% confidence to the candidate label; embedding is 1.8 standard deviations farther from its candidate-class centroid than typical
label_flip_10,classification/train/1/train_03868.png,QUARANTINE,0.9397,True,15 of 15 nearest neighbours have a different candidate label; cross-validated classifier assigns only 2% confidence to the candidate label; embedding is 2.2 standard deviations farther from its candidate-class centroid than typical
label_flip_10,classification/train/5/train_03870.png,QUARANTINE,0.943,True,14 of 15 nearest neighbours have a different candidate label; cross-validated classifier assigns only 2% confidence to the candidate label; embedding is 2.7 standard deviations farther from its candidate-class centroid than typical
label_flip_10,classification/train/3/train_03897.png,QUARANTINE,0.8541,True,14 of 15 nearest neighbours have a different candidate label; cross-validated classifier assigns only 4% confidence to the candidate label
label_flip_10,classification/train/8/train_03921.png,QUARANTINE,0.9958,True,15 of 15 nearest neighbours have a different candidate label; cross-validated classifier assigns only 1% confidence to the candidate label; embedding is 3.4 standard deviations farther from its candidate-class centroid than typical
label_flip_10,classification/train/9/train_03948.png,QUARANTINE,0.9828,True,15 of 15 nearest neighbours have a different candidate label; cross-validated classifier assigns only 1% confidence to the candidate label; embedding is 2.8 standard deviations farther from its candidate-class centroid than typical
label_flip_10,classification/train/7/train_03957.png,REVIEW,0.7076,False,12 of 15 nearest neighbours have a different candidate label; cross-validated classifier assigns only 25% confidence to the candidate label
label_flip_10,classification/train/8/train_03979.png,QUARANTINE,0.9694,True,14 of 15 nearest neighbours have a different candidate label; cross-validated classifier assigns only 1% confidence to the candidate label; embedding is 3.6 standard deviations farther from its candidate-class centroid than typical
label_flip_10,classification/train/9/train_03987.png,QUARANTINE,0.9957,True,15 of 15 nearest neighbours have a different candidate label; cross-validated classifier assigns only 1% confidence to the candidate label; embedding is 3.2 standard deviations farther from its candidate-class centroid than typical
label_flip_10,classification/train/3/train_03992.png,REVIEW,0.659,False,13 of 15 nearest neighbours have a different candidate label; cross-validated classifier assigns only 22% confidence to the candidate label
label_flip_10,classification/train/5/train_03993.png,REVIEW,0.6654,False,11 of 15 nearest neighbours have a different candidate label; embedding is 1.7 standard deviations farther from its candidate-class centroid than typical
label_flip_10,classification/train/1/train_04012.png,REVIEW,0.7163,False,15 of 15 nearest neighbours have a different candidate label; cross-validated classifier assigns only 25% confidence to the candidate label
label_flip_10,classification/train/0/train_04013.png,QUARANTINE,0.9564,True,14 of 15 nearest neighbours have a different candidate label; cross-validated classifier assigns only 1% confidence to the candidate label; embedding is 2.8 standard deviations farther from its candidate-class centroid than typical
label_flip_10,classification/train/5/train_04018.png,QUARANTINE,0.9926,True,15 of 15 nearest neighbours have a different candidate label; cross-validated classifier assigns only 2% confidence to the candidate label; embedding is 3.4 standard deviations farther from its candidate-class centroid than typical
label_flip_10,classification/train/2/train_04023.png,QUARANTINE,0.9939,True,15 of 15 nearest neighbours have a different candidate label; cross-validated classifier assigns only 2% confidence to the candidate label; embedding is 3.5 standard deviations farther from its candidate-class centroid than typical
label_flip_10,classification/train/8/train_04054.png,QUARANTINE,0.9304,True,13 of 15 nearest neighbours have a different candidate label; cross-validated classifier assigns only 2% confidence to the candidate label; embedding is 2.9 standard deviations farther from its candidate-class centroid than typical
label_flip_10,classification/train/9/train_04055.png,QUARANTINE,0.8875,True,15 of 15 nearest neighbours have a different candidate label; cross-validated classifier assigns only 2% confidence to the candidate label
label_flip_10,classification/train/9/train_04056.png,QUARANTINE,0.9552,True,15 of 15 nearest neighbours have a different candidate label; cross-validated classifier assigns only 5% confidence to the candidate label; embedding is 2.6 standard deviations farther from its candidate-class centroid than typical
label_flip_10,classification/train/5/train_04059.png,QUARANTINE,0.8276,True,15 of 15 nearest neighbours have a different candidate label; cross-validated classifier assigns only 2% confidence to the candidate label
label_flip_10,classification/train/5/train_04060.png,QUARANTINE,0.8251,False,15 of 15 nearest neighbours have a different candidate label; cross-validated classifier assigns only 9% confidence to the candidate label
label_flip_10,classification/train/3/train_04075.png,QUARANTINE,0.848,True,15 of 15 nearest neighbours have a different candidate label; cross-validated classifier assigns only 6% confidence to the candidate label
label_flip_10,classification/train/1/train_04076.png,QUARANTINE,0.8844,True,15 of 15 nearest neighbours have a different candidate label; cross-validated classifier assigns only 4% confidence to the candidate label
label_flip_10,classification/train/3/train_04099.png,REVIEW,0.6712,False,12 of 15 nearest neighbours have a different candidate label; cross-validated classifier assigns only 13% confidence to the candidate label
label_flip_10,classification/train/7/train_04108.png,QUARANTINE,0.9464,True,15 of 15 nearest neighbours have a different candidate label; cross-validated classifier assigns only 1% confidence to the candidate label; embedding is 2.3 standard deviations farther from its candidate-class centroid than typical
label_flip_10,classification/train/3/train_04119.png,REVIEW,0.6326,False,12 of 15 nearest neighbours have a different candidate label
label_flip_10,classification/train/9/train_04122.png,QUARANTINE,0.9713,True,14 of 15 nearest neighbours have a different candidate label; cross-validated classifier assigns only 1% confidence to the candidate label; embedding is 3.0 standard deviations farther from its candidate-class centroid than typical
label_flip_10,classification/train/9/train_04141.png,QUARANTINE,0.8699,True,15 of 15 nearest neighbours have a different candidate label; cross-validated classifier assigns only 8% confidence to the candidate label; embedding is 1.5 standard deviations farther from its candidate-class centroid than typical
label_flip_10,classification/train/4/train_04149.png,QUARANTINE,0.9097,True,15 of 15 nearest neighbours have a different candidate label; cross-validated classifier assigns only 3% confidence to the candidate label; embedding is 1.8 standard deviations farther from its candidate-class centroid than typical
label_flip_10,classification/train/4/train_04164.png,QUARANTINE,0.9234,True,15 of 15 nearest neighbours have a different candidate label; cross-validated classifier assigns only 2% confidence to the candidate label; embedding is 2.0 standard deviations farther from its candidate-class centroid than typical
label_flip_10,classification/train/2/train_04171.png,QUARANTINE,0.9689,True,14 of 15 nearest neighbours have a different candidate label; cross-validated classifier assigns only 1% confidence to the candidate label; embedding is 3.4 standard deviations farther from its candidate-class centroid than typical
label_flip_10,classification/train/6/train_04174.png,QUARANTINE,0.9629,True,15 of 15 nearest neighbours have a different candidate label; cross-validated classifier assigns only 1% confidence to the candidate label; embedding is 2.5 standard deviations farther from its candidate-class centroid than typical
label_flip_10,classification/train/8/train_04183.png,QUARANTINE,0.9966,True,15 of 15 nearest neighbours have a different candidate label; cross-validated classifier assigns only 1% confidence to the candidate label; embedding is 3.0 standard deviations farther from its candidate-class centroid than typical
label_flip_10,classification/train/7/train_04197.png,REVIEW,0.7447,False,11 of 15 nearest neighbours have a different candidate label; cross-validated classifier assigns only 15% confidence to the candidate label; embedding is 1.6 standard deviations farther from its candidate-class centroid than typical
label_flip_10,classification/train/4/train_04201.png,QUARANTINE,0.8548,True,15 of 15 nearest neighbours have a different candidate label; cross-validated classifier assigns only 4% confidence to the candidate label
label_flip_10,classification/train/5/train_04211.png,QUARANTINE,0.8721,True,15 of 15 nearest neighbours have a different candidate label; cross-validated classifier assigns only 4% confidence to the candidate label
label_flip_10,classification/train/4/train_04212.png,QUARANTINE,0.795,True,15 of 15 nearest neighbours have a different candidate label; cross-validated classifier assigns only 7% confidence to the candidate label
label_flip_10,classification/train/0/train_04215.png,QUARANTINE,0.9777,True,15 of 15 nearest neighbours have a different candidate label; cross-validated classifier assigns only 2% confidence to the candidate label; embedding is 2.8 standard deviations farther from its candidate-class centroid than typical
label_flip_10,classification/train/7/train_04226.png,QUARANTINE,0.9259,True,15 of 15 nearest neighbours have a different candidate label; cross-validated classifier assigns only 1% confidence to the candidate label; embedding is 2.0 standard deviations farther from its candidate-class centroid than typical
label_flip_10,classification/train/9/train_04229.png,QUARANTINE,0.8846,True,15 of 15 nearest neighbours have a different candidate label; cross-validated classifier assigns only 2% confidence to the candidate label
label_flip_10,classification/train/7/train_04240.png,QUARANTINE,0.8647,True,14 of 15 nearest neighbours have a different candidate label; cross-validated classifier assigns only 4% confidence to the candidate label; embedding is 1.6 standard deviations farther from its candidate-class centroid than typical
label_flip_10,classification/train/2/train_04267.png,QUARANTINE,0.9937,True,15 of 15 nearest neighbours have a different candidate label; cross-validated classifier assigns only 2% confidence to the candidate label; embedding is 4.2 standard deviations farther from its candidate-class centroid than typical
label_flip_10,classification/train/0/train_04270.png,QUARANTINE,0.9957,True,15 of 15 nearest neighbours have a different candidate label; cross-validated classifier assigns only 1% confidence to the candidate label; embedding is 3.6 standard deviations farther from its candidate-class centroid than typical
label_flip_10,classification/train/3/train_04271.png,REVIEW,0.6935,False,12 of 15 nearest neighbours have a different candidate label; embedding is 1.5 standard deviations farther from its candidate-class centroid than typical
label_flip_10,classification/train/9/train_04291.png,QUARANTINE,0.9954,True,15 of 15 nearest neighbours have a different candidate label; cross-validated classifier assigns only 1% confidence to the candidate label; embedding is 3.3 standard deviations farther from its candidate-class centroid than typical
label_flip_10,classification/train/0/train_04295.png,QUARANTINE,0.9328,True,15 of 15 nearest neighbours have a different candidate label; cross-validated classifier assigns only 2% confidence to the candidate label; embedding is 2.1 standard deviations farther from its candidate-class centroid than typical
label_flip_10,classification/train/1/train_04308.png,QUARANTINE,0.9441,True,15 of 15 nearest neighbours have a different candidate label; cross-validated classifier assigns only 1% confidence to the candidate label; embedding is 2.2 standard deviations farther from its candidate-class centroid than typical
label_flip_10,classification/train/2/train_04314.png,QUARANTINE,0.9952,True,15 of 15 nearest neighbours have a different candidate label; cross-validated classifier assigns only 1% confidence to the candidate label; embedding is 3.4 standard deviations farther from its candidate-class centroid than typical
label_flip_10,classification/train/3/train_04327.png,QUARANTINE,0.8703,True,15 of 15 nearest neighbours have a different candidate label; cross-validated classifier assigns only 2% confidence to the candidate label
label_flip_10,classification/train/0/train_04345.png,QUARANTINE,0.921,True,14 of 15 nearest neighbours have a different candidate label; cross-validated classifier assigns only 2% confidence to the candidate label; embedding is 2.3 standard deviations farther from its candidate-class centroid than typical
label_flip_10,classification/train/1/train_04347.png,QUARANTINE,0.821,True,15 of 15 nearest neighbours have a different candidate label; cross-validated classifier assigns only 9% confidence to the candidate label
label_flip_10,classification/train/0/train_04389.png,QUARANTINE,0.9645,True,14 of 15 nearest neighbours have a different candidate label; cross-validated classifier assigns only 2% confidence to the candidate label; embedding is 3.2 standard deviations farther from its candidate-class centroid than typical
label_flip_10,classification/train/6/train_04392.png,QUARANTINE,0.9904,True,15 of 15 nearest neighbours have a different candidate label; cross-validated classifier assigns only 1% confidence to the candidate label; embedding is 2.9 standard deviations farther from its candidate-class centroid than typical
label_flip_10,classification/train/8/train_04405.png,QUARANTINE,0.8464,True,14 of 15 nearest neighbours have a different candidate label; cross-validated classifier assigns only 5% confidence to the candidate label
label_flip_10,classification/train/5/train_04436.png,QUARANTINE,0.9753,True,15 of 15 nearest neighbours have a different candidate label; cross-validated classifier assigns only 1% confidence to the candidate label; embedding is 2.7 standard deviations farther from its candidate-class centroid than typical
label_flip_10,classification/train/8/train_04437.png,QUARANTINE,0.9823,True,15 of 15 nearest neighbours have a different candidate label; cross-validated classifier assigns only 2% confidence to the candidate label; embedding is 2.9 standard deviations farther from its candidate-class centroid than typical
label_flip_10,classification/train/0/train_04448.png,QUARANTINE,0.9745,True,15 of 15 nearest neighbours have a different candidate label; cross-validated classifier assigns only 1% confidence to the candidate label; embedding is 2.7 standard deviations farther from its candidate-class centroid than typical
label_flip_10,classification/train/2/train_04452.png,QUARANTINE,0.9955,True,15 of 15 nearest neighbours have a different candidate label; cross-validated classifier assigns only 1% confidence to the candidate label; embedding is 3.3 standard deviations farther from its candidate-class centroid than typical
label_flip_10,classification/train/2/train_04455.png,QUARANTINE,0.9965,True,15 of 15 nearest neighbours have a different candidate label; cross-validated classifier assigns only 1% confidence to the candidate label; embedding is 3.2 standard deviations farther from its candidate-class centroid than typical
label_flip_10,classification/train/3/train_04463.png,QUARANTINE,0.9156,True,14 of 15 nearest neighbours have a different candidate label; cross-validated classifier assigns only 1% confidence to the candidate label; embedding is 2.2 standard deviations farther from its candidate-class centroid than typical
label_flip_10,classification/train/2/train_04477.png,QUARANTINE,0.9927,True,15 of 15 nearest neighbours have a different candidate label; cross-validated classifier assigns only 2% confidence to the candidate label; embedding is 3.9 standard deviations farther from its candidate-class centroid than typical
label_flip_10,classification/train/7/train_04478.png,REVIEW,0.7324,False,12 of 15 nearest neighbours have a different candidate label; cross-validated classifier assigns only 16% confidence to the candidate label
label_flip_10,classification/train/3/train_04481.png,QUARANTINE,0.9593,True,15 of 15 nearest neighbours have a different candidate label; cross-validated classifier assigns only 1% confidence to the candidate label; embedding is 2.4 standard deviations farther from its candidate-class centroid than typical
label_flip_10,classification/train/6/train_04492.png,QUARANTINE,0.8314,True,15 of 15 nearest neighbours have a different candidate label; cross-validated classifier assigns only 2% confidence to the candidate label
label_flip_10,classification/train/4/train_04498.png,QUARANTINE,0.8091,False,12 of 15 nearest neighbours have a different candidate label; cross-validated classifier assigns only 12% confidence to the candidate label; embedding is 2.1 standard deviations farther from its candidate-class centroid than typical
label_flip_10,classification/train/7/train_04500.png,QUARANTINE,0.9872,True,15 of 15 nearest neighbours have a different candidate label; cross-validated classifier assigns only 1% confidence to the candidate label; embedding is 2.9 standard deviations farther from its candidate-class centroid than typical
label_flip_10,classification/train/9/train_04522.png,QUARANTINE,0.8754,True,15 of 15 nearest neighbours have a different candidate label; cross-validated classifier assigns only 4% confidence to the candidate label
label_flip_10,classification/train/1/train_04530.png,QUARANTINE,0.92,True,15 of 15 nearest neighbours have a different candidate label; cross-validated classifier assigns only 1% confidence to the candidate label; embedding is 1.8 standard deviations farther from its candidate-class centroid than typical
label_flip_10,classification/train/1/train_04536.png,REVIEW,0.6428,False,cross-validated classifier assigns only 26% confidence to the candidate label; embedding is 2.4 standard deviations farther from its candidate-class centroid than typical
label_flip_10,classification/train/7/train_04544.png,QUARANTINE,0.817,False,14 of 15 nearest neighbours have a different candidate label; cross-validated classifier assigns only 11% confidence to the candidate label
label_flip_10,classification/train/1/train_04551.png,QUARANTINE,0.8949,True,15 of 15 nearest neighbours have a different candidate label; cross-validated classifier assigns only 4% confidence to the candidate label; embedding is 1.6 standard deviations farther from its candidate-class centroid than typical
label_flip_10,classification/train/8/train_04556.png,QUARANTINE,0.9962,True,15 of 15 nearest neighbours have a different candidate label; cross-validated classifier assigns only 1% confidence to the candidate label; embedding is 3.1 standard deviations farther from its candidate-class centroid than typical
label_flip_10,classification/train/4/train_04578.png,QUARANTINE,0.9179,True,15 of 15 nearest neighbours have a different candidate label; cross-validated classifier assigns only 1% confidence to the candidate label; embedding is 1.9 standard deviations farther from its candidate-class centroid than typical
label_flip_10,classification/train/3/train_04579.png,QUARANTINE,0.9733,True,15 of 15 nearest neighbours have a different candidate label; cross-validated classifier assigns only 1% confidence to the candidate label; embedding is 2.7 standard deviations farther from its candidate-class centroid than typical
label_flip_10,classification/train/4/train_04587.png,QUARANTINE,0.8141,True,15 of 15 nearest neighbours have a different candidate label; cross-validated classifier assigns only 5% confidence to the candidate label
label_flip_10,classification/train/8/train_04596.png,QUARANTINE,0.8934,True,14 of 15 nearest neighbours have a different candidate label; cross-validated classifier assigns only 3% confidence to the candidate label; embedding is 2.0 standard deviations farther from its candidate-class centroid than typical
label_flip_10,classification/train/7/train_04603.png,QUARANTINE,0.9429,True,15 of 15 nearest neighbours have a different candidate label; cross-validated classifier assigns only 1% confidence to the candidate label; embedding is 2.2 standard deviations farther from its candidate-class centroid than typical
label_flip_10,classification/train/2/train_04609.png,QUARANTINE,0.9976,True,15 of 15 nearest neighbours have a different candidate label; cross-validated classifier assigns only 1% confidence to the candidate label; embedding is 3.9 standard deviations farther from its candidate-class centroid than typical
label_flip_10,classification/train/9/train_04614.png,QUARANTINE,0.9658,True,15 of 15 nearest neighbours have a different candidate label; cross-validated classifier assigns only 1% confidence to the candidate label; embedding is 2.6 standard deviations farther from its candidate-class centroid than typical
label_flip_10,classification/train/5/train_04637.png,QUARANTINE,0.8736,True,14 of 15 nearest neighbours have a different candidate label; cross-validated classifier assigns only 2% confidence to the candidate label; embedding is 1.6 standard deviations farther from its candidate-class centroid than typical
label_flip_10,classification/train/0/train_04643.png,QUARANTINE,0.9857,True,15 of 15 nearest neighbours have a different candidate label; cross-validated classifier assigns only 1% confidence to the candidate label; embedding is 2.9 standard deviations farther from its candidate-class centroid than typical
label_flip_10,classification/train/7/train_04673.png,QUARANTINE,0.959,True,15 of 15 nearest neighbours have a different candidate label; cross-validated classifier assigns only 1% confidence to the candidate label; embedding is 2.5 standard deviations farther from its candidate-class centroid than typical
label_flip_10,classification/train/5/train_04675.png,QUARANTINE,0.7611,False,15 of 15 nearest neighbours have a different candidate label; cross-validated classifier assigns only 16% confidence to the candidate label
label_flip_10,classification/train/4/train_04733.png,QUARANTINE,0.8139,True,15 of 15 nearest neighbours have a different candidate label; cross-validated classifier assigns only 7% confidence to the candidate label
label_flip_10,classification/train/2/train_04739.png,QUARANTINE,0.9906,True,15 of 15 nearest neighbours have a different candidate label; cross-validated classifier assigns only 2% confidence to the candidate label; embedding is 3.1 standard deviations farther from its candidate-class centroid than typical
label_flip_10,classification/train/2/train_04755.png,QUARANTINE,0.9863,True,15 of 15 nearest neighbours have a different candidate label; cross-validated classifier assigns only 1% confidence to the candidate label; embedding is 2.9 standard deviations farther from its candidate-class centroid than typical
label_flip_10,classification/train/7/train_04768.png,QUARANTINE,0.8773,True,14 of 15 nearest neighbours have a different candidate label; cross-validated classifier assigns only 1% confidence to the candidate label; embedding is 1.6 standard deviations farther from its candidate-class centroid than typical
label_flip_10,classification/train/1/train_04773.png,QUARANTINE,0.9803,True,15 of 15 nearest neighbours have a different candidate label; cross-validated classifier assigns only 1% confidence to the candidate label; embedding is 2.7 standard deviations farther from its candidate-class centroid than typical
label_flip_10,classification/train/5/train_04802.png,REVIEW,0.642,False,12 of 15 nearest neighbours have a different candidate label
label_flip_10,classification/train/9/train_04814.png,QUARANTINE,0.9958,True,15 of 15 nearest neighbours have a different candidate label; cross-validated classifier assigns only 1% confidence to the candidate label; embedding is 4.1 standard deviations farther from its candidate-class centroid than typical
label_flip_10,classification/train/0/train_04833.png,QUARANTINE,0.9444,True,15 of 15 nearest neighbours have a different candidate label; cross-validated classifier assigns only 2% confidence to the candidate label; embedding is 2.3 standard deviations farther from its candidate-class centroid than typical
label_flip_10,classification/train/4/train_04853.png,QUARANTINE,0.9317,True,15 of 15 nearest neighbours have a different candidate label; cross-validated classifier assigns only 2% confidence to the candidate label; embedding is 2.1 standard deviations farther from its candidate-class centroid than typical
label_flip_10,classification/train/1/train_04857.png,QUARANTINE,0.9065,True,15 of 15 nearest neighbours have a different candidate label; cross-validated classifier assigns only 1% confidence to the candidate label; embedding is 1.7 standard deviations farther from its candidate-class centroid than typical
label_flip_10,classification/train/8/train_04889.png,QUARANTINE,0.8416,True,15 of 15 nearest neighbours have a different candidate label; cross-validated classifier assigns only 3% confidence to the candidate label
label_flip_10,classification/train/2/train_04897.png,QUARANTINE,0.997,True,15 of 15 nearest neighbours have a different candidate label; cross-validated classifier assigns only 1% confidence to the candidate label; embedding is 3.7 standard deviations farther from its candidate-class centroid than typical
label_flip_10,classification/train/3/train_04900.png,QUARANTINE,0.8812,True,15 of 15 nearest neighbours have a different candidate label; cross-validated classifier assigns only 4% confidence to the candidate label
label_flip_10,classification/train/6/train_04916.png,QUARANTINE,0.9933,True,15 of 15 nearest neighbours have a different candidate label; cross-validated classifier assigns only 2% confidence to the candidate label; embedding is 3.4 standard deviations farther from its candidate-class centroid than typical
label_flip_10,classification/train/7/train_04934.png,QUARANTINE,0.9468,True,15 of 15 nearest neighbours have a different candidate label; cross-validated classifier assigns only 1% confidence to the candidate label; embedding is 2.2 standard deviations farther from its candidate-class centroid than typical
label_flip_10,classification/train/2/train_04941.png,QUARANTINE,0.9898,True,15 of 15 nearest neighbours have a different candidate label; cross-validated classifier assigns only 3% confidence to the candidate label; embedding is 3.0 standard deviations farther from its candidate-class centroid than typical
label_flip_10,classification/train/0/train_04945.png,QUARANTINE,0.9556,True,14 of 15 nearest neighbours have a different candidate label; cross-validated classifier assigns only 1% confidence to the candidate label; embedding is 2.8 standard deviations farther from its candidate-class centroid than typical
label_flip_10,classification/train/4/train_04947.png,QUARANTINE,0.9134,True,15 of 15 nearest neighbours have a different candidate label; cross-validated classifier assigns only 4% confidence to the candidate label; embedding is 2.0 standard deviations farther from its candidate-class centroid than typical
label_flip_10,classification/train/2/train_04954.png,REVIEW,0.7099,False,8 of 15 nearest neighbours have a different candidate label; cross-validated classifier assigns only 23% confidence to the candidate label; embedding is 2.8 standard deviations farther from its candidate-class centroid than typical
label_flip_10,classification/train/7/train_04960.png,REVIEW,0.6674,False,10 of 15 nearest neighbours have a different candidate label; cross-validated classifier assigns only 29% confidence to the candidate label; embedding is 1.7 standard deviations farther from its candidate-class centroid than typical
label_flip_10,classification/train/5/train_04963.png,QUARANTINE,0.9183,True,15 of 15 nearest neighbours have a different candidate label; cross-validated classifier assigns only 1% confidence to the candidate label; embedding is 1.9 standard deviations farther from its candidate-class centroid than typical
label_flip_10,classification/train/4/train_04970.png,QUARANTINE,0.903,True,15 of 15 nearest neighbours have a different candidate label; cross-validated classifier assigns only 1% confidence to the candidate label; embedding is 1.6 standard deviations farther from its candidate-class centroid than typical
label_flip_10,classification/train/7/train_04984.png,QUARANTINE,0.9553,True,15 of 15 nearest neighbours have a different candidate label; cross-validated classifier assigns only 1% confidence to the candidate label; embedding is 2.4 standard deviations farther from its candidate-class centroid than typical
label_flip_10,classification/train/4/train_04994.png,QUARANTINE,0.8566,True,15 of 15 nearest neighbours have a different candidate label; cross-validated classifier assigns only 6% confidence to the candidate label
label_flip_10,classification/train/5/train_04999.png,QUARANTINE,0.901,False,15 of 15 nearest neighbours have a different candidate label; cross-validated classifier assigns only 11% confidence to the candidate label; embedding is 2.2 standard deviations farther from its candidate-class centroid than typical
targeted_0_to_1,classification/train/0/train_00012.png,QUARANTINE,0.8364,True,12 of 15 nearest neighbours have a different candidate label; cross-validated classifier assigns only 9% confidence to the candidate label; embedding is 2.3 standard deviations farther from its candidate-class centroid than typical
targeted_0_to_1,classification/train/4/train_00016.png,REVIEW,0.6622,False,embedding is 4.7 standard deviations farther from its candidate-class centroid than typical
targeted_0_to_1,classification/train/0/train_00032.png,QUARANTINE,0.7906,True,12 of 15 nearest neighbours have a different candidate label; cross-validated classifier assigns only 20% confidence to the candidate label; embedding is 2.3 standard deviations farther from its candidate-class centroid than typical
targeted_0_to_1,classification/train/0/train_00047.png,QUARANTINE,0.7527,True,11 of 15 nearest neighbours have a different candidate label; cross-validated classifier assigns only 17% confidence to the candidate label; embedding is 1.9 standard deviations farther from its candidate-class centroid than typical
targeted_0_to_1,classification/train/9/train_00118.png,REVIEW,0.7377,False,9 of 15 nearest neighbours have a different candidate label; cross-validated classifier assigns only 21% confidence to the candidate label; embedding is 2.8 standard deviations farther from its candidate-class centroid than typical
targeted_0_to_1,classification/train/0/train_00139.png,QUARANTINE,0.7599,True,11 of 15 nearest neighbours have a different candidate label; cross-validated classifier assigns only 13% confidence to the candidate label; embedding is 1.8 standard deviations farther from its candidate-class centroid than typical
targeted_0_to_1,classification/train/3/train_00231.png,QUARANTINE,0.9602,False,15 of 15 nearest neighbours have a different candidate label; cross-validated classifier assigns only 8% confidence to the candidate label; embedding is 2.9 standard deviations farther from its candidate-class centroid than typical
targeted_0_to_1,classification/train/0/train_00262.png,REVIEW,0.7467,True,11 of 15 nearest neighbours have a different candidate label; cross-validated classifier assigns only 17% confidence to the candidate label; embedding is 1.8 standard deviations farther from its candidate-class centroid than typical
targeted_0_to_1,classification/train/7/train_00282.png,REVIEW,0.6627,False,cross-validated classifier assigns only 18% confidence to the candidate label; embedding is 2.2 standard deviations farther from its candidate-class centroid than typical
targeted_0_to_1,classification/train/4/train_00293.png,QUARANTINE,0.8126,False,13 of 15 nearest neighbours have a different candidate label; cross-validated classifier assigns only 19% confidence to the candidate label; embedding is 2.1 standard deviations farther from its candidate-class centroid than typical
targeted_0_to_1,classification/train/0/train_00330.png,REVIEW,0.6448,False,cross-validated classifier assigns only 13% confidence to the candidate label; embedding is 2.4 standard deviations farther from its candidate-class centroid than typical
targeted_0_to_1,classification/train/0/train_00343.png,REVIEW,0.7493,True,10 of 15 nearest neighbours have a different candidate label; cross-validated classifier assigns only 21% confidence to the candidate label; embedding is 2.5 standard deviations farther from its candidate-class centroid than typical
targeted_0_to_1,classification/train/0/train_00368.png,QUARANTINE,0.8526,True,12 of 15 nearest neighbours have a different candidate label; cross-validated classifier assigns only 11% confidence to the candidate label; embedding is 2.6 standard deviations farther from its candidate-class centroid than typical
targeted_0_to_1,classification/train/0/train_00430.png,REVIEW,0.6546,True,10 of 15 nearest neighbours have a different candidate label; cross-validated classifier assigns only 17% confidence to the candidate label
targeted_0_to_1,classification/train/5/train_00436.png,REVIEW,0.6961,False,10 of 15 nearest neighbours have a different candidate label; embedding is 2.4 standard deviations farther from its candidate-class centroid than typical
targeted_0_to_1,classification/train/0/train_00437.png,QUARANTINE,0.8572,True,12 of 15 nearest neighbours have a different candidate label; cross-validated classifier assigns only 8% confidence to the candidate label; embedding is 2.6 standard deviations farther from its candidate-class centroid than typical
targeted_0_to_1,classification/train/0/train_00460.png,REVIEW,0.7251,True,11 of 15 nearest neighbours have a different candidate label; cross-validated classifier assigns only 19% confidence to the candidate label; embedding is 1.6 standard deviations farther from its candidate-class centroid than typical
targeted_0_to_1,classification/train/0/train_00487.png,QUARANTINE,0.7788,True,13 of 15 nearest neighbours have a different candidate label; cross-validated classifier assigns only 19% confidence to the candidate label; embedding is 1.7 standard deviations farther from its candidate-class centroid than typical
targeted_0_to_1,classification/train/4/train_00544.png,QUARANTINE,0.8398,False,11 of 15 nearest neighbours have a different candidate label; cross-validated classifier assigns only 13% confidence to the candidate label; embedding is 3.5 standard deviations farther from its candidate-class centroid than typical
targeted_0_to_1,classification/train/0/train_00585.png,QUARANTINE,0.8999,True,14 of 15 nearest neighbours have a different candidate label; cross-validated classifier assigns only 13% confidence to the candidate label; embedding is 2.7 standard deviations farther from its candidate-class centroid than typical
targeted_0_to_1,classification/train/0/train_00590.png,QUARANTINE,0.7849,True,11 of 15 nearest neighbours have a different candidate label; cross-validated classifier assigns only 18% confidence to the candidate label; embedding is 2.4 standard deviations farther from its candidate-class centroid than typical
targeted_0_to_1,classification/train/0/train_00686.png,QUARANTINE,0.8435,True,12 of 15 nearest neighbours have a different candidate label; cross-validated classifier assigns only 15% confidence to the candidate label; embedding is 2.7 standard deviations farther from its candidate-class centroid than typical
targeted_0_to_1,classification/train/0/train_00695.png,QUARANTINE,0.7571,True,12 of 15 nearest neighbours have a different candidate label; cross-validated classifier assigns only 20% confidence to the candidate label; embedding is 1.7 standard deviations farther from its candidate-class centroid than typical
targeted_0_to_1,classification/train/7/train_00801.png,QUARANTINE,0.7943,False,13 of 15 nearest neighbours have a different candidate label; cross-validated classifier assigns only 25% confidence to the candidate label; embedding is 2.2 standard deviations farther from its candidate-class centroid than typical
targeted_0_to_1,classification/train/5/train_00867.png,QUARANTINE,0.8914,False,14 of 15 nearest neighbours have a different candidate label; cross-validated classifier assigns only 13% confidence to the candidate label; embedding is 2.5 standard deviations farther from its candidate-class centroid than typical
targeted_0_to_1,classification/train/3/train_00967.png,QUARANTINE,0.8291,False,14 of 15 nearest neighbours have a different candidate label; cross-validated classifier assigns only 13% confidence to the candidate label; embedding is 1.6 standard deviations farther from its candidate-class centroid than typical
targeted_0_to_1,classification/train/3/train_00970.png,QUARANTINE,0.7914,False,13 of 15 nearest neighbours have a different candidate label; cross-validated classifier assigns only 18% confidence to the candidate label; embedding is 1.8 standard deviations farther from its candidate-class centroid than typical
targeted_0_to_1,classification/train/0/train_01037.png,REVIEW,0.7119,True,11 of 15 nearest neighbours have a different candidate label; cross-validated classifier assigns only 19% confidence to the candidate label
targeted_0_to_1,classification/train/3/train_01078.png,REVIEW,0.7379,False,15 of 15 nearest neighbours have a different candidate label; cross-validated classifier assigns only 16% confidence to the candidate label
targeted_0_to_1,classification/train/0/train_01089.png,QUARANTINE,0.761,True,10 of 15 nearest neighbours have a different candidate label; cross-validated classifier assigns only 11% confidence to the candidate label; embedding is 2.1 standard deviations farther from its candidate-class centroid than typical
targeted_0_to_1,classification/train/3/train_01146.png,QUARANTINE,0.8674,False,15 of 15 nearest neighbours have a different candidate label; cross-validated classifier assigns only 13% confidence to the candidate label; embedding is 1.8 standard deviations farther from its candidate-class centroid than typical
targeted_0_to_1,classification/train/7/train_01211.png,REVIEW,0.6453,False,embedding is 3.7 standard deviations farther from its candidate-class centroid than typical
targeted_0_to_1,classification/train/0/train_01213.png,REVIEW,0.7373,True,13 of 15 nearest neighbours have a different candidate label; cross-validated classifier assigns only 18% confidence to the candidate label
targeted_0_to_1,classification/train/0/train_01215.png,QUARANTINE,0.8334,True,15 of 15 nearest neighbours have a different candidate label; cross-validated classifier assigns only 17% confidence to the candidate label; embedding is 1.5 standard deviations farther from its candidate-class centroid than typical
targeted_0_to_1,classification/train/0/train_01278.png,QUARANTINE,0.8168,True,12 of 15 nearest neighbours have a different candidate label; cross-validated classifier assigns only 16% confidence to the candidate label; embedding is 2.4 standard deviations farther from its candidate-class centroid than typical
targeted_0_to_1,classification/train/8/train_01306.png,REVIEW,0.6325,False,embedding is 3.3 standard deviations farther from its candidate-class centroid than typical
targeted_0_to_1,classification/train/0/train_01451.png,QUARANTINE,0.8717,True,13 of 15 nearest neighbours have a different candidate label; cross-validated classifier assigns only 9% confidence to the candidate label; embedding is 2.4 standard deviations farther from its candidate-class centroid than typical
targeted_0_to_1,classification/train/0/train_01452.png,REVIEW,0.7311,True,12 of 15 nearest neighbours have a different candidate label; cross-validated classifier assigns only 24% confidence to the candidate label; embedding is 1.6 standard deviations farther from its candidate-class centroid than typical
targeted_0_to_1,classification/train/2/train_01599.png,REVIEW,0.6513,False,9 of 15 nearest neighbours have a different candidate label; embedding is 3.6 standard deviations farther from its candidate-class centroid than typical
targeted_0_to_1,classification/train/0/train_01608.png,QUARANTINE,0.804,True,11 of 15 nearest neighbours have a different candidate label; cross-validated classifier assigns only 15% confidence to the candidate label; embedding is 2.5 standard deviations farther from its candidate-class centroid than typical
targeted_0_to_1,classification/train/2/train_01611.png,QUARANTINE,0.8236,False,14 of 15 nearest neighbours have a different candidate label; cross-validated classifier assigns only 9% confidence to the candidate label
targeted_0_to_1,classification/train/3/train_01654.png,REVIEW,0.6719,False,14 of 15 nearest neighbours have a different candidate label; cross-validated classifier assigns only 25% confidence to the candidate label
targeted_0_to_1,classification/train/0/train_01754.png,REVIEW,0.7497,True,13 of 15 nearest neighbours have a different candidate label; cross-validated classifier assigns only 16% confidence to the candidate label
targeted_0_to_1,classification/train/0/train_01809.png,QUARANTINE,0.7983,True,14 of 15 nearest neighbours have a different candidate label; cross-validated classifier assigns only 21% confidence to the candidate label; embedding is 1.6 standard deviations farther from its candidate-class centroid than typical
targeted_0_to_1,classification/train/1/train_01836.png,REVIEW,0.7347,False,12 of 15 nearest neighbours have a different candidate label; cross-validated classifier assigns only 23% confidence to the candidate label; embedding is 1.6 standard deviations farther from its candidate-class centroid than typical
targeted_0_to_1,classification/train/0/train_01845.png,REVIEW,0.7072,True,11 of 15 nearest neighbours have a different candidate label; cross-validated classifier assigns only 22% confidence to the candidate label; embedding is 1.5 standard deviations farther from its candidate-class centroid than typical
targeted_0_to_1,classification/train/0/train_01894.png,QUARANTINE,0.7965,True,13 of 15 nearest neighbours have a different candidate label; cross-validated classifier assigns only 11% confidence to the candidate label
targeted_0_to_1,classification/train/3/train_01917.png,REVIEW,0.7073,False,12 of 15 nearest neighbours have a different candidate label; embedding is 1.7 standard deviations farther from its candidate-class centroid than typical
targeted_0_to_1,classification/train/0/train_01939.png,QUARANTINE,0.7963,True,10 of 15 nearest neighbours have a different candidate label; cross-validated classifier assigns only 12% confidence to the candidate label; embedding is 2.7 standard deviations farther from its candidate-class centroid than typical
targeted_0_to_1,classification/train/7/train_01942.png,QUARANTINE,0.7938,False,13 of 15 nearest neighbours have a different candidate label; cross-validated classifier assigns only 18% confidence to the candidate label; embedding is 1.8 standard deviations farther from its candidate-class centroid than typical
targeted_0_to_1,classification/train/7/train_01945.png,QUARANTINE,0.8954,False,14 of 15 nearest neighbours have a different candidate label; cross-validated classifier assigns only 19% confidence to the candidate label; embedding is 3.5 standard deviations farther from its candidate-class centroid than typical
targeted_0_to_1,classification/train/4/train_01959.png,REVIEW,0.6908,False,8 of 15 nearest neighbours have a different candidate label; embedding is 3.2 standard deviations farther from its candidate-class centroid than typical
targeted_0_to_1,classification/train/0/train_02015.png,QUARANTINE,0.8454,True,13 of 15 nearest neighbours have a different candidate label; cross-validated classifier assigns only 16% confidence to the candidate label; embedding is 2.4 standard deviations farther from its candidate-class centroid than typical
targeted_0_to_1,classification/train/0/train_02054.png,REVIEW,0.7335,True,10 of 15 nearest neighbours have a different candidate label; cross-validated classifier assigns only 12% confidence to the candidate label; embedding is 1.7 standard deviations farther from its candidate-class centroid than typical
targeted_0_to_1,classification/train/0/train_02071.png,QUARANTINE,0.7795,True,12 of 15 nearest neighbours have a different candidate label; cross-validated classifier assigns only 17% confidence to the candidate label; embedding is 1.9 standard deviations farther from its candidate-class centroid than typical
targeted_0_to_1,classification/train/0/train_02076.png,REVIEW,0.6222,True,10 of 15 nearest neighbours have a different candidate label; cross-validated classifier assigns only 26% confidence to the candidate label
targeted_0_to_1,classification/train/0/train_02079.png,QUARANTINE,0.7975,True,14 of 15 nearest neighbours have a different candidate label; cross-validated classifier assigns only 16% confidence to the candidate label
targeted_0_to_1,classification/train/5/train_02112.png,REVIEW,0.7135,False,14 of 15 nearest neighbours have a different candidate label
targeted_0_to_1,classification/train/3/train_02250.png,QUARANTINE,0.755,False,14 of 15 nearest neighbours have a different candidate label; cross-validated classifier assigns only 19% confidence to the candidate label
targeted_0_to_1,classification/train/5/train_02278.png,QUARANTINE,0.7874,False,13 of 15 nearest neighbours have a different candidate label; cross-validated classifier assigns only 20% confidence to the candidate label; embedding is 1.8 standard deviations farther from its candidate-class centroid than typical
targeted_0_to_1,classification/train/0/train_02281.png,REVIEW,0.7145,True,12 of 15 nearest neighbours have a different candidate label; cross-validated classifier assigns only 24% confidence to the candidate label
targeted_0_to_1,classification/train/0/train_02302.png,QUARANTINE,0.7625,True,13 of 15 nearest neighbours have a different candidate label; cross-validated classifier assigns only 18% confidence to the candidate label
targeted_0_to_1,classification/train/0/train_02345.png,REVIEW,0.6741,True,10 of 15 nearest neighbours have a different candidate label; cross-validated classifier assigns only 20% confidence to the candidate label
targeted_0_to_1,classification/train/0/train_02351.png,REVIEW,0.6543,True,11 of 15 nearest neighbours have a different candidate label; cross-validated classifier assigns only 29% confidence to the candidate label
targeted_0_to_1,classification/train/0/train_02365.png,QUARANTINE,0.8992,True,13 of 15 nearest neighbours have a different candidate label; cross-validated classifier assigns only 8% confidence to the candidate label; embedding is 2.8 standard deviations farther from its candidate-class centroid than typical
targeted_0_to_1,classification/train/4/train_02404.png,REVIEW,0.645,False,10 of 15 nearest neighbours have a different candidate label; cross-validated classifier assigns only 26% confidence to the candidate label
targeted_0_to_1,classification/train/0/train_02442.png,QUARANTINE,0.8454,True,14 of 15 nearest neighbours have a different candidate label; cross-validated classifier assigns only 13% confidence to the candidate label; embedding is 1.9 standard deviations farther from its candidate-class centroid than typical
targeted_0_to_1,classification/train/0/train_02479.png,QUARANTINE,0.7972,True,11 of 15 nearest neighbours have a different candidate label; cross-validated classifier assigns only 13% confidence to the candidate label; embedding is 2.3 standard deviations farther from its candidate-class centroid than typical
targeted_0_to_1,classification/train/0/train_02481.png,QUARANTINE,0.8734,True,13 of 15 nearest neighbours have a different candidate label; cross-validated classifier assigns only 11% confidence to the candidate label; embedding is 2.5 standard deviations farther from its candidate-class centroid than typical
targeted_0_to_1,classification/train/0/train_02496.png,QUARANTINE,0.8671,True,14 of 15 nearest neighbours have a different candidate label; cross-validated classifier assigns only 13% confidence to the candidate label; embedding is 2.2 standard deviations farther from its candidate-class centroid than typical
targeted_0_to_1,classification/train/0/train_02562.png,REVIEW,0.6871,True,10 of 15 nearest neighbours have a different candidate label; cross-validated classifier assigns only 19% confidence to the candidate label
targeted_0_to_1,classification/train/5/train_02604.png,REVIEW,0.6755,False,11 of 15 nearest neighbours have a different candidate label; embedding is 1.8 standard deviations farther from its candidate-class centroid than typical
targeted_0_to_1,classification/train/2/train_02645.png,QUARANTINE,0.7628,False,14 of 15 nearest neighbours have a different candidate label; cross-validated classifier assigns only 19% confidence to the candidate label
targeted_0_to_1,classification/train/1/train_02659.png,REVIEW,0.6583,False,12 of 15 nearest neighbours have a different candidate label; cross-validated classifier assigns only 29% confidence to the candidate label
targeted_0_to_1,classification/train/0/train_02679.png,REVIEW,0.7203,True,12 of 15 nearest neighbours have a different candidate label; cross-validated classifier assigns only 17% confidence to the candidate label
targeted_0_to_1,classification/train/4/train_02780.png,REVIEW,0.6378,False,cross-validated classifier assigns only 23% confidence to the candidate label; embedding is 2.1 standard deviations farther from its candidate-class centroid than typical
targeted_0_to_1,classification/train/0/train_02895.png,REVIEW,0.7223,True,9 of 15 nearest neighbours have a different candidate label; cross-validated classifier assigns only 19% confidence to the candidate label; embedding is 2.4 standard deviations farther from its candidate-class centroid than typical
targeted_0_to_1,classification/train/0/train_02918.png,QUARANTINE,0.8114,True,12 of 15 nearest neighbours have a different candidate label; cross-validated classifier assigns only 18% confidence to the candidate label; embedding is 2.5 standard deviations farther from its candidate-class centroid than typical
targeted_0_to_1,classification/train/0/train_02930.png,QUARANTINE,0.8809,True,12 of 15 nearest neighbours have a different candidate label; cross-validated classifier assigns only 10% confidence to the candidate label; embedding is 3.3 standard deviations farther from its candidate-class centroid than typical
targeted_0_to_1,classification/train/0/train_02934.png,QUARANTINE,0.8815,True,14 of 15 nearest neighbours have a different candidate label; cross-validated classifier assigns only 10% confidence to the candidate label; embedding is 2.2 standard deviations farther from its candidate-class centroid than typical
targeted_0_to_1,classification/train/0/train_02978.png,REVIEW,0.6439,True,10 of 15 nearest neighbours have a different candidate label; cross-validated classifier assigns only 22% confidence to the candidate label
targeted_0_to_1,classification/train/0/train_03025.png,QUARANTINE,0.7992,True,14 of 15 nearest neighbours have a different candidate label; cross-validated classifier assigns only 17% confidence to the candidate label
targeted_0_to_1,classification/train/0/train_03081.png,QUARANTINE,0.8262,True,13 of 15 nearest neighbours have a different candidate label; cross-validated classifier assigns only 14% confidence to the candidate label; embedding is 2.1 standard deviations farther from its candidate-class centroid than typical
targeted_0_to_1,classification/train/0/train_03128.png,QUARANTINE,0.8337,True,13 of 15 nearest neighbours have a different candidate label; cross-validated classifier assigns only 10% confidence to the candidate label; embedding is 1.9 standard deviations farther from its candidate-class centroid than typical
targeted_0_to_1,classification/train/3/train_03154.png,QUARANTINE,0.9931,False,15 of 15 nearest neighbours have a different candidate label; cross-validated classifier assigns only 2% confidence to the candidate label; embedding is 3.2 standard deviations farther from its candidate-class centroid than typical
targeted_0_to_1,classification/train/0/train_03184.png,QUARANTINE,0.8358,True,14 of 15 nearest neighbours have a different candidate label; cross-validated classifier assigns only 13% confidence to the candidate label; embedding is 1.7 standard deviations farther from its candidate-class centroid than typical
targeted_0_to_1,classification/train/0/train_03267.png,QUARANTINE,0.8884,True,13 of 15 nearest neighbours have a different candidate label; cross-validated classifier assigns only 12% confidence to the candidate label; embedding is 2.9 standard deviations farther from its candidate-class centroid than typical
targeted_0_to_1,classification/train/0/train_03297.png,QUARANTINE,0.8095,True,13 of 15 nearest neighbours have a different candidate label; cross-validated classifier assigns only 19% confidence to the candidate label; embedding is 2.1 standard deviations farther from its candidate-class centroid than typical
targeted_0_to_1,classification/train/6/train_03320.png,QUARANTINE,0.8714,False,15 of 15 nearest neighbours have a different candidate label; cross-validated classifier assigns only 6% confidence to the candidate label
targeted_0_to_1,classification/train/0/train_03332.png,QUARANTINE,0.755,True,11 of 15 nearest neighbours have a different candidate label; cross-validated classifier assigns only 13% confidence to the candidate label; embedding is 1.7 standard deviations farther from its candidate-class centroid than typical
targeted_0_to_1,classification/train/0/train_03365.png,QUARANTINE,0.7978,True,12 of 15 nearest neighbours have a different candidate label; cross-validated classifier assigns only 14% confidence to the candidate label; embedding is 2.0 standard deviations farther from its candidate-class centroid than typical
targeted_0_to_1,classification/train/0/train_03413.png,REVIEW,0.7118,True,12 of 15 nearest neighbours have a different candidate label; cross-validated classifier assigns only 23% confidence to the candidate label
targeted_0_to_1,classification/train/4/train_03422.png,REVIEW,0.6293,False,cross-validated classifier assigns only 15% confidence to the candidate label; embedding is 1.5 standard deviations farther from its candidate-class centroid than typical
targeted_0_to_1,classification/train/0/train_03424.png,REVIEW,0.7497,True,13 of 15 nearest neighbours have a different candidate label; cross-validated classifier assigns only 19% confidence to the candidate label
targeted_0_to_1,classification/train/0/train_03469.png,REVIEW,0.7075,True,12 of 15 nearest neighbours have a different candidate label; cross-validated classifier assigns only 18% confidence to the candidate label
targeted_0_to_1,classification/train/0/train_03482.png,QUARANTINE,0.8546,True,14 of 15 nearest neighbours have a different candidate label; cross-validated classifier assigns only 11% confidence to the candidate label; embedding is 1.9 standard deviations farther from its candidate-class centroid than typical
targeted_0_to_1,classification/train/8/train_03559.png,REVIEW,0.7212,False,10 of 15 nearest neighbours have a different candidate label; cross-validated classifier assigns only 21% confidence to the candidate label; embedding is 2.1 standard deviations farther from its candidate-class centroid than typical
targeted_0_to_1,classification/train/7/train_03563.png,REVIEW,0.7442,False,9 of 15 nearest neighbours have a different candidate label; cross-validated classifier assigns only 21% confidence to the candidate label; embedding is 2.8 standard deviations farther from its candidate-class centroid than typical
targeted_0_to_1,classification/train/0/train_03616.png,QUARANTINE,0.8218,True,14 of 15 nearest neighbours have a different candidate label; cross-validated classifier assigns only 23% confidence to the candidate label; embedding is 2.1 standard deviations farther from its candidate-class centroid than typical
targeted_0_to_1,classification/train/5/train_03631.png,REVIEW,0.6389,False,11 of 15 nearest neighbours have a different candidate label
targeted_0_to_1,classification/train/0/train_03705.png,QUARANTINE,0.8083,True,12 of 15 nearest neighbours have a different candidate label; cross-validated classifier assigns only 17% confidence to the candidate label; embedding is 2.4 standard deviations farther from its candidate-class centroid than typical
targeted_0_to_1,classification/train/7/train_03799.png,QUARANTINE,0.8101,False,12 of 15 nearest neighbours have a different candidate label; cross-validated classifier assigns only 19% confidence to the candidate label; embedding is 2.5 standard deviations farther from its candidate-class centroid than typical
targeted_0_to_1,classification/train/0/train_03822.png,QUARANTINE,0.7702,True,11 of 15 nearest neighbours have a different candidate label; cross-validated classifier assigns only 14% confidence to the candidate label; embedding is 2.0 standard deviations farther from its candidate-class centroid than typical
targeted_0_to_1,classification/train/0/train_03840.png,REVIEW,0.7284,True,9 of 15 nearest neighbours have a different candidate label; cross-validated classifier assigns only 18% confidence to the candidate label; embedding is 2.4 standard deviations farther from its candidate-class centroid than typical
targeted_0_to_1,classification/train/0/train_03852.png,REVIEW,0.6664,True,12 of 15 nearest neighbours have a different candidate label; cross-validated classifier assigns only 30% confidence to the candidate label
targeted_0_to_1,classification/train/0/train_03866.png,REVIEW,0.7219,True,11 of 15 nearest neighbours have a different candidate label; cross-validated classifier assigns only 17% confidence to the candidate label
targeted_0_to_1,classification/train/3/train_03867.png,REVIEW,0.6346,False,13 of 15 nearest neighbours have a different candidate label
targeted_0_to_1,classification/train/0/train_03929.png,QUARANTINE,0.8503,True,14 of 15 nearest neighbours have a different candidate label; cross-validated classifier assigns only 13% confidence to the candidate label; embedding is 1.9 standard deviations farther from its candidate-class centroid than typical
targeted_0_to_1,classification/train/0/train_03941.png,QUARANTINE,0.8448,True,14 of 15 nearest neighbours have a different candidate label; cross-validated classifier assigns only 13% confidence to the candidate label; embedding is 1.8 standard deviations farther from its candidate-class centroid than typical
targeted_0_to_1,classification/train/7/train_03957.png,QUARANTINE,0.7725,False,12 of 15 nearest neighbours have a different candidate label; embedding is 2.7 standard deviations farther from its candidate-class centroid than typical
targeted_0_to_1,classification/train/0/train_03962.png,REVIEW,0.6641,True,11 of 15 nearest neighbours have a different candidate label; cross-validated classifier assigns only 23% confidence to the candidate label
targeted_0_to_1,classification/train/0/train_03964.png,QUARANTINE,0.8429,True,13 of 15 nearest neighbours have a different candidate label; cross-validated classifier assigns only 15% confidence to the candidate label; embedding is 2.4 standard deviations farther from its candidate-class centroid than typical
targeted_0_to_1,classification/train/3/train_03992.png,REVIEW,0.6749,False,13 of 15 nearest neighbours have a different candidate label; cross-validated classifier assigns only 26% confidence to the candidate label
targeted_0_to_1,classification/train/5/train_03993.png,REVIEW,0.6604,False,9 of 15 nearest neighbours have a different candidate label; embedding is 2.8 standard deviations farther from its candidate-class centroid than typical
targeted_0_to_1,classification/train/0/train_04003.png,QUARANTINE,0.7615,True,12 of 15 nearest neighbours have a different candidate label; cross-validated classifier assigns only 23% confidence to the candidate label; embedding is 2.0 standard deviations farther from its candidate-class centroid than typical
targeted_0_to_1,classification/train/1/train_04012.png,REVIEW,0.6627,False,15 of 15 nearest neighbours have a different candidate label
targeted_0_to_1,classification/train/0/train_04013.png,REVIEW,0.7405,True,12 of 15 nearest neighbours have a different candidate label; cross-validated classifier assigns only 24% confidence to the candidate label; embedding is 1.8 standard deviations farther from its candidate-class centroid than typical
targeted_0_to_1,classification/train/5/train_04060.png,QUARANTINE,0.8585,False,14 of 15 nearest neighbours have a different candidate label; cross-validated classifier assigns only 9% confidence to the candidate label; embedding is 1.8 standard deviations farther from its candidate-class centroid than typical
targeted_0_to_1,classification/train/3/train_04099.png,REVIEW,0.7308,False,13 of 15 nearest neighbours have a different candidate label; cross-validated classifier assigns only 16% confidence to the candidate label
targeted_0_to_1,classification/train/7/train_04197.png,QUARANTINE,0.8411,False,11 of 15 nearest neighbours have a different candidate label; cross-validated classifier assigns only 13% confidence to the candidate label; embedding is 3.3 standard deviations farther from its candidate-class centroid than typical
targeted_0_to_1,classification/train/3/train_04271.png,QUARANTINE,0.766,False,12 of 15 nearest neighbours have a different candidate label; embedding is 3.4 standard deviations farther from its candidate-class centroid than typical
targeted_0_to_1,classification/train/0/train_04278.png,REVIEW,0.666,True,12 of 15 nearest neighbours have a different candidate label
targeted_0_to_1,classification/train/0/train_04346.png,QUARANTINE,0.8777,True,14 of 15 nearest neighbours have a different candidate label; cross-validated classifier assigns only 16% confidence to the candidate label; embedding is 2.5 standard deviations farther from its candidate-class centroid than typical
targeted_0_to_1,classification/train/7/train_04356.png,REVIEW,0.6551,False,9 of 15 nearest neighbours have a different candidate label; cross-validated classifier assigns only 19% confidence to the candidate label
targeted_0_to_1,classification/train/7/train_04478.png,QUARANTINE,0.8188,False,12 of 15 nearest neighbours have a different candidate label; cross-validated classifier assigns only 16% confidence to the candidate label; embedding is 2.5 standard deviations farther from its candidate-class centroid than typical
targeted_0_to_1,classification/train/4/train_04498.png,QUARANTINE,0.8616,False,12 of 15 nearest neighbours have a different candidate label; cross-validated classifier assigns only 15% confidence to the candidate label; embedding is 3.8 standard deviations farther from its candidate-class centroid than typical
targeted_0_to_1,classification/train/0/train_04508.png,QUARANTINE,0.8255,True,13 of 15 nearest neighbours have a different candidate label; cross-validated classifier assigns only 13% confidence to the candidate label; embedding is 2.0 standard deviations farther from its candidate-class centroid than typical
targeted_0_to_1,classification/train/7/train_04544.png,QUARANTINE,0.9167,False,14 of 15 nearest neighbours have a different candidate label; cross-validated classifier assigns only 10% confidence to the candidate label; embedding is 2.8 standard deviations farther from its candidate-class centroid than typical
targeted_0_to_1,classification/train/0/train_04567.png,REVIEW,0.7161,True,11 of 15 nearest neighbours have a different candidate label; cross-validated classifier assigns only 21% confidence to the candidate label; embedding is 1.6 standard deviations farther from its candidate-class centroid than typical
targeted_0_to_1,classification/train/0/train_04654.png,QUARANTINE,0.7679,True,12 of 15 nearest neighbours have a different candidate label; cross-validated classifier assigns only 19% confidence to the candidate label; embedding is 1.8 standard deviations farther from its candidate-class centroid than typical
targeted_0_to_1,classification/train/5/train_04675.png,QUARANTINE,0.8141,False,15 of 15 nearest neighbours have a different candidate label; cross-validated classifier assigns only 15% confidence to the candidate label
targeted_0_to_1,classification/train/5/train_04802.png,REVIEW,0.667,False,12 of 15 nearest neighbours have a different candidate label; embedding is 1.6 standard deviations farther from its candidate-class centroid than typical
targeted_0_to_1,classification/train/7/train_04808.png,REVIEW,0.6351,False,9 of 15 nearest neighbours have a different candidate label; embedding is 1.8 standard deviations farther from its candidate-class centroid than typical
targeted_0_to_1,classification/train/0/train_04890.png,QUARANTINE,0.9298,True,15 of 15 nearest neighbours have a different candidate label; cross-validated classifier assigns only 14% confidence to the candidate label; embedding is 2.8 standard deviations farther from its candidate-class centroid than typical
targeted_0_to_1,classification/train/2/train_04954.png,REVIEW,0.6865,False,8 of 15 nearest neighbours have a different candidate label; embedding is 4.0 standard deviations farther from its candidate-class centroid than typical
targeted_0_to_1,classification/train/7/train_04960.png,REVIEW,0.7087,False,9 of 15 nearest neighbours have a different candidate label; embedding is 3.4 standard deviations farther from its candidate-class centroid than typical
targeted_0_to_1,classification/train/5/train_04999.png,QUARANTINE,0.9366,False,15 of 15 nearest neighbours have a different candidate label; cross-validated classifier assigns only 16% confidence to the candidate label; embedding is 3.5 standard deviations farther from its candidate-class centroid than typical
