sample_id,source_relpath,sha256,assigned_label
classification/train/1/train_00000.png,classification/train/1/train_00000.png,0eb87ed69dd2822a3abaa058ad64ddae5dfb6d6c479a660e1f8ee4431057c73e,1
classification/train/5/train_00001.png,classification/train/5/train_00001.png,19979c2c9c24437135d71b785b8bc30ad2944c7f8035a9ff77046d4ff52c8de0,5
classification/train/1/train_00002.png,classification/train/1/train_00002.png,7bae0a6a855f380d5ab4e2aa478f3e153ebeacc97e326c30a51f0382d3550db5,1
classification/train/6/train_00003.png,classification/train/6/train_00003.png,16ecd18c11117cf8592884194d179f94d5bda4fb1b0352cf41be1577a4860707,2
classification/train/3/train_00004.png,classification/train/3/train_00004.png,e477a3b068affcb43291be249c8a6316c61a618e27ee3d26954c83914f1ad11b,3
classification/train/9/train_00005.png,classification/train/9/train_00005.png,469a4129a3418f913e4cd76a31fec34d84cc0ca1921cc01451c0fcc9b57fd2af,9
classification/train/7/train_00006.png,classification/train/7/train_00006.png,07b071a267a3ea809e7e764b39c1142188a3fce23848ccaa67b72275f8470d48,7
classification/train/4/train_00007.png,classification/train/4/train_00007.png,baf452273105d8fd9a15049fff864ef600e64a2d80d8889969ce4c61c2b03bc8,4
classification/train/5/train_00008.png,classification/train/5/train_00008.png,f5828e5ddf125e495f4d3ea2defc05a18d15226110337fd950de1287d2113b31,6
classification/train/0/train_00010.png,classification/train/0/train_00010.png,c69a3764735e087c85e7a19ba43c3cfec044fb25c9361789e0fa2682ea4ac5d2,0
classification/train/6/train_00011.png,classification/train/6/train_00011.png,cf5f7434e0142b0de29a585dec0795571f645c19d17e95dd2632f056763ce021,6
classification/train/0/train_00012.png,classification/train/0/train_00012.png,fa3dccf81d380ff335dcc586cb0ef6f62d20db1876739da7259ac535972b9a16,0
classification/train/8/train_00013.png,classification/train/8/train_00013.png,b978c73ffa071e5dc1e3080bf56c508525f350390c9d5566caa5b13dd4911bbe,8
classification/train/6/train_00015.png,classification/train/6/train_00015.png,73c0953558586d9e66b755750e9ba022ad7d37b66ccf5acccba07eb45f73cd90,0
classification/train/4/train_00016.png,classification/train/4/train_00016.png,db419078710a5bf5174130e640bd7297f7478d79b2fc6a36bb0ce6d559fd0498,4
classification/train/6/train_00017.png,classification/train/6/train_00017.png,3e2ffd26d2531eed79f8aae4d480eb522acf98970a97b5d8030b146aacd2915e,6
classification/train/2/train_00018.png,classification/train/2/train_00018.png,b89fbb5b4d6e5e632aefdcb36cb227be6c95af62fd929fdd6e3794c01f95ea71,2
classification/train/2/train_00019.png,classification/train/2/train_00019.png,d83e10fd619f838a871b57b0099686718dc7553ddb2ae42778b5006f8b77ddfd,2
classification/train/1/train_00020.png,classification/train/1/train_00020.png,69b833582bd528f54a8a19ab6b6363db6d4637e31f3aa69cd4149d259546466b,1
classification/train/6/train_00022.png,classification/train/6/train_00022.png,c200f9576d2d7c50072779ee45405ea0087c8a8f56877fb02145a68dce994ef3,6
classification/train/2/train_00023.png,classification/train/2/train_00023.png,b556a8763af3b9c25fd96625cff544c4cb0c17687b9baa6ffdcff1a6428dcb91,2
classification/train/1/train_00024.png,classification/train/1/train_00024.png,3bd950b2c1e606c8c5a751498e5613f443822b1bf4363c9f972f9e404fc88b9e,2
classification/train/8/train_00025.png,classification/train/8/train_00025.png,98a2150c9eca567b7f03587847e77a3060d076272ec57f1dd474c04f52503dfb,8
classification/train/5/train_00026.png,classification/train/5/train_00026.png,b2fd8b2c9c9a6050d046fb49bf8fe4aec631e44b3f208020ec7643db399632cc,5
classification/train/1/train_00027.png,classification/train/1/train_00027.png,f59f7fedb7bfcaf68e1a0215265833c0bf626ccca776cf82f54d46597b8a019e,1
classification/train/5/train_00028.png,classification/train/5/train_00028.png,9a1805e94ff4376c16354b44624a76c965bb0649b09523b3be1efdacdb52ad0d,5
classification/train/0/train_00030.png,classification/train/0/train_00030.png,68d369bbe28f28a58bc378565448b3b77ba51a11826446a7e7a766d677069945,0
classification/train/0/train_00031.png,classification/train/0/train_00031.png,ac02bec42975ec6a2801a61498bf8e80f14c08ee82c1d789bc5461b1cd1213a4,0
classification/train/0/train_00032.png,classification/train/0/train_00032.png,00dbbc8236e520a4b16f273f007318600dc067906e308f8ef7541b3e39faf317,0
classification/train/1/train_00033.png,classification/train/1/train_00033.png,8b6bef4b28282f8ff7ab2bfb96fc74e72676ae8fc6fc92bcc52fe2b6a12c7828,1
classification/train/3/train_00034.png,classification/train/3/train_00034.png,cd9bd9a72d565ebd4671c2d9b4307321bf68a5a1f238ba83742f9a8114cd08ca,3
classification/train/6/train_00035.png,classification/train/6/train_00035.png,33eaee4ee4b70496f3ffe8e14bcd3fcd52045a46e83274a6a5e1178a8fd8c4e8,6
classification/train/2/train_00037.png,classification/train/2/train_00037.png,56e431855b47290d86c07714df47a0238c32e3de066bfb6c980abcb959230938,2
classification/train/1/train_00038.png,classification/train/1/train_00038.png,69c37c3a93001e310dcf6b63d9e27ece5b44c4c99d90adf48ce300269d9008c6,1
classification/train/3/train_00039.png,classification/train/3/train_00039.png,84af7c43c0a8df8b5e156a59a9a75b2d7d2b4af570804799590c70654d6a92c2,3
classification/train/1/train_00040.png,classification/train/1/train_00040.png,4dd23f23b442289b82cf8cb5205d79271a9e989001f2dfd7cbd171035144fb4e,1
classification/train/6/train_00041.png,classification/train/6/train_00041.png,91e8c1ad519b48f652ad072462dbaf7fc240052e91852b5911db744206a43693,6
classification/train/1/train_00042.png,classification/train/1/train_00042.png,0093a5069b1c53d81bd003fd0805171645e506339077937c789ad9101c941b94,1
classification/train/7/train_00044.png,classification/train/7/train_00044.png,50c07a7ae1fb42a31d66834ca7892138376ce3a880d7a8a07661eb9eef41fea7,7
classification/train/4/train_00045.png,classification/train/4/train_00045.png,2fe0a5ed05ee673453024fa60d4b28de2448ddd98923890d907cf7599b413bba,4
classification/train/0/train_00047.png,classification/train/0/train_00047.png,bebe2735a470ab69a829b501d2f64bca8c8c9f3a2d1697a17819e20a6e085699,0
classification/train/6/train_00048.png,classification/train/6/train_00048.png,68d759af5074c95939bbded5824ba0274bef7b9ed21a9f4e1d7c372d8290a401,6
classification/train/5/train_00051.png,classification/train/5/train_00051.png,2026a6bf7e6e13be5b0793d6799d38aa1f33a895cbf59fc15b513b95cba51788,5
classification/train/8/train_00052.png,classification/train/8/train_00052.png,cea46c7955a3ec821dc24c48f61a2ebd9a2f60f7af5613d619f1bc41889d892b,8
classification/train/0/train_00053.png,classification/train/0/train_00053.png,8e0a2049885cbe5b512018de3bb04cdea61e395ef1c29e881b2fb0fb3c291997,0
classification/train/6/train_00054.png,classification/train/6/train_00054.png,02035d032e9726a62df414684ff8166f9aab1655d387c57347f82e408b7a22e3,6
classification/train/3/train_00056.png,classification/train/3/train_00056.png,be337780bdf1adccb40a6a8c2d192f6356d3451214c442b76d224e3eb064506c,3
classification/train/6/train_00057.png,classification/train/6/train_00057.png,be54946d095e0966933284d2373d793891957e595a0789aba021d5726475c299,3
classification/train/2/train_00060.png,classification/train/2/train_00060.png,ad705b11805fee3a369fdf8fb69c744d64c7554e1b64b2c036c356f9b2f1402c,2
classification/train/9/train_00061.png,classification/train/9/train_00061.png,e0bbb78da0a89aa5cf5db7dab6e1d7565f5f26d2345fb0c873624a38155fa2ec,9
classification/train/1/train_00064.png,classification/train/1/train_00064.png,e8aee7f62846b6abca9818858922d4c49dba1b13a63048a9892ca28e27c7dde5,1
classification/train/7/train_00065.png,classification/train/7/train_00065.png,81f4191fc876b8b44af7178b82fdde5ff73b848812a286644dd14f4d3cd3d3cf,7
classification/train/8/train_00066.png,classification/train/8/train_00066.png,7e4dc1b93367b19f1cccb9c6afce6da889de597c6748761f4587b0424e1927ae,8
classification/train/7/train_00067.png,classification/train/7/train_00067.png,da4a15af2605ca0a059ddaae5433d586a2d11893056e74a1f0c3027b00c9da73,7
classification/train/8/train_00068.png,classification/train/8/train_00068.png,ce1201d5e9742edea5e84f37589dc51332869cabaa506de1db5adec75a1fd10b,8
classification/train/8/train_00069.png,classification/train/8/train_00069.png,890af4db9a66d2468fa25cac50b59075ae1254efebc7da81f0ea2ee52f145c9d,8
classification/train/9/train_00070.png,classification/train/9/train_00070.png,d6ca923a05a61b8721de0ae2102851520a516e9fdb36416ea6d60e5502d92ac5,6
classification/train/0/train_00071.png,classification/train/0/train_00071.png,361a4b2197540a03b80d1fb4be98a5137b5ebf13280ad222d8bd72e722346329,1
classification/train/5/train_00072.png,classification/train/5/train_00072.png,7a9cfd8c14110bb17d379fd3a03af91729414b4a7f0db2d88fb5af83b7ded1b2,5
classification/train/5/train_00075.png,classification/train/5/train_00075.png,a14dd4d77690b121a815531c901faf24223cb40002fe5724ed21c20a0a897613,5
classification/train/7/train_00077.png,classification/train/7/train_00077.png,372f053568531e7851dbf336199282dede22b7830fd4fa1a0aedb2370cdb3f72,7
classification/train/8/train_00078.png,classification/train/8/train_00078.png,d74b610a216501d27f182a8ab5a33c882a270d481c863f748938458d6d84e007,6
classification/train/9/train_00079.png,classification/train/9/train_00079.png,a13ed84ace8a5c496e842d4f79713714f30d5bb875088f42a63063afad1d4be3,9
classification/train/0/train_00081.png,classification/train/0/train_00081.png,c13b8750b930cb3e39be6dc9fa1ea2489a8f1d6ca34dec96a8ca0a2ff4980267,5
classification/train/2/train_00084.png,classification/train/2/train_00084.png,24baac2fe3405cfc92eab7c7cd3bdb093502d458bbc79ee13e59b439468febe1,2
classification/train/6/train_00086.png,classification/train/6/train_00086.png,f9cc32c79b16d3b1dc31989fc2f7716f40fbb34c45edeac369446626b41c2b7f,6
classification/train/5/train_00087.png,classification/train/5/train_00087.png,9d34990fb3b5cfc066ac43d6f1d1b3ef6f4dbb33bcdc2047fc70608393819c67,5
classification/train/3/train_00089.png,classification/train/3/train_00089.png,fb5df1fb6f086762eb1f095f3e241cea9a603d1e6127de4fc627a36607ca6482,3
classification/train/7/train_00090.png,classification/train/7/train_00090.png,1e7111ec244a165efc8f0efe3c53bec47c7330228063a9d397690c100c8ca7b0,7
classification/train/9/train_00091.png,classification/train/9/train_00091.png,b1f9b1d9e1ca1ae3efc6c56d1c2db8781215b01e9b04cd347e38d7a570753bb8,9
classification/train/6/train_00092.png,classification/train/6/train_00092.png,fa0d89344c7fb46e7c56dc8cc895dfd4c9169c5c913bf0b7f4addd85828b62b9,6
classification/train/6/train_00093.png,classification/train/6/train_00093.png,a38826aac91d78174bb5adf92b86c71b8d0536c8d51aaa77d30d196b1dcb5cc2,6
classification/train/1/train_00095.png,classification/train/1/train_00095.png,6917df8190ccf5bfdac1cff28a1786aad15c2ae8acf9fe6680ef5565054eab0b,1
classification/train/0/train_00098.png,classification/train/0/train_00098.png,00e886671c0b343d58c2c1690d972e5abeb77282d56e9afd10f914b54b2e30ed,0
classification/train/2/train_00100.png,classification/train/2/train_00100.png,b37ec36ce231fd00aab36b5c9195c26a3222d7d133547182a065057422ea599d,2
classification/train/7/train_00101.png,classification/train/7/train_00101.png,a3c59a8d4d95b12d647be895790edc1f7dcb83b2cea930cef9f5689b76bbfdc9,7
classification/train/1/train_00102.png,classification/train/1/train_00102.png,b3db43c7b38a772b76c6231f7f4ef5b9ebf1af076d33f67460b5bc9ac6e0c472,5
classification/train/0/train_00103.png,classification/train/0/train_00103.png,4bac9b88e657561bb4cab1a56a0cc05a444289b975464811adb786044834f109,0
classification/train/0/train_00104.png,classification/train/0/train_00104.png,e5aa9388bf9d799e5958978b957de3107de5cf572f1c43d14c581d4b1d71eef8,0
classification/train/8/train_00105.png,classification/train/8/train_00105.png,bef60545671a1b299a89bcfbf2b4956ba6ffb7ad0f48fdd40a7671a79bab8f22,8
classification/train/0/train_00106.png,classification/train/0/train_00106.png,43c4f02faf095e2d03d19b76c0fc7f8c4be8abfd368b97276fd0231c52a3b011,0
classification/train/4/train_00107.png,classification/train/4/train_00107.png,39193e6110b38bf95a663120f7c9496c34847c2bc5b56b046ec3a14ab35589b0,4
classification/train/2/train_00108.png,classification/train/2/train_00108.png,a5266c19941962a185e90a3d6aadaee9d090162134a6b512aae91bc5fb646116,2
classification/train/4/train_00109.png,classification/train/4/train_00109.png,0ab231c78dc2c856714895b54b318ef47a92eebc3644ca9a89cc9db32d8922e9,4
classification/train/3/train_00110.png,classification/train/3/train_00110.png,d75b7810f606fa4298a41ccc6928ade2a1968d47a849e7ec2770c6c539059631,3
classification/train/2/train_00111.png,classification/train/2/train_00111.png,5855b37b494cb6b00f3c5c71b447e436f60760b7a1aebafd0ad34cc36f6e0ab2,2
classification/train/4/train_00112.png,classification/train/4/train_00112.png,6c81be4a25be9a04e7425c5441ec51900f56b83d0197bdc5d32f6e69366e8281,4
classification/train/5/train_00113.png,classification/train/5/train_00113.png,6971d7ed2c981edc60b9c1bed1000600ed6a72290bb2f38a046a49a87c0582b0,5
classification/train/1/train_00114.png,classification/train/1/train_00114.png,55429f96ce2ba35ba80998fab362ed58c503aabd90a45932412384af4dcecaaa,1
classification/train/2/train_00115.png,classification/train/2/train_00115.png,86fbe362d31160edc98e0dc5f1f4f6fe1aeb2b467a51401c18a0b4e2d9af3d78,2
classification/train/4/train_00116.png,classification/train/4/train_00116.png,d9b19a0e1ba4dacf8c31a932ffaecfcb3d40a17d39517695713fc9a12ab1950c,4
classification/train/4/train_00117.png,classification/train/4/train_00117.png,076c30dde9b9e84d39a3fce4382a1626defffe363b9fe56cba662f06027fd804,4
classification/train/9/train_00118.png,classification/train/9/train_00118.png,c5ea6d5a82cff3b1fc2d1aa7abcdb1d3c1075e08a74cc13324934d6ff6145492,9
classification/train/0/train_00119.png,classification/train/0/train_00119.png,3b3183cc427649730ffa6237f76e905fa7c2c507642956444313c940274ff7cc,0
classification/train/5/train_00120.png,classification/train/5/train_00120.png,83ba1dad5c51071e4e1921ca6c61a5803209c4e46c4ee5f929f3dc33f1ef57e2,5
classification/train/2/train_00121.png,classification/train/2/train_00121.png,850e6b5925444e1e432fac4d6c74070d16cd4b58c1958338045915e2dc64cc43,2
classification/train/5/train_00122.png,classification/train/5/train_00122.png,0f90986cb4c696ba4393bb8454e39a1ec47432599f8598199ea872998f46a012,2
classification/train/7/train_00123.png,classification/train/7/train_00123.png,5fac64327c73b7a22ca92fb1a5151609446ae8de0c148d62b6bb77e09b0232fc,7
classification/train/0/train_00124.png,classification/train/0/train_00124.png,0d7cbb7298c1c8f73f07ab1aef01f91017cc57b9cc9565a0ad33d06f48c05adb,0
classification/train/5/train_00125.png,classification/train/5/train_00125.png,47e8cc9822a0f76be3147ffb60ec030b1b8bda04568054fadcadf12211dc9e78,5
classification/train/3/train_00126.png,classification/train/3/train_00126.png,886f239c83d330fa0a63ad3da763ae68949c18b1d62d4fe0e8546b0d1f670f6d,3
classification/train/3/train_00127.png,classification/train/3/train_00127.png,c7f32739e19dd7594fc08848a3e8c19fc1d48ba051ef1038dde7a21fe73db496,3
classification/train/6/train_00128.png,classification/train/6/train_00128.png,c0f22357226cb8ef921b3be72f016b9783e65a457762e4d79a8e44706bdbd649,2
classification/train/3/train_00129.png,classification/train/3/train_00129.png,120d415b6f318e1e82bb6503f575ea3a83aae2818a9c769608aad39f8c62c03e,0
classification/train/4/train_00131.png,classification/train/4/train_00131.png,b80173da2ce8f9492046d2308e74bac6c2fb2858a9ddb13fe57edd5be659d8e4,4
classification/train/8/train_00132.png,classification/train/8/train_00132.png,4b1a4d18651b4de53d6783b6e65c70bf44f5345e6ca502f5f2100433aa651aeb,8
classification/train/3/train_00133.png,classification/train/3/train_00133.png,9cc1fbffcbda94b97454ebe8af0cacabc0c997e1b20108ad70b48baae3de29c3,3
classification/train/1/train_00134.png,classification/train/1/train_00134.png,7bfa5dec742b8a953d46d364eafaa1322b3055b018ab0de6aa5efb97d6d2a813,1
classification/train/3/train_00135.png,classification/train/3/train_00135.png,abae59f2082dacb52a79a5841be360a862c0cb66090296675a688f5cf32eee72,3
classification/train/7/train_00136.png,classification/train/7/train_00136.png,8014088eda25bfe8bf9dec2bcd7a8b0ea10e64f8b55e90a44f0cdf3218e68bed,7
classification/train/6/train_00138.png,classification/train/6/train_00138.png,26ebbd9cc85f49d24486e4cf10d84770ae988eccd7d1f0e4ce48197f08523669,6
classification/train/0/train_00139.png,classification/train/0/train_00139.png,62e65dba35479408fbe339b8e3318aad701aad7ef4d32af1950307781ca1a7dd,0
classification/train/5/train_00141.png,classification/train/5/train_00141.png,d37fff7e546027a34de86986f871297c72b67ce86f6edfdb896b353512c7710b,5
classification/train/2/train_00142.png,classification/train/2/train_00142.png,a3ffc61b9d0ad331432d7b3d2009bf7827a35247e5922b14fef21792d8c91fa0,8
classification/train/9/train_00143.png,classification/train/9/train_00143.png,0f9f56fe853ba9d99e53d2af15887c26520a8ebd266514983394678a78910c70,9
classification/train/2/train_00144.png,classification/train/2/train_00144.png,de0878fb71b8c7d0dfcacafd1c9f6fe126d00ae0a66c539edbceb553ab1eb4f6,2
classification/train/8/train_00145.png,classification/train/8/train_00145.png,70b5ef3bcc61c62998f22432a7c260ddb9a29332018da410f3870007b367c486,8
classification/train/6/train_00147.png,classification/train/6/train_00147.png,e7db6d6c1544bc30490eedfb9a24c9c09c5649c3afa732a5aff52cd002e35c1b,9
classification/train/1/train_00148.png,classification/train/1/train_00148.png,8b1ed5423fd6419ac5676456a0a0675d556e71a491693ddc949f5b029a76411e,1
classification/train/9/train_00149.png,classification/train/9/train_00149.png,149171caf1693edfefdca41f99982b4a916762918ae6cde2015f52c82f44b806,9
classification/train/8/train_00150.png,classification/train/8/train_00150.png,4cb7de6c90514fd1c0c5d8da2e939bbc7dd137fb05ccdb2d96d81b29489820fb,8
classification/train/2/train_00151.png,classification/train/2/train_00151.png,01c244c3705f7d7942dc058de604c0bf04b4b2dc5985d32fbce3af4321e91eaf,2
classification/train/2/train_00154.png,classification/train/2/train_00154.png,88d49d0a40c2c4ee30f9e9564c5c69a95b7f7143c1937ab5751e892095f06510,2
classification/train/7/train_00155.png,classification/train/7/train_00155.png,cd2fd064bf6532876567906a04eac8be54bf19494ae8ff76592adfd6f89ab052,9
classification/train/5/train_00156.png,classification/train/5/train_00156.png,be517fcd0a8e9ad0e6788853f48e65b7552cf481d6394a4048d326dadaf609a1,5
classification/train/7/train_00157.png,classification/train/7/train_00157.png,af7250bc83da305ebbfa4756bc58817209c059b565bee420823de9f82f4077e8,8
classification/train/8/train_00158.png,classification/train/8/train_00158.png,05f148fd9e43ac617122afa69756a218069d398f419df58698c51f5d6c9dc841,8
classification/train/2/train_00160.png,classification/train/2/train_00160.png,1b8058c16ecd4bad637c22ae2fc7f429f1cb88679d33597d5d894cebc2c6a48b,2
classification/train/2/train_00161.png,classification/train/2/train_00161.png,b7e6a546f991a24e76c948c5b029a260673a963ee0bf7f0850fc7283bd492659,2
classification/train/7/train_00162.png,classification/train/7/train_00162.png,4ecd90db393cb36346e77c750afb28ba685e6eef08495fe41c6926df778f939a,7
classification/train/8/train_00163.png,classification/train/8/train_00163.png,34ab7d4544a1f7f066c60b4e4564557ba2fdc2235d7a7015b5a51afa0e5b6ade,8
classification/train/8/train_00164.png,classification/train/8/train_00164.png,d57d209ee23c8e622cb6e867b4448bbd68e891c3bc0403fe831050db0b614569,8
classification/train/9/train_00165.png,classification/train/9/train_00165.png,c162aa7cc5199e0ebe47eacc8cfe12ec78431c6a3928ab62327efb943625f849,9
classification/train/7/train_00167.png,classification/train/7/train_00167.png,2bdf7d9d33231886f2755b8561085b2194a04dd413ec063e002777c02c5adcc4,7
classification/train/4/train_00168.png,classification/train/4/train_00168.png,934d280c8dc054c163c9e3583412759e62ec5c977e69ec3e276310d25a25eedc,4
classification/train/3/train_00169.png,classification/train/3/train_00169.png,5c8984ddc1d2510b9a0d4a776ce7d4045a0d2ff87623d99a292e29ad77accc6e,3
classification/train/5/train_00170.png,classification/train/5/train_00170.png,b9a7ad7be441e8fc789fc9f041a2faaafde7a62aa6854f63056a1c8add479f89,5
classification/train/6/train_00171.png,classification/train/6/train_00171.png,6a9761d2cbd8a76d12e738773461e5928486db89a3c9c7616e76a4319cc1973c,6
classification/train/7/train_00172.png,classification/train/7/train_00172.png,8ea4c099b16e0c1987e1c62ee56a51c514a6775fa51538919a89821774b6196c,7
classification/train/1/train_00173.png,classification/train/1/train_00173.png,b395d5aa6c13358cac2f7847faa7250789e905989fa31730d93d474ced14730b,1
classification/train/6/train_00174.png,classification/train/6/train_00174.png,1cba7859557b957fd78c04da928326f174959b8f69f528f74eedace508eadb4f,6
classification/train/9/train_00175.png,classification/train/9/train_00175.png,c973d027ae66af17f79728f0044f3e98c87b2d21578916e4e318f1684bd4762b,9
classification/train/1/train_00176.png,classification/train/1/train_00176.png,210bd350a9022c341203859db43da2dc1a9efedc98e8f6d720514140b783005c,1
classification/train/9/train_00177.png,classification/train/9/train_00177.png,0d3075c6f4acae40feb020a033933d22f44f7a4474aa5c3ae334c3b407e3c794,9
classification/train/7/train_00179.png,classification/train/7/train_00179.png,84dffd81155f9f996bd0a9a4e330f05106ce6daf97e6afe46b9794e58d83633b,7
classification/train/4/train_00181.png,classification/train/4/train_00181.png,ea014a360b44359bed923b1f741c54a777bd32ea6246bfedd7e56b83564c800b,4
classification/train/4/train_00184.png,classification/train/4/train_00184.png,97c22bc0cdf29f70c50773507c69a3803ff3c98c805dae46081abc892b9658a0,4
classification/train/4/train_00185.png,classification/train/4/train_00185.png,3a226f17a6ade5e9c4c512b0a493f300b440e986205136cf640d23f166f932bf,4
classification/train/2/train_00186.png,classification/train/2/train_00186.png,a86ddc4c7c4247cda1d8f71cacb44a4fe90865ece99859cf904b20c85d63efc6,2
classification/train/7/train_00190.png,classification/train/7/train_00190.png,598c4f16a115bde0f89a80dd88d8caa6111c0e19bffdfcd8324ce82c3a7c37ea,7
classification/train/3/train_00191.png,classification/train/3/train_00191.png,abaeaf7409bffedc3de8f3cdc8157ae235a1ee915fa04063de44c61d230f2ff1,1
classification/train/1/train_00193.png,classification/train/1/train_00193.png,9cbc986bdf88279d06147cb870681e789cbf133ca63c4afd4e313d43afa760ad,1
classification/train/3/train_00194.png,classification/train/3/train_00194.png,54e124884f330c8bb37f645a4b724a7b5294fff6d5d0d9b3b2b14c1dc8cf89a5,3
classification/train/5/train_00195.png,classification/train/5/train_00195.png,2cbf8af98095b9d9e877be4e8e7ba710fa96c06c5b6b575b29067c48b5c0783b,5
classification/train/4/train_00196.png,classification/train/4/train_00196.png,575e26b925e621286c6e5eaabb68a481bfacd7329d3a73d1ab0525a9ac969852,5
classification/train/2/train_00197.png,classification/train/2/train_00197.png,eae4db57d1eb59ea69bf0027e25c1e2e7f80cb83a51fe8be94a94eb5d3bf7382,2
classification/train/0/train_00198.png,classification/train/0/train_00198.png,6c59b0be444b6f5c8220568007a7ee1525aaac593a5ac15a877431d37f66733f,0
classification/train/4/train_00201.png,classification/train/4/train_00201.png,40ba1577a52e8ccd179ce0e566096b58dab5792f5a82fac49ebc3447f12ea08f,8
classification/train/7/train_00202.png,classification/train/7/train_00202.png,6f291ba76a65da6e28d248b5fddffe36fa5cdd19e3ec33cdfa1949af5e01dda5,7
classification/train/0/train_00203.png,classification/train/0/train_00203.png,6466e72a8c9bcc5dc5f6d03f18402784280b711c84bc1bed231bc440deba260a,0
classification/train/7/train_00204.png,classification/train/7/train_00204.png,ebaf3e9df04d8bb430f43662ee5ee3216b41a3d9344e7f3c86b0573a5b770929,7
classification/train/9/train_00205.png,classification/train/9/train_00205.png,6cb8b32909182ec5487c0d89d45f35293142a0a5f0af8d2185df997585354bac,9
classification/train/0/train_00206.png,classification/train/0/train_00206.png,7ec7daf08138424758660e6d23608462dc02c70b4deb2cfa16d7c34e7e42cf2f,0
classification/train/7/train_00207.png,classification/train/7/train_00207.png,c0272bd5e47a3f2c2b3f81cd46ad47afdb1a1a7e9ffd8745df02f40529f18db6,7
classification/train/1/train_00208.png,classification/train/1/train_00208.png,12e1556b4d4e80bfde856b23f9f341eaa869c81e271c7dc0192755fcf9170f2b,1
classification/train/4/train_00209.png,classification/train/4/train_00209.png,f4676883806fa6665fd06d4c3814ff0c8b6bd59a1f4a13e3256c2707ab9cabd7,4
classification/train/2/train_00210.png,classification/train/2/train_00210.png,a0dfecfd3de6f3562463fe405de1d8a2bee2fcbba2232ea5d0536d097f8114c1,2
classification/train/7/train_00211.png,classification/train/7/train_00211.png,6226b166dc8811026b0b66b7ae5543d65a6a360553a9ae4db0627332de49879f,7
classification/train/6/train_00212.png,classification/train/6/train_00212.png,2ca365c539f622348764b2b2052431350f9dc5ad4fa17fa56a2b342a67ec81b6,6
classification/train/8/train_00213.png,classification/train/8/train_00213.png,b013c8c5a4c2a8c415189d86de4c02b3bd7477309d814211bf4432052e06318a,3
classification/train/5/train_00215.png,classification/train/5/train_00215.png,643323de0b1074a6d3165bc02b7a7ed9e5be8c13f02feb543582742dfb83cab0,5
classification/train/2/train_00216.png,classification/train/2/train_00216.png,268a48f5f99ccab95a43fa6900ca5cf6d0a48a680110e8b013564c095fa2c799,2
classification/train/6/train_00217.png,classification/train/6/train_00217.png,3baf673f1693e25c7df10ac62f4f0c3f97c137865376e02e5d6964cd0e81d5f5,6
classification/train/9/train_00218.png,classification/train/9/train_00218.png,bfce052f8c764b9bdef6587a5a3ee4a133022d651e523073a6203961167e67a0,9
classification/train/7/train_00219.png,classification/train/7/train_00219.png,57aa5b46771f02531aa7dc848b97da89157e6ee995962200590e97f03374aaf8,7
classification/train/5/train_00220.png,classification/train/5/train_00220.png,20f0cbd2dbbadb8eb997f9a6c6b94a99382feadefe93f874885d26931c911d90,5
classification/train/5/train_00221.png,classification/train/5/train_00221.png,ca7928b803905a12bd6ef3dcb63d36644e9ade90097aa2fe83ad72602b4f5f76,5
classification/train/9/train_00222.png,classification/train/9/train_00222.png,0191e90ed256b423de4eb654837a82d187276024ca8c688d68759ea4b4ff740f,9
classification/train/1/train_00223.png,classification/train/1/train_00223.png,2a18c4e4a4fddfaaf50c8ed9b0a518928548aebdd6a3b5df480d69a145209161,1
classification/train/4/train_00224.png,classification/train/4/train_00224.png,59da5ed2f25f5151fa33623d1477e4d7380cbccf25f80f1ddeaba42bb7e48cc0,4
classification/train/8/train_00225.png,classification/train/8/train_00225.png,6de24313aa31a1159d6c040d938aee5b0c17af13bd58e4f1b82d02b4ecbfea72,8
classification/train/8/train_00226.png,classification/train/8/train_00226.png,16afaf4454d479d95e133f16baa34e1fbcfbf55b32c9877990e8ca3ca97adc1d,6
classification/train/5/train_00227.png,classification/train/5/train_00227.png,400a0b207159464cd6d8c64bfbd66b214e5a5e212bca132696e950972256d4ee,5
classification/train/6/train_00229.png,classification/train/6/train_00229.png,40ce487e4650e6cdc3266ef72b25efa3cebc09ab0c79c5e271d8bb3ab15e80e9,6
classification/train/9/train_00230.png,classification/train/9/train_00230.png,0917f15caf5efff56fd06578886052d1adcdc1125464391fa1a4946a0d8e9c9e,9
classification/train/3/train_00231.png,classification/train/3/train_00231.png,62f46e89a786cd2cdd1aafbf5b4e1297bf22a44e09f14a0082ccf52686144e8a,3
classification/train/4/train_00233.png,classification/train/4/train_00233.png,e02caf5dab2aae4e16752e27c06753eff602092c89d8a1e634e83512090b9f8e,4
classification/train/2/train_00234.png,classification/train/2/train_00234.png,4cac4b7d358f038e2dff1a4820be7ee72d78c1ea4fb64591ba86d9ed2040114d,2
classification/train/5/train_00235.png,classification/train/5/train_00235.png,00c827fcdfd32a45fe8c401effe6f8a58b8055e1f3cc8e11048538467471ee3d,5
classification/train/0/train_00236.png,classification/train/0/train_00236.png,c072e4a57c16caf063134e03ed02d8f905f87326a86223c4c4fc30f45b37047e,0
classification/train/4/train_00237.png,classification/train/4/train_00237.png,ce877d38dd3ec2fb7044292ff04226a5bb83147e00af065bc54104ce03f66d97,3
classification/train/6/train_00238.png,classification/train/6/train_00238.png,ad2466eea5bbeb328852c6ee2e474dda5cee526a6a521cea93f3ad62355d90cf,6
classification/train/7/train_00240.png,classification/train/7/train_00240.png,fa6ee641d898b273664fc50b8e4f1482c479240fe41c70764c3ebc4b43df9590,7
classification/train/0/train_00241.png,classification/train/0/train_00241.png,58b43e5a0f1776aac892fa470e75e03f3bcb5c2a3067af0f0b725357c79f9c63,0
classification/train/8/train_00243.png,classification/train/8/train_00243.png,2ec05af8bf8a0de96e55bc69b3afc63e230f80668b65a738172aff29a39067a2,8
classification/train/2/train_00245.png,classification/train/2/train_00245.png,a7899558cc7d77ac37232012226a02a0868d5bf7793898309a289367ded33630,8
classification/train/0/train_00246.png,classification/train/0/train_00246.png,01a1bdd8cb7f636c5736929f7a33ef62913fb8325df68c18c11352378b08c0cb,0
classification/train/8/train_00247.png,classification/train/8/train_00247.png,8a1af02a105b2379312997284cefdacbea98a5ccb8b8cfd695516521f066462f,8
classification/train/7/train_00250.png,classification/train/7/train_00250.png,a049c14e85f650f11e881eca3e343c38a145713736a5db4a56e3ff59fb1bf27e,7
classification/train/9/train_00253.png,classification/train/9/train_00253.png,5bf94071af34877188068061279e5c7c3501fa8ed5fcce91fc56a51487a7fd2d,9
classification/train/1/train_00255.png,classification/train/1/train_00255.png,769a3ba2b7c08f206ca8f3d275c6e65eb64b543b31e3efba88df5f8f4a6a44d4,1
classification/train/1/train_00256.png,classification/train/1/train_00256.png,3225d84a47dee86510abf85cf1ba1c95d755ab081d76570e55cd6fd3f6435ecd,1
classification/train/0/train_00257.png,classification/train/0/train_00257.png,e7940ad1fda6dc84f0edd7e1c2ed34db4edc2c853e182340b799e58047fb7ebd,0
classification/train/2/train_00259.png,classification/train/2/train_00259.png,2a437ee21881106aa6b14096f13d74e244ba99a5780bfbcd998a655e1a51f274,2
classification/train/9/train_00261.png,classification/train/9/train_00261.png,27a82202d16064b923dd3836899e5da964c8eac74af1c032d879bc9e72f8cc10,9
classification/train/0/train_00262.png,classification/train/0/train_00262.png,c65b8c7147f2ef17dd3972d820228a6f7e610391446e563571ff36782b786616,0
classification/train/7/train_00263.png,classification/train/7/train_00263.png,4c57cb41dcb28b430c68c9afb930508aaf6fa04f83da036bb54f301a7da29c1a,7
classification/train/6/train_00264.png,classification/train/6/train_00264.png,a69eec35b6737d3e0092fad2221166238552bf7abe9e0ff29903119cacceccd0,6
classification/train/4/train_00265.png,classification/train/4/train_00265.png,7d71131e0cc53d0f7639f2ab59d26739c36f93ea5126eacb37b25ece5e99494b,4
classification/train/8/train_00266.png,classification/train/8/train_00266.png,a7f7c7d17c2930564dd7ca32da66b57301951dd8ec6498014af86b898ca9a1f5,8
classification/train/8/train_00267.png,classification/train/8/train_00267.png,c4861563246bfc6cf1aa2f6da405e035d3a2a1fd17b2c11e3778776a98afed18,6
classification/train/7/train_00268.png,classification/train/7/train_00268.png,5ea72da5d9d2722a416e4a35446e19135e0685e48ba66ce46175bf4de8fe2380,7
classification/train/4/train_00269.png,classification/train/4/train_00269.png,821b772734c13a03f66d4f80b7e4939b399ff699d3361d72e27a786f1842861a,4
classification/train/5/train_00270.png,classification/train/5/train_00270.png,6d93798e0b5bbd30496a6f6e804ea3801c737d56dcc190181a6311f3b8d550c2,2
classification/train/6/train_00271.png,classification/train/6/train_00271.png,e6f702c9a719b8178408fc9409e8732d7ec2214478d3e088f5b9d21ef764d6a6,6
classification/train/4/train_00272.png,classification/train/4/train_00272.png,0f58737797486eef8382b06ea1b6a7baad40ce383c4a9e3a35b2efc6a4d0efdc,4
classification/train/8/train_00273.png,classification/train/8/train_00273.png,ee9ca8c333e20994ca73c5ecd00562a2e13a4df7eb3cc702a17daacf6009bca2,6
classification/train/5/train_00276.png,classification/train/5/train_00276.png,9da5fa627eb0ada44f3bc5702324f322e988b9a9c6c3def5aa71b58b6d18bcf1,5
classification/train/4/train_00278.png,classification/train/4/train_00278.png,54214974b4cb15bb5dda6f61704f1a46db4180ff5b23686183627964a705e003,4
classification/train/7/train_00279.png,classification/train/7/train_00279.png,fb302dd6a36659b4f7e55151fece278c69f98ae54d6267126dd95d666f3cd352,7
classification/train/3/train_00280.png,classification/train/3/train_00280.png,67e07bf24dcd0f34ff8ad331291bc53aabbd5172741065b31b6b8b04cd11a4fc,3
classification/train/1/train_00281.png,classification/train/1/train_00281.png,53d4a76d3aef3cc7c9eee9d200ee123f75d616b9162f0ca9a6fb6da280e777a3,1
classification/train/7/train_00282.png,classification/train/7/train_00282.png,401150375b99ffe873043201f08b6155243c5f3405c50f67c5663b9ef2f108f4,7
classification/train/7/train_00283.png,classification/train/7/train_00283.png,bef37aac7a3f54b7d59c7269d327932e5053924afcaf0b1e2afa91e69ced94f0,7
classification/train/4/train_00284.png,classification/train/4/train_00284.png,5240855fa50dedf5a4e6826fdc9467ceddfc694c15d9aceac14e0ea034ca5798,4
classification/train/4/train_00288.png,classification/train/4/train_00288.png,aeac3010caa46408645fd7fce6b8b20fb381d64e01965c57d002a58e22305e24,4
classification/train/6/train_00291.png,classification/train/6/train_00291.png,b41eafc6b4c190e2a545e4aa2b81125e811b919713136ca6f4e3fa057e027c6a,6
classification/train/1/train_00292.png,classification/train/1/train_00292.png,60374599ffd9f12afac91515dea534c44ce1eb1ac5f6702e46c682a2b38090b1,1
classification/train/4/train_00293.png,classification/train/4/train_00293.png,66c0907c78a727ea8f898d8f194bd2d59b974df157e89c8f08a82318c67a95f9,9
classification/train/6/train_00294.png,classification/train/6/train_00294.png,273707410d730409fa143365b91b59f7ddf0fb58e36b39c0de3620a8a2174c2c,6
classification/train/7/train_00295.png,classification/train/7/train_00295.png,9987aa65e6b66e287916c9133cf44d54d048e7ecb4ac2ca95802e94d082b4f38,7
classification/train/4/train_00297.png,classification/train/4/train_00297.png,6c390d6a41e3ffa7428fe8f9471cd06b8f6af8d08905d8b409b6fb51820a376b,4
classification/train/5/train_00298.png,classification/train/5/train_00298.png,38af380cdf61d11af5f2c2c78e14869e93a2ce570f906ac811ad70551956db72,5
classification/train/8/train_00299.png,classification/train/8/train_00299.png,eb342e301173a347ccad9efe0fe4e401e45772997566821789d8adceb5cf1b33,8
classification/train/0/train_00300.png,classification/train/0/train_00300.png,020d3316548d30b51c32e3b54c0c5fd020df72b966cdf28ff79e5938a1145f36,0
classification/train/2/train_00301.png,classification/train/2/train_00301.png,26a777b9f9702f7c1d5278de2777b1d88283f276af65f45dc2c2ab516817417a,2
classification/train/3/train_00302.png,classification/train/3/train_00302.png,f6d29c7428f7508b8865c75ad5ed5d669e234d10047ff08b9c0b63d33b27dedf,3
classification/train/2/train_00303.png,classification/train/2/train_00303.png,bf01296253fe7dc5f08af8c0fa86f4831a1649dbb4c67d7427b7df74026b9a1b,2
classification/train/2/train_00304.png,classification/train/2/train_00304.png,ba3a2a6a0c058a70e4f1723cc00b5c99f8a98af448c704c3ac046aa49e5ddfe0,2
classification/train/5/train_00305.png,classification/train/5/train_00305.png,9680e80cc8de7b04037d213ef6ce246a5a8eab782c0072be439d5e169351b273,5
classification/train/9/train_00306.png,classification/train/9/train_00306.png,8be76f716db2be8b9ebaf45734e0a244f593843e0438506d24c0fc9c9c2bf73e,9
classification/train/2/train_00307.png,classification/train/2/train_00307.png,42b7d673f7a32a2de2fad9e94a6ee3cc9f6dab9e664080b85dc55551cc690eb1,2
classification/train/3/train_00309.png,classification/train/3/train_00309.png,074ae30ed48b2a721eeadc101cf2ff68dca71ee436ea30ff603db90173d7a108,3
classification/train/1/train_00310.png,classification/train/1/train_00310.png,b1d4a00ba2959a0a213d59bb2b1d2fd0e9bdbcdbb11e98c83fdd14f9a7124410,1
classification/train/8/train_00311.png,classification/train/8/train_00311.png,e0a33c8c52af1ca82627e060cdc205123cce57d7d66670547a4ad914afe311e4,8
classification/train/7/train_00312.png,classification/train/7/train_00312.png,8c541e65d384060e12cf5aa5eded39f5b5b5400f7e6a22fc292c04543c72060b,7
classification/train/8/train_00314.png,classification/train/8/train_00314.png,d035519e901a9a8cda46fd91409c2da5ed6edbbefccdf0a1cf4b74ec17b9ddff,8
classification/train/5/train_00315.png,classification/train/5/train_00315.png,6e629450bc21b0242c14178fb56cff07c75b77b41ad7b05ee928f46f4c414068,5
classification/train/5/train_00316.png,classification/train/5/train_00316.png,ae9fa91dce72202f4547608f6ffbb247ce2de8ee33d8b8f9442ad7ebcb4b621e,5
classification/train/5/train_00317.png,classification/train/5/train_00317.png,170ca2f16aed773c72f2efc260f07671ebcd53c4e164c1200f5ae0e50c85cfde,5
classification/train/6/train_00318.png,classification/train/6/train_00318.png,0d1eaf9b7830ee0f4b35dfa45e1448f8697878781d447e6365b7f6431845f5ae,6
classification/train/9/train_00319.png,classification/train/9/train_00319.png,c1f9f144592d1ac6d13a4c9159faaf54607931b128678982e2b2f144eb6257e8,9
classification/train/1/train_00321.png,classification/train/1/train_00321.png,ef5a55833f64b5c8e2c1ff79d757bc133a5cbbfece03e3b8772e23f6ea13309b,1
classification/train/5/train_00322.png,classification/train/5/train_00322.png,560ba43239a74f19d931938c2557529587eeaa82539fd9fcbd73317afdfd20fb,5
classification/train/4/train_00323.png,classification/train/4/train_00323.png,e4e3219c99be2415570bd04ca56fb25298dc2066c20554a2165737c87b2d251e,4
classification/train/0/train_00324.png,classification/train/0/train_00324.png,f724b18e49222dc3b005a97c5ebd1aebd8d11045363e7f0c80235ed90fb3b013,0
classification/train/3/train_00325.png,classification/train/3/train_00325.png,94338edfacfe1430e0abe73495b6bf5e2bdd5714991baba7252bd817a977293a,3
classification/train/3/train_00326.png,classification/train/3/train_00326.png,8f659f6e1c9dc5f3b827e1f049ba75bf2192017fc09d44d4eb94b228fe618363,3
classification/train/3/train_00327.png,classification/train/3/train_00327.png,e79070d81e2f8d84ba4a2c8c549f94c3d870d73e0f58f480bbf93a5ac31607ed,3
classification/train/0/train_00328.png,classification/train/0/train_00328.png,7b1fa47e5bc33c6c5a9369ddbaf213de0cd454f8942e37c7678e28e890154447,0
classification/train/5/train_00329.png,classification/train/5/train_00329.png,1c6df496d8ecc1c2e3a9f9171293fe93a2311b67a725638c8ac2513cdc7ad0e0,5
classification/train/0/train_00330.png,classification/train/0/train_00330.png,8a864daab754e03da19cabc6575634d348d5882a7c152ffaf3a7c1941e18a1a5,0
classification/train/9/train_00331.png,classification/train/9/train_00331.png,a49d3d4c5c319e62488ea96402516e8400b8957720eed5db7d9ce1f2eb9e622a,9
classification/train/2/train_00332.png,classification/train/2/train_00332.png,3a04735d2320add536c6ab6d1246136622a5c8005c9bcdea00ef4cc8e1c86d17,2
classification/train/1/train_00335.png,classification/train/1/train_00335.png,4405dddcd8f880ac7b1ff18e7ce38ff6c4aca72a2efccd9f9f8ccad9424111b4,4
classification/train/4/train_00337.png,classification/train/4/train_00337.png,b41776235e9d1c827d84f7bb138fa8fa8e8ab2db8322fad4fe46c3f70e934339,4
classification/train/7/train_00338.png,classification/train/7/train_00338.png,863a4a9ebf10577da317e448ab777af14efb6fa740d523b15a1e4b02d83fa4fb,7
classification/train/1/train_00339.png,classification/train/1/train_00339.png,843b236d64b95050210e039232ad243b9f9c7679b97b523d5a73ad515ec8a90f,1
classification/train/0/train_00340.png,classification/train/0/train_00340.png,53c27e15294e53da71a5ebc093c149aef52db56d6303b6895890b8c49342bee6,0
classification/train/8/train_00341.png,classification/train/8/train_00341.png,cfe1535e290bb467192bbaf909baf2653f120f82d35e7c31a40d7cbbe37019fa,8
classification/train/8/train_00342.png,classification/train/8/train_00342.png,d860cd6821f1ef8b245f36695c0e246fa0e095decf6f969dbf574c12ddab17e4,8
classification/train/0/train_00343.png,classification/train/0/train_00343.png,9fcadba4d58099a1ba2983431e6569e119e1db3de766c45d120df0285afe2c7b,0
classification/train/0/train_00344.png,classification/train/0/train_00344.png,f4cb1d62e4a391d852d6966ba583cbb91fb85c5b1083eae2e77f758ce422daad,0
classification/train/3/train_00345.png,classification/train/3/train_00345.png,a8f6c05a2c051eed8ed6903250a5563afbb9d13c49d9fc0e00ecc35639d64153,3
classification/train/8/train_00346.png,classification/train/8/train_00346.png,3a65c7238f85f4d3427f0fc9a75e27a323bb3eb5b01609ed7003e00990406db6,8
classification/train/3/train_00349.png,classification/train/3/train_00349.png,f27213f2cd5884fe00e0a04df6e5861158b062bdef057888612131946634f696,3
classification/train/8/train_00350.png,classification/train/8/train_00350.png,8f949043cce0749894ea4ea27e342a94cb2ae24b9ae5609266b1792a8f96bdb0,8
classification/train/2/train_00351.png,classification/train/2/train_00351.png,3dc8695b72aafe595a0493213ea5dfa4e6f2b4047a81faae636f6207d8e8cc55,2
classification/train/6/train_00352.png,classification/train/6/train_00352.png,a47c45ce98539c6d15de1ebe3d2cc6517e6ac8b1d98f6cd07e163be0fdc357b6,6
classification/train/7/train_00353.png,classification/train/7/train_00353.png,eea2f4caa10e00f628cf5dbaffa374b3525f9ee3d0ffe31f2655b84e920e85b5,7
classification/train/0/train_00354.png,classification/train/0/train_00354.png,7335ab209dcdb044f90414684dbbfd5911a96b99e60b82eb7349159eb9145536,0
classification/train/8/train_00355.png,classification/train/8/train_00355.png,88b2a3708591626fbf985cef05066e2e9a10fc2e48c8cfd090d7fb960d93b211,8
classification/train/8/train_00356.png,classification/train/8/train_00356.png,e9890a1d2179b418fd697d3d360dc2eab451e57965fb33dd384f570a53f89916,8
classification/train/6/train_00357.png,classification/train/6/train_00357.png,cdc5ecbba48fce9fbde0c592379004cde69e9c718967481854cd4f31e5c7e809,6
classification/train/6/train_00358.png,classification/train/6/train_00358.png,308414d852c00b56011698d26ef123b0771dc6b98d15c6bf559b7f6ac05cab7b,6
classification/train/4/train_00359.png,classification/train/4/train_00359.png,13bd776a602201f95f5362de494d2129bb7cffb6023f3634bba907d0bb99a272,4
classification/train/6/train_00360.png,classification/train/6/train_00360.png,3be8a0b2f56c523f38fcb27d4a27b08afe244bd8752f39418aa375038b1e2bc5,6
classification/train/9/train_00361.png,classification/train/9/train_00361.png,7ed9e5d9c3185ef9e224ffff15b1769430462d1daa3392aa44577bbcaf287f37,7
classification/train/4/train_00362.png,classification/train/4/train_00362.png,9cb2cdba7190b389f00b1ca8a93d4cf94f416ed7c78535dd5787751cc71f4506,8
classification/train/7/train_00363.png,classification/train/7/train_00363.png,e54ce1509c7cae1806475bb4eca60af2550768b58f781bc54ceb00e818561ff5,7
classification/train/8/train_00364.png,classification/train/8/train_00364.png,96a0ead354c086bd98e2cacbe474c94f9e6e4422ebbc780af7cf63c48277a40e,8
classification/train/5/train_00365.png,classification/train/5/train_00365.png,88ad8c20be6c782a2d124288590157dcf84d603476ce4db0cd9a4016df6496fb,5
classification/train/5/train_00366.png,classification/train/5/train_00366.png,3ecb87bac6159024dd0b42e7113200cc7ea919859ed0d4a97efdb7755d3da223,5
classification/train/7/train_00367.png,classification/train/7/train_00367.png,23b2d7b57294d127e2eea0b02ab6873d11b1174f6dc3264db96c071c1b26a32c,7
classification/train/0/train_00368.png,classification/train/0/train_00368.png,b6eb621abc42f4e0aaf11f649a9a5eeb22f2cd0b081d062a5b594b3576ce6835,0
classification/train/1/train_00369.png,classification/train/1/train_00369.png,0cee3ba2fa39de86aaa71e939eb8812adb36a474f2eb27e5183fbfaafe284366,1
classification/train/8/train_00371.png,classification/train/8/train_00371.png,d8973c95e3746c0edc42adeb2cbe1e4350595e30c7157cd78625027f7cc400e5,8
classification/train/1/train_00372.png,classification/train/1/train_00372.png,c8b2fc27c6c3a8c264283352eabfba88d7692f9c6994215a8afafba25d654392,1
classification/train/1/train_00373.png,classification/train/1/train_00373.png,e77d03c1cc0e36f86403c353de856bad4bea94a1a35ace422066fb8a7e0e77c8,1
classification/train/4/train_00376.png,classification/train/4/train_00376.png,0e2036361d63c5d018c09e0c4a8e6da98b3848fa7559a8ff32c1264d49cee494,4
classification/train/3/train_00377.png,classification/train/3/train_00377.png,0c53a16e4b4fbef5c919f5ccad6907f79b6504a02f228737fce3958eab9d40ec,3
classification/train/7/train_00379.png,classification/train/7/train_00379.png,43ab888c2af0c6dcc768bea914f1e32303a2eb2847988efa7aa0757b1825d123,7
classification/train/1/train_00380.png,classification/train/1/train_00380.png,601ccd34fb4964c959a617c176840a10370b9ad7bd21d6c18a237aed03597c3e,1
classification/train/4/train_00382.png,classification/train/4/train_00382.png,6882283cb92b8eee63afe6036a93648d51bbe6f7074120b3d3b87ae82f2df5e0,1
classification/train/5/train_00383.png,classification/train/5/train_00383.png,841ad70f4d3a006ed2a6c38be5cb1469363e142f057ae1344f594e0093614be2,5
classification/train/1/train_00384.png,classification/train/1/train_00384.png,028c03e9a9670fd762f47ca15b57881576d9e5bd6a20c55a44d3d2e86c930930,1
classification/train/6/train_00385.png,classification/train/6/train_00385.png,64636e068f56d6c7cee85c3fe4a2f03155491afa6dafc84a468b9e7a02d7e90d,6
classification/train/6/train_00386.png,classification/train/6/train_00386.png,d8da27658eedf596ed5a6bef3f5ebb12e5fc566d9ad2f98bb0e5c5ec0679a8ad,6
classification/train/6/train_00387.png,classification/train/6/train_00387.png,ad686bc2232d9fad84148d013c1e47ae83e44489606584004571ac49bf3ccdd7,6
classification/train/4/train_00388.png,classification/train/4/train_00388.png,f4e9c9162a3d397ee8ccc8bb3781d5baeacd4a420e7b12bfeda1e0e497cd3e98,4
classification/train/7/train_00389.png,classification/train/7/train_00389.png,bae16bc004a75f361317f616c76da0b8ef4c7f7962e921150e0a8fc5c9a7ede5,8
classification/train/0/train_00391.png,classification/train/0/train_00391.png,815d7ac8b6b3f589b99853a29b5086b577751a0a64993e374c3a51e1810caa5d,3
classification/train/4/train_00394.png,classification/train/4/train_00394.png,570e4316efc7a0da70942c70242223f9274729e51003b1ed014dae7ebf1b969e,6
classification/train/9/train_00396.png,classification/train/9/train_00396.png,4f11ebd49156f8680f19cdf475c000d46f8b31012a79588a5c7e4b2fb2cb6ef1,9
classification/train/0/train_00397.png,classification/train/0/train_00397.png,c07eb15f9b295f13fafa0c0f3e5a65d39d13700aa9782a94cb7812b155baea50,0
classification/train/2/train_00398.png,classification/train/2/train_00398.png,9c3ea760e8b19f61f9e4619ea7f4f4f43ec2684a8eb147255d1bce299aa9d3f3,2
classification/train/2/train_00400.png,classification/train/2/train_00400.png,4e063fd2d1e98741bc775b368829967a1c5ebd49c5c94121af0154cb643a9c94,3
classification/train/7/train_00401.png,classification/train/7/train_00401.png,2213f65e223f606bd9f226bd0a8b93065c2714b32f653322a13bd87a6b458ac7,7
classification/train/4/train_00402.png,classification/train/4/train_00402.png,adfa630a91a3581aaa37bb9eb622e02c0674726ca39d2a56c4e4019826e1ce79,4
classification/train/9/train_00403.png,classification/train/9/train_00403.png,c1c26da6379f8b5838c7cdc1b76c70f8cd5d87168fe0fbe94fc21099b1088bc7,9
classification/train/7/train_00404.png,classification/train/7/train_00404.png,fd4d33511dd63b8e3bf647741e5492f53ef12e38f559758c3889361cf26e1d84,7
classification/train/6/train_00405.png,classification/train/6/train_00405.png,84db08fd3c2fa0d0d204371a5edbaf46a4e8afe11a4679415f80caf94e086b74,6
classification/train/3/train_00406.png,classification/train/3/train_00406.png,c6bb084133ed5d0f5e8f03fcabc50eed59b35c794728a046c06ac9fe771c23e5,3
classification/train/5/train_00407.png,classification/train/5/train_00407.png,1365bf69d9861f101604e3bab89740eb0adc6b916780e9b7ac41fa35616c9314,5
classification/train/0/train_00408.png,classification/train/0/train_00408.png,c9dc9a72def2fb183765ac8df05bcda32ab58fa1037360533a2cacb3d56c4001,0
classification/train/5/train_00409.png,classification/train/5/train_00409.png,2099a891ce8cba113265b15a1809080dce0edbd7c6b280ed237ff935731ee21e,5
classification/train/4/train_00410.png,classification/train/4/train_00410.png,2028ce37791c7bf55ca9a86729f6a90f0da424379509c1916266c9e9df038d1c,4
classification/train/7/train_00411.png,classification/train/7/train_00411.png,21995d8801fd33a9e11ae21ab0e115640f308ea2a0c00825eb897dbc1e1f117a,7
classification/train/0/train_00412.png,classification/train/0/train_00412.png,87b91248b83d2566b98145baf6f848e7a12323b6200f3f07797452cdd9b5748e,0
classification/train/7/train_00413.png,classification/train/7/train_00413.png,5d5e4f08c6724a2596a213417148c85535f4cd4e27f4b1ab715b1770abe5eab8,7
classification/train/9/train_00414.png,classification/train/9/train_00414.png,4e4bf2003e1a6f1fc634cd4d76364f1f04d6544c819e5b9dd2ab856aedbec53b,9
classification/train/6/train_00415.png,classification/train/6/train_00415.png,20e32506090bcdffcdd9516bea5495ef651ac3478d02148087e2431cdd7a9fa1,6
classification/train/1/train_00416.png,classification/train/1/train_00416.png,b97f8729ae0ed9ddb7d5431f496ecbc333e1a3ff0cae319b9e4d65f658df6c4e,1
classification/train/8/train_00417.png,classification/train/8/train_00417.png,df5c9eae846fb067050d0adf09c15535649136a5e60be19521ff4a3bbe5a967b,8
classification/train/2/train_00418.png,classification/train/2/train_00418.png,a59dce0478ab86ca93b37fd733d6e3328ef97c8c813a35910a40a8b0b9665555,2
classification/train/2/train_00419.png,classification/train/2/train_00419.png,3c7fc58ebe6f8c46b6b6b51b91eb1e09209801fa0305454df2f59efbfc2eb52c,2
classification/train/2/train_00420.png,classification/train/2/train_00420.png,c90bacc9302cd4f2e4c6c7d412e4e779ff2a7840f8e69b3c1ad670c34e3fe88b,2
classification/train/1/train_00421.png,classification/train/1/train_00421.png,5f24a88ac0fc0b5fd7d5c5cec99ffb1d1984b2ab1f4645949d57249e2cda71c8,1
classification/train/0/train_00422.png,classification/train/0/train_00422.png,ebf6d06b967c652ac119e12f211ebd210fd65b3f3305e70952edfa2a1a2e3a03,0
classification/train/9/train_00423.png,classification/train/9/train_00423.png,2c61f7d4b49d6435ed5b804ac6f5cb3fa6e11ca89a96dcbe595dcb2023f18124,9
classification/train/5/train_00424.png,classification/train/5/train_00424.png,62d484fc244f2ca027080b3d89858a4b50df329facd5cd085530cfa332e5fd01,5
classification/train/1/train_00425.png,classification/train/1/train_00425.png,e9c552bd20a0a9cdb2a1d18e3cf19a334edf92a6cd19d50aa71ed5eff7a13277,1
classification/train/2/train_00427.png,classification/train/2/train_00427.png,bd804aa9f4f68a4e9f85834cd8a1c2bbd9002df725808671f775a37bd4bc0be2,2
classification/train/7/train_00428.png,classification/train/7/train_00428.png,ed7e9abf1a89e67eed3745c86610bcccccc4677125e8d0f6cc926ca9a19ffaab,7
classification/train/2/train_00429.png,classification/train/2/train_00429.png,558b37dea35b82959827510f77eb3a127b067d078b7614726c69ed442c4f9d1c,8
classification/train/0/train_00430.png,classification/train/0/train_00430.png,fa8c4218d75e1133f3c6bd8dfb01300d77a5e0d3bc22bf8dd60ef8605358ce60,0
classification/train/9/train_00431.png,classification/train/9/train_00431.png,315a739ddd3ed8959eb7d2b131944ef42d3c7da3392a66bad503910a1613f1da,9
classification/train/1/train_00432.png,classification/train/1/train_00432.png,5e7f562adeca9a2f6311ce780f2077c8f10d302a015f669a6ddd572789bf5ee3,1
classification/train/4/train_00434.png,classification/train/4/train_00434.png,ea96fd8d2f07bccc596d4e73bf0bc5775cf19ac44c12a739ca2b089c8ddc97de,4
classification/train/5/train_00435.png,classification/train/5/train_00435.png,e1ee8f5acdd0d517750e13a64b29178a2df719aa8f540385390e46ac2df9fa48,5
classification/train/5/train_00436.png,classification/train/5/train_00436.png,4ad738fd0f1a73ac6567264ad75a129f57c07cd34a57cc4fa92a2eb82e01dff0,5
classification/train/0/train_00437.png,classification/train/0/train_00437.png,6cdc64f61347f7b05016a9c9157c4817acbd23833a3eaf0634628fe25d08d87b,0
classification/train/6/train_00438.png,classification/train/6/train_00438.png,bde6e109fa30648b30431aceae7a989181a213b98132477e3c13d9eb392bca77,6
classification/train/2/train_00439.png,classification/train/2/train_00439.png,5c2bcf607663532e8936e56cdabb5c0890b4e14d265c29422f310e10c3cc63ec,4
classification/train/7/train_00440.png,classification/train/7/train_00440.png,343605736a67b254b0c60e689f2043041bc066bfb4188ff53072d05040c15a87,7
classification/train/2/train_00441.png,classification/train/2/train_00441.png,db92a1f0a37758e450974d9bba72c158fc4b7b70aacab6432827e4db736cd8fc,2
classification/train/2/train_00443.png,classification/train/2/train_00443.png,84fba66e90f2f2282383b30913baf6c6a606dc4b4345df4de5c18da2a977bc17,2
classification/train/0/train_00444.png,classification/train/0/train_00444.png,b081e3a92a88f438b7154ca494f50958ca022fe1911a3f64d3cfadac3c7bc1c1,0
classification/train/5/train_00445.png,classification/train/5/train_00445.png,76a94c714114514626ef8d1fa8bbc229ac92cfd02e346a02f2fecdd26271b564,5
classification/train/8/train_00446.png,classification/train/8/train_00446.png,4577171f4cbb31e81541469fdbb985ad1e7d6f17696b68e9c6786c1132a45424,8
classification/train/7/train_00447.png,classification/train/7/train_00447.png,6246ce0f746ab9f34ebdd1c426e6761be11ccdba4f80a85aa8db58465d19fb80,7
classification/train/5/train_00451.png,classification/train/5/train_00451.png,901268b4c49cbc9ccd28177fd4e77778ca5de177d15de9fb4cdf29b67676792f,5
classification/train/5/train_00452.png,classification/train/5/train_00452.png,c03ac4c62fc4bdeb757c5aaea41c6dd6f9b0f4173acd50b9ef8bf0236ac4d63c,5
classification/train/7/train_00454.png,classification/train/7/train_00454.png,07f538f628a269a9635c6d755c5ae0ffe31b114a9a9f52ccf59f2d26fa368195,7
classification/train/3/train_00455.png,classification/train/3/train_00455.png,44f7acff9d342716d41d98f62f11040c9c09e3b8ccc295071258b988faf2e016,6
classification/train/9/train_00456.png,classification/train/9/train_00456.png,f7dd51d42e3f63afb3cdd8b721f3003a495bc2cbcfefe9b95f1cf0ddd6728625,7
classification/train/1/train_00457.png,classification/train/1/train_00457.png,83c928ea8b84e0a1ab2eb598475f94840e7c6b24f7a1a297033f3afbb35a77e6,1
classification/train/9/train_00458.png,classification/train/9/train_00458.png,1fc85413b00c31bc019a0b7ad226643f5880cfeeb0e9ade7686df26db9a2e643,9
classification/train/1/train_00459.png,classification/train/1/train_00459.png,718f4953613412bbf07d1bf09142c96ffda5e7e114236cbae11d441f0ea51c60,1
classification/train/0/train_00460.png,classification/train/0/train_00460.png,2bf9b2e6ca7f14c7583518b5d7c184ea53367185dbceda62ade3757c83ee81bf,0
classification/train/6/train_00461.png,classification/train/6/train_00461.png,e2839e84afe720c9fd187d10e0bf87b63540e48f07174f7ff6688ac5f6001dc2,6
classification/train/3/train_00462.png,classification/train/3/train_00462.png,c4df899aea8f8eabac64ec31471bcdd933de9d7cd8865eb346986375d6d7949b,3
classification/train/6/train_00463.png,classification/train/6/train_00463.png,a89395ad97bb7787d5fea94e8d25fbe2501eb2d394b79c62d0e979be2003886f,6
classification/train/1/train_00464.png,classification/train/1/train_00464.png,3713b32ee66699ceb9888a58124a7c210ee6a01bf0e52257e709701716391f99,1
classification/train/6/train_00465.png,classification/train/6/train_00465.png,3b00b95235e7c71992cbff1e025e1ee11fcc0b27adcfb2c9cc72669bf51ec50a,6
classification/train/0/train_00466.png,classification/train/0/train_00466.png,8fb1f5b24058d2c60dfa5b144439f7024aa8a8c338e3e0f7646d846a5e5aeb32,0
classification/train/7/train_00470.png,classification/train/7/train_00470.png,9043219b803ade68793db4698053838982151af6c1341d9c20f9055bd43a6696,7
classification/train/8/train_00472.png,classification/train/8/train_00472.png,934aa3d680e98ca1b66b9a443bc594204f66eda72253ca4d9ad771b5ace287cb,8
classification/train/6/train_00473.png,classification/train/6/train_00473.png,b345a90bbe74490c444bd3ceaa57b24062da215be12d06e5284d1f605eec7276,6
classification/train/7/train_00474.png,classification/train/7/train_00474.png,48d8ac32ad040afc0c4622698113ba19ad38506b892270b1f8f6a601f9f563d2,7
classification/train/6/train_00475.png,classification/train/6/train_00475.png,0fecd3ffea2724068b27b1755220ebb7bb8cf43d05c4f75922a96fa364c880fe,6
classification/train/3/train_00476.png,classification/train/3/train_00476.png,583bccdaca9975858971b3ecd86dd6933cc253e1d87249fe151541bc4b1415b0,3
classification/train/7/train_00477.png,classification/train/7/train_00477.png,b9db96a8d7a2ae530dfdc6aaad9bfe38496262fe38420766898b9cfd83b4e2fb,7
classification/train/9/train_00479.png,classification/train/9/train_00479.png,5d1894caef5f01a2a9e2e7714a9c280862da133baab6b93c264da8c07b3d8cd7,9
classification/train/1/train_00480.png,classification/train/1/train_00480.png,127c0604434903fcf94a6214ebdd08d4f63bd843faca4c0d3573e8d15ae4ba6a,1
classification/train/8/train_00481.png,classification/train/8/train_00481.png,54bce2bfe7ad6248b801f405ccabee0fc6c0fc7f93ef88ccb1facb502fd06905,8
classification/train/8/train_00483.png,classification/train/8/train_00483.png,58b68711c578dc879a3ba46bd58611c6ec17ff1ade7b04bde830bd85add06b22,8
classification/train/8/train_00484.png,classification/train/8/train_00484.png,bc72a1ba1e1dea839d029e2b322e177504294c56b4a5fd2838c9f1a50915ec7e,8
classification/train/9/train_00485.png,classification/train/9/train_00485.png,c0a08db707b4cc55b05539c9a9b27ab46e4b3ca29d826d337781f2a2b76b4c43,9
classification/train/4/train_00486.png,classification/train/4/train_00486.png,387a04724bfd1cbfb4fba8990ae25d4a92bbc0a318d880fc368e479c57b3a6b9,4
classification/train/0/train_00487.png,classification/train/0/train_00487.png,ec915d078e0f1a5b80f02eb9dd324cbf85428c82f3e79dee29a1e5dad285f7bf,2
classification/train/9/train_00488.png,classification/train/9/train_00488.png,f8aca29faa338b7b461328fd67df4dc99a10f184870d8c6ef99ddac1c6d09907,9
classification/train/1/train_00489.png,classification/train/1/train_00489.png,b3d8708ae529d1d940ef3ab3a6050d732af07b942697d1658a325d2b868cbfac,2
classification/train/5/train_00490.png,classification/train/5/train_00490.png,0355181a9d7c0be0c47c85c0554e0ebd3a49a9bb08e8409633081ac7765e1609,5
classification/train/2/train_00491.png,classification/train/2/train_00491.png,c60a98f75e62020d4e230c80745c54985faf10d01f280285585d35c84c2c1e04,2
classification/train/4/train_00492.png,classification/train/4/train_00492.png,105aa00bcadf18a448c35506a2fb0dac001f5f48aa87578e7f1e9b29a418eb19,4
classification/train/3/train_00493.png,classification/train/3/train_00493.png,113d0cce84289a88b6c2c471f25a3eeae38331782c1d596f4c3eadf51fdeb456,3
classification/train/7/train_00494.png,classification/train/7/train_00494.png,fc9dadafd17163a5b5ad3b2b076f3a6913a51a9b3d1b51d9b04ee5e3480f0cd1,7
classification/train/5/train_00495.png,classification/train/5/train_00495.png,5f6d9cacd88597e57abb2cc123f1054b06ad03f2c210b690b7c3c3b0a448e087,5
classification/train/1/train_00496.png,classification/train/1/train_00496.png,050ee9b664a58016212ade8298c73b2b773077fa94561fba94d5f136641667b2,2
classification/train/6/train_00497.png,classification/train/6/train_00497.png,b2c16e030b04689d8b6622ecbbcefc03fab917d50b46cff00c1aba47ba62851c,6
classification/train/2/train_00498.png,classification/train/2/train_00498.png,23219af848328010a323482500b758391c7b0b67172e327e4cbfb1d707125910,2
classification/train/4/train_00499.png,classification/train/4/train_00499.png,25c8fd5cde868e69e60cf7cfac3edb3d83c212e536182023ebe535af5b01d238,4
classification/train/5/train_00500.png,classification/train/5/train_00500.png,6d1095b949eabc25fc7af8b3a898cee75ff965d6e0cd7a2fb4b6e8111d5c7303,5
classification/train/8/train_00501.png,classification/train/8/train_00501.png,43978c6ba7ef0be4adad7a7ae7ed49745f80c3576ad8df0c68ccd90cdd22843f,3
classification/train/2/train_00503.png,classification/train/2/train_00503.png,68fb113644bc3c6fb48ba3802a764a6480420cb07da6b6301c7d5fd1ee580480,2
classification/train/9/train_00504.png,classification/train/9/train_00504.png,4a9fd6461de09ab23531d4c46fcbdee3dc193c2189ff7330a0bedcbcd123148f,9
classification/train/3/train_00505.png,classification/train/3/train_00505.png,5a480ca3d89fac54a7cb79cc4a809502665a4a10dbc326021bd360b92b4b5e72,3
classification/train/3/train_00506.png,classification/train/3/train_00506.png,d78fb569facf466ee86da62dd85e9c8dbf9adca26e19af58cad599ae455a5169,3
classification/train/5/train_00508.png,classification/train/5/train_00508.png,686e4fd8063f6ac98e6e87013ae52943dc8f9437217ce632af832ec447569ebc,5
classification/train/2/train_00509.png,classification/train/2/train_00509.png,ce9d206ccc3d5dedd31ec4dd434bbdfc8bc57c16da36b6f50424fcf7787fda4c,2
classification/train/3/train_00510.png,classification/train/3/train_00510.png,28d514c03125966858132613d676f044076f22147cc38677e91c711151b1f55b,3
classification/train/8/train_00511.png,classification/train/8/train_00511.png,6e0b1241f698e4675a176d08c48c4886d272230e5edd6351b1d0533d09e15b9e,8
classification/train/2/train_00512.png,classification/train/2/train_00512.png,890d8640c7949468a840c21d7c2dcbe18fa9c8cf9a868d4e7c915e4af44687b6,2
classification/train/2/train_00513.png,classification/train/2/train_00513.png,7551dff20558b8d4ddeaafef0c314598217e01cb3f4b0ce410da0a5e724dcdd7,2
classification/train/3/train_00517.png,classification/train/3/train_00517.png,9f2761592c3df6953ffef07552fd61ceb638b45ef2e6423f6cbda225c8cbda53,3
classification/train/9/train_00518.png,classification/train/9/train_00518.png,96f9de5e84910325ca7ff2277fcad8466cc7af944b7d204d609046f612c41805,9
classification/train/9/train_00519.png,classification/train/9/train_00519.png,5cf34696913d4341810dbabff80253bc21d436d19cb9573aa38aa1b1814e374f,9
classification/train/5/train_00520.png,classification/train/5/train_00520.png,6b787c8ee575b96d328b6760bf804972a0db642ad6c57a18e94d280a6fe86b0c,5
classification/train/2/train_00521.png,classification/train/2/train_00521.png,b573916b5e6b9bffbff12de2797e53dcf9338fafdd7068ee3d9ff8522e4a7146,2
classification/train/0/train_00522.png,classification/train/0/train_00522.png,80be6ec5af8cb2fc67ab4851a7c940f6581fc8d36f4fc2d0462b1dcb4fe097e7,0
classification/train/1/train_00524.png,classification/train/1/train_00524.png,db7abe9cee6fa92fa2e764397c56dc290838d784673412f4471416c910028d07,1
classification/train/9/train_00525.png,classification/train/9/train_00525.png,37bd543f883e718b4fff51fc5a043d418ec781569f08978d2f2004482d115fcc,9
classification/train/5/train_00526.png,classification/train/5/train_00526.png,283cfe9aee37c6e49aeac062555caaa42e2091b3652d1b7e968eb179bba8afe5,5
classification/train/8/train_00530.png,classification/train/8/train_00530.png,50f08a5e2fe2752c7d12ffd169787766fdf36dc6817edde49ea38c9ecec0606d,8
classification/train/1/train_00531.png,classification/train/1/train_00531.png,0f4477ec1ea4505c702c2f73ebee734fcba379047bc591e54a901735fafb7817,1
classification/train/3/train_00532.png,classification/train/3/train_00532.png,326424e7daf09ed5a54a4cb91c33492eb7e76c10f06191140bc6f65356847497,3
classification/train/8/train_00533.png,classification/train/8/train_00533.png,c40761d9dab472f69b2203578c5d811900c2692984a522dd650fb5177b057be8,8
classification/train/4/train_00534.png,classification/train/4/train_00534.png,1d9dd15cbc20a63d2bbcc87b776b7ac7bc65d4a62c86a3ea51b89645a2cd136e,4
classification/train/5/train_00535.png,classification/train/5/train_00535.png,f43e6df9377ac2b606bc3ee7700c01fd51c3598a50ae613f02e6a2800286809f,4
classification/train/8/train_00537.png,classification/train/8/train_00537.png,641bac38944ddd72392877382dc381fa751d6d02fbeb9472bc5caa0f5b4807a2,8
classification/train/6/train_00538.png,classification/train/6/train_00538.png,6e11028e422af927d3860f7891de225feaf0c0b62f61b468e869cb55f78f9cf9,6
classification/train/9/train_00539.png,classification/train/9/train_00539.png,34320d3e2b09f8cc5c327033cae3c44d39bc609ecb450fdd80d337bad2c3214c,9
classification/train/7/train_00540.png,classification/train/7/train_00540.png,5170caed7c8622e1dfe356cebe96fd3001f2372b93a16ec8b8dac1abd46881fb,7
classification/train/1/train_00541.png,classification/train/1/train_00541.png,86bec44624ea0ab3da76f18522d95780a1c72a017626d499a5a2d24f67841a58,1
classification/train/9/train_00542.png,classification/train/9/train_00542.png,c30c2a6eb799bd97df02b8a77fdca02db01bd2a5ca72550d17ecbb26941a506d,9
classification/train/2/train_00543.png,classification/train/2/train_00543.png,28dd5367caee4c0808e9795e31d210685cdf01064b8fc54c7ee1aa838c434e63,2
classification/train/4/train_00544.png,classification/train/4/train_00544.png,7e1c1177c5d288caec1f52f1145b1eabc221ceccec1fd89ab6cbbd73ce063a87,4
classification/train/6/train_00547.png,classification/train/6/train_00547.png,1595bb0d8d3dbb401e0d572965b06fff9db202836492f0f7ce15c9c54cb9715d,6
classification/train/2/train_00548.png,classification/train/2/train_00548.png,46948b4da9f35da96d56b12a0e9fe1fcbac6dea22edc7d48b60c15503fa1a36d,2
classification/train/6/train_00549.png,classification/train/6/train_00549.png,411fe41abc8cfadfa78f8e78c60d85b9eefba95b0488d7d2e9e37e094a11f90e,5
classification/train/7/train_00550.png,classification/train/7/train_00550.png,2486d5276be8d150017bd212ba0c302e8c337eae08975c496efeacd3e01c4282,3
classification/train/6/train_00551.png,classification/train/6/train_00551.png,d4e1dbb00755bd7aec38330ea0e357db4000620f1cc2850d7c1ef4069ee7709f,6
classification/train/7/train_00552.png,classification/train/7/train_00552.png,65cbc19f351642039f0ba2c32ce58d4a3df849824cb9a6433b1c345efc2ebfa0,7
classification/train/0/train_00553.png,classification/train/0/train_00553.png,f4fa9cf1d9c85d57b4af15f33f753032272577e2f99a36438830e51f63201224,0
classification/train/1/train_00555.png,classification/train/1/train_00555.png,9fb504670c8f437071ba478828ddda9f24de0b79a909a11dfbc333cfdffa55f4,1
classification/train/4/train_00556.png,classification/train/4/train_00556.png,3f0b173cef9c4af3719401b74ca82b747ac965d5dd1d87d416e3a3ca43dcfcb0,1
classification/train/1/train_00557.png,classification/train/1/train_00557.png,9e8b61786efb86ab22c66900601561f280a6bc2156be936f13f8a5d0577d0b0e,1
classification/train/0/train_00558.png,classification/train/0/train_00558.png,25deddf9e012efd02d0b0eebaf24bfafc5dd05c96cf837c4127b03792acd12a3,0
classification/train/8/train_00560.png,classification/train/8/train_00560.png,273be20da8a0f1d53cb307387d4ed47509b93a57e4d2a676693685c0cff9d282,8
classification/train/2/train_00563.png,classification/train/2/train_00563.png,a446f0a7bcc3aa3e707ca308a9736badc517927c9bf3340ae38cb5b6265f2c92,2
classification/train/2/train_00564.png,classification/train/2/train_00564.png,80ae6a74a4b93bd6531ff6373bd56c1ac435f97c182561670df12b01cc2cd4bc,2
classification/train/9/train_00565.png,classification/train/9/train_00565.png,7d0e25aa36c72e14bbf219e7d5ea23a74dbf061ece29bdaa08b2fda93bf2a81b,7
classification/train/1/train_00567.png,classification/train/1/train_00567.png,5c09406f2f448c2639b3026be50ed2e59ee679955e4c0d2eaf757270e1f787d1,1
classification/train/5/train_00569.png,classification/train/5/train_00569.png,293d16a6ca41a793cf46755a87d604029affc26d14981a507c51c9a5617abe89,5
classification/train/6/train_00570.png,classification/train/6/train_00570.png,5fc8b3cc9422f644787b6cf27cbb345cf9603c4af3370cb944b945a3aa442a8b,6
classification/train/9/train_00571.png,classification/train/9/train_00571.png,fda80657810f267b0260cf0138af7f12be98953fdbb0d350b539dcb8bb996ac8,9
classification/train/5/train_00572.png,classification/train/5/train_00572.png,1855e9688f53c5181bb65616765919c5b338de5fe646885838357122a185d89e,5
classification/train/9/train_00573.png,classification/train/9/train_00573.png,b0cbf75a882f5d4e594fdce1addea38bcb8e96b9e39cfd0d9a4ee2789ea4d615,9
classification/train/9/train_00575.png,classification/train/9/train_00575.png,9cf197afa48fe02f35007d822d35e63557c8216876b200c9744e2a34b92eb64b,9
classification/train/2/train_00576.png,classification/train/2/train_00576.png,78939909f0bbfe5a43d2d4f7303aedb8da5516dc284b323dbbe3df7ddf77dc42,2
classification/train/0/train_00577.png,classification/train/0/train_00577.png,d47aa68a0f539858fbc9869be4a9407a2e2748dedfcd698ecc153058d253d8d3,0
classification/train/4/train_00578.png,classification/train/4/train_00578.png,aca223f4431b9524c1ffd2fca98e025bd7ac852301eec74540e858d0ac66ea69,4
classification/train/0/train_00579.png,classification/train/0/train_00579.png,927f46682675d779d86b27644219457254dbc5626cd15492ea4dcf7d2eb20495,0
classification/train/2/train_00581.png,classification/train/2/train_00581.png,64944e836e81b2fef3341205fc8415023c483af0e926a7b4d235aa9634531102,2
classification/train/3/train_00583.png,classification/train/3/train_00583.png,74762767c2ac707032a34884aee6fb087be83fa0a7e4b8b4f9befae8b064ea88,3
classification/train/3/train_00584.png,classification/train/3/train_00584.png,d4d8864c4bfa3655c12d0ff7c74e20fdf785652c4adf9e45b42965cc4cc8fc53,3
classification/train/0/train_00585.png,classification/train/0/train_00585.png,3fe1135f8f0c5ddf0149c615ef95b99c9b4e5bd5df200ff87e206d5049f48a1e,0
classification/train/8/train_00586.png,classification/train/8/train_00586.png,e06eee23de5b9ba865d820f2ce3e2d63165197025baeb644fc057c5bb3d5aab9,8
classification/train/8/train_00587.png,classification/train/8/train_00587.png,52662b4ebf21c57d41bb20acce657c0ba9142a28e55e45b3da65e83465f92522,8
classification/train/3/train_00588.png,classification/train/3/train_00588.png,838dba298ba70865008aed399778c286ed0cde70c9f82ab21729951767619edb,3
classification/train/0/train_00590.png,classification/train/0/train_00590.png,c7528a8a9a3f9284e4e6413129d6bed3476a670b3e92e271eb80e7bd9025b5cd,0
classification/train/7/train_00593.png,classification/train/7/train_00593.png,6ac6434f3f771bfa214d50e8cec45947404f4a7f23862e4f96a0ebd7ecc1ab1d,1
classification/train/3/train_00594.png,classification/train/3/train_00594.png,36f6ccd4296b40cd318a668c8d537273e81b0ace165a0b2656d97abd9dfbb1e2,3
classification/train/2/train_00595.png,classification/train/2/train_00595.png,5630ad5850eeb248e9ba9fa0abb443d392598f7c4533a5d831b7a6b5d70aefa4,2
classification/train/1/train_00596.png,classification/train/1/train_00596.png,27a5cdb677fc20998bda03c47209a6aa230a58f114931e724d1f0c8b07f0e131,1
classification/train/3/train_00597.png,classification/train/3/train_00597.png,582aa1d27c0d93832ac73d414d80294b791a198cf3936f470409f0735bdf91df,3
classification/train/2/train_00598.png,classification/train/2/train_00598.png,904139107f5ffe934e8a3d3e869451ad00db1b6a641e1d2e5b40f9cfaa4bb1ce,2
classification/train/3/train_00599.png,classification/train/3/train_00599.png,ee315853a9d909c2269d71d42135c76fc8a3b5b501a228406a535e8a0865aeb1,3
classification/train/8/train_00600.png,classification/train/8/train_00600.png,e7d6bd01985f3b51c7bffe549f5b68e94455b1cc6a3c8e40a10e05368e30faaf,6
classification/train/6/train_00602.png,classification/train/6/train_00602.png,e8ff8ba2079198e8e0ec4b32e0d13d257a08300558206b1631483691b30653cb,6
classification/train/6/train_00603.png,classification/train/6/train_00603.png,be980aebb6de47325cc3be7b887ec3832aff9f2d1bfdaee9dc45904459eb4227,6
classification/train/5/train_00604.png,classification/train/5/train_00604.png,dbe62dfe9e97b8c0f45fefa806b294cd1478a6661d2099137e9297c8f4419667,5
classification/train/6/train_00605.png,classification/train/6/train_00605.png,c80ab4b8c405d074954e9917c475896a5eef22b8b92fa2cf47740a1dc4c80a33,3
classification/train/0/train_00606.png,classification/train/0/train_00606.png,acedaeb0b116b65ad428cd4cd1227560c3a5aefda06b1d76b4ba0b4caefd58c0,0
classification/train/4/train_00608.png,classification/train/4/train_00608.png,a23cd40a0f4306f29997386bb36ade2ac12c32a477db027ed63ee14165490395,4
classification/train/2/train_00610.png,classification/train/2/train_00610.png,e70b0da879d7a97360ed4e9b588db7106ac382a2cad1ac2cbb4097292f1d9446,2
classification/train/8/train_00611.png,classification/train/8/train_00611.png,7513e5702882e2a269853e7d8636ca290dd0cdbaa9af382962d2e90d18470c56,8
classification/train/9/train_00612.png,classification/train/9/train_00612.png,8c29695ef3d2cc92a1164944276327121723021d5859075ba53d8d8d885af0cc,9
classification/train/9/train_00613.png,classification/train/9/train_00613.png,13ed6a8301d3e89e47cf7bef39f077cf785a550c76347d2cfc8391962293fb2c,9
classification/train/1/train_00614.png,classification/train/1/train_00614.png,d0adbc890b291bc4d723ced86ecd6bb0e0a6b0f6d094b525cc5aa2a2761ceb21,1
classification/train/0/train_00615.png,classification/train/0/train_00615.png,8ef2a832697fc2bf98bb51ee67e58c78ac89df2f823fd7f21bdd795270e0a8e8,0
classification/train/1/train_00616.png,classification/train/1/train_00616.png,10f4d72c1e575c5cd48b22f8b270feeceb3b491e9b5af693b78aa4c40eef8004,1
classification/train/5/train_00617.png,classification/train/5/train_00617.png,70ca78772e3fa834db1ced9c2d7121bbd4f95025a5e632226fbfb5bfa28095a4,5
classification/train/5/train_00618.png,classification/train/5/train_00618.png,f4c7ebae8f19ec19db48c871d679d2ae037589c8cd30c979c28586ebc9b52080,2
classification/train/4/train_00619.png,classification/train/4/train_00619.png,7979bd40fb3bf917a5dcc8247863e66da601fcefa59e468663bfec94de9ab36f,4
classification/train/4/train_00620.png,classification/train/4/train_00620.png,3badac3cd3a76baed9fd6f0ac1960a5f63dc21746f3ca9e7a76526d3641d688b,4
classification/train/3/train_00621.png,classification/train/3/train_00621.png,b1973eb6725e58dcb27ada8c54e97bec816889b0c172aaf275fd387584ea1c32,3
classification/train/0/train_00622.png,classification/train/0/train_00622.png,79ea98fd0e03874d2e067639a9f116a7f6d05865c26451120ad496e22ab09b38,0
classification/train/4/train_00623.png,classification/train/4/train_00623.png,75167c1eab619e027f2787b62bf6b0f4c285f5f5f655b968335450438bcbc8c5,4
classification/train/5/train_00624.png,classification/train/5/train_00624.png,bea631e9eba021daff66c1e3378cda2892bbfec9a04fe084c7e4f0f63dcf2026,5
classification/train/6/train_00625.png,classification/train/6/train_00625.png,4616c072b97153acaa062a066f771091709dd1ac8e836909db96d1a97b7c8fd8,9
classification/train/4/train_00626.png,classification/train/4/train_00626.png,3eebb48a77c5d123c134f43d666829d0f311859fa2c0b244275bd3af09832ea8,4
classification/train/2/train_00627.png,classification/train/2/train_00627.png,bc7bcd8b61c40e7f326e9ad98ff084747ac559c496463869c65a5cf0ae1f18eb,7
classification/train/1/train_00628.png,classification/train/1/train_00628.png,239396492ddba3c41378c45416d0cff1ed19ff764df2fa1c16254946edbbce44,1
classification/train/2/train_00629.png,classification/train/2/train_00629.png,b316606bb114217ccdb256e5ef408b29ea39356aa9f757021f56cb27c55cb527,2
classification/train/9/train_00630.png,classification/train/9/train_00630.png,110ac694e7968b1e1a14e4fd6349fa1e2417d33ed456ca697565e6a04d6cba8b,9
classification/train/0/train_00631.png,classification/train/0/train_00631.png,983ac2de9c858f67908e9ae1784199fb67a7957aa7cdf82febf0e03c03bbcbc2,0
classification/train/6/train_00632.png,classification/train/6/train_00632.png,3b21eb4f5f0f867e7b3717b55bcfb0e06468998ce16319229508734ee169a9d7,9
classification/train/7/train_00633.png,classification/train/7/train_00633.png,ac33301570a6305b77f81eb36fcd61b6d4fb31114941217391c8026d0156994d,7
classification/train/7/train_00634.png,classification/train/7/train_00634.png,0611a621793e028f8c0340d46b01aa603c5a3d1a85a8af062d33850ab9229577,6
classification/train/5/train_00635.png,classification/train/5/train_00635.png,ae922850da297865f9d2cf579c9b8ed92b4f1d181052f39031db33bc46083d0b,5
classification/train/2/train_00637.png,classification/train/2/train_00637.png,3e59b12e34323d51688afaa74889daa80333cc678b051b9f19f09b1db3fd98d5,2
classification/train/3/train_00638.png,classification/train/3/train_00638.png,5eb7188eac7b7887b5594e6fe07626d680fdb2e5d84f2cd385a2dd82f11457d1,3
classification/train/6/train_00639.png,classification/train/6/train_00639.png,2fb37fc07664a1a4e6f79e17fe6ee68cb577fa04e24a801c104a4c9d91e8d378,6
classification/train/1/train_00640.png,classification/train/1/train_00640.png,ee1ddeffa2b250b18effa5185e2927f46162581020fdccb7edcc7e095175f221,1
classification/train/1/train_00641.png,classification/train/1/train_00641.png,8ba8fd07610d622c8cea4d4db419d4449e6def14e36eb4e106e5e178f1fb33ae,1
classification/train/0/train_00643.png,classification/train/0/train_00643.png,8965a9406d7e9f6c3100b57967dd4154894b63748be09971d49b6dfb93fc1eb9,0
classification/train/4/train_00645.png,classification/train/4/train_00645.png,131328ded8db5e29b7e464bfcda3ff9b8ab34551e0d1698c6d62eac27db6cfaf,4
classification/train/0/train_00646.png,classification/train/0/train_00646.png,f2c77fcd1451355e805268531ee3878b558ea654af711f8ecefe2d865de3e1dd,0
classification/train/9/train_00647.png,classification/train/9/train_00647.png,282d52575650f698594dcc091b6d0db148e6a2302f8c10cb4b6b0835813ec635,9
classification/train/2/train_00648.png,classification/train/2/train_00648.png,fcd3968217d667f68305e59ce5b35132ee2f591072227aa667d612524012d1ed,2
classification/train/1/train_00649.png,classification/train/1/train_00649.png,950739533c4c5bb8c211e2cb89b5246ccf53da83ed85cfbd61c18327c4514853,1
classification/train/1/train_00650.png,classification/train/1/train_00650.png,fafcaf8f43c6a9f7e2e6b4c9f7a147df3f2e835b4a645c3f048e8eaf0ed265cf,1
classification/train/0/train_00651.png,classification/train/0/train_00651.png,6b34843eec28acd8daae8234d7d33a7a2a8406a24473bc1632fef7058ffc0552,0
classification/train/6/train_00653.png,classification/train/6/train_00653.png,460380b9539177db4374cafc9dd7fc14bd5fc77cb797a95e30a11a69208a9622,6
classification/train/5/train_00655.png,classification/train/5/train_00655.png,c3fd816f13fbf1e7a2225e7d85d6b32658f8562781a48e1c40c290f33d61dc88,5
classification/train/1/train_00656.png,classification/train/1/train_00656.png,aaa40723f583e0f3508054a00952732a70e07a252999011c440206b74eeb6a37,1
classification/train/3/train_00657.png,classification/train/3/train_00657.png,7cc8373324847e123300fadc49ff376635df95a857f0b3b4df0602b19373ba54,3
classification/train/4/train_00658.png,classification/train/4/train_00658.png,2c59a60686d9dc315c4776260a95e66faed0d1f91b911a535d0f2c5230681079,4
classification/train/4/train_00659.png,classification/train/4/train_00659.png,85b85a2fa6e3ce6c53ae12c95266117059a71f0f56cf92e8878c4aec07714c32,4
classification/train/9/train_00660.png,classification/train/9/train_00660.png,71ce3587cad7c6188f3a1a402353aa4397cbf525935c7ddb6b91df6932da4c62,9
classification/train/1/train_00661.png,classification/train/1/train_00661.png,b8ccc63fd2fc683a045679f485c4348e1aa3fa1fbe030be8fbe7c9537def7e3d,1
classification/train/9/train_00662.png,classification/train/9/train_00662.png,44710570de6d5f37c00a75f84e2db5840fff68a249edea439fab5b99bd7495e2,9
classification/train/3/train_00663.png,classification/train/3/train_00663.png,bd92987a242a4cb4d098986ca0fc1f4fdba100f12fcb086ffe8e21462bc3a042,3
classification/train/1/train_00664.png,classification/train/1/train_00664.png,5cb3185ff4a7a59d9e42215367299d92aa40ad69148c68cfb3e3f0bac654736d,4
classification/train/3/train_00665.png,classification/train/3/train_00665.png,49462fa9470b29ee863763c7f75c61e6a06553440e02eb06b568455e954de947,5
classification/train/8/train_00666.png,classification/train/8/train_00666.png,ea87f36b89b8f98923c9988ed33c7f8eab0ce0c688ed25899db312cf899fae5b,8
classification/train/2/train_00667.png,classification/train/2/train_00667.png,df7d55641ebe8063854cba1caba2df4d6a2a9cde20343a8258aec96315ed2b0e,2
classification/train/9/train_00668.png,classification/train/9/train_00668.png,33e1b31347e643501950507cbbe92ed7123962867c047f97117fab793b03197b,9
classification/train/5/train_00669.png,classification/train/5/train_00669.png,8e07268b18b885f2535af84cd1d35b7f5ef20f2cc0295572e8f14f3b1f23dcbf,5
classification/train/3/train_00670.png,classification/train/3/train_00670.png,4ef2bbea8dfe36faf4dd37b292665e90fc5807f7710e3825926f736244ed49e7,6
classification/train/8/train_00671.png,classification/train/8/train_00671.png,016c2522c0176ecba318e37cb62c59d0720c627e99f6d685fe7cc0178e9d4c12,8
classification/train/7/train_00672.png,classification/train/7/train_00672.png,cfc2b34528948341513d500a36c0f93cc24d1b969eef66fe1335ffb58d7400e5,7
classification/train/8/train_00674.png,classification/train/8/train_00674.png,1bba4dc78d88e74a3dceacdc0154c49a9e582662e5cb96f1f32c8cf216228a64,8
classification/train/2/train_00675.png,classification/train/2/train_00675.png,efd149c99781f5efbadd097d91a9db274224dffa61f9425d8f14f4ad695051f1,2
classification/train/0/train_00676.png,classification/train/0/train_00676.png,e1279b4930ce06a788745e12bbb9c442516f621b88a4d4630704599961527409,0
classification/train/6/train_00677.png,classification/train/6/train_00677.png,9be9023ceba09e7b7cf95869b4cf88948cac174fcc106e53ba95ae3bbad699b9,6
classification/train/6/train_00678.png,classification/train/6/train_00678.png,d46390582a948ce7bcb303a42faa9558569245f3b6109a02bc83caeb01e7680a,6
classification/train/3/train_00679.png,classification/train/3/train_00679.png,b89043ec57709d0e905df983b934866c5623d560ed77a74c8f6ee6f7743a09d3,3
classification/train/4/train_00680.png,classification/train/4/train_00680.png,95cb30d6a143170076f869d404dfbf175b936ae5b2c97ce18ba3295f27f204a2,4
classification/train/1/train_00681.png,classification/train/1/train_00681.png,5ca77d0ada5ca05ae2540e8ef8041a59d4196a4f6729200e4b9bccfaaa7e01e2,8
classification/train/7/train_00683.png,classification/train/7/train_00683.png,1c6cf5b098fcfb3e41e052435c4c4d95a8ca5f8cc7e29c488a1d54547f903255,7
classification/train/3/train_00684.png,classification/train/3/train_00684.png,5795487ee82b54069bc0fb9bb3f8233bd4ecf494ec6d95ea501a95c5ca40c78d,3
classification/train/7/train_00685.png,classification/train/7/train_00685.png,2ee65493c30511ccd211252987632568344907798a6372c1e14dc55590260347,7
classification/train/0/train_00686.png,classification/train/0/train_00686.png,4b8dfbefb79e829a24d34495a194e1f29550de08c3c93d1f909ad5ec9cf3ff16,0
classification/train/2/train_00687.png,classification/train/2/train_00687.png,7b843b68824036ad7e87f619c3642ec1427e29ef2f5184e995b889fd8af7f732,2
classification/train/9/train_00688.png,classification/train/9/train_00688.png,f179c0b35ef43e80b43cd66138fa87cbf19cf819122f9f0eac5a0ad65b7f9b16,9
classification/train/0/train_00689.png,classification/train/0/train_00689.png,cbeff262365df34c0d3366c324bc3e5af3044e955436236c044eeeb494c04fc0,0
classification/train/5/train_00690.png,classification/train/5/train_00690.png,bc0cc30a03be90f88eb21e2139369020bf81422ec68247a41467002c3847bb31,5
classification/train/5/train_00691.png,classification/train/5/train_00691.png,9b3fa437be73d4b1b90857c4a9f5f5f9482359509141ae0d1dad73091a0f8278,2
classification/train/6/train_00692.png,classification/train/6/train_00692.png,cce53c648bb33560ece6e7b1f4035624d3305218048ed0035640c5c96cae7c03,6
classification/train/8/train_00693.png,classification/train/8/train_00693.png,dd1bcdddf426700a0503f2116825c55797ac43f09a648155e6e974757da3eada,8
classification/train/0/train_00694.png,classification/train/0/train_00694.png,18b09b0da63afd783bed78efe3350f0217a60956e3342e2720ffc4a12e11d929,0
classification/train/0/train_00695.png,classification/train/0/train_00695.png,1e7b292eed8451df7ddafdd869a24df92e24ee44e73a6f96bc04f303e97c9c10,0
classification/train/1/train_00696.png,classification/train/1/train_00696.png,30d1769f193ad089fd7d4d33695ce3d9d3ce527b97f43fa95819250b86af543c,1
classification/train/1/train_00697.png,classification/train/1/train_00697.png,82648bde8f8391b458159fb1b00e4e5668670d5b5f15d4d141dc05e831ccb731,1
classification/train/7/train_00698.png,classification/train/7/train_00698.png,7433c952760c32b7dbae33dabfbebe1c3f35020361779d96877dd618346ea267,7
classification/train/4/train_00699.png,classification/train/4/train_00699.png,9938c446c2c50c701b70cefb9937a98818f6108a11109d52ad47945d898222cf,4
classification/train/9/train_00700.png,classification/train/9/train_00700.png,e68a8fe4f0cd3f842a3d5d52998f8763d4091d9ef94ec12c80118de9efab6f97,9
classification/train/6/train_00701.png,classification/train/6/train_00701.png,7321ef5b220f7dbbc0333d5b6a8e64c3f4c33d2a11ff949fcdad283772af32df,6
classification/train/7/train_00702.png,classification/train/7/train_00702.png,b91a562f23da19fc9e1fabc8e7c5f99c80b246cc3bc05d5b8b346c80e19573a0,7
classification/train/4/train_00703.png,classification/train/4/train_00703.png,f0a9e66c85e9f0de3c99f21c5017976045b3af1d08b1635170cc8ce34378b571,4
classification/train/9/train_00704.png,classification/train/9/train_00704.png,670c0a8f153890ec3b742de48440d796685292e846ff5bf3455afcb4536462f2,9
classification/train/9/train_00705.png,classification/train/9/train_00705.png,300a8d2c2c18f0a0df0a45cbd04c6705530f8963138401ef521c3a7d15ea7687,9
classification/train/2/train_00706.png,classification/train/2/train_00706.png,1658ef2afaea203d90ba1606350bf92a80de0d8faadd2ba7d2b861edad6889ca,2
classification/train/0/train_00708.png,classification/train/0/train_00708.png,15631b834e7bd938cc14d654df078a4a5af497fd6038c1fc073cc38be5d6a4a0,2
classification/train/5/train_00709.png,classification/train/5/train_00709.png,06b6aa1c287bc3e080c7de2e6790d004ac97b35a0bbbb9ec5fe8b606f8e87ecb,4
classification/train/4/train_00710.png,classification/train/4/train_00710.png,f3f18dc75a33804cc259bf2a140c872d917ab94237e5f27f30343002eb10887b,9
classification/train/0/train_00711.png,classification/train/0/train_00711.png,0019b996212bf90ef822377a7cbfa922c953d52b5db2fb68dc876587a6d36ab1,0
classification/train/2/train_00712.png,classification/train/2/train_00712.png,0373182c8c17204f3a53a78284fd15e06cb56d8862e722b5e72de59c0dd443c3,2
classification/train/7/train_00713.png,classification/train/7/train_00713.png,b7f94b8ae820b6b3592dd7869ac0f8c495e9b569c4843f995c3e5ab803462050,7
classification/train/9/train_00714.png,classification/train/9/train_00714.png,4a9d0f78277f98d754b0955b6f90ae86b2dca991e6d3f9037d76812d62ca148c,9
classification/train/5/train_00715.png,classification/train/5/train_00715.png,a970d805698a01d556f56a632822ac9d6c7c79bca4082bed816be1a33785122c,5
classification/train/4/train_00716.png,classification/train/4/train_00716.png,a0ccde4475292de23dd5160874ba37eeb11478c2a223632c0a40333d1a88cafe,4
classification/train/4/train_00717.png,classification/train/4/train_00717.png,dfd6bdb2ce028577d67ac1f2f699c36681d9b2c384913dc3467e0f9c858d9505,4
classification/train/8/train_00718.png,classification/train/8/train_00718.png,a659c3e6cfb0d32356ca28bbbd466df8bf3e20978a7cb302151e2de3a65f19e2,8
classification/train/0/train_00719.png,classification/train/0/train_00719.png,0760f9488c2c38988c298c4095b2244ea9588a81eb5e3bbc0bd6e8357c2369a3,5
classification/train/6/train_00721.png,classification/train/6/train_00721.png,b87a6d20e5ecccd3287fb835b4108ef01330a1196d6906c7257318b3d853bb94,6
classification/train/8/train_00723.png,classification/train/8/train_00723.png,afcc371ceee664f161131f634fa8161661c1ae3c26994d95778bf32c1259f36e,8
classification/train/1/train_00724.png,classification/train/1/train_00724.png,100002ae4968590781ad3d162dc389e7b286ac1e7577fe3cade548cb9b17e575,1
classification/train/2/train_00725.png,classification/train/2/train_00725.png,a9055a68f513dcdc9a54c828cd5d59b633979e14656bfb74497d1a93c8cbe2f3,2
classification/train/0/train_00726.png,classification/train/0/train_00726.png,8dca7fe028717376c0a0ec29b199073383b717ddda62b01d514633b317928eb5,0
classification/train/9/train_00727.png,classification/train/9/train_00727.png,10ac5b1baea458d2165c25f6d21d9e1255ad73452d0ed25d07fe629e5279c626,9
classification/train/1/train_00729.png,classification/train/1/train_00729.png,9029b2623a7c1ef9b1235204757fcc4340081824077b66179aceae74ceaf05e8,1
classification/train/0/train_00730.png,classification/train/0/train_00730.png,120af0f62ac2cce83232e95bf360414ca62b04a63e9da13257a7e9c668ee184a,0
classification/train/0/train_00733.png,classification/train/0/train_00733.png,51b6945c061f8b5447dcfc747d4316592eb0b196f158d97019a1ef42bc4e0b66,0
classification/train/7/train_00734.png,classification/train/7/train_00734.png,668c818c5cc883bdc09ac9a2cfe38a743df27f13d707da85b4a243509eae583d,7
classification/train/4/train_00735.png,classification/train/4/train_00735.png,7b7033a86f2b457a647359e3a37f68768c095c040486f121e73adf66d53483a3,4
classification/train/4/train_00737.png,classification/train/4/train_00737.png,4587c1dcbaf424769d62da955651366ed62b6d3028580af7f48b85da38f6f3a9,4
classification/train/6/train_00738.png,classification/train/6/train_00738.png,9267629b4272fc86e095b19c4eae65c1c7e2bed7847046a65c8a0f4c1b420cb9,6
classification/train/3/train_00739.png,classification/train/3/train_00739.png,9d5bb5d93c5873165823a22e816f4d8600c55f01876d88943d46a4eaa108df93,3
classification/train/0/train_00740.png,classification/train/0/train_00740.png,ddf7b9e277d69260011e301a4c3fa186514a76ffefd2533593b8dda5049ce307,0
classification/train/4/train_00742.png,classification/train/4/train_00742.png,bf867d33a916e6b038f7d1e58d8c20ecbbc79b77648cc1e85e04d8332911d722,4
classification/train/6/train_00743.png,classification/train/6/train_00743.png,12cdedf3db68fe1b6515bfce7bf0f6cc31148b09ad306eaab4c037189e2e9a18,0
classification/train/0/train_00744.png,classification/train/0/train_00744.png,2b716e73a6c6d1e912b150451a9e36c5f7f8b16d0815ae95c8626f1ada8b12c4,0
classification/train/5/train_00746.png,classification/train/5/train_00746.png,afc412e2a96019dab06fa52c6419d035817a4254cdf26c2e0fae4440ab2e0619,5
classification/train/5/train_00747.png,classification/train/5/train_00747.png,5df4527aff859784f6f07a19ac437ee4e20320ebfbc5985aee5be86b4e5d24a8,5
classification/train/2/train_00750.png,classification/train/2/train_00750.png,e5fe1cc14b495617399b7d535db9f985f54f2ebe6c6317abae4307235f7bb741,8
classification/train/8/train_00751.png,classification/train/8/train_00751.png,e07ba9e990afa237865661f087295b1a012ffd0ca3bf0a1e0316e4daa80bdefa,8
classification/train/6/train_00752.png,classification/train/6/train_00752.png,40ed5ff5e75200f437026cf4ded0c57c5eb45b141da5106cdd4f914db8804865,6
classification/train/1/train_00753.png,classification/train/1/train_00753.png,6a5bfb02d4c2f5d18d166c879c207d2a4d66b9b070e56c991017a02a1fd2c239,1
classification/train/3/train_00757.png,classification/train/3/train_00757.png,3d165f2e03bf1908eb1496ed542798c3e93c56c83d092e0c12d9abd86345a838,3
classification/train/1/train_00758.png,classification/train/1/train_00758.png,09bdb01f17b03ab502b9e76f53ac1d77fd6447dd309dac02a83964dd9991dbd1,1
classification/train/3/train_00759.png,classification/train/3/train_00759.png,8ee10e4c7421b478676cc925f11c3fb577af68058ef16ae6763921465739db80,3
classification/train/9/train_00760.png,classification/train/9/train_00760.png,03c4cf61d9ec12ebb1e4e32d0a175886dc249b2b0f9600414ad93469a9d03573,9
classification/train/6/train_00761.png,classification/train/6/train_00761.png,f2b88117a8716fce57c93fa7bda1417a70f97996f4585df1607edaf9c54fce1e,6
classification/train/7/train_00763.png,classification/train/7/train_00763.png,5c5046c14929886cad0d3e04d7245f807ca2bbd05e8d452542168242818951d8,7
classification/train/7/train_00764.png,classification/train/7/train_00764.png,73183ca01728d7c9bf12040ebf28cbae96219a04f6e10aca23059b0bb2cf7e51,7
classification/train/4/train_00765.png,classification/train/4/train_00765.png,a695d0f319abf253ceb95c5dd4b485f85b9b1820bb0e53fa1b7276bbf7d9a84d,4
classification/train/1/train_00766.png,classification/train/1/train_00766.png,ef65aeee7901853037387d9194df882912be93688b4886898faec0d0fb833af2,1
classification/train/2/train_00767.png,classification/train/2/train_00767.png,16191f6fc1ebb33f01766d93309185ab2d90d4fd1bde8591898b219a2f054a64,2
classification/train/0/train_00768.png,classification/train/0/train_00768.png,20567284ba1750455dc08cb1ccf1075988751a1ea3c4ec87d60ca72fc5ee61bc,0
classification/train/7/train_00769.png,classification/train/7/train_00769.png,3e30969b886c2a13dfad101c36c06643379b3d439be429e4de26c7d089e96510,7
classification/train/2/train_00772.png,classification/train/2/train_00772.png,d8af3213a6d9808fc40425b236df89c3a40daa2b77199d9505e2eff5646d91b0,2
classification/train/7/train_00773.png,classification/train/7/train_00773.png,627d862d4844a7c769825dc20ef87883e9d9d1fae86f910984b306daae1ac530,7
classification/train/7/train_00774.png,classification/train/7/train_00774.png,129deefc32554c2abe856aff8da1ca71105101c9d2120c1bad59bae1e26f4092,0
classification/train/5/train_00775.png,classification/train/5/train_00775.png,b211a003fdb4b2bad9de599287d78f0e357896c49886a01bf59da350fec3f5d0,5
classification/train/3/train_00777.png,classification/train/3/train_00777.png,ad77f102d60b95ba3bcb9bf65cfdd34da67ae842472873320af28e28f9d79a68,3
classification/train/0/train_00779.png,classification/train/0/train_00779.png,7020ee42fc2d0ff9a12883b3fdc307ef1550b7ef36e96a768fd75626a3df6182,8
classification/train/0/train_00781.png,classification/train/0/train_00781.png,dbc0d273ab53b29d2d31ef1450dcddf1544f785a36849c62105318c3617b8036,0
classification/train/7/train_00782.png,classification/train/7/train_00782.png,84049a8d5bd80cd4f54ea7124928d8ec6c96e60f56a7b45ae1bcebc184ee9628,7
classification/train/3/train_00783.png,classification/train/3/train_00783.png,c5f7233adb851d00ffcdff49bca56d9a7138e21c4961bdb2ada2cc8e171650cb,5
classification/train/9/train_00784.png,classification/train/9/train_00784.png,96696c5ffb6f238d95f837c94bc4a14d7264b77ddb4bd6503857850afe6b4111,9
classification/train/1/train_00785.png,classification/train/1/train_00785.png,14add95f524ab507c5a2b13dc98dfe251a51c2a24694309a189260c16c547c29,5
classification/train/2/train_00786.png,classification/train/2/train_00786.png,fa1a233d058f8eb5e61242cc2bd2fe906a59e1099e7c1f8998b5421d3ce2ee11,2
classification/train/2/train_00787.png,classification/train/2/train_00787.png,9963863f63e43ce9ee860486213b8b6ef794e6eb4b2ad52f67ce8a7a0d64a7ce,2
classification/train/4/train_00788.png,classification/train/4/train_00788.png,dd2f4ddab1b9ab9f66deafaee33491c772bd54702906675bfbb08b7852a3242f,4
classification/train/9/train_00789.png,classification/train/9/train_00789.png,4121ad859d76655e7950fc89b801db6abbbe65accfd84a45cb458b80e2f165e3,9
classification/train/8/train_00790.png,classification/train/8/train_00790.png,84d7d1dcec53ec0c6720cd6e4f11dd14cecabaff3cdd9cecc0917b004155ffa2,8
classification/train/9/train_00791.png,classification/train/9/train_00791.png,cbda562400b76362a31ede85fb242410e31be1b5b9ffd3440005c19489cd3806,9
classification/train/4/train_00792.png,classification/train/4/train_00792.png,2991233eccb79b5bf92327e5f3c5e03809e4e46adf281c9dc71e6f2ed99eb705,4
classification/train/6/train_00793.png,classification/train/6/train_00793.png,68791677100818ea40d6421f052ef0e041d6373797b88fa1398132b6bd7b9da7,6
classification/train/3/train_00794.png,classification/train/3/train_00794.png,0466df7d76d4e38abe051b91de73fcfc91a6ac03fe0e7ffb85cc0c132fd05e88,3
classification/train/9/train_00795.png,classification/train/9/train_00795.png,c52ed4eb3ff3cc79a58ae6fd3ed4a496ff458f9e356131c4a5c4cbf165875834,9
classification/train/5/train_00796.png,classification/train/5/train_00796.png,78dea808de02abc407f7d9782f68c92d402695b4953fd05e45ded0770eaa9d96,5
classification/train/4/train_00797.png,classification/train/4/train_00797.png,a9e11c295a39aa7131327038baea0c1cce91d8780c955080742f9b354de2a62d,2
classification/train/3/train_00798.png,classification/train/3/train_00798.png,3588276f0d5bd247971c47fb7f698d4d4006efb26368267348f3e58023cb863f,3
classification/train/2/train_00799.png,classification/train/2/train_00799.png,cecebe9de78e86c002cf5cc1764a14b25dcbe5a533a5079ef3297a962a9e56b7,2
classification/train/1/train_00800.png,classification/train/1/train_00800.png,4f8d8826b34de6cdec99576be6ae6db0dd2df8364ade2f62a00f9c9c30f5254b,6
classification/train/7/train_00801.png,classification/train/7/train_00801.png,9f245d99ed4ace32019028ae4e90248ce4fa2beef076d079529a507a481e0c6c,9
classification/train/3/train_00802.png,classification/train/3/train_00802.png,ee06f62f24a76c0e783276dc8df5dd8bdffe403c23d8a3a750f9592a6f978400,3
classification/train/2/train_00803.png,classification/train/2/train_00803.png,b3c6e218675c02b4666bbf06d14d46ea051da59b4733c0b3eb5122272b49c85f,2
classification/train/3/train_00804.png,classification/train/3/train_00804.png,eec92e07d3cf81776ba0b8b6bce92fa6df6bd83d50857b2e335dbe82c837616e,3
classification/train/7/train_00805.png,classification/train/7/train_00805.png,8c626d547801ddbdff95b87ab2b69ea8ee30d5691b7f5fc0d820d4d09f3d5695,8
classification/train/1/train_00806.png,classification/train/1/train_00806.png,c5c265acbbccae918b5882c5e8e87e45b5cd4f0271f03f8c0c3ad7284a3c02d3,1
classification/train/8/train_00807.png,classification/train/8/train_00807.png,932f1365a94355b5cff9289432a775afa74a53e1d43b6acb8bed45bc05a81659,8
classification/train/3/train_00808.png,classification/train/3/train_00808.png,77abd8d78d26af7017f5485e9220725942f91fc5028cd37410454e008647d935,3
classification/train/9/train_00809.png,classification/train/9/train_00809.png,04bedc16a1af156409755e10bc65d0c3c8310bd3be8a37fb264a7389a490e711,9
classification/train/3/train_00810.png,classification/train/3/train_00810.png,e00ff7f8399e5dd4c9747af54e5798bbbe5c37c99ae3c6ff4527879ae6ba8a6f,3
classification/train/9/train_00811.png,classification/train/9/train_00811.png,0e39aa746c322897f2d3f0902b503667ae6a404fde7a76f25f820e53b45ad879,9
classification/train/8/train_00812.png,classification/train/8/train_00812.png,0d120b1eebada9174d9f4a8cb8ab153926c4f2aede7a69a8842e5a1afc481e2c,8
classification/train/8/train_00813.png,classification/train/8/train_00813.png,08e310dfb9dcb6da36d1dfb403e7b1fced9a9ecb8b7e8ffc427438f18d41f455,8
classification/train/0/train_00814.png,classification/train/0/train_00814.png,6c38a58c59d818424bfecc49267ffa7feb93891fe0530046e284520e66341741,0
classification/train/7/train_00815.png,classification/train/7/train_00815.png,a82026f2ba2be11e9216e6b17b72f0be345e3d00dfe9607043ded2819cbbca97,7
classification/train/7/train_00816.png,classification/train/7/train_00816.png,67a1688352e470c324690aa079da9f22587bc6df96c07f93ee0b2f90aab8f051,0
classification/train/1/train_00817.png,classification/train/1/train_00817.png,a2b51c78367d2cacb973c4691be794ed8445901c480d2b5532275b3f59204419,1
classification/train/2/train_00818.png,classification/train/2/train_00818.png,cb4e87159d27270eef6ae9888c22dc34d699dc4f9d14036ba4e034ab0d74fbae,2
classification/train/2/train_00819.png,classification/train/2/train_00819.png,2dfc54c10a0739edf25826c3a1b0afad4cef18d90856238439d2b858d3201ecc,2
classification/train/7/train_00820.png,classification/train/7/train_00820.png,8406c234386170b185a1f839afe9c502b2e1a6e05e19e5dfdd5eb498405ffdf3,7
classification/train/9/train_00821.png,classification/train/9/train_00821.png,66cdfcd9fd37bb3c256ac674812bf1f719b279d24c5c43b3003d0c4e79ccb05f,9
classification/train/8/train_00822.png,classification/train/8/train_00822.png,eeaaa0988eba8e23d87e42ade6c64e20033b08f744131414b15370af470fd8b6,8
classification/train/5/train_00823.png,classification/train/5/train_00823.png,b92707fc6eb62b1eee16e34e6a25a218dfe8314a685f1aea642c46984b57c683,7
classification/train/9/train_00824.png,classification/train/9/train_00824.png,5f899cd27597f398bed07e2bd642f2b7b5cc5fcadbe4cd7f1b2c0f5e6c358bc6,9
classification/train/0/train_00825.png,classification/train/0/train_00825.png,bfdb5d4c7403f67be176c421eb782a1eeb439ef1f509cb11e47876532903b08f,0
classification/train/1/train_00826.png,classification/train/1/train_00826.png,594c74c8f07aeb705d40d5713549e3660eef3f17b276931778f3b748d7995b18,1
classification/train/5/train_00828.png,classification/train/5/train_00828.png,173d28f3f90a8da7434338722728401d1eaa44df48c84cf1aa8d25673a482771,5
classification/train/3/train_00830.png,classification/train/3/train_00830.png,a65dd8667cb250e14fbcf14ad50b2f8daa5c637304a811b32f57f760865803b8,3
classification/train/2/train_00831.png,classification/train/2/train_00831.png,55fb71eeeeb620ba1af2fe67bbc3b13d3aca923045080acc3170a252fee03ed5,2
classification/train/3/train_00833.png,classification/train/3/train_00833.png,1e251fea0ec2347db72b13bfb2f61e0995e1d1c047487b13c5b51f76b3ef2737,3
classification/train/5/train_00834.png,classification/train/5/train_00834.png,ef99dcbaf13c18262963890ddb3dbcb25bc0590e35bdb92b24c484b498f4c18b,9
classification/train/1/train_00835.png,classification/train/1/train_00835.png,1b54c2cfd11a549b424efcccfbc302c7b7252cf1fc9afa4ad4dd7b88465eaa1f,1
classification/train/1/train_00838.png,classification/train/1/train_00838.png,d71da6a3264ed8a01380a5919dddc9dc3d584aacc6ab3384fd33b410494f925d,1
classification/train/8/train_00840.png,classification/train/8/train_00840.png,62814809a16b455353f93c9c3685039fdf6e4bd358a393585d30e56bc48361fb,8
classification/train/7/train_00841.png,classification/train/7/train_00841.png,df0b6de0946bc97c4a5941ecdec0d5daeac1aff33efb1bd238123bf8d91e194f,7
classification/train/4/train_00842.png,classification/train/4/train_00842.png,f57a685906cbb3d389efa0459b621c85b8926860812b51406bf382506da3ff0c,4
classification/train/8/train_00843.png,classification/train/8/train_00843.png,b989182e95e7c0fa790337b1136cad6cfe9e056963fbb21872f437f090738109,7
classification/train/6/train_00844.png,classification/train/6/train_00844.png,4ebc699a17596b64b962ad17a7e6494306bb24f74cb8ee91e1a48be190c7d4fa,6
classification/train/6/train_00845.png,classification/train/6/train_00845.png,2362e0f4692669a00c1bd50d809fba70fa102164b0a844dfad71c7df18ea4c53,6
classification/train/3/train_00846.png,classification/train/3/train_00846.png,40dcd3e93c5a86720442c5fa91181f2e355111800c641ad83bf8d2c26e20c062,3
classification/train/2/train_00847.png,classification/train/2/train_00847.png,21a78659d996d27e937d3dcf1272b228871f9bb641a828ae7e136801436b07af,2
classification/train/2/train_00848.png,classification/train/2/train_00848.png,3a49dfaeb633b85ede39cdb86f141bfce5f65e4f4f1fc79b7022ac70e6fff302,2
classification/train/5/train_00849.png,classification/train/5/train_00849.png,4ef70774c5d1f948387e90f21fe814a7d27e653e9786c2c2274b8fbf0c553f69,5
classification/train/3/train_00850.png,classification/train/3/train_00850.png,ed1ee831d4de6e34c999cc376a5d5d110384527f6a9c50805c964f488b08638f,3
classification/train/8/train_00851.png,classification/train/8/train_00851.png,afce1b0f10b3d51c6a3e4a94efe0cbc684f0465c1c68c6f26cb0a7e88441e400,9
classification/train/3/train_00852.png,classification/train/3/train_00852.png,1d21ec68ccbbc89cd88a47400ad49d2e19312760ad90fbfadcd5d205c28403d0,3
classification/train/5/train_00853.png,classification/train/5/train_00853.png,9be5716ea13bc8b67cd863e168f3947d598e35de2707b88f8ca77c06dbf227ba,5
classification/train/9/train_00854.png,classification/train/9/train_00854.png,d8829359903857783d2fdd8ae1413329d36f3aee784a2515796f4e1ba995f7c9,9
classification/train/7/train_00855.png,classification/train/7/train_00855.png,5e5e89389f9731ba57635d9de4cb1b946dba21e2131e0ec21e70780b5423b58c,7
classification/train/1/train_00856.png,classification/train/1/train_00856.png,63a45edf546dd2b9ddb906a6b7bb88c4b5d881f62e9f994a026dc6743a1dc89d,8
classification/train/8/train_00857.png,classification/train/8/train_00857.png,dbabfcf79e4750e99d56eea7cd2e4af67037f9061cbe0c36bff1775c87c87529,8
classification/train/0/train_00858.png,classification/train/0/train_00858.png,f1aee44eaf3ba1146ec8dac655c725e1f76618a7e17a7d4dac75915885f7581b,0
classification/train/3/train_00859.png,classification/train/3/train_00859.png,1963eedfe4a58234e669afd6f4d1727cccc5bbc3808d5bd9150923c2f499b238,3
classification/train/6/train_00860.png,classification/train/6/train_00860.png,0c9e262b3bc2007eb31752f02b53c041fd1240e95b6f9e3f00644b47ece6be42,6
classification/train/7/train_00863.png,classification/train/7/train_00863.png,70ca99c0696c36fbc15e0c96c58dcb248a7831a0e4cca24569b9c9e2033aec09,7
classification/train/9/train_00864.png,classification/train/9/train_00864.png,3994f721c06167cdd644246830035d62e8f9c1a46b9bc25640773d0a9f3fce6c,9
classification/train/1/train_00865.png,classification/train/1/train_00865.png,265b0fefa8a2a853e0998d56816e191834281e1a8ccffce002165b5c23e5395d,1
classification/train/5/train_00866.png,classification/train/5/train_00866.png,4ab6bdbbc7f62615d5dc3a27b920a9262897caecdc1f762546f02d509e2197dd,1
classification/train/5/train_00867.png,classification/train/5/train_00867.png,b0d8ffa9864a15ec71f9a8a4463df4e131a7aa57477ffcc6eb5e3670b22a46df,5
classification/train/6/train_00870.png,classification/train/6/train_00870.png,e93ab7186f3cd1f7979f8aa9ac2153a9332bc3f2319340da55acc5a2bc80ccbb,6
classification/train/1/train_00871.png,classification/train/1/train_00871.png,7a51fefdd89166200f44d1ebfebc723f1800ca5a05dcad681f4f20f035eeaf96,1
classification/train/1/train_00872.png,classification/train/1/train_00872.png,823a96f07c08e499dde15121bb7c62f16bc4c234a6fa2d85e817a62737d9ef7a,1
classification/train/6/train_00873.png,classification/train/6/train_00873.png,14b28244adf364ee1c83676ea3fd93f80350cc03f7e4a75d2ad61752835b1e13,6
classification/train/7/train_00874.png,classification/train/7/train_00874.png,d409abbaf707e72212cfe6203b5b918db2f62c8aa1fc9c7fa38c726a6b9e894f,7
classification/train/1/train_00875.png,classification/train/1/train_00875.png,707ae69bedc8eccac5a9c8466d6ce03ff76f9efe55be334dba3feabf81f6e832,1
classification/train/6/train_00876.png,classification/train/6/train_00876.png,d376edbc1768a9a8bd234df0929342b6eb6e3156198f1fe58355092e4dc21f31,6
classification/train/1/train_00877.png,classification/train/1/train_00877.png,cb954ea54aacc6dd990702feb85e06b6dfa596e7f8f6d8f1af535a2b72f802a3,1
classification/train/5/train_00878.png,classification/train/5/train_00878.png,15defa538cc160e1738f96b096eb51191d89491fe07daf21689a856a16478329,9
classification/train/7/train_00880.png,classification/train/7/train_00880.png,55e0dc87a72f1304cf38c757d768d7138361aaf3311a50dd37133c4f0572ba09,7
classification/train/5/train_00881.png,classification/train/5/train_00881.png,74a36c3578449a50bc9948401bb37946e9d10deebc33d010d0ca63393380e8a6,5
classification/train/8/train_00882.png,classification/train/8/train_00882.png,8cf672ba7d5897fa24208e13ae25d516cfbdbcd1815cd0f87ba85096487b93fd,0
classification/train/8/train_00883.png,classification/train/8/train_00883.png,4ad89a9cb86f526d2c6edf54b21b4b8e396a68d299f5aaf76860d32d6e895086,8
classification/train/9/train_00884.png,classification/train/9/train_00884.png,73ca3ef2daa8d0fb0c5f12a69e096bc6592764474a98965c60a063a9b9ce424a,9
classification/train/3/train_00887.png,classification/train/3/train_00887.png,ec4adc092bc4d1acfc7157e562329de07a896c3858af7ace6b85ab2220aa544a,3
classification/train/5/train_00888.png,classification/train/5/train_00888.png,33f33d011b3249b9682dac6a07e8e2210de5a441796125be9cc6629d71ea4d57,5
classification/train/8/train_00890.png,classification/train/8/train_00890.png,620100201350d9bce0452be5b70593676c6813abb680fb7383bc41c49b6b424f,8
classification/train/2/train_00891.png,classification/train/2/train_00891.png,817d7ab7fb1544595fdca544e00fc262f1e7bfda9323ebf7d722e999a9672a31,2
classification/train/5/train_00892.png,classification/train/5/train_00892.png,dea2ad09e82f66af33eaa32379b624d9adda33d96cf0b5ae866cd40dabe68fc9,5
classification/train/3/train_00893.png,classification/train/3/train_00893.png,bdf8a4b50a1c6b55dd948f106cdef73bcc00917e2c5d44beecb6c265111e56da,3
classification/train/0/train_00894.png,classification/train/0/train_00894.png,bc961c331a7b46c6afbd330e2586b51bbad445c0a82c0b294077490abd83dca2,0
classification/train/6/train_00895.png,classification/train/6/train_00895.png,11b6443d1af505b365807bf074fdb2037bad74df08429323fc1124da5bb63054,6
classification/train/8/train_00897.png,classification/train/8/train_00897.png,3d35d2431c907d48eb2191772dfc92224567b08776387f2db01ef34c681820ee,7
classification/train/1/train_00898.png,classification/train/1/train_00898.png,3d4711abb500664f1eccb67a93a77a921e83967b9a85b0423cff97c0731d654a,4
classification/train/5/train_00900.png,classification/train/5/train_00900.png,1e888cb10186d619d56bd76df1793915824bc1e37563c283868963b129f3692b,5
classification/train/1/train_00901.png,classification/train/1/train_00901.png,15bc4b34df8ef18a54478adecaca2a1e0f08edea400197e0e2f0c864a67e2ab7,1
classification/train/3/train_00902.png,classification/train/3/train_00902.png,3925d97cde8d9e7842cd00f2fbee6b38d9604faafc076cec7aa8537edc3fbeb6,0
classification/train/4/train_00903.png,classification/train/4/train_00903.png,df11d8d08c67a46c1e6a6a0a0020afa23b92fa2320d5882d9d626d5acecccb7f,4
classification/train/5/train_00905.png,classification/train/5/train_00905.png,377dcc603bc1d3cb2689e948f8872a98838e1b239c4cb60290bc397481fc968b,5
classification/train/2/train_00906.png,classification/train/2/train_00906.png,71e885c07df7a8d121c73db459fce059ba7c1244714f94f1349f39b32fd77ec0,2
classification/train/4/train_00908.png,classification/train/4/train_00908.png,7e37d277ca618d9cedc6c5133863a24544c11f9f62c27c2c9afb87e41cc3093b,4
classification/train/8/train_00909.png,classification/train/8/train_00909.png,373a5299816203d9b446f62e036467e5fb59bc73c7a38b8a515299982e90a25b,8
classification/train/2/train_00910.png,classification/train/2/train_00910.png,e647258e28fd25eb8a88a9dfead29e8b1de36284e5ca943c58bef65eb2a8338a,2
classification/train/0/train_00911.png,classification/train/0/train_00911.png,bf2e49b9722c1403f9d4bac4013dd0d9d71f54cc52af172aa34c34b330b28097,0
classification/train/6/train_00914.png,classification/train/6/train_00914.png,a1266c71c8edb14eee973d2e689c6f3a012c5744d7c403d5c3b83911b1116bb7,6
classification/train/9/train_00915.png,classification/train/9/train_00915.png,42a6fca156b110c79727b0e72d35c2d682766f4a4beaf695761982792d8ca4ff,9
classification/train/1/train_00916.png,classification/train/1/train_00916.png,1d7605714ae2fa8c30b32e57b1432550b1f2f220b6a99f978587cae100f1339a,1
classification/train/8/train_00917.png,classification/train/8/train_00917.png,ae38a8c022515db1adca951aee5706dc6ff228de60e75951b0ecad65372b86ae,8
classification/train/9/train_00919.png,classification/train/9/train_00919.png,14c74fff43d180896fe6fc9278e1948200fb97e796b17ff8c04d93d4bdcdf21e,9
classification/train/2/train_00920.png,classification/train/2/train_00920.png,d1ac0d183ef4042eb5d55067b4d61c681e8e3a7c12e2100aa259e5d826250ce2,5
classification/train/3/train_00922.png,classification/train/3/train_00922.png,b1bedcc0115f736f1f51bf284918be078e01b4b6fa48fd72e25a86e318662b41,3
classification/train/9/train_00923.png,classification/train/9/train_00923.png,af4be39bd43483836ec008e59f3d82b4b5acf1bc6ffa69a94749ade512dc4330,6
classification/train/8/train_00924.png,classification/train/8/train_00924.png,0979ebaf7fd1e5ca34d9325ff6dddde4c63c3070466cbe16dd7823243bbf0e5c,8
classification/train/8/train_00926.png,classification/train/8/train_00926.png,894992481078287cd85fa7983a56ff270399f31a54da50504ee6af6693705c04,8
classification/train/6/train_00927.png,classification/train/6/train_00927.png,67945cec350df00f4a03fb2226025bed35a18b91596d93f7ffa87a33c46e5a35,6
classification/train/5/train_00928.png,classification/train/5/train_00928.png,e1d33fc948fcf76a0804c209cf4a4331caeb3d1d5b84b65661ab83d46b8c6e77,5
classification/train/1/train_00929.png,classification/train/1/train_00929.png,68b27d87c0b2229c44ec52fe549a833544d9fb2bbc700d531507ac13ac54c52a,6
classification/train/5/train_00930.png,classification/train/5/train_00930.png,658d2af20fc6a2aadc32d325d54f94114a8dee8b1da18a07294283ccdf8915fc,5
classification/train/9/train_00931.png,classification/train/9/train_00931.png,989852ce1f3432738b45a0a631a01667e1683e91fe58a970c55ec383939755d5,9
classification/train/2/train_00932.png,classification/train/2/train_00932.png,27d586bdbbf362400adc4c3edd3612ed3bbd7d70bd58dd9537736aab85ec6387,7
classification/train/6/train_00935.png,classification/train/6/train_00935.png,734660ee24807755d0a5c037857218365388de249059353eb922e3ce169e00a3,6
classification/train/5/train_00936.png,classification/train/5/train_00936.png,96f85bcf66e2881a9e0dd8fb28946fd31a7ffffd251182a90c0cc9de4239703c,5
classification/train/7/train_00937.png,classification/train/7/train_00937.png,f31d96b3633110d2b9ed8f78e326b715cf4fd50b13c8b840e0f3e68346feb35e,7
classification/train/9/train_00940.png,classification/train/9/train_00940.png,f1f5c06fc5823355c2e0d603b2044987c74d11441e0ceb7f07afa2f2fe2c2794,9
classification/train/4/train_00941.png,classification/train/4/train_00941.png,e509f75ddeeb5759e41e0f89cf6fdb230bf4ea4c60d771404c870d42143389ae,4
classification/train/6/train_00942.png,classification/train/6/train_00942.png,91fc429d54600217dc439f59b6017031f55860514bd6906de4850327e542052c,6
classification/train/6/train_00943.png,classification/train/6/train_00943.png,99a8224a31ef3f6e206e12357836fa87c666d1eede6690390c9faa406908b5f5,6
classification/train/9/train_00944.png,classification/train/9/train_00944.png,3b6158d442dfd8c857fe41d6592f34e0162b8655938746eacf5b4de4c62af6d6,9
classification/train/1/train_00945.png,classification/train/1/train_00945.png,ea3f4fa2616a4d537a332147e2d181d28223a62850f47f1ab9e46d98b41e72e2,1
classification/train/7/train_00947.png,classification/train/7/train_00947.png,4037a74c56ddfea8be47f67a72a060c0dbcdfdaebf24d818954fdfd181ff3a0a,7
classification/train/8/train_00949.png,classification/train/8/train_00949.png,7d8db2ca172a9b4cff9fba25a4c06048a2d5eb7a8153b51fdd9c616fe04082c4,8
classification/train/6/train_00950.png,classification/train/6/train_00950.png,bf999e1338683c4ed190e1218dcf8f26b75e22ee4cbe163cc88a6a617572181c,6
classification/train/2/train_00951.png,classification/train/2/train_00951.png,7b0a618d13b9dde8bb452293f72a0ee64fba8d0f391d25c771697ba9b8f70a1b,2
classification/train/3/train_00952.png,classification/train/3/train_00952.png,925dc3b39e2fd001be965f3b3f69e9e9b71d2f1d260bdea1b0422ccbb552b871,3
classification/train/1/train_00953.png,classification/train/1/train_00953.png,fe321370c08684b9641d1b1eebc64218c9a77652a90967b933246ee541735677,1
classification/train/4/train_00955.png,classification/train/4/train_00955.png,625a217fa090d203fc0331486918934aa2dad3f4d96a46d99a84685243082ef5,4
classification/train/3/train_00956.png,classification/train/3/train_00956.png,ed414a0ab41ef305d52158b1a04f336c7f8c70fc6c91ea2db8662f177297bf29,3
classification/train/8/train_00957.png,classification/train/8/train_00957.png,3a1703229b8296f08d5a975ebfca69e6e9b20a8c8b9c87b38a78f35ba9ef011a,8
classification/train/9/train_00958.png,classification/train/9/train_00958.png,97cd722cb18e1060fb33189120513f10e42b3464681734c844740fce4a724767,0
classification/train/2/train_00960.png,classification/train/2/train_00960.png,2ba81b155f37d2f9fb70bee4613e256f947846087954bc6445628528297c2364,2
classification/train/3/train_00961.png,classification/train/3/train_00961.png,dfeffe017ecf572cb9db3bc45a6d883646db48010d3f596410435047d8f24c42,3
classification/train/1/train_00962.png,classification/train/1/train_00962.png,656a9e731e4378cdf4d8814b1741ad76c38824a81cc9f16482e3546a6fa635b5,1
classification/train/0/train_00963.png,classification/train/0/train_00963.png,8b877e60d8ab95e7a6060ed5daa3a76800c4be68e3f27b00aa01dd05b0e48867,0
classification/train/4/train_00965.png,classification/train/4/train_00965.png,f4f98b9d06bade111c0369cb9d3434e6f9893aba16f57cc2ec35dcec3df03f3a,4
classification/train/5/train_00966.png,classification/train/5/train_00966.png,d3a99ae5804fe00215f101d8eb7f402c0f3edd8d0de549070928eb1657cfe529,5
classification/train/3/train_00967.png,classification/train/3/train_00967.png,be4374f26ef4a34cbeaebccf59b310f51b06dc33dc84285d048584b3b0495155,3
classification/train/9/train_00969.png,classification/train/9/train_00969.png,afc796fa344cc447ce92834033a8c5425e1380dae5bf90e6a88784b453b30c88,9
classification/train/3/train_00970.png,classification/train/3/train_00970.png,a7dd0347a511c38a762c51b27807777a6d0c1d5b79709e5b87a3f38690afe7cd,3
classification/train/6/train_00972.png,classification/train/6/train_00972.png,383b20349c45f19ce363e59036c719c73356cc8e8b0e897f164a94d4bc5e0d60,6
classification/train/6/train_00973.png,classification/train/6/train_00973.png,48e12c2ddf67935ef3c39a0e8761f0423e13f0da0deb14e0468e0a60f83525ac,6
classification/train/8/train_00974.png,classification/train/8/train_00974.png,e5a65387115943436a237b00aa2756910c240aa247a5d0ebbc971044b739172d,8
classification/train/0/train_00975.png,classification/train/0/train_00975.png,936b9295bc6e8986c29a5bcf795dd5fdebfba77301166ea21e06e1617b236a3b,0
classification/train/3/train_00976.png,classification/train/3/train_00976.png,664c5d3adbd8f7e30de75268a92a15d58ec2beaa572facb40021011525127bec,3
classification/train/5/train_00977.png,classification/train/5/train_00977.png,7ebd32da552bb619c99078fa53309ce59e9d915a22485f7a60e9ca9f7580b11a,5
classification/train/7/train_00978.png,classification/train/7/train_00978.png,eab2d61914f32ae552fdbbe28e78c9433dae826d439bb79404e2d5315c35b350,7
classification/train/8/train_00979.png,classification/train/8/train_00979.png,c2908a6fe5468ae14c42fc4e516d3deb02d658539d664fc21962bbe916c7293a,8
classification/train/0/train_00980.png,classification/train/0/train_00980.png,ec83ff8fd605cd4c1a02f37a8664497c684cbda49f22b1fe38dd3f12832d9850,0
classification/train/7/train_00981.png,classification/train/7/train_00981.png,fabd3e7752e4f280c57e53ed8b1a4215a726682ab000e39468e4067274f37f1f,7
classification/train/5/train_00982.png,classification/train/5/train_00982.png,3947fee3e71f848ddb77f1ed60f8d495a8b700fa835ff8f76f839762a548665e,5
classification/train/8/train_00983.png,classification/train/8/train_00983.png,053ddef42437351b95e1591c4a4559451d87ead2dff8d73d1a8b81f1868e571c,8
classification/train/4/train_00985.png,classification/train/4/train_00985.png,8b77407cad387c8b2ee6ebb65cb216b93539176d0ece097836b69c5282a41bf9,4
classification/train/5/train_00986.png,classification/train/5/train_00986.png,414f9f92680670cd93200ba41579e54d32a4fd4b57cf0c64571b9ff83fbc277a,5
classification/train/5/train_00987.png,classification/train/5/train_00987.png,816bea368dc88093606e61f6767546847073259635b7b83052cca4efded0a2a5,5
classification/train/9/train_00988.png,classification/train/9/train_00988.png,8a70eb620487b26eebcf64f4492e85a46d62766e56ffc66c08d15317b33aef43,9
classification/train/7/train_00989.png,classification/train/7/train_00989.png,feb33ed42acccb10cba0bff36d6bba40acda827dcf0aab992eb944ff6c838cd0,0
classification/train/7/train_00990.png,classification/train/7/train_00990.png,ae9b36883964c74ca0416081a94d3fab8a9ff736e67c01ad5f895c6c8ad9dae8,7
classification/train/7/train_00991.png,classification/train/7/train_00991.png,f3ebee40051d0b4b1afeb93805e0a06576aca554c6871953c69129d696e7274f,7
classification/train/9/train_00992.png,classification/train/9/train_00992.png,c166004445d5d472730782a7960f655d1e23dac5d1034b35c18bd83e4f3d0ba1,9
classification/train/2/train_00993.png,classification/train/2/train_00993.png,309c17ec55e24a2c5479e573cbd84bb30cf1780b1e96a732d467e69ce04b9059,2
classification/train/2/train_00994.png,classification/train/2/train_00994.png,15478b9e2daf0db2c821830c23027af13868ebb3a7f04e1b1a51baa2aba8f697,2
classification/train/1/train_00995.png,classification/train/1/train_00995.png,fae96eb8b08c363c81cd5391b35318422659fb1cc59554fa1309c27a5a6244a6,1
classification/train/7/train_00996.png,classification/train/7/train_00996.png,7922435c4529aa617254ff80750b8dd27b6b9e94ad2dc77a289318842cce9f73,7
classification/train/0/train_00997.png,classification/train/0/train_00997.png,5e7a609cd33b740fc86e7d6251c44b1d098c2a1197049f88c777b6cf076476a4,0
classification/train/0/train_00998.png,classification/train/0/train_00998.png,01f147da271d6136972cf3a097602bdb801458720d1dbc5b148dc7da654804ff,3
classification/train/0/train_00999.png,classification/train/0/train_00999.png,878a1869a34586b9f340bb9b1fc8e1a04d9c639ae5f3bfb30cf50d09222c02a3,8
classification/train/2/train_01000.png,classification/train/2/train_01000.png,9e1790fd89d4feedf5837ac74afb67e95469ec3f4ed58177765e478c849dd1f0,2
classification/train/3/train_01001.png,classification/train/3/train_01001.png,86f6f907505ebb0324728178edb14863e4bd10283720336323724249d6829bde,3
classification/train/1/train_01002.png,classification/train/1/train_01002.png,06bff232b3d71f5ba03ac8e3630f3843de5094ea5743f861cd15d9dacdc4371e,1
classification/train/1/train_01003.png,classification/train/1/train_01003.png,06f02b5bcc9cbe8a84e08827133ce9173f5b3edb1e2052f9269f21dc06392df3,1
classification/train/9/train_01005.png,classification/train/9/train_01005.png,2b3edf1937d6ab384f1c9d102c7150aa6450d5fb44fa06b6abb1ef6ac7ce17f2,9
classification/train/0/train_01006.png,classification/train/0/train_01006.png,6d94af94823d5f7fe8fb63f93fb81b085e5eef447aa1cf294d5a3beb6a0e5341,0
classification/train/9/train_01007.png,classification/train/9/train_01007.png,7b675a2ce50b7d28a9667573a250b4b3e70251d6fd3d2f2d529d6ebb1065b32c,9
classification/train/7/train_01010.png,classification/train/7/train_01010.png,d5c63cf7563931a05a35db31bdef186b8cd0fce0d7f451978e37f4c49fb520e7,9
classification/train/7/train_01011.png,classification/train/7/train_01011.png,31bcd5812e032870b88e59fafc947030c37b4ef3167d71d7082415597d2f821d,7
classification/train/0/train_01012.png,classification/train/0/train_01012.png,7dcf46fca783847938e34c4b92e211d261ce2ad798df728f4600fa778dec472f,0
classification/train/5/train_01015.png,classification/train/5/train_01015.png,1554001382b17065dd99ee42f27887fad248b6679012ae56dc3d93b104071e23,5
classification/train/9/train_01016.png,classification/train/9/train_01016.png,52f517646c8dbaea07a42afaadfb7b1b687a26b6a95fdc96d119a8df154e417d,9
classification/train/7/train_01017.png,classification/train/7/train_01017.png,ad45e6fddab4570153fc861518094aeac5b3f33a3f1282b1e8860db586484c3b,7
classification/train/1/train_01018.png,classification/train/1/train_01018.png,30a1c0441b3cb5614daf2ee194d3c28c015f9f19ff0dcd5550d04a19d91143a6,1
classification/train/5/train_01019.png,classification/train/5/train_01019.png,1d942b6e400a898cb259072d98fbe1d6120b0c7c74ef46a8022f2edd1caa8d80,5
classification/train/3/train_01020.png,classification/train/3/train_01020.png,341c40249469872c3875c53f39e376c5e970f106da44d09f114a2ef670eab535,3
classification/train/4/train_01021.png,classification/train/4/train_01021.png,c4b961f9d3453f4ea207a7efb0799377ffaf9d08a9cc6639c47b44ffeac3b8f0,4
classification/train/9/train_01022.png,classification/train/9/train_01022.png,b035fb5f98725f404197ba4f3df05ba0a71e85b1cddb76c989cd7def04dcc951,9
classification/train/6/train_01023.png,classification/train/6/train_01023.png,d5a25b6de3bb7ab81268b9c63085f0ac4fa51f812ae1a72ab2c918415b4d294b,6
classification/train/5/train_01024.png,classification/train/5/train_01024.png,c2233057d8b90f679216a8d210cafb6f50bf23e958c2c08e10b5a3bbce717b9d,5
classification/train/8/train_01025.png,classification/train/8/train_01025.png,8c4ef2db8d4b09373b2c92e0a567e150522c8eab10a627903944c77ae0a8ed14,8
classification/train/2/train_01027.png,classification/train/2/train_01027.png,05d1d02436eb929e1f897410b07eb12a1b0de736cc12558a6c1a3f7f983eee47,2
classification/train/3/train_01028.png,classification/train/3/train_01028.png,f7a3952b2eeb8814a223a0035f4fcd146a1a62f953445c1948c642a7e288c195,3
classification/train/0/train_01030.png,classification/train/0/train_01030.png,a008b84685cc38531d7937316bc360b6ceab1aad38994e875a46b868f23366a3,0
classification/train/1/train_01031.png,classification/train/1/train_01031.png,4d8709659e4f252c65079429da84071f931430f4a6f2963a7c3ec361f6f74180,1
classification/train/7/train_01032.png,classification/train/7/train_01032.png,22fe663b1aca4a3460b334675f33151eda666c20daef3e9bf3d467da8def78f5,2
classification/train/1/train_01033.png,classification/train/1/train_01033.png,d8901affe7e6855b2d0ff28ba7641c572b3bf4ade72b53646027aaac1d37675d,1
classification/train/3/train_01034.png,classification/train/3/train_01034.png,bc6f18eb4d2d8d0d665b9a0e7a7ddbac8c7ace19ea52a7d84a394a3ccf874152,3
classification/train/6/train_01036.png,classification/train/6/train_01036.png,e8347dfeda0d7ccf8ba0c2b5f0533607762abe249bd0be4a338667d0009867d3,6
classification/train/0/train_01037.png,classification/train/0/train_01037.png,462c97328898a6d6c739ec7dca4804ace06c5eca37ca6daebf5e8c98fd54ac7f,0
classification/train/1/train_01038.png,classification/train/1/train_01038.png,2adcf60659ce4870dea51571b2737b2c4f7bb81b4c4a178c99fff3290ba5895a,1
classification/train/0/train_01039.png,classification/train/0/train_01039.png,84984e9c315061eeecb63001271ee46ed7606eddee1aaaec0f80e5734c84c74d,0
classification/train/1/train_01040.png,classification/train/1/train_01040.png,eea23af6a2b801b9fe3468d7bcdbb8bc686e27d20167df654708e9921107d502,1
classification/train/3/train_01043.png,classification/train/3/train_01043.png,7f77fe54ea0f4244862c99a43c491654425d6b4ab1f7653cd8a6d998a7b9abf2,3
classification/train/2/train_01044.png,classification/train/2/train_01044.png,7a4034b20a9fe9951fd8969f5abf9d4888096d496a55db3120e5be60292b76b8,2
classification/train/8/train_01045.png,classification/train/8/train_01045.png,dbe10f720ec60d7e65414c19b52be9e865e7420af463abe6e8ea89afaa090bbb,8
classification/train/2/train_01046.png,classification/train/2/train_01046.png,f6c11e3f524e815b211bb541f027d3c83834f9797ef671dac0daf6f01b6c289a,2
classification/train/5/train_01048.png,classification/train/5/train_01048.png,6b3f6c4b6738b29284fd30fbd9dde891178c94fa6335fd78dddf0a840d581527,5
classification/train/9/train_01049.png,classification/train/9/train_01049.png,30259000f410ccce8afc9b72b14a8faf4786f0ab7be4924dfcc9b9dffd9e5b1f,9
classification/train/3/train_01050.png,classification/train/3/train_01050.png,6bd7d70885e343d5b3bb9993d2db11ffae72014e61e3f434a299160ee29f83a4,6
classification/train/6/train_01051.png,classification/train/6/train_01051.png,187fd2222b594348701c493e0eeb08ff3ce77b21170b941a96c453d3600ac775,6
classification/train/1/train_01052.png,classification/train/1/train_01052.png,4682635ccd06b58e91515765b46bf78a78431e8d299843d2783b0db71f941268,1
classification/train/2/train_01053.png,classification/train/2/train_01053.png,78e72f87fdea9830b4e030d093e3c5c3b5b63ea1d4d32560f6be564300d0d1ac,5
classification/train/1/train_01054.png,classification/train/1/train_01054.png,cd8dff395c6fd626e23df30c6f5d89cde3532e59027042614d6632b12513d65f,1
classification/train/0/train_01056.png,classification/train/0/train_01056.png,2a25c8c96fd635a895b817afe37c6b19f2c162747e1865df15fba183dcd9b403,0
classification/train/3/train_01057.png,classification/train/3/train_01057.png,9cbea7a507354084ed209fbf71cdee5bc436b7f06ac04da6fb305b65220e01e4,3
classification/train/6/train_01058.png,classification/train/6/train_01058.png,03619baf2e77ece7c9d29c379a758460c54dfaecc78add39e70d14872bed1223,6
classification/train/3/train_01059.png,classification/train/3/train_01059.png,1818d610b78aa9ecb8598ed1b3846891c8f6a1130cfaa07234ab7363d2c09b21,3
classification/train/4/train_01060.png,classification/train/4/train_01060.png,e024a7b28ad72d38fadcc7efde289b62fb792a4096d332a9c53aa2b54356399d,4
classification/train/1/train_01061.png,classification/train/1/train_01061.png,dab708a9b014c93ad80c15c441955677a8c62ecf378f3e5d0a40f1489dcdec84,3
classification/train/5/train_01062.png,classification/train/5/train_01062.png,37f0f963ba4c8a0fc967e04b7bc1f0fb786d15366f649aec622d442ab13cb470,5
classification/train/3/train_01063.png,classification/train/3/train_01063.png,6148868d9e0e8bd0d7ade5c9b4fc0d0b063d6e5afc2f991e1a8c6cb913ac96ce,3
classification/train/9/train_01064.png,classification/train/9/train_01064.png,c224a3b693b8f56db80d9d0d14b250e9851cb773b72687cb73420f0ea07e761b,9
classification/train/8/train_01065.png,classification/train/8/train_01065.png,2864ae8b071cf204c9e41693dc74d378bb392bd98dc175dba70fde8c2c3e219f,8
classification/train/2/train_01066.png,classification/train/2/train_01066.png,8851af1677652df4547948398650508bdc3788a43cb531ae92c14c16e7550e90,2
classification/train/9/train_01067.png,classification/train/9/train_01067.png,ab42c626440adfb283f2495af22c510d6cd56ebc1c05406121a454a3ccff9bfb,9
classification/train/2/train_01068.png,classification/train/2/train_01068.png,9936a9668981e350f9508f29741136dd2c4bca766a574ed27fd79d7ce0a694b9,2
classification/train/9/train_01069.png,classification/train/9/train_01069.png,51e8bb68201b14140d6cd7d0d5f45d264f9e33d02e286012ddd7615261ecbf64,9
classification/train/1/train_01071.png,classification/train/1/train_01071.png,af67b0794a34fe500c90e062074f4cbe88513659a9df135989d08b5c69543b38,1
classification/train/9/train_01072.png,classification/train/9/train_01072.png,8aed95074fbb9a3e5c69327865976cc9bc2ab3ffe0b03e39014a250874bffd83,9
classification/train/1/train_01073.png,classification/train/1/train_01073.png,18eff7b65d45299f47bb8df9777c2860345ffd90ed962109d92f5f1d03857a50,1
classification/train/2/train_01074.png,classification/train/2/train_01074.png,f94512763cb406c8db3aa6be9b8d9c379a4b3b6a13239c09fc0d04ba3ab97f63,2
classification/train/7/train_01075.png,classification/train/7/train_01075.png,32a0a8ae062ee0c5ef4383b0bab266fab3eefa3a2d1715b353e0b2be853d10d5,7
classification/train/4/train_01076.png,classification/train/4/train_01076.png,1a8f6c1767c438febba43162ff43d4ad12bb8d0ede07d2ded7d9f1878b7b7019,4
classification/train/3/train_01078.png,classification/train/3/train_01078.png,12beb6c3942ab32cf6383ae94e8102d7ac7c890d10688cd1dca1e47951fd0bb6,3
classification/train/2/train_01079.png,classification/train/2/train_01079.png,f25869fe156b5bd758ed2a5f339df978e3ce4c2fc2c0da4113e3bee8cc542fb1,2
classification/train/2/train_01081.png,classification/train/2/train_01081.png,9bd8b044e86fa0f686314ccf1e09e53c6c9ca8883e6bf8679f47ffa266126123,2
classification/train/5/train_01082.png,classification/train/5/train_01082.png,78437fb64a73983ab60f0f4e8877966f415664c0596540aa101d3eb8e4e6f996,2
classification/train/3/train_01084.png,classification/train/3/train_01084.png,b7373b311337c894e91e5d072eae7abc4354bea18a76d7a65ba41d458a0a1ae5,3
classification/train/4/train_01086.png,classification/train/4/train_01086.png,f4edd71e17c07fe9d5b735a1cc16690903a8215001c66d27a008e8c8aad3eaa1,4
classification/train/1/train_01087.png,classification/train/1/train_01087.png,e30b7bc8b56f42fc1abcf9faa8faea85058ace4c69646cd8cd37189aa64756d1,1
classification/train/0/train_01089.png,classification/train/0/train_01089.png,62887f21309e99086660fc6d21b11cd9852088b7d695ed00a23d430af2c55b4d,0
classification/train/0/train_01090.png,classification/train/0/train_01090.png,4824e67a9e8b03042d856cbbded9ae78897edabaf0d2093e4e767e97d22b5838,0
classification/train/7/train_01091.png,classification/train/7/train_01091.png,7ebfc5e2a6c6affa786401140453ffd86f45b24be7d257257f3e5b2387f3b964,7
classification/train/5/train_01092.png,classification/train/5/train_01092.png,3e204e3e27aa25276abe51b7ef6d89ff172cd69985de6e3087d5745d5c606d7e,5
classification/train/7/train_01093.png,classification/train/7/train_01093.png,6a8bbf39d8759b372f5e3c94067336e151892a5b032b8cf33e7e0510b0afb372,8
classification/train/5/train_01094.png,classification/train/5/train_01094.png,5748731125e2c68c86117374f6b7c0af83dd8e59e12a7df39aaf7dcc5aa4a658,0
classification/train/3/train_01095.png,classification/train/3/train_01095.png,f1374e24d945e7f894f5e83941445a144d633351bebbce21ae51b865200bfa29,3
classification/train/6/train_01096.png,classification/train/6/train_01096.png,2d4589c8f2a46f544f1d956e1375b9b71405305584028cb8ec096e3fcd3a889d,6
classification/train/9/train_01097.png,classification/train/9/train_01097.png,cac1434d60e9e913b00c63c1e7e9de78ea1b00e3d96d8330acf7a5df0fd22b63,9
classification/train/6/train_01098.png,classification/train/6/train_01098.png,252c137f58756e6b88c8e5cd277a9e5cb262027e72968e78367c52714d2b7d9d,6
classification/train/8/train_01099.png,classification/train/8/train_01099.png,e127b4593110bac53fa92b9c04b6b0ca3b83ae6e39e67aabab5a0f420b749ed8,8
classification/train/3/train_01100.png,classification/train/3/train_01100.png,f5a144bee93d54d0d245735f3dcfecdee7c7ad49f9c6d1ef8e30cc098e6fba84,3
classification/train/3/train_01101.png,classification/train/3/train_01101.png,9343449a634a233c4e5b995f4803b6a1cc0982aab143830540506a6ac957e94a,3
classification/train/6/train_01102.png,classification/train/6/train_01102.png,1f6b8a0d6b4dec8b71b054de811ceed7e1e640c84c3ee46952b9a183a77f1ccd,6
classification/train/1/train_01104.png,classification/train/1/train_01104.png,9607a188151444732b72cb9844f7e59f4cd580ab235f6bcdf3d22a8234a25785,1
classification/train/3/train_01105.png,classification/train/3/train_01105.png,f1c59f60814b7885ef4cac44c04fb7b337c6bacde0f5e87e38c7dd171d733b2e,8
classification/train/0/train_01106.png,classification/train/0/train_01106.png,6a4ab49c080e4b9be5383954d4275972c03f27df54a15f2ba48475054af6ebc5,0
classification/train/5/train_01107.png,classification/train/5/train_01107.png,8aa415f1ce8244bd2da16be213ade4426a52776ebf1f12587c7def3e4055d7f6,5
classification/train/2/train_01108.png,classification/train/2/train_01108.png,fe8f041cbaa15f534e6ef6d4d7c2f12e0d8347f3f0a551617ded72bc63211e28,2
classification/train/4/train_01109.png,classification/train/4/train_01109.png,6e83332c3546a5f41a6a73618441f2d096489fe8704951298070a1a397fa47d9,4
classification/train/4/train_01110.png,classification/train/4/train_01110.png,4d5ae7bda3d0f28010c798a18eb5177096041198ec7f313bb83fa8b7e4af7d30,4
classification/train/7/train_01111.png,classification/train/7/train_01111.png,24737e20369c7e771b39bb4267a108381ca4dc8b967d804e43ce11206ce0dc18,7
classification/train/4/train_01112.png,classification/train/4/train_01112.png,fe3554f9f4b0f48f23793a8276204e83d5989fbb67a88cc12570b3bf0d80bc2a,4
classification/train/6/train_01114.png,classification/train/6/train_01114.png,4b98f3d6656c3bec2ad72d806dfbab87bf3607843a31496ee92d612bef4d3599,6
classification/train/4/train_01115.png,classification/train/4/train_01115.png,57f0331c00399c0071ab94b7a9528d2df7052109dba2ae9d958b6e20e7c05356,4
classification/train/8/train_01116.png,classification/train/8/train_01116.png,db8b09b727a227ae89cd8eebb3d5a73e1d9ba39269871fdf74f3782b772dd27f,8
classification/train/0/train_01117.png,classification/train/0/train_01117.png,d3ca43277f4a934568329f766ebf991447c68d49d40513601ea9b59a5ec452ab,0
classification/train/3/train_01119.png,classification/train/3/train_01119.png,80c92fa917f4c5f0e046365424123f096e3d67c310957a7d1f0b12f20ac92422,3
classification/train/1/train_01120.png,classification/train/1/train_01120.png,5d1034bc37db79ccf0dbda9e486831cd00bcd30cad576e0de971af58406d5767,1
classification/train/4/train_01122.png,classification/train/4/train_01122.png,52c299a5f70628d507aaf10257180554e91c90a99d65720e2ea08d80aed1a2d3,4
classification/train/6/train_01123.png,classification/train/6/train_01123.png,fe3d5f9bf604901d5fb03553189dbd1a32d4278e0513ffe9a22e305b78e6e031,6
classification/train/0/train_01124.png,classification/train/0/train_01124.png,51bcdc4b5ee07edf0fe29e8c4ca306918fad01a6ee8931e9850efb6c67c3477d,0
classification/train/3/train_01125.png,classification/train/3/train_01125.png,2a6073db8b314559524422fb631533ff4bc77aef16396c650e1afc5427d78dc0,3
classification/train/8/train_01126.png,classification/train/8/train_01126.png,a1868d5a4d520c09efb02a1038270dab5223ca8a0962a67712d7d70e12002209,8
classification/train/8/train_01127.png,classification/train/8/train_01127.png,f16e9da84ccbf24ae3f55ea08f72254230bbaad76c166d67c92699ebcd0cb56d,8
classification/train/6/train_01128.png,classification/train/6/train_01128.png,982042ea8c23ecf659df38dc63a612e0448c4f10bac6cd4526e1c9a128f2cfe7,6
classification/train/6/train_01129.png,classification/train/6/train_01129.png,9f534d5e4378534396e2603ba42a3b1257dd8047cf7d229561d0899479eab03a,6
classification/train/2/train_01130.png,classification/train/2/train_01130.png,524e73289ec217dd6e69642da3ddd206c7f8ec8ad15b816c1d6bf9f029da4d26,2
classification/train/0/train_01131.png,classification/train/0/train_01131.png,76de62a39d4e067ad9410e11c9f3ae1bec98381195caa0f5543b6654c8648459,0
classification/train/9/train_01132.png,classification/train/9/train_01132.png,e674acc4d9543128ad864fa034077ab80a2f8fc7aa4a87f0697bd8ec1eebaec5,9
classification/train/1/train_01134.png,classification/train/1/train_01134.png,985874339a99fc8494f6acb7a9e2740284c2779e7a2649bab896c236c38d021d,1
classification/train/6/train_01135.png,classification/train/6/train_01135.png,8e9e22a3ae2a2735643c18f32dc1704ed66aa0e16118219163711b297e152295,6
classification/train/0/train_01136.png,classification/train/0/train_01136.png,f025b83953ac442fd23677b72ee3c7ea6911a0350027130630dce58985d3abcb,0
classification/train/3/train_01137.png,classification/train/3/train_01137.png,b80d105848059c221e717605e5ed6c2b49e625807bd8794f210db4b8058811ad,3
classification/train/7/train_01138.png,classification/train/7/train_01138.png,4dc5c947e1a1e8ccb4229a334fcfec03a1c31d064139269b7841c62faa3bbc7e,7
classification/train/9/train_01139.png,classification/train/9/train_01139.png,0e40fee962c5f68145694260bfd21aaf61e33465787a6fd081e7bcea7613eeac,9
classification/train/5/train_01140.png,classification/train/5/train_01140.png,484a5eebb5135c23777789a2e0db31ecebf9af5b7d8651bb7e3de193fffda9c8,5
classification/train/7/train_01141.png,classification/train/7/train_01141.png,247e75a607ee4345c13279d0eed2f9b1e68dc5f63ca66e5f08dbd4234b93fcab,7
classification/train/6/train_01142.png,classification/train/6/train_01142.png,81922ff7516bf8614b81958737afca85df155373ae80f79d04f8b09ae85bc960,6
classification/train/2/train_01143.png,classification/train/2/train_01143.png,13c5dbaf0400502c16326109b70ac721046fd70846e5c1c5908ad4536df53a4c,5
classification/train/6/train_01144.png,classification/train/6/train_01144.png,a267d7ac33c399ff18648ae9b52572f71e9e4611332e65ad37622359e5cbc2a0,6
classification/train/7/train_01145.png,classification/train/7/train_01145.png,23a225cccd2021284de8f81db50dc4998c8f6ae506b5b6751d14c8c576d1c06f,7
classification/train/3/train_01146.png,classification/train/3/train_01146.png,024b6656bc7182572526853c3b51d62cc854996894e4f74f87265c722a98cb62,3
classification/train/2/train_01147.png,classification/train/2/train_01147.png,72ca864b9f02ca170c8cd39dff663ea98f6e1abbf22f38b5be5a6b7b93a66d03,2
classification/train/8/train_01148.png,classification/train/8/train_01148.png,ea4735fe981ed6326b5f32979b1b1b050acee4ba5f643d0a3a3e84a6add0567e,8
classification/train/9/train_01150.png,classification/train/9/train_01150.png,7ddf2488e27f15404519be4967e929829b1be7e28581a55f719210f21d0abaa9,9
classification/train/8/train_01151.png,classification/train/8/train_01151.png,dafaaff9402a8c1a6dd90ea093151e006f8d3f34cb7de6ce8fdc0f1f0132b3c2,9
classification/train/0/train_01152.png,classification/train/0/train_01152.png,495fe3508abae9e582a645f61ad83ea4d40f9fc8c7e29a4a9a76cde580d12954,0
classification/train/0/train_01153.png,classification/train/0/train_01153.png,3df4137c078197dd74ab3c3416b878fa513d3d7b14283343e6b68f60d74518d6,0
classification/train/3/train_01154.png,classification/train/3/train_01154.png,932d8e06323fb077116675be0d43df218af513f9c967691150d5bcdfaaad102e,3
classification/train/2/train_01158.png,classification/train/2/train_01158.png,aba08409a1004fc2bf685e15f897039a9f8b13b39d980cf10cf02f15299531be,2
classification/train/9/train_01159.png,classification/train/9/train_01159.png,27582e62d4d09cade199947b84173dbeeb79c7014f85679ca1fdbefe182e3970,9
classification/train/3/train_01160.png,classification/train/3/train_01160.png,e47e93680a0febee7e1605b764adf757caefe9caf5dc6174289259a1f1bb9854,3
classification/train/8/train_01161.png,classification/train/8/train_01161.png,b588e55f6690538f2366691ff58e45db289a5fa2ca4e235533768d4aa39c20f7,5
classification/train/3/train_01163.png,classification/train/3/train_01163.png,0c32885b59fbb07d63eb8646ea8de77429cbb750fb27c32aafc4cebd2fb3a0fe,3
classification/train/6/train_01164.png,classification/train/6/train_01164.png,7a907d4ee30196e1fa324300f94a9265536f1507b84c97bd3be9bf02f04431e1,6
classification/train/1/train_01166.png,classification/train/1/train_01166.png,22f5e281a183868dd780411ab25262c104ebf68b61d06635fe6ab3b41667a2d4,1
classification/train/8/train_01167.png,classification/train/8/train_01167.png,c371bd046efb8824a29fba7deea626c80216ce75b355025c0681fad7dea35047,9
classification/train/2/train_01168.png,classification/train/2/train_01168.png,8e191f5698dc2c5a346afccf41dde605c23c748e55cbc17bdd0264dbc87dd387,2
classification/train/8/train_01169.png,classification/train/8/train_01169.png,6a5aff1177b7b735381c214676dc8a641a1a3e25adbf090a403fa1a001b7c84f,8
classification/train/8/train_01172.png,classification/train/8/train_01172.png,85eaf7d99f959a3a7fcec69fdb63f2467c63d7c47ae8a28e1b6a0138fecf59ec,8
classification/train/3/train_01173.png,classification/train/3/train_01173.png,9c845780eacd872cad4c9be7523da92d269779aa1aaebcbacce4fb39e011cae7,3
classification/train/9/train_01174.png,classification/train/9/train_01174.png,53c4f7b95652194f15b742c1f39bfe6ab62c3310ab1cee3c3a3c021d9dd890fe,9
classification/train/1/train_01175.png,classification/train/1/train_01175.png,07d7abe5664dbee25b950d738fa65645982b7396d57e52de2df71fde4a91f4dc,1
classification/train/4/train_01176.png,classification/train/4/train_01176.png,df8baf68fbaea84a7a6018ce261a2def7fca4ce18ebcb9a82ddde34d27141287,4
classification/train/6/train_01177.png,classification/train/6/train_01177.png,aa77f3fe7fee6f7452de4d8873ed267d4f617780b6efc8ba8e3eb443351dbf18,6
classification/train/1/train_01179.png,classification/train/1/train_01179.png,8be702136044d24c2a79087dbf429196e6b7c0c10dbda745e5be5af9fb79e220,1
classification/train/6/train_01181.png,classification/train/6/train_01181.png,16990743461ed798089071b95a9a687ca2602d5573e7fa2d9593e0f0d5fe8313,6
classification/train/7/train_01183.png,classification/train/7/train_01183.png,3e877bc14f4480c887593c723d06c53c24ffaba2e55f2fe33849d14fdd3e9bfa,7
classification/train/2/train_01184.png,classification/train/2/train_01184.png,a04de249832710efd399f563bc366156af1d2577c8a8d705c04fbe012b5c0308,2
classification/train/9/train_01185.png,classification/train/9/train_01185.png,632dcb18dcad9599bf65c778797723ba1b9c04d86592b9a73188ff7d958b2ab3,9
classification/train/8/train_01186.png,classification/train/8/train_01186.png,05df17ccd240e120949873249b985d20669065c0bc56c559fe2c67550d44cb3b,8
classification/train/6/train_01187.png,classification/train/6/train_01187.png,6c40691a391e45ecbd68582526195c3db560c586ef2271cf2b8385ad6bad3882,6
classification/train/1/train_01188.png,classification/train/1/train_01188.png,336df45f2f33c8282170a758619af6705611d6f1bc050945459a6ff131b2a84f,1
classification/train/8/train_01190.png,classification/train/8/train_01190.png,c5b3aa9d5a2a00b7ad4ec09d9744a0e0526bbf8e579513d6929b743860801dd9,8
classification/train/8/train_01191.png,classification/train/8/train_01191.png,89648a9c34e2e8094f8eb8e610bd98a22055949e3b39669687c9d88698944df8,8
classification/train/4/train_01192.png,classification/train/4/train_01192.png,f3b4106a762a35135157df217307e478ec45478fbf52136805d37afb00800e91,4
classification/train/3/train_01193.png,classification/train/3/train_01193.png,b9d7d41a2cee7fc21f26f0428c4dcd271df6f9074b9c153fc2321fac7ae00be8,3
classification/train/1/train_01194.png,classification/train/1/train_01194.png,e75e69bc5adbe5c6abb8869938fc5619eaeaf0df163b6c7c00d6596fce571486,1
classification/train/9/train_01195.png,classification/train/9/train_01195.png,9ae5a4db0e1a0b840e528a715465b3aa3c02198f6c7f14160b4443a01ef690c9,9
classification/train/8/train_01196.png,classification/train/8/train_01196.png,293acd4ec21c195374b6d10abca9dc4e497607bda479251aa9778322e9470bb6,8
classification/train/1/train_01197.png,classification/train/1/train_01197.png,b29d35ccddd2865a70b29515b87025d8c11eb229dd3e8d97a5814b4e7559f7cc,1
classification/train/6/train_01198.png,classification/train/6/train_01198.png,d0519b87169daba2b733097b8fb9ea3a7a18aca64baca776618eeaf12d0fa0d9,6
classification/train/3/train_01199.png,classification/train/3/train_01199.png,a62e151816d41162a92562125c55cda3c464286d89adf9c3a1cee1a146e40ade,3
classification/train/3/train_01200.png,classification/train/3/train_01200.png,fc001400a03e842db7779b83bdb697e4e1626da2c29e49589e6a519b9e91abdf,3
classification/train/8/train_01202.png,classification/train/8/train_01202.png,48feefa359ca2fd414c70ed9dc74d00de0a1335b4858da5620897de40215ddef,8
classification/train/7/train_01203.png,classification/train/7/train_01203.png,d59ee757a1130b3d148b991c12b152e0fc30c5e8b32d57e50759250db81ef2a7,7
classification/train/6/train_01204.png,classification/train/6/train_01204.png,fa14f8bcd23bb769e0a20eee2cc5686faa97f3e24748d7c626bcfe3e7ccd7776,6
classification/train/5/train_01205.png,classification/train/5/train_01205.png,29b5b825584a3c6c94d40b6b21ae617834f1b5e4e2e12ab343349c7bc87847e5,5
classification/train/8/train_01206.png,classification/train/8/train_01206.png,3746cf8d2813a88bba93200a066fc5043ab9bfcde1e1c77c94f8b580200bd2f9,8
classification/train/4/train_01207.png,classification/train/4/train_01207.png,29b8c9d6a19abe28a51c491ad059810e4012ee66955e04bb86c4463077a1ff8e,4
classification/train/9/train_01208.png,classification/train/9/train_01208.png,1ee361153ed13fcee04064bc40d77a7220cbf199a270717d43d70cff8e52c45c,9
classification/train/6/train_01209.png,classification/train/6/train_01209.png,c10b17ade98f077b87929cfaa3cb6f54d4afe7fd51d405288c63ea89667c8f49,6
classification/train/2/train_01210.png,classification/train/2/train_01210.png,7800ae7991b90e81698bf19e6fd34e9e486acf954535b056bd258072acc4d374,2
classification/train/7/train_01211.png,classification/train/7/train_01211.png,bf6304c4dc5a25103c4195722eae052df99e42b12f6451712105e2edffa536e7,7
classification/train/4/train_01212.png,classification/train/4/train_01212.png,8a7997e223caad3c81edf7cc4e40c3e77d79f18c25592aea2876e45b178d0955,4
classification/train/0/train_01213.png,classification/train/0/train_01213.png,b7c68bb07d6d04732f489a75dd64b8bfce46a4ae95a6885786cce9ac8351cf6b,0
classification/train/0/train_01215.png,classification/train/0/train_01215.png,c88bdb272a96c044374d342acdc57d6f71b52db220a735fb4342f93eb6d34092,0
classification/train/5/train_01216.png,classification/train/5/train_01216.png,2a985fd5eba0295a1e5913416a820201b4ca1fbe79d37475425c96e5f3c0413a,5
classification/train/6/train_01217.png,classification/train/6/train_01217.png,3db9ff0f96b4b12d3d83657e1ed47e477362d1390f29399322128864d7f5e784,1
classification/train/5/train_01218.png,classification/train/5/train_01218.png,6e1b269492a873ebddf88eb886a49faaf14e8318d9a4c0c258c76ac52b38eed8,5
classification/train/5/train_01220.png,classification/train/5/train_01220.png,b2711d3242a2f9974d21537715e81160f3014a9b22a5ddeb4f7312b6ddd6be55,5
classification/train/4/train_01223.png,classification/train/4/train_01223.png,9d5f9b08ccf8280f7842411315fd7b5d65c36e1e4c8e38f12f5c12d08abf031a,4
classification/train/7/train_01224.png,classification/train/7/train_01224.png,d172f857e2f74a5d171744565279ff037fcae618dd35c085f366ba3e8ceba62f,7
classification/train/9/train_01225.png,classification/train/9/train_01225.png,c40f9fa657371e574c74bf837ee4c3a9aa2c160e851e6c872200879f208692ca,3
classification/train/1/train_01227.png,classification/train/1/train_01227.png,5c3419bf7569eee389badc53c9c76a9d292543304bdac792ca06cca951f2627a,1
classification/train/6/train_01229.png,classification/train/6/train_01229.png,f070b70fe85aed822b3975bc476f9dda32807d302178b2d3f2629fec8f112bf3,6
classification/train/4/train_01230.png,classification/train/4/train_01230.png,05f85c2d35c2bd065a0e108095442f06df7f4bed5fc19bcad4ee23b109ac9afa,4
classification/train/2/train_01231.png,classification/train/2/train_01231.png,59c67897c5f1853f75bb82814566f9591ffcff62da4df91825df335e37f3e634,2
classification/train/1/train_01232.png,classification/train/1/train_01232.png,1954ac4485560e72f9c44bd80adf2a5ca303356aa91f8ce77d46fc26bccb2a50,1
classification/train/9/train_01234.png,classification/train/9/train_01234.png,e126cba252f42b0433315a813374ba9133bd6c47996ba0e3133852bdfab4b4f9,9
classification/train/5/train_01235.png,classification/train/5/train_01235.png,1fddc41465c84e4889f1b63944224ee44afb38656017e1504c2af1d49a2807c7,5
classification/train/0/train_01237.png,classification/train/0/train_01237.png,fb7a8ac495d32279df48482c050c3d43c43758526cf101e47fd42035dc4d2f74,6
classification/train/3/train_01238.png,classification/train/3/train_01238.png,32f11eb599c4f7b3c61c9e449a3f204503d9f092d81d26c3e7f90bbd52a04e7e,3
classification/train/6/train_01241.png,classification/train/6/train_01241.png,240b3a8fbd3e92368a41b71fe5b4270a5422b64a1d66c7e93d03290b8bc70cfe,6
classification/train/1/train_01242.png,classification/train/1/train_01242.png,3a78fdfad64868d456dcfbb925e7ea100d41a80ee68de26d5433f3c512df2b47,1
classification/train/9/train_01243.png,classification/train/9/train_01243.png,bec5cdd93b042c053cbce76124e1ad1de8f893d4f7547ce5bc50890e153ffc8a,9
classification/train/3/train_01244.png,classification/train/3/train_01244.png,3da402f8fafdd8a733fec7503619c39a4e3ceea12c5dcc84bd7f4dac98347f70,3
classification/train/3/train_01245.png,classification/train/3/train_01245.png,f2c3043c5d75fe99206005deb8822283ba8c4e354edfd89d12aa1afc5cf0e8a3,3
classification/train/6/train_01247.png,classification/train/6/train_01247.png,b7b87acc2433e6b956187ce5e6375a8bd0cab477a0f4cfc5961188912814495e,6
classification/train/6/train_01248.png,classification/train/6/train_01248.png,087012100070d4233588e40465e534143fa8edf43e4e5db5ea43b5634cf194e8,6
classification/train/4/train_01249.png,classification/train/4/train_01249.png,e92a2555357f78fa59b56127c8c36f0321c6b0c9f55e1f26ec9aeeb5fe5c245f,4
classification/train/5/train_01250.png,classification/train/5/train_01250.png,249da2b63df1ccb351dd14dc811bf38af11e826661826e2e31557a12537dfeba,5
classification/train/7/train_01251.png,classification/train/7/train_01251.png,9a92cbe2c8300c1ae478a6fa6ccc9b1c47b67d11e5bef09d1f245844b6744522,7
classification/train/7/train_01252.png,classification/train/7/train_01252.png,df7b0d9d65ab922e8a1d8285aad144581e848343460a81581c3cb8b179fa7c4e,7
classification/train/8/train_01253.png,classification/train/8/train_01253.png,75aa28f7ddd39f04687f5186654f97b7b954b4486b2102f36fca709138f5dc5f,2
classification/train/9/train_01254.png,classification/train/9/train_01254.png,81b55e3a6a9aaa29231c7a92db68589fb1822e22c7e6dbc80a78e4af78c2cc1f,9
classification/train/5/train_01255.png,classification/train/5/train_01255.png,9c6886caa407b7cb4ccaee74053f67c268ff71d1d6effab2e1347e529f13b6af,5
classification/train/3/train_01257.png,classification/train/3/train_01257.png,542a370efde4dda77c0c9777fc9f24c5ff5e48982f4c39ba880c4f79d0ad4673,3
classification/train/5/train_01258.png,classification/train/5/train_01258.png,2ff70f3356d101c8c82d50472863cf0ca619e07ca5e0d92ee114ec580cfbf346,5
classification/train/7/train_01259.png,classification/train/7/train_01259.png,43c74557a77a0474565410304a8f2086a0780953f2e28521e2071c9498eff3c5,7
classification/train/9/train_01260.png,classification/train/9/train_01260.png,284c6914c50247cb34604c43ba73aed70938d4e7500ccda6ee7f83642c0ae245,2
classification/train/8/train_01261.png,classification/train/8/train_01261.png,e931a017258548eb736e38b4fcf83d24e6a015e14b89a8a79ab01f50acb936a4,8
classification/train/8/train_01262.png,classification/train/8/train_01262.png,500f369c1b0962684d23936b7c69ed85326e81a0bf8caded55a71dde33e74baf,8
classification/train/0/train_01263.png,classification/train/0/train_01263.png,3c5d78c26693ac95f34e2e845517c5061088ed31b6818c0bcf1dc2fdc9ea9d40,0
classification/train/4/train_01265.png,classification/train/4/train_01265.png,08996c79c8e522cf08548e83315006e9bacf0a491c38903aff79980d0dd56f99,4
classification/train/3/train_01266.png,classification/train/3/train_01266.png,19f906dd7cf8bafd8ccb5aa48ef2c7f0383ba1b67cdd737a61871af70a8dda3a,3
classification/train/0/train_01267.png,classification/train/0/train_01267.png,097ac5fd2bdeeef010ffe750475afb86991834f54d17bd944e03ad6f896481b9,0
classification/train/3/train_01269.png,classification/train/3/train_01269.png,d4b2532069e59cdcd5c6e601dd1ba2b91b61a2d1744d1a2914b1a313b2b09977,3
classification/train/5/train_01270.png,classification/train/5/train_01270.png,8f974a678a19bec9a1f00790ab485dbbe82e0887be6b1c21b315a9003178d420,5
classification/train/5/train_01271.png,classification/train/5/train_01271.png,006a1719a70e3be199af9f429365d349da439c955e4fad89c4c555d968d4f7d2,5
classification/train/5/train_01272.png,classification/train/5/train_01272.png,861854e2336e47b449b5727c87f0d8d4642b2d1de1542b33385c62a85861349f,5
classification/train/6/train_01274.png,classification/train/6/train_01274.png,4a230dc3b62341a8263090b3cbaded941fb0f3aacb8aa569c29a4bfd67769b48,6
classification/train/7/train_01275.png,classification/train/7/train_01275.png,51d11b38a0c04dd0f19421c5cdfa80b485740da50e916f05286ee64546a4b274,7
classification/train/6/train_01276.png,classification/train/6/train_01276.png,18465a31dfb397baeb18b9b436f721274affb83eab3814fa862b2ca6fb5c611a,6
classification/train/0/train_01278.png,classification/train/0/train_01278.png,41bf8f705ced0a4e4c92321aa701a66a942ecf21c2556decdebaa305c1f8fafb,0
classification/train/8/train_01280.png,classification/train/8/train_01280.png,7b8aa0a7e1fb5ea229dbbc13e81e4d0f927d730917fe0c447d731d8ecdc3e88c,3
classification/train/6/train_01282.png,classification/train/6/train_01282.png,9252dfa0d0367036871fb09a8c2e188b802528152c6a8e8ca16ee2e946b4c9ea,6
classification/train/8/train_01283.png,classification/train/8/train_01283.png,29e2aee4bdb803423ea121cb1206632fbc42359a3654c5560a52b28cab4d183c,8
classification/train/6/train_01284.png,classification/train/6/train_01284.png,390d216683be2f5ef6af69d6efa01ffda765a932be15d2295178d8fcad458f46,6
classification/train/2/train_01285.png,classification/train/2/train_01285.png,3329239eabde6a0f815fe6c543e29d283f4813bd3aef952bb7a2e7628d983d10,2
classification/train/4/train_01286.png,classification/train/4/train_01286.png,29a18a56e5c89ddc18487ec8ea6176adfa485e438f26fb20b74ef4247669f95f,6
classification/train/3/train_01287.png,classification/train/3/train_01287.png,c0fd69d274935f72dbd797c2ec34f72cdc8ca46c76a673a012e6b7ac23e1a48b,3
classification/train/4/train_01288.png,classification/train/4/train_01288.png,f93807be3b3ac5d27b1b6498b610874890b5b38ebefcea47307dbe90807a20f0,4
classification/train/1/train_01289.png,classification/train/1/train_01289.png,4c51e7c8154510c99c325f08db530f3a767d3270b823c2aa4149f59995d18d03,1
classification/train/7/train_01290.png,classification/train/7/train_01290.png,d9d7bb7148e29d397393a14238c83d837addd13dbb08663488d7159bd6859473,7
classification/train/3/train_01291.png,classification/train/3/train_01291.png,3841ae80887c3b2bdd31317c1356ee4caf046815b8e4f6679c559bd993729692,3
classification/train/6/train_01292.png,classification/train/6/train_01292.png,7e16578cf4e91d5501e02d17a7c4456c82b5c1ad111384ae896b264bf39fd4ac,6
classification/train/8/train_01293.png,classification/train/8/train_01293.png,63c8be88b54d3bed2569ccbc0ecfeac20e2cc0d67acf72c99ad7c77657e9663f,8
classification/train/4/train_01294.png,classification/train/4/train_01294.png,856c04518738707dc94cfe4fee6f22ea5d382d793c265296e620504358c37c29,4
classification/train/7/train_01295.png,classification/train/7/train_01295.png,0b2a4b4a0a7965bd8d8f2c739490ae0650818fa7a393693ec98dfbf39c955e21,7
classification/train/4/train_01296.png,classification/train/4/train_01296.png,8c23b6f7b5cd528b2848541a0e71efbce7946ce44b4c19e03b2e757b48634d68,4
classification/train/9/train_01298.png,classification/train/9/train_01298.png,4e22a4dbcbaaf01b01cf2e09836c88300cd4ea5c76b1d56e6ab9e565fb7d57dc,9
classification/train/2/train_01299.png,classification/train/2/train_01299.png,c62f7e55737d0842e5d0e7a6bb9b31e723bebfbce05754ac884fa28ede2411da,2
classification/train/6/train_01301.png,classification/train/6/train_01301.png,3c8fb7c5967c23e97c0aa75133b219f14da112e58bd9b68061a45b1c5f2f7659,6
classification/train/4/train_01302.png,classification/train/4/train_01302.png,ce2697a72775e467c126a5e370fd697c1c02b40f262f650f723d2c679dc27178,4
classification/train/9/train_01303.png,classification/train/9/train_01303.png,0b8ba480263fb94eb025837417e36ac2409d23627fe0251873d54716b123145e,9
classification/train/2/train_01304.png,classification/train/2/train_01304.png,ab45b06ab2fed78b4274e1799de5061a7309fd155fd06f62ed86a2bcb2c1c34e,5
classification/train/1/train_01305.png,classification/train/1/train_01305.png,c2af46309b3d8e9e80dc6e8b943a3b65c88ec8db315d517c0491b4f50c6fa5f6,1
classification/train/8/train_01306.png,classification/train/8/train_01306.png,919dee12b9df12b01e7e4c84d1ca32d3ad19cdfa1fbf828286f0d83c61bf4f6c,8
classification/train/0/train_01307.png,classification/train/0/train_01307.png,f9898e7c85ea474a03b8620a45b5fdfef1c059aa4daa9248fa18a9cbf9dd8cda,0
classification/train/1/train_01308.png,classification/train/1/train_01308.png,e192b8a73937ad526f557f411c089fd18bb842b3b7ec4d54119955da40e86096,1
classification/train/6/train_01309.png,classification/train/6/train_01309.png,764634e1d13df91b7d19fe0a6b148af35fe5df7c4f3d8ef3683ab92e2f96f4c1,6
classification/train/7/train_01311.png,classification/train/7/train_01311.png,bf0a4163731a0c6d9f5d3848f34ddb9389bf8b3cfad2ddf8a550477f3f50c94d,7
classification/train/6/train_01312.png,classification/train/6/train_01312.png,435396c41b7a480b6db43fac78f95f3757d4ba737b3c755136e7568725511c7e,6
classification/train/6/train_01313.png,classification/train/6/train_01313.png,c2010beea5dbed44d225da824c44203e816af9c26b5f5b96f52fd547b0c61ba9,6
classification/train/5/train_01314.png,classification/train/5/train_01314.png,64fc69abf85dd7732d08a8d46ba14c88e50a61f371d5499d5e663c14d12e5c38,5
classification/train/2/train_01315.png,classification/train/2/train_01315.png,310a5cca092c529e1fcc25d8e938b8f51a1c570dbf52a613790b47b418f32d90,2
classification/train/1/train_01316.png,classification/train/1/train_01316.png,0f87dbf854ce568a67895cc44569dd97ab176f8eb6effbed3963da9568127edb,1
classification/train/2/train_01320.png,classification/train/2/train_01320.png,9ef4b9a1d6eb9e0cfc3563cfd349740c12eb9e2917e11c64375379986c5886f6,3
classification/train/5/train_01323.png,classification/train/5/train_01323.png,36053368814ff3bb5d1d45fadddb10dd0ffa45d5376c370c2546a89c201dbd26,5
classification/train/9/train_01325.png,classification/train/9/train_01325.png,3195c9da5476094f5feb34e3a9128afa3b1eb18334a8158697ce05c16a240367,9
classification/train/8/train_01327.png,classification/train/8/train_01327.png,36afd880380104422a31ad6ffccbd9a744bb2c209665001ddd4a9d44518b47fe,8
classification/train/3/train_01328.png,classification/train/3/train_01328.png,e2a22f2a65ffe9aa515faff742e7134815bf32c24309d440b269cd15345260ac,3
classification/train/3/train_01329.png,classification/train/3/train_01329.png,1210dbde314fbd9098bb1899f05ec73dbe120ba99918a3cd6f1a198471905796,9
classification/train/4/train_01330.png,classification/train/4/train_01330.png,311884a6af17ea4e7aca847a9cc9549f3c940115cd7094b15f30cabef74f5b95,4
classification/train/4/train_01331.png,classification/train/4/train_01331.png,5edd406733e4cff43f9d325d9267021c59763780793e47351d1c80116be6aaa3,4
classification/train/0/train_01332.png,classification/train/0/train_01332.png,ee8ba1d5c9227cab4463af49ba5fdb600d091558f15e65136d5503f0f84103b8,4
classification/train/8/train_01333.png,classification/train/8/train_01333.png,965b34bbe90b552c7feb05a306c4b19e0f207192256dbcf365aadc3905dfe976,8
classification/train/6/train_01334.png,classification/train/6/train_01334.png,1b5d6445abab036862cbb64c70539783b350467c50913b6cfb6e75d76f80ee38,6
classification/train/8/train_01335.png,classification/train/8/train_01335.png,013031435586ccc2542e25a386cf3d286b8c8a15a7ac0b58aa8c468b91f81587,8
classification/train/8/train_01336.png,classification/train/8/train_01336.png,dbb50f508eb050e03628ff54f0944fddd602ede4c4a2d530b43933041655994b,8
classification/train/3/train_01338.png,classification/train/3/train_01338.png,2845165f1863785bc948ecd7d15f7183be5d590fca0fe590707275185ab3a2db,3
classification/train/3/train_01339.png,classification/train/3/train_01339.png,2037240ac6b80e2d84ce1bc85920e31d33bc97021e4d3405972472ca84c23e1d,3
classification/train/8/train_01340.png,classification/train/8/train_01340.png,fa7b4ad714edfbd2021abae3855c7ef70b90f20a977176dd59fc7675fe8af76d,8
classification/train/2/train_01341.png,classification/train/2/train_01341.png,6365a91c1da42fdffb1005cdc8852119c705b7757965ec5ca74a4b2c3155b75a,2
classification/train/4/train_01342.png,classification/train/4/train_01342.png,33b159d2e8469a61f66348997a2edb036eb47045807e5f79cb3e7aed8fbc2221,4
classification/train/1/train_01343.png,classification/train/1/train_01343.png,040ccf3545b589e0375c9a1751fa66f54f9d9ccc8d830b5c2e57833048b8f465,1
classification/train/8/train_01344.png,classification/train/8/train_01344.png,bdf74356fb7df5186b1721134ac87727d2a970dca404029e2335cad974c0d06f,8
classification/train/8/train_01346.png,classification/train/8/train_01346.png,81936644437fa8d6aa9e68a5f200304135aefc59e8a9cdcf953e7480308a99b4,8
classification/train/2/train_01348.png,classification/train/2/train_01348.png,8ea9a32b19b758b66d7a4cf88687583bb7e18efb8f9ac473d3ddc98d732c2448,2
classification/train/7/train_01349.png,classification/train/7/train_01349.png,42c65bb541b9a39b56381ae0a41128fc4385385e47a65f538b9d86e5171256d5,7
classification/train/1/train_01350.png,classification/train/1/train_01350.png,3f4ee95fd7ed58351020b0411bb7e2d46670d8e7452d9f526eeaa44c73d2c25e,1
classification/train/5/train_01352.png,classification/train/5/train_01352.png,abfc5fef0534e51e1780ce8e3d7a13b2faca438a86f0da56cc81ef17ba966bb4,5
classification/train/1/train_01353.png,classification/train/1/train_01353.png,2357f918541584f2686eae6a958a79dce1e9553d110bbb52867d37f61c174d4d,1
classification/train/1/train_01354.png,classification/train/1/train_01354.png,f7dd5c7d3b2017d66c0dd19e543394d625137373c0b59991c0a7732bd2d9bbef,1
classification/train/3/train_01355.png,classification/train/3/train_01355.png,e406e45b76fbeacbe33e4a7313f3c709a8d81cfe1dc2a5a7c625543dd1fce482,3
classification/train/7/train_01356.png,classification/train/7/train_01356.png,933f244bd30a62bb4a8aca512c8619748c77339816f3d18fa9834cbb82570031,7
classification/train/3/train_01357.png,classification/train/3/train_01357.png,7fdfc79399007e0b48949b03d894a3c5a5fce3dc409140d2262522dc613ef0c2,3
classification/train/1/train_01358.png,classification/train/1/train_01358.png,e39051390e966e75c12568f48ea8b62f1353c54f91deca0a904e69b0626a3cd9,1
classification/train/5/train_01360.png,classification/train/5/train_01360.png,1d9acc998cb8d6202fb58070145b34578181f08da7a406145dad8ba240b88511,5
classification/train/8/train_01361.png,classification/train/8/train_01361.png,7056b7af6c1340743fb0e65bae28beb58f0334a18a30b7b7c604bb73732ec463,8
classification/train/6/train_01362.png,classification/train/6/train_01362.png,e1c0adc1e765c657b8c939f78cd1907b52821390cfd44f7a751b2d5250ffa234,6
classification/train/3/train_01364.png,classification/train/3/train_01364.png,17fd729600b39ba265ef4f6c553e886664f4eab28f2e8803668ceb4049c99d5a,3
classification/train/6/train_01367.png,classification/train/6/train_01367.png,84ef5c04108c0c6960d4a882293f406ffc5ce68d154def278a2dca6f6dcdabaf,6
classification/train/8/train_01368.png,classification/train/8/train_01368.png,cb98b2e4493dfa108fe12af924f7f0161d473dbd2d4a6755bae38c3741f4c064,8
classification/train/3/train_01369.png,classification/train/3/train_01369.png,388a235d07608da548fc439e76e1114326d687b15466f89593c2a3d130d03a04,3
classification/train/5/train_01370.png,classification/train/5/train_01370.png,6a3f7b1c25baca568865a35df0665419e3cc11a73b8dfbeab2e2889180e84e0a,5
classification/train/2/train_01371.png,classification/train/2/train_01371.png,cdab8613a17ff55c3eceb9e7c280f6fef1c6902537c9f2d1b1aa9bd2792ac64d,2
classification/train/4/train_01372.png,classification/train/4/train_01372.png,4decd29d5534399b163c757b3406c6a46c9decb2da9b390e61d378fdcb45d603,4
classification/train/9/train_01373.png,classification/train/9/train_01373.png,76cf714355084c37b5982441f9de31cf6aaaae856f127613e76671b76eb78b3e,9
classification/train/3/train_01374.png,classification/train/3/train_01374.png,371198a2163738c8f639aa2f5266957e3574466939b7533a3bdbd6c402286253,2
classification/train/5/train_01375.png,classification/train/5/train_01375.png,c66e4d396fe7d56f169097ddf7b79e54318d38af0bb04f6925d9dcbd8e784bf9,5
classification/train/6/train_01376.png,classification/train/6/train_01376.png,9a3c587d6bd26a194f9aed1ca925735f897b399440778ae20e8585865d7beed5,6
classification/train/6/train_01377.png,classification/train/6/train_01377.png,aa07f5ba2793f8851c72e2379c2d2708924db725b1041e03bcea5c13c3c6cad8,6
classification/train/9/train_01379.png,classification/train/9/train_01379.png,7fa165753ff79395ed55187727abc8da56b500ee85a221b9c49aa076af78fb7d,9
classification/train/5/train_01380.png,classification/train/5/train_01380.png,10266493f60ea1aaff2bf1640077bde0a896bfd35118a59160cc0cf01351b3cb,5
classification/train/4/train_01381.png,classification/train/4/train_01381.png,430fe53907356921d9be5bd0afd2bc560543162f75735e145906d9e4dd41105b,4
classification/train/0/train_01382.png,classification/train/0/train_01382.png,7a698b72a08b7e6dfd325a09150cc2d4af15ac63cff0f033413786b3b3afe24b,0
classification/train/9/train_01383.png,classification/train/9/train_01383.png,3d601e661ec3d3c40e70f0fdb75e93d1089a6de075e7f67df0ec1ef685c6c457,9
classification/train/4/train_01384.png,classification/train/4/train_01384.png,66d6d520adf1c0728ea67ceb3c41bebeef894e06abde60f593b4ef81807a47ce,4
classification/train/0/train_01385.png,classification/train/0/train_01385.png,f0f8724566dc89af52cf277225bcb92a2b60684aed1c8915c27e73363eb2e7d4,0
classification/train/5/train_01386.png,classification/train/5/train_01386.png,ce38bcfb146d1fe73195a354a5e1251e0e9870b1ba7ea06da21eff11f07a5f54,5
classification/train/4/train_01387.png,classification/train/4/train_01387.png,42a91ed9e9e76f37d69df79a1ca2f9328cf14d7d99eb4133e0f806c3e63cdab1,4
classification/train/7/train_01388.png,classification/train/7/train_01388.png,adc96174ee6f05ce076296e86748cc21e9bdb319a011db32abb06bc514aabfe2,7
classification/train/4/train_01390.png,classification/train/4/train_01390.png,8ec854351944ca4bb393e424cf25665deee7cc87d53387c78c5d67234679e43b,4
classification/train/1/train_01391.png,classification/train/1/train_01391.png,aab6f8b5aa96cc16886ffdb55c87aaf98c3aeb603366412598dd2b4f9b0d52b3,1
classification/train/5/train_01392.png,classification/train/5/train_01392.png,42b84b8dc662d108e4a5acd78df61e1ca394dcaaaf1064123c0ce12dc4d62adf,5
classification/train/7/train_01393.png,classification/train/7/train_01393.png,bde24e0fa3583c8b8d3c3f183972378c386ad7af45c06f5a40bdda5352130560,7
classification/train/7/train_01394.png,classification/train/7/train_01394.png,a8fb4925949a2b0fe59529077d48cf38f510038ed1b7a53759e4ac533418099b,7
classification/train/4/train_01395.png,classification/train/4/train_01395.png,2caa1503bade249a00b2f26c4c27f7e2bcca76fe7bdfbe6c2c7be710b222c9d0,9
classification/train/5/train_01396.png,classification/train/5/train_01396.png,7a7737094bd8694cb788147b69eb3fbe60fc2ed8b5404743fe368318f2c16ee6,5
classification/train/6/train_01398.png,classification/train/6/train_01398.png,492d084990155a8e5334ce1f963b236002659b9597076b1a1335496106de1a43,6
classification/train/2/train_01400.png,classification/train/2/train_01400.png,f8ca3ab711999b71ac2ee52303a208ce54a041d40211f561c2f1b21d9fc8fd61,2
classification/train/5/train_01401.png,classification/train/5/train_01401.png,ce8c853d946beacd32c861a861ad970aced936fe71fe4d545ed9a531f44f9b9c,3
classification/train/6/train_01402.png,classification/train/6/train_01402.png,6e0adb7554121421b26ebf84d2c455f8676a359858453e8fd99576efcfc68c33,6
classification/train/0/train_01403.png,classification/train/0/train_01403.png,8d6ecebb117aa13c9d633d43c4e31e1776544300a0abccb241a25bc766ef56a8,0
classification/train/9/train_01404.png,classification/train/9/train_01404.png,b06b4283786ae2d58380102920d00e7a0feb120b79a3f7471a518213d87f71cb,9
classification/train/4/train_01405.png,classification/train/4/train_01405.png,149c2b36472188673843ccc9215d372322e564a16fde3812b20cf3f7ca3dc3ab,4
classification/train/5/train_01406.png,classification/train/5/train_01406.png,14876a631fc7f6651882e6430ba217dda7908cbc09a75a24620eb27f7ff48ee9,2
classification/train/0/train_01407.png,classification/train/0/train_01407.png,438164db8057a8d64d1c16355d4174f22eb49c373d48b8bc9d02b3314028bdae,0
classification/train/5/train_01408.png,classification/train/5/train_01408.png,130b0b9ba043f079e8a555c9057e0c36ae5f57c4732e645388fa87fc9b6ae6fa,5
classification/train/6/train_01409.png,classification/train/6/train_01409.png,157463a42150d79549b4f3d98b602485fa2e7a81ec3d88a75034af49bdc059d6,6
classification/train/5/train_01410.png,classification/train/5/train_01410.png,2e57968415fe5154af5d1d82730525238ddeb17a80d85645c57792c43c048eb0,5
classification/train/0/train_01412.png,classification/train/0/train_01412.png,b10686bc090a28a5a94fcdc7be741358e97ebacf857e5754231dce75fa74340e,0
classification/train/7/train_01413.png,classification/train/7/train_01413.png,3ba46eb8997bca6955e2d31131d2d969e9d560f18dccb01437f6f1ec087d048e,7
classification/train/4/train_01414.png,classification/train/4/train_01414.png,07fcf07aa9fc4da14a7452d1655439cef2f12ae027858d4c3879b8692a5c4ed2,4
classification/train/5/train_01415.png,classification/train/5/train_01415.png,5f8f85e0940d06f9c00c7243fa2c8cae69a590c9c0482adfb053225b9e67df0a,5
classification/train/8/train_01416.png,classification/train/8/train_01416.png,bc2ec7ed414afdd51df5aca19b644f651a732866be05d8d4c2cdb2d9f4091fca,8
classification/train/6/train_01417.png,classification/train/6/train_01417.png,7dfa0ffee5c987d070521f26b132064be4e9229aad485603eae325e13883621a,9
classification/train/6/train_01418.png,classification/train/6/train_01418.png,a62a5cfa0ebcb652573dbd4e88d29e975a59d796570e2b265c0594c5bb13bca3,6
classification/train/1/train_01420.png,classification/train/1/train_01420.png,05d3d5f3fb7ec9ab814a6892cca275e35f8f9adc625e02f17d0f635f6d3bbe74,1
classification/train/5/train_01421.png,classification/train/5/train_01421.png,2f99c55a5aab03db11b3d6fe170edd63a8a1cee15f31047bcfd6bc21f47fa255,5
classification/train/8/train_01423.png,classification/train/8/train_01423.png,639e189acc5aeece3a4bc2fade31b0eef8662ecffe7d4b53cdfac7e3f7af5aca,8
classification/train/7/train_01424.png,classification/train/7/train_01424.png,89ab9570eb00b61cc5e4cf038639bf627b813c407782714eeebf263f7909464a,4
classification/train/6/train_01425.png,classification/train/6/train_01425.png,120ce3db24814d52391de532f250e3c55aa1f79670944f58913a2284ce17a1e8,6
classification/train/1/train_01427.png,classification/train/1/train_01427.png,a1cf4d662c297450bff98c7404514e2add89bc0331772babd90186d79f370730,1
classification/train/9/train_01428.png,classification/train/9/train_01428.png,3fd3368224b37a72b3fb688f7c51fd5207cf1444a11792398a860027fb6053ba,9
classification/train/9/train_01430.png,classification/train/9/train_01430.png,efc7f118c5286f06f4ca0460680b507b2f84b8b45c52fe3a3650bb635bf2998c,9
classification/train/8/train_01431.png,classification/train/8/train_01431.png,a065820c9b23902391b8934ad99fa7b7b51868baf61378697e1d2112d9e14ee5,8
classification/train/5/train_01432.png,classification/train/5/train_01432.png,2ab8d3749a3aae84b3e013e1b91abafd512c1cb1d4d07df477f67832ea8fc99e,5
classification/train/6/train_01433.png,classification/train/6/train_01433.png,a05923537ac17869dd1c723ca26351453a9f5bd5675398168ef326acbb3d1b57,6
classification/train/6/train_01434.png,classification/train/6/train_01434.png,0666dffef7877e46186121492d3df5bedfb6e9550b7be72bdb1d846c35349c90,6
classification/train/2/train_01436.png,classification/train/2/train_01436.png,6f9ada5e903a98e0fc8f7415d2b7b73adaca721bad4437bc3a523f44e8dd83e0,2
classification/train/2/train_01437.png,classification/train/2/train_01437.png,39800e18741c40ab673ab3f2b41dd98c61bd8a718bf2aa79786d7b99b4b4b0cb,2
classification/train/7/train_01438.png,classification/train/7/train_01438.png,71fd5314d791724bd59acaf8d31d706045088fa23a8ce52f1f73bf84d73d4f5b,7
classification/train/6/train_01439.png,classification/train/6/train_01439.png,14a3e5d5297279b93d2969457c8f903150f366b4f95c937a921da4520b1c5edf,6
classification/train/7/train_01440.png,classification/train/7/train_01440.png,7a95cf5a476e3a15521ae0d92758ac007d382cb6774672b287b9c91250e9eeba,0
classification/train/9/train_01441.png,classification/train/9/train_01441.png,8b3ce365525bc0f38aebc3de38beeee2e812367563c06c5b81530ca8e45c1152,3
classification/train/6/train_01442.png,classification/train/6/train_01442.png,c2ed4cb52bc27c901b8c9f6bd2b343942cd64622e51475549bc5c6f6e47877e6,6
classification/train/9/train_01443.png,classification/train/9/train_01443.png,c1d6390cbdb1e5ab2b5d01e665822fbbe2c6b55c38b2e4e0f2f0d8edd8c5ecd5,9
classification/train/1/train_01445.png,classification/train/1/train_01445.png,4b4a421f386295070657bad77396c5d0f33770b3f612a45b0f4d3a14a62a2bf7,1
classification/train/3/train_01446.png,classification/train/3/train_01446.png,1c29ff2274084eff9a76636e510a2b6afa423a684b038c2a342129cd42860de8,3
classification/train/9/train_01448.png,classification/train/9/train_01448.png,976fdb728e5f6407edad387cb3be4bbb11562b7a3b44b0b4f163851c2491591e,9
classification/train/0/train_01451.png,classification/train/0/train_01451.png,d3c2b09c2882dbbc6a122615410e6a17e4a6a430defdde7e506afef1e8016e12,4
classification/train/0/train_01452.png,classification/train/0/train_01452.png,3368e7bd39709c7fef7fb10d6cfaf39ad42363d3dc6f34916641a57c6113dfff,0
classification/train/8/train_01453.png,classification/train/8/train_01453.png,adaa32a339bd06ac1e6b7856b7876abf799908e1c738f329efefbc0844183890,8
classification/train/2/train_01454.png,classification/train/2/train_01454.png,7bb981c6024cfc68e684e1d757c7392135de25d4f1ae4b63339a600f7446c32a,2
classification/train/5/train_01455.png,classification/train/5/train_01455.png,85e103acea00f55d4506cd2446018ead8afcbc1a340f8321e8a354781c60a150,5
classification/train/0/train_01456.png,classification/train/0/train_01456.png,90d10f45b7ecb09766e552757a117845152afa0df2bfb3b16c031978b8508a9d,0
classification/train/8/train_01458.png,classification/train/8/train_01458.png,98a529318912ad93789bec43fd44550a379dc6b145ad2ee3e1d1f63a4199a7b4,8
classification/train/1/train_01459.png,classification/train/1/train_01459.png,64e7438ae813099aeb766d0401739738df1fa6bd74316bf2be21cfcc26625995,1
classification/train/5/train_01460.png,classification/train/5/train_01460.png,5aeabed471c3047680884bb68ed96a7676ddf1ed345ff47e3f44785d7fb8df0c,9
classification/train/3/train_01461.png,classification/train/3/train_01461.png,19fae445f5ddfff1ecf80d323f5457acf2ed9ac03d0fae96e672f83104b5c4ea,3
classification/train/7/train_01463.png,classification/train/7/train_01463.png,46d4adf199d304f4e0e992299f1cd0497771b9bd576b74091ad67af647efc61d,7
classification/train/3/train_01464.png,classification/train/3/train_01464.png,15535d0079ffd53d395ac337a299a2ab5ebe5cb704bb98cd9e2cdc708d7b6187,3
classification/train/8/train_01466.png,classification/train/8/train_01466.png,ca0671c2b1b848e3eb76654a5360eb89671fb30b38be4b3d3386ddb223b114b4,8
classification/train/7/train_01467.png,classification/train/7/train_01467.png,03680ac29248a7df75ff12bc5fd3c2c039f774e94afad4aa3952ebf8c2a173ba,7
classification/train/8/train_01469.png,classification/train/8/train_01469.png,431b0085a7c265bff81829dc50a3eaba8348504b3bc04ccf9d20d2f932d5c951,8
classification/train/4/train_01470.png,classification/train/4/train_01470.png,f403201c51a3dfb5dffca53bcf2075eea33108b2199bb99e5deaa77431dd305c,4
classification/train/9/train_01471.png,classification/train/9/train_01471.png,e847030d2a1d227a014ded5d0d53ec2e58cb3887ca8aa0c9d3aaee3a23f856c4,9
classification/train/5/train_01472.png,classification/train/5/train_01472.png,59416a693346256ecdcb0c13fd99ad3f6e041a54e5abb19b0ba7aa7bad520dd8,2
classification/train/4/train_01473.png,classification/train/4/train_01473.png,3fd4e175b65d673dcfde0e636fabf7440ab44fc0b97dc2ed422c7b9dcfe73e32,4
classification/train/1/train_01474.png,classification/train/1/train_01474.png,8af339d1e5b249745aad225a08ee67650ace5ed74f4c6c0dee0fb1d95d57586e,1
classification/train/0/train_01475.png,classification/train/0/train_01475.png,fdb1f5d7131d6ed4831b7fe207ab71276dcbd6befbd1b16c752d01ccfdd2d568,0
classification/train/9/train_01476.png,classification/train/9/train_01476.png,044ebfe5e697d30b5342b2e012777f834a1919dc362329a3e133df6ac61d6d4e,9
classification/train/0/train_01477.png,classification/train/0/train_01477.png,d754581ef8d42b90c2b1e40fedfe6237d4aebcc2c88554c60156c1862c788bb5,0
classification/train/9/train_01480.png,classification/train/9/train_01480.png,e85418c0df82ad40c57b56497b304909d3999f82894888acf8722c95c975b5ea,9
classification/train/5/train_01482.png,classification/train/5/train_01482.png,6ce9fed3dac4daeff5073f712737da74ff2b86076177db51cebf4430241dfa41,5
classification/train/8/train_01483.png,classification/train/8/train_01483.png,ad050082dfdcc62f7d5571c82d4e4091fb7b5b1bdae2dfda378901b4d701fb90,8
classification/train/0/train_01484.png,classification/train/0/train_01484.png,d8ecb5e49702cdc0a78b1adab9ca2984752c7d6ffa3ee40b0a5fbc43618e5c04,0
classification/train/1/train_01485.png,classification/train/1/train_01485.png,d8b997eb723b0b0bf8ba802245834a52216d9cd72757a8f42784b4fae267d2b6,1
classification/train/7/train_01486.png,classification/train/7/train_01486.png,3ac2383f55bfa06347a3b2d3d2906450b2171e801d7c03f893514118c30f1a15,7
classification/train/7/train_01489.png,classification/train/7/train_01489.png,7d14b0e1f8892dcf6c34b880ca1fe70058d4a7679e998d4e5a0fb7594871c1ae,7
classification/train/0/train_01490.png,classification/train/0/train_01490.png,9541665bf3f87d2fd533c2521d876c24d01dabbe50b8d4d4e729c0a8ad0c2cd3,0
classification/train/7/train_01491.png,classification/train/7/train_01491.png,e31de96d3fb5b675ed5e7fa2f33f714e60f8e184977a0821c8a0d58a0933cf16,7
classification/train/9/train_01492.png,classification/train/9/train_01492.png,d0821df19c8f0efe51f7f420af11f9ab9a8e0dab4d122db10ccf611e9e809cdf,9
classification/train/7/train_01493.png,classification/train/7/train_01493.png,cfcdfb2c78914389826e1336ae1bbcae59442ec8fb8c21fa677c7b010ee85d6c,7
classification/train/7/train_01494.png,classification/train/7/train_01494.png,a1f1a8f6b50c944ede477ecead3c8fcffc645aa49abdd160094951148d672018,7
classification/train/6/train_01495.png,classification/train/6/train_01495.png,bc38ced7fdd8c84478a67f26af7b34e45306327c9d34c27a0e2c6e044b75e7c2,6
classification/train/5/train_01497.png,classification/train/5/train_01497.png,c083c4b0e8b6002596901764b4662714c66583f01ec6d9021168ffacc7facbfe,5
classification/train/6/train_01498.png,classification/train/6/train_01498.png,e54888a519393008d451fbc3c9d06059c3deacb990570c8852c647971db79565,6
classification/train/2/train_01499.png,classification/train/2/train_01499.png,53b986278d2800c49566b3cd3a371f1eb0761064d81b233d0e9671ca68ae780a,2
classification/train/1/train_01500.png,classification/train/1/train_01500.png,9b82fd2cfadea9b3e74b3ca73ccf471b41dfafa055d1005945f795e83604ded2,6
classification/train/3/train_01502.png,classification/train/3/train_01502.png,0a550c5b0714d48f516396d4ce58ac76e560dd5df12c9d224f05da227688405d,3
classification/train/7/train_01503.png,classification/train/7/train_01503.png,2f038dece011b86d3818e01fc5e38b2153562051bef0579e581cfc2f0b30b720,7
classification/train/7/train_01505.png,classification/train/7/train_01505.png,8dca9421cb59630e6114ac0b652609d9ec567f580778e5401b4444fc9368b8f2,7
classification/train/5/train_01506.png,classification/train/5/train_01506.png,387bd4d5ea1b9f7e11592571a6b1c423cbc8be3a088c9c64836000a6309cb5c2,5
classification/train/9/train_01507.png,classification/train/9/train_01507.png,dff2d4c267b9e3b9f8a89303d7ee3635d4e40ffbca2a50026da7f0b2eb9f01c8,9
classification/train/6/train_01509.png,classification/train/6/train_01509.png,d6e55b61bda6f58383f0fac97557c8f9d5971118ab765cbe4e5d500250460db4,6
classification/train/3/train_01510.png,classification/train/3/train_01510.png,eac8b3fbeeb866b6978bfba52ee11ae967e610e95324d89276b976567e2a5208,3
classification/train/9/train_01513.png,classification/train/9/train_01513.png,98f9c4c50f9a3349b9640fe07dacf1a68c47edf6c95688c9143b3f3ee78f25b8,9
classification/train/6/train_01514.png,classification/train/6/train_01514.png,fc3fe11e0cfca57c6d2aef0b4767da94ba3ae890edc5f00edcc15b2bd3f1d138,6
classification/train/8/train_01515.png,classification/train/8/train_01515.png,ad029a3d6b7dba204b998915a9e460e2dea2a255ccdef3b26e56bce040211bc3,8
classification/train/2/train_01516.png,classification/train/2/train_01516.png,72e055400ba42b60a4e841b5feff0a0346ee57ad66c75d0f61580bf38bf8a86d,2
classification/train/3/train_01517.png,classification/train/3/train_01517.png,f6474c292b2038d9299f39db5febb3e807ee1164e778867643820dbb31b51d9f,3
classification/train/6/train_01518.png,classification/train/6/train_01518.png,9daac981e5e6a86acb33242dbc7442159bf86c7a71a96a3fbed3ee37436e9dfd,6
classification/train/2/train_01519.png,classification/train/2/train_01519.png,83436791de664f563c9a46d39efd991101846d658d6f22964d22cd18f6cc6705,2
classification/train/1/train_01520.png,classification/train/1/train_01520.png,e2a4ea81cdbc1b45161cc986ee236da4206c39e4f1437c57e7f30d50303a3ce9,4
classification/train/6/train_01521.png,classification/train/6/train_01521.png,a6b82519f881c949a6241c082292cf17d7cf18e75bf378bd4ea87a680f56fde7,6
classification/train/8/train_01522.png,classification/train/8/train_01522.png,99a53f713a9644e98c2f53ed63c3230fa25192dbd2d078bf16b9c2def9198ccd,8
classification/train/0/train_01523.png,classification/train/0/train_01523.png,1d7c603d0a6941d7f6466c14f01fb406f97135e9c77d2b0ea3a5174a25d3a5a4,0
classification/train/7/train_01524.png,classification/train/7/train_01524.png,cb3f4bb2e25ec4830ed0062a78f9d5c9952ba691022807ef50c86d8c6ff9c4f4,7
classification/train/5/train_01525.png,classification/train/5/train_01525.png,ae273a41466799b74c2f0fa6cf1fe3a30096e1965c2db633b60a5f63af64b827,5
classification/train/7/train_01526.png,classification/train/7/train_01526.png,4d5d5e5af948200a616935e8b31247b7a600822b12c602155eab8e055ffbe3dc,7
classification/train/5/train_01527.png,classification/train/5/train_01527.png,fd6694a70f1dc74c07e2dde6cbdd23fe1ff13261cecd0bf3200a11f18d5390e8,5
classification/train/1/train_01528.png,classification/train/1/train_01528.png,2dd871f5b1c3775d06d2a9eceb14b5039541674aefb1d6ea9128aeec0ae31ebc,1
classification/train/1/train_01530.png,classification/train/1/train_01530.png,9ebe1eeae22b8290c21863143caf446a2b7905db033844b9e290d8feeb35a1ac,1
classification/train/9/train_01531.png,classification/train/9/train_01531.png,8af0f7ca39eacf8169b2669a751548fb1f3dfd094d278b30975e886fbf0c8a8a,9
classification/train/4/train_01532.png,classification/train/4/train_01532.png,a924ccd70f815560735d5a7b8976a3396d7eeed9e3ce937b6bd4724f10ff7eb9,4
classification/train/7/train_01533.png,classification/train/7/train_01533.png,be8b62a6e8f79d0a8add9133e351eca1ab8c7abb8c38de4de414673d994b059e,7
classification/train/2/train_01534.png,classification/train/2/train_01534.png,f4901e9699d22ecac0b4843d1aa594bb528e94ad2f34abb2da7b10fc5818e3fe,2
classification/train/5/train_01535.png,classification/train/5/train_01535.png,d6aa7789945e5649acce4d35caac6f59e286df2574ce3b1ee14e5fb28faf6a2b,5
classification/train/7/train_01536.png,classification/train/7/train_01536.png,e8973927ffda681380d9142b3fc56ccd6e25824643bf6047f806e917f3ef4ae6,7
classification/train/6/train_01537.png,classification/train/6/train_01537.png,1f019a20547b018ee08f5aa491199038c547e0c5a0c80b32dfe7b3b1ed6695b2,6
classification/train/4/train_01538.png,classification/train/4/train_01538.png,749cf6eb8fcb06de02e0a1e91da6022a365701521278eb4bea7791101d10b78c,4
classification/train/6/train_01540.png,classification/train/6/train_01540.png,61b3ae05561755f987e645b25746705f72aaa54b7fb2e0a1fbbd26022c8963b6,6
classification/train/8/train_01541.png,classification/train/8/train_01541.png,c7fadd8f6d1c08f6817fb286c6016d06902a457f94378ea66d1af00540225cfc,8
classification/train/1/train_01542.png,classification/train/1/train_01542.png,cfab0d551bd358ee77478c5192e280c13adb40b2a970da8e37483d510c3afb56,1
classification/train/7/train_01543.png,classification/train/7/train_01543.png,426faeeae47dff2ff3b489df1d1599b0683fba1d495e08583a97fc312a4fcbb8,7
classification/train/7/train_01544.png,classification/train/7/train_01544.png,ff18424eacc09f2656d30d1cf2c4f474bf369f6ede5ac6df63567c0d0f1abe2b,7
classification/train/1/train_01545.png,classification/train/1/train_01545.png,d65509700573a0f06735d0b324d1b108864c0016f54533ff7b560d012f5f90ae,1
classification/train/8/train_01546.png,classification/train/8/train_01546.png,e907629b8496ce9e33e73c90ed7d55872630f200c060f8ebc4fae89edf234e46,8
classification/train/5/train_01547.png,classification/train/5/train_01547.png,ea6d6baad9c926da82206871b299f84465ad3ce1bb97cd530ed3b04c6ffacadd,7
classification/train/5/train_01548.png,classification/train/5/train_01548.png,6eb22fa783eb17db3d48d12335ba68e93ad95465b7e65c5674447b2aa0c60891,5
classification/train/8/train_01550.png,classification/train/8/train_01550.png,d48402bd8b9fc51b73bc00c9dce5ff7c58a36db291d9e0a31c9399d182e80799,8
classification/train/2/train_01551.png,classification/train/2/train_01551.png,c3e674e4e4b6224fcb637fabe288af2fcd2b3fdaa953645791b1c198cf7a97e5,2
classification/train/3/train_01552.png,classification/train/3/train_01552.png,0fc1db37d93a8a13a2bbc7dd4fec619a4a6cf6d6bf4b65c2c4ddfdabf9dabed2,3
classification/train/0/train_01553.png,classification/train/0/train_01553.png,7b384aab879dc543921e0e1900586bc2ccfd86d6ba65f40c6800568162d1dd73,0
classification/train/4/train_01554.png,classification/train/4/train_01554.png,97dc51cfb68b92a6eb7af0b4ad148a36003314004a5e01e37c24a8714ecc589c,4
classification/train/9/train_01555.png,classification/train/9/train_01555.png,4df54908fdd87d9b0087f417627a82743cbf80c1a23a8316d104906bfb8ec67b,9
classification/train/6/train_01556.png,classification/train/6/train_01556.png,5ff039dd9ddae3803824d0f338c2f549c002a4f49d78c04991e7f1181170ebb5,6
classification/train/9/train_01559.png,classification/train/9/train_01559.png,8bcab9fe4b8672b99169c5d4369d79cc041992bf5b952782437aae465f02a24d,9
classification/train/9/train_01560.png,classification/train/9/train_01560.png,32958f0af318255d27e2b707167c8a84abf25ec8edf7acf16e9a27065acdae8c,9
classification/train/1/train_01561.png,classification/train/1/train_01561.png,592d693a63b388670b78a355889e6037454dd5d3c34573b3e5ffe1b17ac7a8e5,1
classification/train/6/train_01563.png,classification/train/6/train_01563.png,4421e1108f07d3fc83a9e112a5705f486744eb00494a84202c3fafd4c6416e8d,6
classification/train/0/train_01564.png,classification/train/0/train_01564.png,17e0a8748349609e5aaf4ebc7989b72212bef762496936759978201f5b069df4,3
classification/train/5/train_01565.png,classification/train/5/train_01565.png,9d5d8b59fe66ea58cad28f741f1089a381782d6c28bb30014802d1cba610ead9,1
classification/train/5/train_01567.png,classification/train/5/train_01567.png,cf27cb5f38cd3956a2d29d1a409b243946c7d5971e7ef0eb7fa7332f16426b76,5
classification/train/5/train_01568.png,classification/train/5/train_01568.png,cbce27c25aa787db5700fdd2d080c32d4a8e03cd52654d15885db511d19333da,5
classification/train/7/train_01569.png,classification/train/7/train_01569.png,bcdffb59b089977358f7b815fcd035d166d837fc7ceae45408d089f6795bbc91,7
classification/train/4/train_01570.png,classification/train/4/train_01570.png,71930a46c30a11be8d53e05c07a5d558c421360ed98f19d414a176b6449d3372,4
classification/train/1/train_01571.png,classification/train/1/train_01571.png,b9362daa4ef658f3aaf57f06ea628656a9597be93cfb282153340d870a7a7a6f,1
classification/train/5/train_01572.png,classification/train/5/train_01572.png,0c87e0f83947f5e571860fcc90999f5f2aa41601cc4c3c86483a9361c0f15376,5
classification/train/3/train_01573.png,classification/train/3/train_01573.png,7c28dc2efd99277c809c04795374c8d74b63752623f648a15a88769c3d176cbc,3
classification/train/4/train_01575.png,classification/train/4/train_01575.png,4e3fa14de3f02cf1e48858906f3d83c565dd15246a62d380714ae4437fae7060,7
classification/train/1/train_01577.png,classification/train/1/train_01577.png,db93bbc6ae6f6870239a29f60553c1ef666c38a53652aa10892669fbfe1c7d4b,1
classification/train/8/train_01578.png,classification/train/8/train_01578.png,a1459a7013dd256c3d008669dba6e2a93b04c4680832dc7ca10d4adfc8019ef5,8
classification/train/3/train_01579.png,classification/train/3/train_01579.png,e9faf447a3727a61011d5b7163fd3ff3ee7d7f70e680620ab5eac05f20638ed4,3
classification/train/5/train_01580.png,classification/train/5/train_01580.png,d360b7574ce439a1815344bbbff30f771069458cc6d7dab4a87f5009b12a20da,5
classification/train/0/train_01581.png,classification/train/0/train_01581.png,0e785aa8405c84cf638184938f082e7bffd57659e6b5678ea40ffa6829cefe77,0
classification/train/9/train_01582.png,classification/train/9/train_01582.png,dc4c32fc618224a8cd83723550c9a01529dac6fdd16140384a9618a77498f2e8,9
classification/train/8/train_01584.png,classification/train/8/train_01584.png,ca1c38767b3eb637811ff721233b0a4325613c76fffd083989ba60a25b755445,8
classification/train/0/train_01585.png,classification/train/0/train_01585.png,ec0c49b30e76965a7e6e6aa29c161c12deab3ce8dfab41015935b82b55903fa9,0
classification/train/6/train_01586.png,classification/train/6/train_01586.png,a585a966441f4c72756bedab689ad38e786dcd03ee13638b14dd775ab3a1fb4d,6
classification/train/7/train_01587.png,classification/train/7/train_01587.png,8c41c789a417c74c73ecfe7d14da7a15fb7f1e877d8d2b8cb77fe7749a3e3426,7
classification/train/0/train_01588.png,classification/train/0/train_01588.png,984ccd3aac31913eff147da8aeb1b6a8110dd1a333b75d1d6056aac2276dde1b,0
classification/train/7/train_01589.png,classification/train/7/train_01589.png,8d3392a1330d781bc9b1f9c35d5a192b9d47c68902acfeb6ebc097da96351a60,7
classification/train/5/train_01591.png,classification/train/5/train_01591.png,e7934b1aa3055361585396273ac4ce906cfdaa8874e585f3c900ce2ebedef31b,5
classification/train/8/train_01592.png,classification/train/8/train_01592.png,0938b0ff259d8ee240fba01d73baf7914061af197e119380ccf814631abb885c,9
classification/train/2/train_01593.png,classification/train/2/train_01593.png,e8a72e0a0954a1b2eb4b9b7e5bd7d9a84b0d66422422cef07bbf0074c410eb0e,2
classification/train/7/train_01595.png,classification/train/7/train_01595.png,a39eabb46475e6fd8558319ae16341ad3700224fd43616985c7ac3ad8258e2f8,7
classification/train/9/train_01596.png,classification/train/9/train_01596.png,79a4caeab2fa742345ffd20da1a43f6b2b982db071675a88c7f5c5d2448d02b2,9
classification/train/7/train_01597.png,classification/train/7/train_01597.png,84aba7cc88b7b07dd191475155d3459dba6e14976b4b3d7a0643edce92c1beba,7
classification/train/2/train_01599.png,classification/train/2/train_01599.png,fe78ea1144f3086c1f92235a5096c80ed828e0ef878d1dcb2e2cfbd7f3618f4a,2
classification/train/8/train_01600.png,classification/train/8/train_01600.png,a64d1147d2c5b6372700b420568e82c002a258a551690af23d96b3cb18027fb6,8
classification/train/8/train_01603.png,classification/train/8/train_01603.png,51850d17237751984e55ad1521ea88f2a6f158622e44d32d6f390bab5c40b2b3,8
classification/train/9/train_01604.png,classification/train/9/train_01604.png,d084b3b7a45ce4fdc0e7e8583e747f4acf4c688646e7422474d53e310f37752f,9
classification/train/7/train_01605.png,classification/train/7/train_01605.png,d19e30825d8e528f64432c984b71628564aecff39628c015a8b3ad1dad84d63d,7
classification/train/4/train_01606.png,classification/train/4/train_01606.png,792b5cce95e9f2ad5fcf0ac099e716f90efa44d0568d3a943ff1804358c62505,4
classification/train/0/train_01608.png,classification/train/0/train_01608.png,4fcba6522a8bcafbab3b6dd8acb8163d057d010b46febf20c498bb49fe12a949,2
classification/train/0/train_01609.png,classification/train/0/train_01609.png,cc2352ae5d1e717c12303b53cfbf9df703056047517301f43dce808e08029a27,0
classification/train/2/train_01611.png,classification/train/2/train_01611.png,0eb902e97c54640464a43ce29f77e5700ea1bbeaf3118808881676de5f75a36e,8
classification/train/9/train_01612.png,classification/train/9/train_01612.png,0d6b3b5d842948c6c027a2ea53d0636bbb73ac1cc94caf288813f3dc941ecfc1,8
classification/train/0/train_01613.png,classification/train/0/train_01613.png,a9b36d55afe685076e8cd79c48176092a3f5f8afed324ad45c31107a627c8bfa,0
classification/train/6/train_01614.png,classification/train/6/train_01614.png,4084ef669ea11f1c7113047df6c85d454e1b388629a90ab7d4fcf9fab5ff02ab,6
classification/train/2/train_01615.png,classification/train/2/train_01615.png,24da6418c3b2e3226697212f71ed2494434dab9ef5d2e8b91306fb510c0883bb,2
classification/train/1/train_01616.png,classification/train/1/train_01616.png,c6a515e8362ab9787e61d2038439b0e815bf7036df8c53026b1a89fc2299d84c,1
classification/train/3/train_01617.png,classification/train/3/train_01617.png,cb5d44f2ce0cf14ad137d5eae7b55c7b8972b74f5ab64e172aef876264f158a6,3
classification/train/2/train_01618.png,classification/train/2/train_01618.png,46444a4547abcd59624424ea299a01d5afb5abc0e56c8f001916f7b7d6c6164c,2
classification/train/3/train_01619.png,classification/train/3/train_01619.png,2fa1affa7f1b8ee5d0aa7c64dd2da05871ccbe6b312b8b983111a8c4a264314c,3
classification/train/0/train_01620.png,classification/train/0/train_01620.png,79fb28ba19e4a1ab1345e9529326136a77df47a36941309bbfd26ff827ffa014,0
classification/train/7/train_01621.png,classification/train/7/train_01621.png,7176faf850f1d64efddd3e6df148f211ed1bd2295fb289a5d819d19355b9576a,7
classification/train/8/train_01622.png,classification/train/8/train_01622.png,72a92f6b64003984dde1a44e332c3586fec8e600aeaaceb5299257e8ea71ef63,8
classification/train/3/train_01624.png,classification/train/3/train_01624.png,7802e2392d4419f75f80776c615ea195f397db37f4d1125a474b335e3c5f02d2,3
classification/train/6/train_01626.png,classification/train/6/train_01626.png,43b7412f37ee806cf2b8d36c6a2812aac2ca18267e95bdc41539f032f1e9612b,6
classification/train/0/train_01627.png,classification/train/0/train_01627.png,ec059a2529ab11d44f5e993c4f3e84f4d18d3c10a09397ca1fa1ebf6927d135d,0
classification/train/4/train_01629.png,classification/train/4/train_01629.png,096747614a60b194f7c06d96c9f5768426ec839bd439f6a14353c3b4a98790c0,4
classification/train/5/train_01630.png,classification/train/5/train_01630.png,1b8357b0fadd605fed3e38e3940c628f988097b728fa9eb2f2a56c91fec8f57c,5
classification/train/7/train_01631.png,classification/train/7/train_01631.png,f61effad1c89076722bb7911baef94058b1675db8df945adf74658839db5f8a0,7
classification/train/3/train_01633.png,classification/train/3/train_01633.png,0dce29496cfffff61266a36471a0245c68d5bde99f75218542f5422d9ae07d17,0
classification/train/5/train_01635.png,classification/train/5/train_01635.png,714917430ff23f8504d9b1625a5d7fdf352c88d5a6c963bcaa32658aec5c7867,5
classification/train/3/train_01636.png,classification/train/3/train_01636.png,e8ba2fb3f8abd5fb7d1f83db5f84d9ea3fee84e39d36f3ed1eeb445cc3396782,3
classification/train/3/train_01637.png,classification/train/3/train_01637.png,c501481b509fbc4c708d67bf4491678e6b64d696910bb1b4909e463414c6e79c,3
classification/train/0/train_01638.png,classification/train/0/train_01638.png,482ac9f006c50b133e9a4a936a1f1cc738dca7a5f9b01695abf26d50aa85886a,0
classification/train/2/train_01639.png,classification/train/2/train_01639.png,621233a29fac10298ea64492ffd4e659a3161d368e1f58e21689c9cca5d2dcdb,2
classification/train/9/train_01640.png,classification/train/9/train_01640.png,e10ceccbd2e368dabe6c091a3d989a5ea43ad08aa8950ba3e269518d23de22a5,9
classification/train/0/train_01641.png,classification/train/0/train_01641.png,380945d265aab79d1ece757fee16d84d43ff7cf4448c575e451a73e119321fce,0
classification/train/2/train_01642.png,classification/train/2/train_01642.png,4ba8de9c0a0b78ae128491d5a4a92060e2caef890f90874bed0c9c96ddbf1dd1,2
classification/train/7/train_01643.png,classification/train/7/train_01643.png,b525254f7a4bfd7cc834de57c9880ffe62aef5a8a31450e9a00e31f6fdd3706a,7
classification/train/8/train_01644.png,classification/train/8/train_01644.png,ad12354482eff0975fa1389e9af51a48187a2f5a5e3f620c2487382ba43e261a,8
classification/train/8/train_01646.png,classification/train/8/train_01646.png,b944e53a83a570ba1cfb05b20e09ee149f65c792f0da686565a26e89bb411fc9,8
classification/train/6/train_01647.png,classification/train/6/train_01647.png,ef57d4b3d43a65a9fc91493fe7e3fb5254cd8f1eb09bbc91bff8003cd233200c,6
classification/train/6/train_01648.png,classification/train/6/train_01648.png,dc1a013c9b533fceefebab6be555689fbdec602d49418589dbd65e40086af8f5,6
classification/train/9/train_01649.png,classification/train/9/train_01649.png,cd37cb4751bbf40c505f29a64f89b3e10c970785aa9221d4db56b6a0a07627b6,9
classification/train/3/train_01650.png,classification/train/3/train_01650.png,e5dc141c76f0af560f594112fb5a90eb7eefdb2dfe08fec362ce6cf4aefed403,3
classification/train/6/train_01651.png,classification/train/6/train_01651.png,4f0e1be9e6abfb6143414866840b3aac2be67a0dc444c1e2c464149e570149bb,6
classification/train/5/train_01652.png,classification/train/5/train_01652.png,7521e26467c4a8d170febe64caca7197b94aadad8983dac75e69e8bec14149c9,5
classification/train/0/train_01653.png,classification/train/0/train_01653.png,938f51f456fa61e514a0bf9a95e55f946406a9003b4e0ff895ccf19568ef31e1,0
classification/train/3/train_01654.png,classification/train/3/train_01654.png,f0812156c91aee4efb2927d5b8934a45600625bcfc33d68a5f6c300806fad8df,3
classification/train/5/train_01655.png,classification/train/5/train_01655.png,53bb2f0d84edc9e52cc20ded0ba4dd3ca492810136ea0e94d6c4458f872dbfbf,5
classification/train/1/train_01656.png,classification/train/1/train_01656.png,ed8aaa060340e7fe15a267f90a497ec44e1cbcbfd0579e091b0cfe6e767e3b5a,1
classification/train/9/train_01657.png,classification/train/9/train_01657.png,f24e4551fb9dd06c0cd629d71d57f6204fc040268fdf11adee922378b274193f,8
classification/train/8/train_01658.png,classification/train/8/train_01658.png,ec089468b40d85a158864e7d34d7738d5198e0680471778a96405184aa9208b2,8
classification/train/5/train_01659.png,classification/train/5/train_01659.png,8a6d81a29c3f4b9c9db56e9dbcd6fbb5752c4e26c723a0871a9c2bd6c5fd38ba,5
classification/train/3/train_01660.png,classification/train/3/train_01660.png,68e0d1097302143bc2cf55444d554e93be2dec700113486de86a364f83fc9e26,3
classification/train/0/train_01661.png,classification/train/0/train_01661.png,506e98484f5973f08a3b3abe8d4acec5ec3a1c0d91bb1ad8888e2b27e435d1b7,0
classification/train/7/train_01662.png,classification/train/7/train_01662.png,8b7c65c8be9f80a11c7e507fa6f1a1e90e9b8fab69667bafef44e5c101815d51,7
classification/train/6/train_01663.png,classification/train/6/train_01663.png,dc022d36fd47273fc372f1ed9cee14edebf503408eec7ce5f98782fcdce1fa12,6
classification/train/3/train_01664.png,classification/train/3/train_01664.png,d3070b580933da55983634c8e20660b86223a5ccebab997a550a56a6dccc764a,3
classification/train/9/train_01665.png,classification/train/9/train_01665.png,42ad118c3a6c52db1b4ab8072eb4dadcc818d8a48069d5509910e46e3e594520,9
classification/train/5/train_01667.png,classification/train/5/train_01667.png,ad814ff62709824c89242f1274ad99b22602df0fe7a0180b4311f6767978dd5d,5
classification/train/3/train_01668.png,classification/train/3/train_01668.png,b624abd46513a2273805d6f180ec80d9e02f70e89e666251ef22b5d68d7b7ce7,3
classification/train/3/train_01669.png,classification/train/3/train_01669.png,6b351fe243530acbf3dad5d97efa8aced49e1a502a222036c12bda421605a62e,3
classification/train/6/train_01670.png,classification/train/6/train_01670.png,ce7b013483f8ca304dc085d37dbf2c59d520e9ac87621845c388dfa0f7524ee0,3
classification/train/0/train_01671.png,classification/train/0/train_01671.png,269183e37310bcacd8c915bdc8280747e1d0481c3741a3656db5006f0992b438,0
classification/train/9/train_01673.png,classification/train/9/train_01673.png,dd3af9f3446dd9cf4d0c162c96863fc583db52a29f3ffcb28aefd5f63cef6ae2,9
classification/train/5/train_01674.png,classification/train/5/train_01674.png,5f2be3777b491e8d74be7abbe553b49a740c36d49756fc45cf0fd17f461e72e1,5
classification/train/3/train_01675.png,classification/train/3/train_01675.png,1245a40f3a8f88f18a32b27bc8add99d49b8a7d79b2dcb890d06cc9cde913e2b,3
classification/train/9/train_01676.png,classification/train/9/train_01676.png,5c0064b79200e46b92561285f9eed080f9e7b2bf5c01cbc543e688060437b370,9
classification/train/5/train_01677.png,classification/train/5/train_01677.png,937cf17722fc913c08a4116a9fb439d694aed91ec66eb80a628e0954f400b51a,5
classification/train/5/train_01678.png,classification/train/5/train_01678.png,66d1de304b39b3185f7051fbfe63de9294ccae4b626b7d299b02a09aedb71d4a,5
classification/train/1/train_01680.png,classification/train/1/train_01680.png,44028ed49e2192c9276e2be73e88ee70c7ae0d0a50bcbf3c94a0e27fa28cfe55,1
classification/train/1/train_01684.png,classification/train/1/train_01684.png,12f0c08d4e785140dc3279ed432509a1bd5a7bc00f2a52f7ae193e81f4bd5134,1
classification/train/3/train_01685.png,classification/train/3/train_01685.png,7b3b95e29912dbace966076b98fa0cd3a6a913cbfd5458689aa43946fa88fbdf,0
classification/train/5/train_01687.png,classification/train/5/train_01687.png,accdc6b4d6e1b3607b02e0836e0fa099930da4a8b18b1bdea43088b9cf1ef3fe,5
classification/train/4/train_01688.png,classification/train/4/train_01688.png,20f3f8b0e9fc7806c377fb8f43678a9c8817d1138af13431c0e22a1207da9994,4
classification/train/5/train_01689.png,classification/train/5/train_01689.png,992ce546feb5dc548fe7fd505ff64d2d6fbd233b54c4dc0c8c721de1d8d48ba8,5
classification/train/5/train_01690.png,classification/train/5/train_01690.png,d24a1f0564dd73d343c34caa5fb51c6eb6dab0b36e13c45b00b40215c51625d7,5
classification/train/6/train_01692.png,classification/train/6/train_01692.png,51a69ea3b99e4a9a3146dc4fa693f44c40dd5c55c38d63fa1301c880cd026456,6
classification/train/8/train_01694.png,classification/train/8/train_01694.png,e36adb35db4ba165da0dc9aae571795a121664da30ce513a228b44a1959f3510,8
classification/train/3/train_01695.png,classification/train/3/train_01695.png,a18fd5879a43e87f4109051ea17fd5646f3fa2c5a0941929ce9321f520a60251,3
classification/train/4/train_01696.png,classification/train/4/train_01696.png,9b8612fd7f4adf0549df79369b1a64b0fd0039fdf3a041294ac0e8fa4f9b438f,4
classification/train/4/train_01697.png,classification/train/4/train_01697.png,6554f42cccc80bf2083273310288d8e57cc92a30d71a25bd918e3c530a90a1fc,4
classification/train/4/train_01698.png,classification/train/4/train_01698.png,1fa327dfd27c774d8cc93d1c323ea36eb4732b5d5a1f867c6daac0a0797626b3,4
classification/train/1/train_01699.png,classification/train/1/train_01699.png,c2aec1e33d526ffd2674f4dfb2f1363f0965f060138cf3ecaed64056f16b3e70,1
classification/train/4/train_01700.png,classification/train/4/train_01700.png,dd946d8a45d210e95c3509c19d30cd658beb3816a19f9df3b5ea6dcde1e47331,4
classification/train/5/train_01702.png,classification/train/5/train_01702.png,8d83005efac8accb5eabd43673b8784bdbdf2e9386852dc4ea665c8dffc1adc3,5
classification/train/5/train_01703.png,classification/train/5/train_01703.png,1e22c694419a35ee8dc5c4126df6bd77d5bcf326c349f043dc1e2ae8abe164e3,5
classification/train/9/train_01704.png,classification/train/9/train_01704.png,e32bcf9ef6140f6ada78a43b7b2c643a4862d497bce5883cc62bf340f3e9ea16,9
classification/train/8/train_01705.png,classification/train/8/train_01705.png,c716090b039eb5bb7ac417ac83249c56a5809a134ee8cfc18c9fe6a1b6c00ecd,9
classification/train/2/train_01706.png,classification/train/2/train_01706.png,8ec2355be0cb8b21a000eb3823eba702140d15f03a81096247f3a3e83a8b069d,2
classification/train/3/train_01707.png,classification/train/3/train_01707.png,fbbc7b9e2a4141ab3e1f30f38671ea949cddcbc1f9a01e673587c8742aa391b3,3
classification/train/4/train_01708.png,classification/train/4/train_01708.png,cb109fee4d27a80387cebe4653195fc641afd9055ae2770591a50aac5b425330,4
classification/train/3/train_01709.png,classification/train/3/train_01709.png,081033bcacfbdce03c5a01ed3163516f77234da3cc032d5ea9f142c6b8afd2b7,3
classification/train/6/train_01710.png,classification/train/6/train_01710.png,400dfb64e11343282e88620de205890930c4144c21204e8e877cc89e84e0f263,6
classification/train/6/train_01711.png,classification/train/6/train_01711.png,a315106f08dbaedb401b15a773a950f974fc4288ee1c3b6b0df8607c1acc3ed6,6
classification/train/7/train_01712.png,classification/train/7/train_01712.png,19dd68282f7ca0041eeb84bcbe52f53cd1d6077806d111a3d7e1ac5399f81ee1,7
classification/train/0/train_01713.png,classification/train/0/train_01713.png,15cd06b93ef14e7388b9ea188022e4aed47799c6c8f96c5d596780508fbe639b,0
classification/train/7/train_01714.png,classification/train/7/train_01714.png,1be37ef77a524938e59af1315225eb54bc87ed5b46c356fcd296f4e314f5205e,7
classification/train/5/train_01715.png,classification/train/5/train_01715.png,7a8a7ab93b6c9bc2d7026d03244b1cc9339fb2d318be41ec388b62a82b5a6a60,5
classification/train/1/train_01716.png,classification/train/1/train_01716.png,14e50f918d6776a1b9b469ff296d1d485942d8eed44bc655eb1abbddb57d501f,1
classification/train/7/train_01717.png,classification/train/7/train_01717.png,703380e67a0e5d8d8e5390e055961215f834b751556c2448057521172de9ea91,7
classification/train/1/train_01718.png,classification/train/1/train_01718.png,19841a02e5385ddc97a26751fecc3fe0435f6d2bf1a9fd180ed0208d324fab06,1
classification/train/7/train_01719.png,classification/train/7/train_01719.png,86e63926f1dcd8c9480792c01cc4611ee6859882cce384f5a2ae8b39b87b6be6,7
classification/train/8/train_01720.png,classification/train/8/train_01720.png,b11c88f2ba914ff45a9ecc451c62083293cb191a08140441f299a02f4e9d8e5f,8
classification/train/2/train_01722.png,classification/train/2/train_01722.png,ddf53b8e603830bb02ccaf2e30bf85d45e0ccef68e7705b6cbe46edbf59d07c4,2
classification/train/3/train_01724.png,classification/train/3/train_01724.png,cbf67eb528911d01dca2528749ec7826cf3bee35970fd9f1f8ba5b09674418f7,3
classification/train/7/train_01726.png,classification/train/7/train_01726.png,52632d433ab3d32f4980a612eb1310f8edb3252c4097e117e0efba5154a7d2a6,5
classification/train/4/train_01727.png,classification/train/4/train_01727.png,681dc1db031684a2c206ce354ddeeb133c22fe44c768c42647aeb3589dff8930,4
classification/train/5/train_01728.png,classification/train/5/train_01728.png,024505e13d1c9881d941016ff6d94b29b3f243edd1dfd3cbe676c47fff92a24d,5
classification/train/2/train_01729.png,classification/train/2/train_01729.png,930f0c148e9dced54ba06415e7e3baf40c50eccca7ab9defa1a9e6f3d821da74,2
classification/train/6/train_01730.png,classification/train/6/train_01730.png,92b4647ebe5a5c4b8554d71324592bc4a846cf51780f8de11498a054af659603,6
classification/train/0/train_01731.png,classification/train/0/train_01731.png,90714ce70e66894e18ecfe7b451f620e9ba94b35f93bff32091d1b327696c0c2,0
classification/train/7/train_01733.png,classification/train/7/train_01733.png,972391983c7a38faa67da27184351f065e570f139535839669c1e1c0b4625c81,7
classification/train/2/train_01734.png,classification/train/2/train_01734.png,a382ad8b09d2ac39c230260445aa115aebc3c1a173143b85ac96b6733e2cc24a,2
classification/train/6/train_01735.png,classification/train/6/train_01735.png,78815bf74686b2e223e2266b1653b3123fd6cbc5bb8057b642d0e5e3c9451a4b,6
classification/train/0/train_01736.png,classification/train/0/train_01736.png,c1a08abba1b5ef986d404c2920baffd50524f4791b14988d02809ebe86385f25,0
classification/train/6/train_01737.png,classification/train/6/train_01737.png,912286754bda4f279be7817a958e81b796ee3be2176207f667b2135f945919c2,6
classification/train/1/train_01738.png,classification/train/1/train_01738.png,65ccbf55f9a9d38010045271baccc1e9e68c3e9673b16dc8742502d949650f6d,1
classification/train/9/train_01739.png,classification/train/9/train_01739.png,7ae41b975f0df6f33a63f84cb4062f7c5699a64a11e79920a4ba1820287e6fca,9
classification/train/9/train_01740.png,classification/train/9/train_01740.png,90313d75a3fb52cb7cc3a06960b5248138b0a4254b45a9cd59d13ee4385f4ef4,9
classification/train/3/train_01741.png,classification/train/3/train_01741.png,7f06f829ca6e033ebc9e2bfb14d9e77934b36063c41d583beac0fdc9d4e3940e,3
classification/train/6/train_01743.png,classification/train/6/train_01743.png,833e4c663cc6d3a1d5cfc66852966a1dce4803ccbbfd1b268ff309d6f0de2696,6
classification/train/3/train_01744.png,classification/train/3/train_01744.png,b154d1dcaf66c29817a6bfeaf816bce94bcd11a05c2dc07fdf1756726f8d5814,0
classification/train/1/train_01745.png,classification/train/1/train_01745.png,1a3939a537e4d651ccc32897600822bae06a1e240f6b693e5e80b4de512a5f24,1
classification/train/5/train_01746.png,classification/train/5/train_01746.png,69f328772661c6319f01f94f182a11710af66b625b7a2395f2407754bca3fc94,5
classification/train/4/train_01747.png,classification/train/4/train_01747.png,bc7e32be84d00ba89cda3f051de0002cefae2b709277063d3f5a97d6e128e63c,4
classification/train/2/train_01748.png,classification/train/2/train_01748.png,ce2d726255c309b9921d21cc010b26c4f3985635ff8ad1b68b5bb6c646e8dcad,2
classification/train/4/train_01749.png,classification/train/4/train_01749.png,a6451562862aff0705f891f978733e55a05f648af9ee4b2e72faa358b1ac62cb,4
classification/train/4/train_01750.png,classification/train/4/train_01750.png,145aac038a4d29540abafd38cbd7c27ec2ac2bcbcfc0d9288fdfe37645daaeb9,0
classification/train/9/train_01751.png,classification/train/9/train_01751.png,11f203d560d80b31facccd48ef120690f2bb20f11a70b6b6cb59837aa1c4df8e,9
classification/train/0/train_01754.png,classification/train/0/train_01754.png,d63da94fa9366b7eb720051d3795b14159752ad4c8c2db1a57a2523c500e308b,9
classification/train/4/train_01755.png,classification/train/4/train_01755.png,43fd98a75f1ca5a1ba7a55a770553f948c7508039afc2249f97870e223bd9d53,4
classification/train/3/train_01757.png,classification/train/3/train_01757.png,47dab96eb6137a98d273d17bc67c879a48ad2ec92713e7a0dd7e0eeb70410130,3
classification/train/1/train_01758.png,classification/train/1/train_01758.png,f211c79f1d4f7eea283fdaa3c359665af30c2c4f0a508ad97cec1b01cba19dbb,1
classification/train/7/train_01760.png,classification/train/7/train_01760.png,ee0cf17996317d417d5300d86f752d60f7b1a5b5f05e37013566cceebe1411d1,7
classification/train/5/train_01761.png,classification/train/5/train_01761.png,ecdabfa01aba180c04dbfd7fd0a2596e218fbb01219e7bfc5d5a4ea1bd530dac,5
classification/train/4/train_01762.png,classification/train/4/train_01762.png,8dad691c90065c04912343f4fbb9591f627d00034eef64d5dcdbc69d6b703a3b,4
classification/train/7/train_01763.png,classification/train/7/train_01763.png,1da79613faeb237712acf48bef01f5cbe92f3dbd6f55778e134420d9a69e18b6,7
classification/train/0/train_01766.png,classification/train/0/train_01766.png,bd6f04e778f1ee1ae57f3412daa24e425e661e7e679b84306c1403314edf2228,0
classification/train/0/train_01767.png,classification/train/0/train_01767.png,a3ae7cac05a06b16dc5114988f07876e96a7a0bfbb7b615e80e88819ea7defb0,0
classification/train/8/train_01768.png,classification/train/8/train_01768.png,13d6a8f41367b38315f986128995c86b35d87b02e06e40a5134984462f34e8fb,8
classification/train/6/train_01769.png,classification/train/6/train_01769.png,ace0649878e19b4859f3beca7aa59f7abe01fc3cf26763ee73acf5f427eee23c,6
classification/train/9/train_01770.png,classification/train/9/train_01770.png,aa5a0a6d2b5b3f7a4bc4377c539839756a0691eaa8adf25555c85b4220f96696,9
classification/train/9/train_01772.png,classification/train/9/train_01772.png,fb3beb0fcaae915a40980aa8c1878602452216bc63b7f6c7b709c45b405e4056,9
classification/train/6/train_01773.png,classification/train/6/train_01773.png,86062e07137dbb3217636ee58895e7a232540b6b961918664f0c6becd7a5b562,7
classification/train/3/train_01774.png,classification/train/3/train_01774.png,704c10d8c288fa2a9673e1449681aa317aefa15a23e1134a839efb64ff540c60,1
classification/train/3/train_01775.png,classification/train/3/train_01775.png,9e62651d64c4f7068f2951fb025fee9e668b9dfaf2cbe809fafb53600efe5787,3
classification/train/9/train_01776.png,classification/train/9/train_01776.png,173859bea0168acc64a3e63b887cc451731baf7500809169539e96fa0f091889,9
classification/train/1/train_01777.png,classification/train/1/train_01777.png,853d0792729276aec94ab6cca9a05a906075ac283f8227258cd8ce92c4d34acf,1
classification/train/6/train_01778.png,classification/train/6/train_01778.png,2c21623a84c15343be9b709f5dde36cfc41f1840831d91645c2d40e078936754,6
classification/train/0/train_01779.png,classification/train/0/train_01779.png,f28e370a8cf55ef33fea8bbc375755e2015cc56ddcfff1453d9a881262f13e48,0
classification/train/5/train_01781.png,classification/train/5/train_01781.png,e2a25a66ca903eb3ada13e4d3480152da03d8d78da2ab5e69572a8acba2c6caa,5
classification/train/8/train_01782.png,classification/train/8/train_01782.png,dbbe4b3a980b78883635803c95a887f300588e75ceb54b06ae471ca8ddd3da74,8
classification/train/7/train_01783.png,classification/train/7/train_01783.png,389a0741c7ab132be3dc717c3dcc4e9b3ebb884d08ed7117a1e342ad48e29e42,7
classification/train/6/train_01784.png,classification/train/6/train_01784.png,93061bb0af047e868c3d93c387d1bf8f82033cf9e33dc7e3c52559766dd52084,6
classification/train/4/train_01787.png,classification/train/4/train_01787.png,f86e8d6fc78479d1ad8931f6b252a6033f5698e943a83e7b0f11c77627743573,4
classification/train/1/train_01788.png,classification/train/1/train_01788.png,a18b97d198b4b98d82b575c6ffe4f8c4d3a043fed1010386745e43be3fdd9759,1
classification/train/1/train_01789.png,classification/train/1/train_01789.png,3676958e60483baf403e7c63b6b8f5652cf1f193798a25c7c2f73ca1df1f7acd,1
classification/train/9/train_01790.png,classification/train/9/train_01790.png,e3e20507d0f72be5ca303914623a1a7289bedbad18decbb883debcf3737c5f1f,9
classification/train/5/train_01792.png,classification/train/5/train_01792.png,7639bc0fb1f21d729c18d4659fcf8f7f333fb72cfe2edd9e6debbe6d1dbd14da,5
classification/train/6/train_01793.png,classification/train/6/train_01793.png,eb55f7b283ce7551fe193c7edc6fcf835ea5e6b677535f8f9f166b318cb29075,6
classification/train/2/train_01794.png,classification/train/2/train_01794.png,715778ce12aea24baf5fb1ade49fec83a74ec656ec9e9b6fedb6a456c2904ce2,8
classification/train/8/train_01795.png,classification/train/8/train_01795.png,b60adbd0684036800552d27e6a9c8b4f37eebe141d6b58b8c22bc08f770bd839,8
classification/train/4/train_01799.png,classification/train/4/train_01799.png,29f389e57cb49f59f381f967145f7e7b73e7a38f691ef37aba34d8648350082b,4
classification/train/3/train_01800.png,classification/train/3/train_01800.png,ff870cfc6c224d863dd9c6307efcb0f707f1b70170dac5fc2b514d762d8fbd2f,3
classification/train/1/train_01801.png,classification/train/1/train_01801.png,cad0ed9b1e0003cdc4ed201c7780faebae9b282b3bbf1b64c1c32b99a7afc0c4,1
classification/train/8/train_01802.png,classification/train/8/train_01802.png,87602b7ad7a87f37c15b142a05a224e8d7c4a9f87a657240072910e9854d9d8f,8
classification/train/6/train_01803.png,classification/train/6/train_01803.png,22763a65bfcb54dc606febb20f77e7d31bacbb97b1c9c05dfdc82784f15a64c6,6
classification/train/7/train_01804.png,classification/train/7/train_01804.png,2644d3ce6fd852f823986f79e293b2c88cb4b33b04dbb353d5e7e0175c6faaef,8
classification/train/0/train_01805.png,classification/train/0/train_01805.png,4e1af1ea0892b5b52462a0a07dcd51246ff10364c09cc6c31b042471b787d027,0
classification/train/6/train_01806.png,classification/train/6/train_01806.png,10f322bd3e7b5b8da354b13fa610829a1c392d2cce4f7ab2d4276f0aa9729618,1
classification/train/5/train_01807.png,classification/train/5/train_01807.png,f0b4365dbddfd7048346a9e44ffb1c998438dc30aac08706be967d51ed36e568,5
classification/train/9/train_01808.png,classification/train/9/train_01808.png,fc80936c46baf7c171cb286b9055a0d72d131b2d314b9d7974f1bbb81ea9ae43,9
classification/train/0/train_01809.png,classification/train/0/train_01809.png,56ac7dea763aeaa1ab2b1c94a3cdeab4f660a6fddaf0e864ed3ecdeda03a6c75,0
classification/train/6/train_01810.png,classification/train/6/train_01810.png,bf78c6be0532baf6b775697d168cb5bba95aa3b7f0fb42a2a0f20a5b98800e2c,6
classification/train/7/train_01811.png,classification/train/7/train_01811.png,6f433cee54d3b57607e267dc499e76d357eb47b47d374d4f0efddeb53c8cefc8,7
classification/train/6/train_01812.png,classification/train/6/train_01812.png,462d24ac3b02238dafad0c37c6e1d5a990ef1903f2788dbe77568d281bc8ffb6,6
classification/train/7/train_01813.png,classification/train/7/train_01813.png,8f7ec57e4f724b8c2374413eaff3971bfa6fcd67f224265f59f42b4fe6f9ae8d,7
classification/train/7/train_01814.png,classification/train/7/train_01814.png,7999797145c5e5ca3948be9017ed490b7a0d97a7f78c82528f5bb40a57dc58bd,7
classification/train/7/train_01815.png,classification/train/7/train_01815.png,739c00f0dd979a8302daf83211dbcf182cdfa9f4b13b29df7e3c02296be63c4f,7
classification/train/3/train_01817.png,classification/train/3/train_01817.png,0e3d5ee9a5012f5fa6821a3ed826202597c185d868cd9da4d554594944b3a35b,3
classification/train/9/train_01818.png,classification/train/9/train_01818.png,c9708bc9639c03ea26ec89be74b40aa28bcaa510c4b9f956b9916740de084fd8,9
classification/train/1/train_01819.png,classification/train/1/train_01819.png,cda5c0126f238f5d0a3f23fa27a8d094e588902333db9cf3851c9921fd575a40,1
classification/train/5/train_01822.png,classification/train/5/train_01822.png,5c6d2d1888202c9088e3f3c408911f2e2fbfedf619bb53b9fee26c04ccbd8474,5
classification/train/4/train_01823.png,classification/train/4/train_01823.png,107655823e554434447e299f20dfb6b1b27080c69818438c6598078f256884b5,4
classification/train/0/train_01824.png,classification/train/0/train_01824.png,c97d622fdfb33788e5aaa952f4944e3cb1f4458a9afc2d0fa6ea71b8a61646a5,0
classification/train/5/train_01825.png,classification/train/5/train_01825.png,ad90031a329b934bbb60b701886631192904bb3643eef6a2ebb5454fe2be90ea,5
classification/train/4/train_01826.png,classification/train/4/train_01826.png,7daacc419a160b35b0f1d3100eaeaa7c316ee0b484257b1a56aaa834e2eb78c1,4
classification/train/2/train_01827.png,classification/train/2/train_01827.png,6b7a2132e71b661a5f50c66751c37fd59135bdac36d82f95a8006d9bf99d9735,2
classification/train/7/train_01829.png,classification/train/7/train_01829.png,b1818070b389016d01d8ed13e33ab5f58beda811add0cdcf88690ae197b71c0c,0
classification/train/1/train_01830.png,classification/train/1/train_01830.png,822f38b4360e40d08ec33d7775d62e8b503a4a6c85a403ed1a5c328963313a64,1
classification/train/9/train_01831.png,classification/train/9/train_01831.png,b71cad7f32aa8fe573afd2ffb5a7b59da0ee9b634f2c4de6c4de2941bb8d0133,8
classification/train/5/train_01832.png,classification/train/5/train_01832.png,8f55759fab4fb6a5d0f2062adc934c495ef20ea29a12ba33be0544b93fbeec19,5
classification/train/2/train_01833.png,classification/train/2/train_01833.png,04d915e196e8b880e7dadfc60abd8a21d494afb1ce763afa86a02fceca590504,2
classification/train/5/train_01835.png,classification/train/5/train_01835.png,834502d299382bb473ec92612bb8d26fef1197e5af455f3374925ac3dccd63cd,5
classification/train/1/train_01836.png,classification/train/1/train_01836.png,d01c0f721d37a990b6c299f2fb546b9323700bf34abe9c79b4edc081af5bc098,1
classification/train/1/train_01837.png,classification/train/1/train_01837.png,0e70dae94c6db72bb5488db55d65edf2aced8212002289316409fecd3dcf02d6,1
classification/train/7/train_01838.png,classification/train/7/train_01838.png,a84aa1177f0d54d916139532f0c90c1524525d26de066859fd86394d2784f031,7
classification/train/4/train_01839.png,classification/train/4/train_01839.png,608b8a05e2ff4fccff1a2f23a405c58cc7cea3375e7c85cb74da7a43f31e0899,4
classification/train/0/train_01841.png,classification/train/0/train_01841.png,bd1a38ff991fdb6901d8c2240f1b8a75cbe9167c84e9b6b984098933b93c8ec5,0
classification/train/4/train_01842.png,classification/train/4/train_01842.png,d315ffabc7afe53a90849f2c0736cc062a87ccc1f9b83411bfb743612f1eacd9,4
classification/train/2/train_01843.png,classification/train/2/train_01843.png,4ce3441a3618e181f076957b9f84923fdb43653212192dad3c2d334b6a3982fc,2
classification/train/0/train_01845.png,classification/train/0/train_01845.png,b4d7dffece9410ccd251fbbc5e90e53ff87b81bda01ca29701cf3282d68ca418,0
classification/train/8/train_01846.png,classification/train/8/train_01846.png,3410e82926518f6f91caba65c056463370ef694a98729b328fdb38ae8691d09b,7
classification/train/9/train_01847.png,classification/train/9/train_01847.png,0967dbb70c77110fe77dc08293064847011f7d6ab5cf91438e231a361a5df658,9
classification/train/2/train_01849.png,classification/train/2/train_01849.png,722b0afbe6c9da9162d3c25e8d3fcd4a15a516d70a0112432227030ea951b5f4,2
classification/train/5/train_01850.png,classification/train/5/train_01850.png,05f005e7b0fbef3f43c84ccbae19d37d84800bc069a2c58684e385d160df36fd,5
classification/train/8/train_01851.png,classification/train/8/train_01851.png,ee702aff6fdf98734956ad6539538152ecbeef421b60d38c104be39cb3f1dee4,8
classification/train/1/train_01853.png,classification/train/1/train_01853.png,d9f0185a050b28eda8e3c6765037d8ceea0cdc599dbf6d3950bac9f92140cda8,1
classification/train/2/train_01855.png,classification/train/2/train_01855.png,93aea1a983a8bc8dc9e1fc7179acc9abd737a43e3c399bcdda488e32a68da8d8,2
classification/train/8/train_01856.png,classification/train/8/train_01856.png,da3b9ed5b714678fee737147cc25bea64523f1f20dc11253851ee72bf9430aed,8
classification/train/4/train_01858.png,classification/train/4/train_01858.png,4763c0aad7562cefd874e9b2193fd4dfe18b2fc234fa0a965e9e7c18722b8e52,4
classification/train/1/train_01859.png,classification/train/1/train_01859.png,bc385e4f9521b9cff775364016b7adba4fe1739ab027b8612d326d89e4242ab5,1
classification/train/7/train_01860.png,classification/train/7/train_01860.png,898683efe61a944a52970972e8342a6c5e7bc1eec07259a9f0f2f909cd5a920b,7
classification/train/5/train_01861.png,classification/train/5/train_01861.png,93f8eb1ffd3d0c9cd2783a1e4ebde57289468fdbe6d2d25d79014c928f1039ef,5
classification/train/8/train_01862.png,classification/train/8/train_01862.png,66a64ad90a292eaa50b5394eacbebdd4ff44d27492ddd86b580fcb244c2dfeb5,8
classification/train/5/train_01863.png,classification/train/5/train_01863.png,8d1fc0e5db073c6d95a576dd811fdb32a4c91c3f7c9118451e853d2dc18b227c,5
classification/train/6/train_01865.png,classification/train/6/train_01865.png,7a6c78162ae10900b4115ddd2ff74362a3090fab52d7831fd0c8268fb8de453b,6
classification/train/5/train_01866.png,classification/train/5/train_01866.png,9334eb9124dbd7e2a56f1a58978b7c39454b2ff69bd37a639e31ac8adbaff0f8,5
classification/train/4/train_01867.png,classification/train/4/train_01867.png,788d942b4483900e53e029df566bffc18240dc36644c50552ffbffb39e5fc14f,4
classification/train/9/train_01868.png,classification/train/9/train_01868.png,cf91ed9611f57780aa93ff3cbb4fe0979b8d6165dc649ebe1e11f075facc2469,9
classification/train/0/train_01869.png,classification/train/0/train_01869.png,e0003b5323f5e5966e67517a725869d1ffe3bc4914c3d72583534052024e00ae,0
classification/train/3/train_01870.png,classification/train/3/train_01870.png,29ea7a704ef743a9a2326ce4ce358dca2b26c679fff736913339d9ebef2f8ba2,3
classification/train/4/train_01871.png,classification/train/4/train_01871.png,cf70142afe9056fa4d6cc66f74bcaf3a2b39402fd5749df32d320d8869cd12bf,4
classification/train/6/train_01872.png,classification/train/6/train_01872.png,6b9e3696f58817358eeda375e0f790184e2166f898bcc3dba4e2a494f2d69327,6
classification/train/9/train_01873.png,classification/train/9/train_01873.png,6628900b77026de11610f861a4c8aa69925036f10ee090cfbeffa5b944b45420,9
classification/train/5/train_01874.png,classification/train/5/train_01874.png,a761b6bec853802fe89c2bc6ee9343ae98f94d2098743dd680ccf255001cacbd,5
classification/train/0/train_01875.png,classification/train/0/train_01875.png,cfe9aa042283a1ab1b1ae617fc0236067c7b9e2e9b98b21f327e06f86e5fbb53,0
classification/train/3/train_01876.png,classification/train/3/train_01876.png,f79c473551e79e89b92da6ed4d2fdb6c16302f9c48c397339df153c8aa7c5353,3
classification/train/9/train_01877.png,classification/train/9/train_01877.png,120b77ab39616a61603f0d28eba03f73f7bd4af12e0d99e78817728220bb2c7d,9
classification/train/1/train_01878.png,classification/train/1/train_01878.png,07c27be7ed4bc60b65530da3a0c14a727e38fc034e78a94fe7e5e2e3cadb89ef,1
classification/train/8/train_01879.png,classification/train/8/train_01879.png,f43fea5366901c638139df15e767ad062c903a10f221e4c735c290a258fc1425,9
classification/train/1/train_01881.png,classification/train/1/train_01881.png,f94be69189854edd534777f6b36528f9dc2c7f7df6ebab23eec77a91868ebef6,1
classification/train/3/train_01882.png,classification/train/3/train_01882.png,ef9c5984e9507cfebceeb6c6a0bedc445d9785b167570509558d33a326322d7f,9
classification/train/5/train_01883.png,classification/train/5/train_01883.png,8aee6277ff5999460c1f4172d856d23469be8cd26e914e8b83d9c3ca86a5b0e0,5
classification/train/0/train_01884.png,classification/train/0/train_01884.png,04e915b1fae57b1be3595619ae897eb2b183416c0d2716ffeccc35447cd3bd1e,4
classification/train/2/train_01885.png,classification/train/2/train_01885.png,84404e25a1307855519761863806fd4d9a61e7173b45f325f0e65da3c0c9e375,2
classification/train/1/train_01886.png,classification/train/1/train_01886.png,984eff76dee2be3861cc144871aa906d8fbab52dfdd3a2f52b446e1c7c138a0e,1
classification/train/7/train_01887.png,classification/train/7/train_01887.png,8cd0366c84be2bafe7221f3f4ccbd51e8e3a90f0937abeab278e4d2625374014,7
classification/train/8/train_01888.png,classification/train/8/train_01888.png,f9fa5da33b469b397ccb60b154a06c6e1683d0eefa0121fdd76304c7d2ec287e,8
classification/train/3/train_01890.png,classification/train/3/train_01890.png,1ebaaa6c9b76023cb270a90d3dffb363c730488c10f21a6e4e6fe48870bc9efd,3
classification/train/0/train_01891.png,classification/train/0/train_01891.png,d3286b8949d8ed9c9147a0032e56c923f149a1a29ece627cfa7239b8bdcb04eb,0
classification/train/2/train_01893.png,classification/train/2/train_01893.png,dc1aec8ee0145f9d342fd937e37d6b64a0e97cfb483a28a76a5e794c9d7e6915,2
classification/train/0/train_01894.png,classification/train/0/train_01894.png,963ab5aebc83d50988ec910f3be5db0282be43e0512a71d6efd63e68177ee427,0
classification/train/1/train_01895.png,classification/train/1/train_01895.png,470b4dc4244be4366f9e598c0bb271542f7e3c5534daae30ae78c1bc5141f879,1
classification/train/3/train_01896.png,classification/train/3/train_01896.png,c7fd0df557939138b424b008a04f568fde1ec981da6a7b0f70e6a0c6d4eb4a5c,3
classification/train/8/train_01897.png,classification/train/8/train_01897.png,d43ad34b9ce23ba068e82fa6e82030034ac4925016e114198fdb32680c55aa05,8
classification/train/6/train_01898.png,classification/train/6/train_01898.png,1e1a819e5d096b5643bd7c7f42c43cefa644935d08c9baed1b5a05cc946bf905,6
classification/train/9/train_01899.png,classification/train/9/train_01899.png,0d46e6f0781e0eb266ba04aba8f58467c968b5ce436ccf1e763da73c9166cba8,9
classification/train/7/train_01900.png,classification/train/7/train_01900.png,ab9ea10131afeab258fce8e5d3ee5179e9b8ec936a7cc7dce73517cc23b1a4fa,7
classification/train/6/train_01901.png,classification/train/6/train_01901.png,3f58357622a6e366ff95b70c91bf072d96d340383dc5da86855abd03107db00a,6
classification/train/6/train_01902.png,classification/train/6/train_01902.png,775bca9644b73a3d801744b74425827826c9170d339cbfa95b5f60351f81b194,6
classification/train/4/train_01904.png,classification/train/4/train_01904.png,6ef78245aee8af9fcd3baf3a09f9889e0b14195740cd60d2e0f0034a6390d704,4
classification/train/9/train_01905.png,classification/train/9/train_01905.png,8aed0fa20c9b7680abcc6da4006c7e517599dd109c82c93798a533f460430931,9
classification/train/3/train_01906.png,classification/train/3/train_01906.png,806e63b09d3f61a2ef917bd6a7c0f04b3640a568a93d997d7b458d65bf00d70d,3
classification/train/5/train_01907.png,classification/train/5/train_01907.png,41d29201ec5134d813f7a34f136e2e2169dde18b581aa80f0ad3305deab5d18b,1
classification/train/2/train_01908.png,classification/train/2/train_01908.png,685fa6af0e5eb49d0af6b5c0b44e53a32e4732ef23874beaef9b8bceaf4f7ef1,2
classification/train/7/train_01909.png,classification/train/7/train_01909.png,969f383305f87b5b60f70d0c351f79d51479e97b41778b3df6b5a17d8cd33103,7
classification/train/2/train_01910.png,classification/train/2/train_01910.png,906cdfa2cb08f04ce4b2964bce7de50dc7029946cada778b1fb662187cc9b1b1,2
classification/train/7/train_01911.png,classification/train/7/train_01911.png,a1a621d372351a4d143d4e5ac8d2babcea8f0e9fb7c294cac15a035a9265190e,7
classification/train/0/train_01912.png,classification/train/0/train_01912.png,6d6f894945bd0c549c2bb8ac22a0c7e30fa0cdfd1edad3f186331a97bc477952,0
classification/train/9/train_01913.png,classification/train/9/train_01913.png,a11f38fd42ba0d003ec29d1852a55ddc283f1eaed54ceaf09c183a0cb2ce455b,9
classification/train/7/train_01914.png,classification/train/7/train_01914.png,29bf0bca9ab0beed216629fd172e68c5af156ab3f27d5608d50121ecd7ce4e17,7
classification/train/2/train_01916.png,classification/train/2/train_01916.png,1bd062287939fefe2559a5fa9020785fce0b544a5d6c815582e84918793863ec,2
classification/train/3/train_01917.png,classification/train/3/train_01917.png,1c8f0e229bddfb276607cf17d829ae3878a4b8467557e033f86946b2c16ad010,3
classification/train/3/train_01919.png,classification/train/3/train_01919.png,215752ea83fae551eb4f8deb03786899a85c417df72539ed10673f4c5e5766aa,3
classification/train/5/train_01921.png,classification/train/5/train_01921.png,6f374286724fbd0dad9bd4675943232d37c1a51e8f1c93173aba45cf737ff188,5
classification/train/3/train_01923.png,classification/train/3/train_01923.png,666fd435733fe635582b112259c8d3e4900eca94957f33dd0e70f61f98ec0c0f,3
classification/train/3/train_01924.png,classification/train/3/train_01924.png,82a6e19d0c1a530929826519c57580f98334d4212cc83502ef823ca83cbc0de2,0
classification/train/3/train_01925.png,classification/train/3/train_01925.png,176347de5eea88ab4b3b874bdae5f11082246ca8d15dedd3635ad0910aca9f47,3
classification/train/0/train_01926.png,classification/train/0/train_01926.png,d74ee2775b84473b87143039948c845714d6c3877f8eb1e0b678576703938c8a,0
classification/train/3/train_01927.png,classification/train/3/train_01927.png,6bd8e502aef3783cef13760f787f88365ba114fcfb859b69ebb2fff4984dfe62,3
classification/train/5/train_01928.png,classification/train/5/train_01928.png,6caa3e1384860a16895728691f4c589c1e031a26fbfbd489aecd21f25c35ec8b,5
classification/train/8/train_01929.png,classification/train/8/train_01929.png,7bfe10a413686c5fc529306435c3e64eb94780ec27a3b473f872421ff8cfb5cc,6
classification/train/4/train_01930.png,classification/train/4/train_01930.png,1a138a9e1dddcfb697b202708b694280d0223630ffef9826a863e25415435087,9
classification/train/3/train_01934.png,classification/train/3/train_01934.png,f028f049c67b37510ec3f6a6280708e1d407ddfd3c7c55c9bb30e31faec2c335,3
classification/train/9/train_01936.png,classification/train/9/train_01936.png,98a99261f9a8b53ab9e2dc0688bfe0b48696cb4a99e068593c26257f7fc3366b,9
classification/train/9/train_01938.png,classification/train/9/train_01938.png,e4e4a2dd65f0304932e025b5c1dc8e78c29d05bf8b3381943991edf2003275c8,9
classification/train/0/train_01939.png,classification/train/0/train_01939.png,07a263d8814f0df5d3c3ba13910a9cd7ad8f3806286d929296d301134ada29b6,0
classification/train/3/train_01941.png,classification/train/3/train_01941.png,636b3af8c286bf415b20fdc92d11e368e5318d474a4737ffeebc8c4d7619938b,3
classification/train/7/train_01942.png,classification/train/7/train_01942.png,41de5e4e87472fbcb55a6b279bf5c1963f8f0cec53482bf34bdb533624aa0316,7
classification/train/2/train_01943.png,classification/train/2/train_01943.png,b0683fa8c2d1920e91fb72b2a5f71accc8c1743374fe3a007dac5c712342aa97,2
classification/train/7/train_01945.png,classification/train/7/train_01945.png,d01bf542b896dfcf6f23333c00b85153bef4dce8e08446f3a1241d03063dfb16,7
classification/train/9/train_01947.png,classification/train/9/train_01947.png,2c3b3a0a9d797a334c70905d66fd7bede1e76ca5357aa11d3fa8dde8cb07096c,9
classification/train/5/train_01948.png,classification/train/5/train_01948.png,d55c2abe2bcfa7bcfb74e002dc6fbb569ae76f731cf0bd871e3286bfd549e3fd,5
classification/train/4/train_01949.png,classification/train/4/train_01949.png,7cf86fa406a2089d5e42990d378f5fd69c916f76238c0961b5441c710450970e,4
classification/train/1/train_01950.png,classification/train/1/train_01950.png,d4aaa12a0695dc160c30ad5695285f39c24a3b5f6ac61be74bbaf2cbce61dc93,1
classification/train/3/train_01951.png,classification/train/3/train_01951.png,1b86bda7ea969e20915d98f17c12c85b5d6c581402718e593b662987f261f73a,3
classification/train/4/train_01952.png,classification/train/4/train_01952.png,7f9744210cd6e056e23224bf09a9e7459e1d232ef0d148f62a9ab12890f9eefe,3
classification/train/9/train_01953.png,classification/train/9/train_01953.png,85f39d5840bfe902de8f6316963d031fb78cbfc1758f791b4506f054f51d25e9,9
classification/train/3/train_01954.png,classification/train/3/train_01954.png,cfa473a6d0cfce3374ed7c515355a936b0292560e2f9be254b8b686de44b86a8,3
classification/train/3/train_01955.png,classification/train/3/train_01955.png,549aef36c9dfd0b6b77b6578bfb2c8a746735f3ce8feba941c64cde8d41a9cfd,3
classification/train/6/train_01956.png,classification/train/6/train_01956.png,6bf8aea21e1153fbba6134e8872d9f55d0a0a07a2b26fbfc51e985063bc793ab,6
classification/train/3/train_01957.png,classification/train/3/train_01957.png,6e634a05f1a8cb46559cbf354251b78b2fb9a38245bb229b3f16e965067c3ea6,3
classification/train/4/train_01958.png,classification/train/4/train_01958.png,d9643de87e01251ff38114cb352ec84ebdde1589bc6579c7a54f7fbf88335e06,4
classification/train/4/train_01959.png,classification/train/4/train_01959.png,684efd9e3fec6811dd252573a84e6cf41f2775fadff85aca10155fe501528205,6
classification/train/3/train_01960.png,classification/train/3/train_01960.png,35316f3575a4102bd5864e70c16343c5f717f11398b4d67be44d5b8b980c26e6,3
classification/train/4/train_01961.png,classification/train/4/train_01961.png,d286b3dc80a4a000cab98465978160f970ed5c1e2fc0b09c7aa28dc1d964b4d0,4
classification/train/6/train_01964.png,classification/train/6/train_01964.png,a17bab9fc3f630aecb3067182f4963b01ff2dc93f3a8ece8a451dc2f7b2c29f2,6
classification/train/4/train_01965.png,classification/train/4/train_01965.png,82452861c02569b221faf28a2123e823f27471f1660b50a7c340e12ef6bbba2b,4
classification/train/6/train_01966.png,classification/train/6/train_01966.png,b7fe03f721d52982f020ae7a592bdbfbcfea8782c0bd646b14d4c99c19c397df,6
classification/train/8/train_01967.png,classification/train/8/train_01967.png,c90a9673e3eec63f27d53b8af0bb0dd6317c456d2cb1bbe5d63a6dbeac76f38b,8
classification/train/7/train_01968.png,classification/train/7/train_01968.png,aed2f013b99ae091cd024f8d5ae614ce09ed75924bdf9ff0581ecd33f22d7803,7
classification/train/8/train_01970.png,classification/train/8/train_01970.png,b485eb12a78de6d6b62588ac65c7918f554e5f93a2efd7eda42849bca0f82a61,0
classification/train/3/train_01971.png,classification/train/3/train_01971.png,e37ba885acc72c9921275b4e7d8698f16d1f632eb8280f29b85b0dbd1502c6d0,3
classification/train/6/train_01972.png,classification/train/6/train_01972.png,72a2ec9791b05720c349950d33c3aee757ec2c3402ecb329a84b05c1f07a046e,6
classification/train/3/train_01974.png,classification/train/3/train_01974.png,d933424fe34d826ef2528f0311959e8e27dbd8c76dd47fe944c75d8f3981b752,3
classification/train/3/train_01975.png,classification/train/3/train_01975.png,7160dec01ea236ecbc7f9dbc4103716560ebdec059b334e58a1af68c6e21e2be,3
classification/train/3/train_01976.png,classification/train/3/train_01976.png,3c3b2e3ddebeb09f0b0c154a814c54a1849116ecc5a642fc4e6008b2feb2abbe,3
classification/train/3/train_01977.png,classification/train/3/train_01977.png,48d97eb36254319f28b65f1b3a652449bdce670056f29116c7924ac24d9147b5,3
classification/train/0/train_01978.png,classification/train/0/train_01978.png,3725fae2df40065e8fff593869eb4127fac96a3e0c60e54ba7201a32272fe50f,0
classification/train/6/train_01979.png,classification/train/6/train_01979.png,1779c0a2fc61636c220059507098c86bd6faf81976e50910c6ab3eaf9dfee116,6
classification/train/7/train_01980.png,classification/train/7/train_01980.png,392af334c329de822522a38405409fd58d8b5d2f445a3069923b2611357d528a,7
classification/train/8/train_01981.png,classification/train/8/train_01981.png,5a32f0e77cced6c043bae33fc6201d09bb6a9deaf83ed0ece3766368a2c39c17,8
classification/train/7/train_01982.png,classification/train/7/train_01982.png,57b49d1976d791fc469df4c931015b246ee2fa6023e6a793863d04c5ef7ae317,7
classification/train/4/train_01983.png,classification/train/4/train_01983.png,3bb94775cf1c5073bb351211350bc4f12b34ee5db0b60db5043ddb3fdc97c3ab,4
classification/train/1/train_01984.png,classification/train/1/train_01984.png,34fe13f7d8ffe1b1ae9d248ae0d322c11631ef49541c991752bf89e5104ea7b5,1
classification/train/9/train_01987.png,classification/train/9/train_01987.png,e858f88f5e1ddb58a70054c90ce0c5f9df6e0fdbadc7f2857b5724ff36267e0e,9
classification/train/3/train_01988.png,classification/train/3/train_01988.png,643584fc834479de59a477c7158730e5d9a9dfcdc64e997d33a388e992b9168b,3
classification/train/9/train_01989.png,classification/train/9/train_01989.png,c9ee4c390d7552f94e8c3e00c48e3a1b297829279eb241acdf56d62e65828727,9
classification/train/6/train_01993.png,classification/train/6/train_01993.png,00b873c0bfba1dc01de48dc06dafb0debfd4e47e57883f61c96b65ff909b091d,3
classification/train/0/train_01994.png,classification/train/0/train_01994.png,e37bbf04c9bcfb28b684936781bafdd6ed6ff0fc665d2180b9d02fabeefcf142,0
classification/train/0/train_01995.png,classification/train/0/train_01995.png,e229dffd64754c6bcbcd54037e732e5d967c5815f762fc0fbd79af90a4da34f9,0
classification/train/0/train_01998.png,classification/train/0/train_01998.png,8bbe4105271237f8b0bb5d4237e2245a772150be7ae119b5fc25c175d71aa497,0
classification/train/1/train_01999.png,classification/train/1/train_01999.png,b705c141f3ec2e001a3201a511e3348b9699539e04e6deba680959626689e374,1
classification/train/0/train_02000.png,classification/train/0/train_02000.png,a5e6146b5e1ed2f0ea24b1b9ecbead692d9cdd62c4352479680562ddaf69bbdb,0
classification/train/2/train_02001.png,classification/train/2/train_02001.png,33c80d538bac3a67f3065007e797080c21e42a6673693e3dac0cc06b7e500fb4,2
classification/train/6/train_02003.png,classification/train/6/train_02003.png,3fc02693ac6efe8848939a460b4b0584fb832cf18107216d26e03df4da220b9a,6
classification/train/8/train_02004.png,classification/train/8/train_02004.png,6231c259907652919816a1211642957bb6b59c29d1e1db41775738382a0c7cf7,8
classification/train/8/train_02005.png,classification/train/8/train_02005.png,81d0aff764a9fc5442dc05f4d8b3529d439bc60d807145576ac2863f8b884e69,8
classification/train/5/train_02006.png,classification/train/5/train_02006.png,a2138f91ff79f568a3ec90d778581f7414698b7ea91d87bd0007dba2c8d7287d,8
classification/train/1/train_02007.png,classification/train/1/train_02007.png,7886f3fa8151ec43780b39a3f4035191ef93056c2e7ff589bb647cac8aee37c3,1
classification/train/9/train_02008.png,classification/train/9/train_02008.png,7a25596a3a1d1432a249f5814a2a16ff7d78846b79da9f5ac13f79e01d2f78a1,9
classification/train/3/train_02009.png,classification/train/3/train_02009.png,fa4549bdc0eede04e45557208ccc6b87dad2babc6802a1ce4d7d536ccd742fd7,3
classification/train/3/train_02010.png,classification/train/3/train_02010.png,a33e1af187be09ec2e7aadad4cd0c404d376fd8ba626a7ef42573679e7479c8a,3
classification/train/9/train_02011.png,classification/train/9/train_02011.png,ccb9f7fda82dc0adb884eccbe42b81cbb5028f2c7d3c604c30b0addb67c1ed1b,9
classification/train/5/train_02012.png,classification/train/5/train_02012.png,efc324aaf395ec1ca8728a900a4ec0c32de01e9a03f6f401bb3114987ca98d45,5
classification/train/7/train_02014.png,classification/train/7/train_02014.png,08dba9f59521ef3c6a9ff29c490877950e2ee4de52717c2dd82e9fe8d46fb190,7
classification/train/0/train_02015.png,classification/train/0/train_02015.png,040e1f84e7394863b543c55038d327fc0a307b9b10f2691f4eb144b527825344,0
classification/train/3/train_02016.png,classification/train/3/train_02016.png,61719c1139027c7f27cc849fd022d823f04e1b0adfe7b1695dede800d264fe04,3
classification/train/1/train_02017.png,classification/train/1/train_02017.png,8ac05e7e42598c4bc3026bef681e7d0388fdc3e598fe44dc26fe774de98e2a6e,1
classification/train/3/train_02018.png,classification/train/3/train_02018.png,44bc386f01742e0bf2124e71ec3ceba073789f5318c5ea4505f795c474090123,3
classification/train/7/train_02019.png,classification/train/7/train_02019.png,440d956a5299f3faa36932fe3278e7b8bd0f66cdc73c90db153a1d00f2b0bace,7
classification/train/1/train_02020.png,classification/train/1/train_02020.png,3e6c43256094d12738a3bc1cd6e576d70366c8f918584a8dd90f89bcd994e601,1
classification/train/8/train_02021.png,classification/train/8/train_02021.png,3f6987c45008150e488d60a1d27d70c56a6eed29dd2d5f0b7032b049049f616a,0
classification/train/9/train_02023.png,classification/train/9/train_02023.png,9eeab0f8a52fb5d447645561e0b1439d611d1e17c8d3030d33d38dd5dd7f9f4f,9
classification/train/5/train_02024.png,classification/train/5/train_02024.png,18acf2946efcc79a67ea6fdc31e230da120cb005b97fd43381334ec779bce627,5
classification/train/2/train_02025.png,classification/train/2/train_02025.png,314d490cb1be768dd0aae26df38fee38e6382195aad5992ec459ff839c175325,2
classification/train/0/train_02026.png,classification/train/0/train_02026.png,e3702a9d9da89cc38956aa64f9d125e9f3765527b5dd280818f6549aeb3bd2af,0
classification/train/3/train_02027.png,classification/train/3/train_02027.png,d30b8be67a1ddd60b7fa44d0f1aaa8ef75fda988bc60f7cbee734b9025db9317,3
classification/train/1/train_02028.png,classification/train/1/train_02028.png,80fb8ae099bd5985c9a8ce1040a02d2d611fec5c865d428bf7e9a448c247a9f9,1
classification/train/1/train_02031.png,classification/train/1/train_02031.png,ebbbefc65276d0653d5c0e3bd62b4dd55fbd6a878c0f274eb8f269d2d26cef57,1
classification/train/7/train_02032.png,classification/train/7/train_02032.png,ab7f366ce27a27c5a921d65de622cb5c15473e3ee49bdcc017b98b4e4e35a458,7
classification/train/6/train_02034.png,classification/train/6/train_02034.png,6a73e59c2802bbb0b368cd689a825716484c7a7b5de4780d8a33bfa0a47e8445,6
classification/train/2/train_02035.png,classification/train/2/train_02035.png,70aaeee9d27622d0a4639fd423a1383338a31b5ca07d787996c846667c865636,5
classification/train/8/train_02036.png,classification/train/8/train_02036.png,15198ff1103bd660dcd52d6d1b6a508bdb915f523333dd6d0d9a0c34c07518c1,8
classification/train/4/train_02037.png,classification/train/4/train_02037.png,39b5c38d635c29063a883e04f1f949e248d4ae20864950039538c668728625af,4
classification/train/0/train_02038.png,classification/train/0/train_02038.png,aad385ee7bf4980a654b8e23e53954a86a1101916a5662dc1e5429b7f847f6fb,0
classification/train/4/train_02039.png,classification/train/4/train_02039.png,c8497e3013ab8913ec3a47a513b3851d049ea5317a8747edd2dd4f191c87d5cf,4
classification/train/0/train_02040.png,classification/train/0/train_02040.png,66a4b57865c297c7740741be196303b0858d63e26d9be89e54bc94089c8ff503,7
classification/train/2/train_02041.png,classification/train/2/train_02041.png,36f1730d48253133812f5dc3f8247a1f1d7a95f0b0094dc5ac57e8883a65ddaa,2
classification/train/8/train_02044.png,classification/train/8/train_02044.png,5374999d051b63e3e7a68868dce524cb8044ce8f06b315991a7bc780cef99b7f,8
classification/train/7/train_02045.png,classification/train/7/train_02045.png,7ccb3256e7f8bf196d7e3628e5fcd293045162d9240b7b5856a97d25b536691f,7
classification/train/4/train_02046.png,classification/train/4/train_02046.png,e80a74646f7c1a712385932562351aef790745bdc6eb3643c5387a3ffc4a36f8,5
classification/train/0/train_02047.png,classification/train/0/train_02047.png,d7940c3fbf5bf156fa3007f710de941591a74f3ca5b38cd7b3273c0492af5fd3,0
classification/train/2/train_02048.png,classification/train/2/train_02048.png,97f961960383a09244dc15658e3c6d1ad47104f89377de0364775cf87ce74675,2
classification/train/1/train_02050.png,classification/train/1/train_02050.png,0504dcf64ddeced52230445f40a3f66c19849680fb3ea9cfcadf73ba39f5504e,1
classification/train/2/train_02051.png,classification/train/2/train_02051.png,6320fdd61734accf866cb92dd60d0e3dd2f5fb2a76866184d2486c2abeb65f80,2
classification/train/2/train_02052.png,classification/train/2/train_02052.png,0995a9633a4374445814860b1020939a70897a30826e54da1de11a103f3faddd,2
classification/train/3/train_02053.png,classification/train/3/train_02053.png,99ee0da5f7123de13d1e7a3e038f141aed5d32d679bd677e2f3ada7d029f1f54,3
classification/train/0/train_02054.png,classification/train/0/train_02054.png,060923d406720ca37f6cf043706e558ace839d438856aeb1af83d289fd2e24dd,0
classification/train/3/train_02055.png,classification/train/3/train_02055.png,e125d0cce8a3744e1b03a08c1207174e4dcd0eb5b407105d86f56289623b735a,3
classification/train/6/train_02057.png,classification/train/6/train_02057.png,f42878517d4a3691e068d182f3281b5a6d9bc767f221f46ece3f37a3aac4c634,6
classification/train/5/train_02058.png,classification/train/5/train_02058.png,1a353f3cf7f5726220dc7df7013530e377f774e1fb20b8cf72c6974db880d1c6,4
classification/train/9/train_02059.png,classification/train/9/train_02059.png,c4accc72950233350c6179e103cb61464004cc3355abeec5f1a2f281f2cb6d2d,9
classification/train/4/train_02060.png,classification/train/4/train_02060.png,0e7f8e5cad5eff0669919f15c88fa1e2e90aa8a2c0f914ea45ecafab574c6d07,4
classification/train/9/train_02061.png,classification/train/9/train_02061.png,728832452417998a24d1c146e94a07b55e55fd415c6ee0976db514775e49c9d2,9
classification/train/5/train_02062.png,classification/train/5/train_02062.png,fdb9e8be32eba585952bbbf53780af683639452efdba960e22e8cb43201a8bef,5
classification/train/7/train_02063.png,classification/train/7/train_02063.png,15d06952daf3a50f1d778b3d4c9bee0235afd025aa31d7aeee63bae55ecd013b,7
classification/train/4/train_02064.png,classification/train/4/train_02064.png,51870ac47954d93cabe56eaf7e15e6bea4dcce52822b0e5edc600c4a1e3d180a,4
classification/train/5/train_02065.png,classification/train/5/train_02065.png,246df0429eec13f83305194e267ee5d38895e81865b2dc1647fb562708a77981,1
classification/train/1/train_02066.png,classification/train/1/train_02066.png,389b072bda16f2058eb1fb3420f4c78bc70fec22a41cb4ee1b5eb7ce8f2e70b5,1
classification/train/5/train_02067.png,classification/train/5/train_02067.png,78f855486953a2a5ba4d0a49391b6e90c267ebef109f679c2643c93c353ad4a8,5
classification/train/2/train_02068.png,classification/train/2/train_02068.png,ec5b7945c612ef42012e4dc4a4c4119ed970383003a8ffcc77e5ab7c06d3c6c2,2
classification/train/8/train_02069.png,classification/train/8/train_02069.png,f9fe2da1dd243c16599745ec4bdde6ab631416fb52768e56b2ac29dc1bdb4922,8
classification/train/9/train_02070.png,classification/train/9/train_02070.png,fe93f6cf02c22740effa0c07fb78085a01c7456944144ae192dc66dfcc980b4b,9
classification/train/0/train_02071.png,classification/train/0/train_02071.png,729dddb6fd7fbe18a3876da52336fc3ea66c346aef260021a69e320380f31e13,0
classification/train/4/train_02072.png,classification/train/4/train_02072.png,9832262f114471c72ba312a126acd7bdf01ae4c512733930304adb26d9584be4,4
classification/train/2/train_02074.png,classification/train/2/train_02074.png,71b64216e4f394753a2a735490aacbe563a288b30b2b4ce0070839f378f93954,2
classification/train/0/train_02076.png,classification/train/0/train_02076.png,7cc3897c31119d8aa47e5818881545033c80c0825de6bf42720afbdeb93ddd4b,0
classification/train/2/train_02077.png,classification/train/2/train_02077.png,159c6f39a5ce54e48383962e82c661e405eb6e80887da0108b9ed9e645dcfb1e,8
classification/train/0/train_02079.png,classification/train/0/train_02079.png,c12a342bddf28afe9125f4bd8a9c834aa590d4fae514f7c6b97fd6bea0c90b72,7
classification/train/9/train_02080.png,classification/train/9/train_02080.png,2a43f079af2a533ff5b06a3a2382d8054224aa0ffa0fd14363c59ecb336d924d,7
classification/train/8/train_02081.png,classification/train/8/train_02081.png,d5ca905f978f4b81cef17ceb997123d8262511ffa472961a176871f2ee3ece52,8
classification/train/7/train_02082.png,classification/train/7/train_02082.png,d83e299c738cf0a59d1b483fe968e5bd27ebc59f1b5737b6fd4eb01185bd9d5b,7
classification/train/6/train_02083.png,classification/train/6/train_02083.png,8a431e0ec0e36f7a3eb0f115f03b56d972c933cab9e14de7de8c8a9ce19d8d04,6
classification/train/9/train_02084.png,classification/train/9/train_02084.png,ed3e8ddfe83d8bfe399239b38d44cfa99caa2a8181e937bdb436a19bf2f80df6,9
classification/train/2/train_02087.png,classification/train/2/train_02087.png,2a96e9593e033188d365becee50200dab7e6d74be7b8804e62fb3c8ce9256c12,2
classification/train/7/train_02089.png,classification/train/7/train_02089.png,886aae2faaf290d3d218c4edfe3e5621de5e527601f8bea91d13be5c3e6596dd,7
classification/train/8/train_02090.png,classification/train/8/train_02090.png,032f626055d154617118d52bf0d57d5203e526e51eccc5ecec060575b50c92ed,8
classification/train/7/train_02091.png,classification/train/7/train_02091.png,6d31cb2c2331337c1b7f6e7f6625ae027138b6242bfc0145ba12baa42616b397,7
classification/train/6/train_02092.png,classification/train/6/train_02092.png,9ef0f859caf4cfa0ca285087f9accaa98e50148d00ba6974b668668e5375f77e,6
classification/train/9/train_02093.png,classification/train/9/train_02093.png,e113ae42656f5a11dba2ad4d4e28bd18d942aa20a2eba85438513a6c990e35dc,9
classification/train/3/train_02095.png,classification/train/3/train_02095.png,b51395994024aaedf9f833dc2f74570be4c6d62e769eec5c445b30d815792482,3
classification/train/4/train_02098.png,classification/train/4/train_02098.png,552afda32e35b473b2d7ac2dcd3bcdea8e098e6ce8ac106f49eca7678866102e,4
classification/train/0/train_02101.png,classification/train/0/train_02101.png,628e6dd3f1bfbd3d0bcbafe290a5b076379c15622d3e4c30573b884fd69d5d2d,0
classification/train/3/train_02102.png,classification/train/3/train_02102.png,2f74fc560861d72ac0415ff994884f4529d11485a0c0b532d78a55c3b22acf4e,3
classification/train/6/train_02104.png,classification/train/6/train_02104.png,98797b1f70e9955969f4a112d3aa5504ffafda0376ea2f8a2f46b407371d9e7e,6
classification/train/5/train_02105.png,classification/train/5/train_02105.png,f02f3520aa7eab5cf2b148420d775c7b18b858779a0ed78657089e8639690861,5
classification/train/2/train_02106.png,classification/train/2/train_02106.png,518612b1f0d40a6decb64a044c61527e2e63ae75ee3be999d67b10e9d9099d95,0
classification/train/9/train_02107.png,classification/train/9/train_02107.png,1187f8f7f7db5a26656a519e5fabdd365af65fc3813d7b71392423eb06e00ed0,9
classification/train/4/train_02108.png,classification/train/4/train_02108.png,ebb5bc28d3d610aa8180526d062e028a5139209f7102aaf9bff518fee4b47132,4
classification/train/5/train_02109.png,classification/train/5/train_02109.png,c275e3b2bdbe37427e9813fd982c9ae75ceed674a83e940abb59519ba082c7ff,0
classification/train/2/train_02110.png,classification/train/2/train_02110.png,bafaaf7c741501fb9046fe5739c610a0831409aeaea8a0a52265bf6a5aaf3c73,2
classification/train/5/train_02112.png,classification/train/5/train_02112.png,19941230284e3d45aeeda541fed781ff9a46e9dbbcfe785fcb99dc74ee07bfc9,2
classification/train/0/train_02113.png,classification/train/0/train_02113.png,fee4323617634bce639efb89f4c173d62d961e68cea1dcacd62619f2c2186143,0
classification/train/4/train_02116.png,classification/train/4/train_02116.png,45ba7a566ac5e762e05839a05ca173761c7c0973b8e4c8ae569922ef6c9f1013,4
classification/train/6/train_02117.png,classification/train/6/train_02117.png,ff24cc00030605fd3ad6496f1ce70cc1c45cc9ecfa33c72314d83f99ecba82e1,6
classification/train/0/train_02119.png,classification/train/0/train_02119.png,bb681859b14453009ed6cb9e6a585acab215db731cad240852e9c96a8f9df057,0
classification/train/8/train_02120.png,classification/train/8/train_02120.png,a42842b74caef1e9deda7bae47015871f2c8edd098d782bc3fd76b75743407f3,8
classification/train/7/train_02121.png,classification/train/7/train_02121.png,8730db171e5b1864088f9960fc53942cea3b04191117af46380b44808feda0fc,7
classification/train/4/train_02125.png,classification/train/4/train_02125.png,1c53d60712e5915dd9ceda4a5e19ba40054e6445d4d031f213891f16ec88e7a5,0
classification/train/5/train_02127.png,classification/train/5/train_02127.png,3fa579117699a87ce394ab31811876d740e76efbd53b392676214e89b1e364d9,5
classification/train/6/train_02128.png,classification/train/6/train_02128.png,c938d4341dc02943c1b1b0b6c3a1e93a8bb2654263f219e3d0a4137457de2026,6
classification/train/2/train_02129.png,classification/train/2/train_02129.png,0e9575176c00053cb7cbdd9a9f6cd74dd2942ff14e290f15297c8698e85bf337,6
classification/train/6/train_02130.png,classification/train/6/train_02130.png,4a1c220a90543b1258c08680283066bda461a6cb43afc8d0b391571ad71dc0f2,6
classification/train/4/train_02131.png,classification/train/4/train_02131.png,577ddcc2659a56b93eb6003c954ad7fca1e926bf60a5ba442a33a12fc3321ff1,4
classification/train/0/train_02132.png,classification/train/0/train_02132.png,9308a43f064c01613516ccb9960b8a39df3ef7696e0894a3bd9f8ca483af8a38,8
classification/train/2/train_02133.png,classification/train/2/train_02133.png,df2492b102b746e50091c07ea1350b13ef0981fb4345fd0b463f4425994b9ddb,1
classification/train/9/train_02134.png,classification/train/9/train_02134.png,2157a90279fd46dec499acf57f4a82fd009b1d8799f88c71f61c019a70b43ef6,9
classification/train/0/train_02135.png,classification/train/0/train_02135.png,fd4adf2ac0e4ee5949906d0958be1dc79ed931f128e8a4b212f46e998dacbcf6,0
classification/train/3/train_02138.png,classification/train/3/train_02138.png,5bcb0022e32d6e13ccfe0cce649a007e15e0c269b610121242145498f35612fe,3
classification/train/6/train_02139.png,classification/train/6/train_02139.png,855c71d8c694762725ee9438b918966aa47c23197a8ab6d4436408b0f4280cbe,6
classification/train/3/train_02141.png,classification/train/3/train_02141.png,640b82ecf6b47b43524067d113ccf96a7d60f4c8b1efd97eca64fdfb13d9d77a,3
classification/train/7/train_02142.png,classification/train/7/train_02142.png,1b54176cddb76c59ad189dcda433ed3276b5e25a3f0c013a4bde036b0f616102,7
classification/train/7/train_02143.png,classification/train/7/train_02143.png,265dfc9d9a43a0c580784ef16335ff33152bf7fe91ace213a753b2f4412cc387,7
classification/train/7/train_02144.png,classification/train/7/train_02144.png,4f0e73777e2206770a7190086b9eac8446ca5c0de3af5eecdfdbd432f27bba18,7
classification/train/9/train_02145.png,classification/train/9/train_02145.png,f35a34668e8fff6dc0b2c1b8adbe9170c8812373dac6b8526a00049f5695a287,8
classification/train/8/train_02147.png,classification/train/8/train_02147.png,bc4eee112ba317a3cd8888b8e37824da39f9f42e98eadad5c824a4e57f16f776,8
classification/train/1/train_02148.png,classification/train/1/train_02148.png,9f9d72cf8db4d51e9d361e8a0d8adb164a679a22bba5d10bc98196f436e71a80,1
classification/train/3/train_02150.png,classification/train/3/train_02150.png,82891e9932ca3a26c4ee2ecdf9ca2b71a75105ab0c8e9edb9b14879e8d5c876b,3
classification/train/4/train_02152.png,classification/train/4/train_02152.png,b06fe434c8327a286ee107212b3847230413903023a951029d48fd2dcde3d432,4
classification/train/3/train_02153.png,classification/train/3/train_02153.png,c0839ee5e36bd92d7a190a38c1d544a422a8533ea2f39c2f3632dfa29e184a17,3
classification/train/5/train_02154.png,classification/train/5/train_02154.png,19691b2441aec253dc34ec7fbcb4512a53b96f76609dd65b371a9d1431ac5a15,5
classification/train/0/train_02155.png,classification/train/0/train_02155.png,58d2d0b8b41655e7573e12cb5b6efa0dda222c70d7e4be733674d078ad3b66e6,0
classification/train/9/train_02156.png,classification/train/9/train_02156.png,97e78d1e0d64053389fec81c8f0d90510e618c6d723dce6d5d8afeed92972e68,9
classification/train/2/train_02157.png,classification/train/2/train_02157.png,ccc6eed580209c360efbb197e45fa50c6a8a3c4002789be7d658ef3697ddafc3,2
classification/train/2/train_02158.png,classification/train/2/train_02158.png,a63723b25d0206348f929e31561d01ddff383b22069666fb06361f27eba1f88e,2
classification/train/8/train_02159.png,classification/train/8/train_02159.png,b9e31f74086431e13851df115f5385bae8decec446102ff5522e118d80d3ddeb,8
classification/train/4/train_02160.png,classification/train/4/train_02160.png,c1b445a48c60d79bf4a5499a55574946b8242746ef8134f18a56f91c7251b033,4
classification/train/6/train_02162.png,classification/train/6/train_02162.png,673487a5d6ac187cf2f951393079bf457b65e9edd3588b00d1c317416e0eaa90,6
classification/train/1/train_02163.png,classification/train/1/train_02163.png,e527889581365b2d0dd9cc3d810b7a20b78c1c443dc4f510d393b6042cbde9a5,1
classification/train/2/train_02164.png,classification/train/2/train_02164.png,1a4dafbcad7cb0db97efba125d46c00ec17b0f538d636e77eb41f289b79b90e1,2
classification/train/2/train_02165.png,classification/train/2/train_02165.png,91b3922b98d845d4fe1d0e877d895fac9ca663f21cc8e1194a3db9902a0aa342,2
classification/train/0/train_02166.png,classification/train/0/train_02166.png,9f886ac9db2ae8777ebe4e15bd84afeb2e97813c7db30467d337ef2d4ae509c2,0
classification/train/9/train_02167.png,classification/train/9/train_02167.png,b91c23a808f3f5cb9dd92b99183268a95fec0e69496607b7311f672c31e9b2e1,6
classification/train/7/train_02168.png,classification/train/7/train_02168.png,8e7c11a527aafa2c91983d36f77bc3dac8685ddf76197a93583334a426fe4c0d,7
classification/train/4/train_02169.png,classification/train/4/train_02169.png,7b49d827c325c2b0c0fac7251469707db518100454f5bfeee1a14dcf1d156961,4
classification/train/8/train_02171.png,classification/train/8/train_02171.png,d07eaaadcd616195f87a44ef906231374bcc39b994cdf73c0439e44b996e6742,8
classification/train/3/train_02174.png,classification/train/3/train_02174.png,8ffc63152b73fac454e9dcd963d1f56c9115417e280e3add7c218941ac0d0694,7
classification/train/8/train_02175.png,classification/train/8/train_02175.png,82e7c25a9359d3b03aee8d4ec1e2c101632a58cfa30d3fe59c233052167ea972,8
classification/train/6/train_02176.png,classification/train/6/train_02176.png,3cf556dd9a3eada783bcfd5e1bf95735a8c58bf2f4e88b72f6f23dc9b82ffb1f,6
classification/train/4/train_02178.png,classification/train/4/train_02178.png,957fd929c952289b28f5345ae65db5915e82a68460301060a0d4815ff5c81801,2
classification/train/4/train_02180.png,classification/train/4/train_02180.png,0ae7bae98e2c7c85c83d49190df16b97a18c91b581e2c634852ca9ae2b884660,4
classification/train/6/train_02181.png,classification/train/6/train_02181.png,0f6d6880763751e7aed91e8e94f729322d5345abc40ee1b270670f4f3417533a,6
classification/train/5/train_02183.png,classification/train/5/train_02183.png,9036a21ff00f1f70b1f550c443bc97dc8c595a0758c802b092b2eeab259e5583,5
classification/train/4/train_02185.png,classification/train/4/train_02185.png,0c7f28c8974cb791fe4d1561c47b9d156fa7799c2909a9b2168484503e7f5f15,4
classification/train/3/train_02186.png,classification/train/3/train_02186.png,7da83502df6518c347fb01a54220da5783cfa46cdf4f86892ca69780c8490ff9,0
classification/train/6/train_02187.png,classification/train/6/train_02187.png,8eb7876531755212ffee77ef6ace5073b87ca343b490b5e946eb69f7ee3a10b1,6
classification/train/4/train_02188.png,classification/train/4/train_02188.png,e61d2b6b94efd6f6476971832108795f5ff7493469cf4fbece4b1dc10765afdd,4
classification/train/1/train_02189.png,classification/train/1/train_02189.png,c30566d4841d969a9e83bee0da4126bcd9d097174dac8a16c538f046f8b15922,1
classification/train/7/train_02190.png,classification/train/7/train_02190.png,166a9677591210c257d2d095ce9d5856ac90a99dded003e7aaf741e7f238b48a,7
classification/train/0/train_02191.png,classification/train/0/train_02191.png,9a2e402ed3db158ac330459cd82071b80aa164a9c2b33c1d369d6b43350d6839,0
classification/train/2/train_02192.png,classification/train/2/train_02192.png,5a520eef7a1420f7122673eb4e05c4518525a5b7e9ca0af874fbcede534b835b,2
classification/train/4/train_02193.png,classification/train/4/train_02193.png,8785064f10ba1ddb3cb294746aa3be37de8a56e345c17fa4177ea53385805f5a,4
classification/train/4/train_02194.png,classification/train/4/train_02194.png,107b030e469daddae20a31188eedc6f834dc2b5c6f30376b96813d1a03c124ec,4
classification/train/9/train_02197.png,classification/train/9/train_02197.png,60e40bfda67919cd43cbbb991a27cb5ac4a7e2f3172eadcc8dfeebd4a5c51500,9
classification/train/6/train_02198.png,classification/train/6/train_02198.png,f99183a5fcde9e0f3c817e1f7a903af2a8ef3c2525a2c3bc80a487cc2777e29b,6
classification/train/0/train_02199.png,classification/train/0/train_02199.png,d89dd6053008152161292e7f3c0e2645bd429cd4226e768a683ef35e5d19a924,0
classification/train/0/train_02200.png,classification/train/0/train_02200.png,285cf3a70ececbe7ae6ae7c272364f99cd7f275453f97a3a768d9494a2d5b752,0
classification/train/8/train_02201.png,classification/train/8/train_02201.png,51322dc61fdcc02833c57b54fa6ddd36c569584960fd1e5df7732f0085c94948,8
classification/train/2/train_02202.png,classification/train/2/train_02202.png,86cbe4f0a39a3b2e7aecc88f39e23d86b65e8a52028da76c59e6f14d02c85104,2
classification/train/8/train_02203.png,classification/train/8/train_02203.png,9d949643f67c29332cd5e5151512c28f2b42a1d9d86df42e4d1f5d2f60bf7eda,8
classification/train/4/train_02204.png,classification/train/4/train_02204.png,9a84243f5318b62ac7b31563737ff3cd0857fbdd0789f6c3c0271450364d8b7b,4
classification/train/3/train_02205.png,classification/train/3/train_02205.png,5341f7e7a788fa46947beb66d82199bbb198ee9da0a9d47319c1cd90732c9041,0
classification/train/9/train_02206.png,classification/train/9/train_02206.png,099d721741b7e579a92d2786fc678123cfc7e448552a4cbf2b38b138e9411d7c,9
classification/train/2/train_02208.png,classification/train/2/train_02208.png,71be3db223d99a51e3d7685f50523bc10ce34e9d68b4de84bd5d7bbf35b583d8,4
classification/train/9/train_02209.png,classification/train/9/train_02209.png,2d21475afa9af591df7385f3ac22d4d4442522e75902311f77a64659f7ceafe4,9
classification/train/7/train_02210.png,classification/train/7/train_02210.png,0f3df0382c7484994202dae3a7f634371282ae04c0f61be3f08f1b22aa260613,7
classification/train/9/train_02211.png,classification/train/9/train_02211.png,55826cbab36c13f3010b56c6e2af8e72607203ed74627f6e7a726e37dbf4c98f,9
classification/train/4/train_02214.png,classification/train/4/train_02214.png,8a4d62c09a35eb75f95732c9db6cc1ee70bcd2164180f5eec7e35de23dc274b3,4
classification/train/0/train_02215.png,classification/train/0/train_02215.png,5934b4331b09eeb168c274281c9e95cd99a1f64d7340c58ce6d1b197b2c02a90,0
classification/train/2/train_02216.png,classification/train/2/train_02216.png,713a37bd8bc9edcc457534de332b3749bdcb8acaefecb4bceb21489ee45e8df0,2
classification/train/4/train_02217.png,classification/train/4/train_02217.png,f26468b70d68db77b7095fa23e1df9248bf31655204bcf1acac5eb5e70fc5718,4
classification/train/2/train_02220.png,classification/train/2/train_02220.png,4aa56a0e1c35fc4151ebf9531caa2a7f4aed1c0f9592bb9deea8ec76a90391f8,2
classification/train/7/train_02222.png,classification/train/7/train_02222.png,cc25cbc903fb0c2eb740bbae5d938925ed5b3f8c2bca45966e99ffeaab7b5c85,7
classification/train/4/train_02223.png,classification/train/4/train_02223.png,c5f3497f70e7d56ded4dec9c94ab33f8d6fa4721dd34b1660d555ce9aa850935,4
classification/train/1/train_02224.png,classification/train/1/train_02224.png,3b4f6e61357486e567a20e2d3abab8819cbe6d3b0c81142e178c6d5a18dbeb39,1
classification/train/9/train_02225.png,classification/train/9/train_02225.png,be90eb9d0e71b2050f3af935cd3e5b61960089db992812c776ee639fe2af0e93,9
classification/train/9/train_02227.png,classification/train/9/train_02227.png,82e33f85cf123dd6207bc36a349909847bcb21216b760ab92f685c48b419c3f4,9
classification/train/5/train_02228.png,classification/train/5/train_02228.png,80025276baec74183569bcf89b6a652c3bc12eabbdaa5c2405d45cd9becc44a9,5
classification/train/3/train_02229.png,classification/train/3/train_02229.png,74fc359f300e0f1019e4a6b711677bbc52191f0f0f73ff3a982d770d640622a8,3
classification/train/5/train_02230.png,classification/train/5/train_02230.png,93b4bbea5113a128232d8e6f70c11f8f848ac849d7b908b760b4ad6a8211243f,5
classification/train/2/train_02232.png,classification/train/2/train_02232.png,6fa46f0761ea8690c384f2b760b35bb952018dad7433d2e149c221290b57466a,2
classification/train/9/train_02233.png,classification/train/9/train_02233.png,0e2999f14019c6a6be1fbd00c8a1dc561b7a59a2d8da22625b1526ff8e307a7b,9
classification/train/1/train_02234.png,classification/train/1/train_02234.png,e9ab830c78475cd2170714ea9d0fa1937da86de50018568b01d2dc7c67c8de37,1
classification/train/5/train_02235.png,classification/train/5/train_02235.png,c522fc9deff0d39863075896abaf854befdc3c4349c3647ef67342046e92d72c,5
classification/train/0/train_02237.png,classification/train/0/train_02237.png,c6d4740c0ad05a8b4b9e89c20421d3a37936624d4a97ac8a259eab787460b67b,0
classification/train/2/train_02238.png,classification/train/2/train_02238.png,8f5e4c2fb3963a123eed5438e609b8b42b52bf8dd6eda509b26565f2c6a847a9,2
classification/train/1/train_02239.png,classification/train/1/train_02239.png,e1c1e7235738bdfe77ece0fbd0b5532e5ca69c6fc951739486a4563c00c559e4,1
classification/train/4/train_02240.png,classification/train/4/train_02240.png,5924b4b13b549beee8e0ebd45a93859b0df41570773218d632aa9cf182bc5595,4
classification/train/6/train_02241.png,classification/train/6/train_02241.png,4f6e5768f2e4c924bd4332df7e2f29a90330e998b885744729bf8b812aab4057,6
classification/train/4/train_02242.png,classification/train/4/train_02242.png,3cbddfe42aa67a4b9e4bef12da9198b2cf7282dd927edefff1c002035637a6d7,4
classification/train/4/train_02243.png,classification/train/4/train_02243.png,8833f2a9dc54208ea12ec5b00107800e466b9fd73639db35ea0550d6652077a0,4
classification/train/0/train_02246.png,classification/train/0/train_02246.png,f0a300ad3a346628065dc93c8b62bf191e65ee137b9fb09bd29c33797d40b797,0
classification/train/3/train_02250.png,classification/train/3/train_02250.png,6b8ddeb5f6343b6e6a1647342796a19e4725a51502ea4f22522c2a121a9a7676,3
classification/train/0/train_02252.png,classification/train/0/train_02252.png,0272e8d2622196514fc33e527c51ac1e4cfa3e7875d6e510a28f346bdaa55628,0
classification/train/1/train_02254.png,classification/train/1/train_02254.png,2937e79a708aa5143ca7d8bb48cacc7411a85c8c48c06bdd4356c573ba969330,1
classification/train/7/train_02255.png,classification/train/7/train_02255.png,749b7706c8775bd7a237465257c6fae8170a4529c537f39a4757622cbcf2faaa,7
classification/train/8/train_02256.png,classification/train/8/train_02256.png,11793c7e20f5e816b51a72590bcecf56b759311e92cf3d4648528f9b00985642,8
classification/train/8/train_02257.png,classification/train/8/train_02257.png,624f2e8f43625bc7238c35cfaac2e703792ba7c2b995f83d4ab25117bf31e942,8
classification/train/6/train_02258.png,classification/train/6/train_02258.png,42fff74a2706a812614fbf253e8a118945e4474b26e3a91b2376a27a3f52514d,6
classification/train/9/train_02259.png,classification/train/9/train_02259.png,e1a5e1589e4b86ff5fb62e78e21fe2bc2eb898ba9be71c7cbf95cedc71bba383,9
classification/train/3/train_02261.png,classification/train/3/train_02261.png,d48ad26b712847cd6e07ea21dc9821ab0f8ebfd2d14d060e823ef384409368d6,3
classification/train/7/train_02262.png,classification/train/7/train_02262.png,d17dc64dde295d119cc40e898c948bed27234a10a6f160a9a629df2ed3cfb6e5,7
classification/train/8/train_02263.png,classification/train/8/train_02263.png,e9c623e6974b41544010bd9522a330594a115fcc23a8ad86ee4fe5b8c921a881,8
classification/train/8/train_02264.png,classification/train/8/train_02264.png,1bed0e101da9358444e854eaed062f1dca90980bcbe8dbe68678131148a74985,8
classification/train/1/train_02265.png,classification/train/1/train_02265.png,0d7b5d7abbef19de32c140020914bd5cd68ff02a59300214b06759f53faa2ec2,9
classification/train/4/train_02266.png,classification/train/4/train_02266.png,6f6baf6798b9c7f0893ddc5a40052b9a1b0cfc89262db6356eaf536dd0c27835,4
classification/train/3/train_02267.png,classification/train/3/train_02267.png,f704e2d0d13bcb91b8276417dad5a9a6e6952e653b12ee822e035cc6f9785932,3
classification/train/4/train_02268.png,classification/train/4/train_02268.png,e63ade6fe0ff362e985b6ac8a500aea878c7e831fe0525641986ffab7a4e9879,4
classification/train/4/train_02269.png,classification/train/4/train_02269.png,de17961b6f3ffaa643f5fdf4e4dbf609d11edf9c40c14243a233d439e3406403,4
classification/train/9/train_02270.png,classification/train/9/train_02270.png,1a754b037acf506dccec55a1077867c2d2347ab2a67bbd0022677c0e8c180831,9
classification/train/2/train_02271.png,classification/train/2/train_02271.png,e66543f98df634ce9db718bf8d9f234e6f41ed75b0cb26f8e411c3bcaaf4bef9,2
classification/train/8/train_02272.png,classification/train/8/train_02272.png,8dcabfcc2e5163192461492610ca06ba0e6d83d25c156c046b1a5f9d047101e9,8
classification/train/3/train_02273.png,classification/train/3/train_02273.png,e69a9ea5b70ff69d40c431b3f4a1849761158876d7e05e451dd860910eaa194c,3
classification/train/5/train_02274.png,classification/train/5/train_02274.png,00047335c4e4d061ef4937054bf87cfedd0b3e0092d7b00b2259c1927f259dbe,5
classification/train/7/train_02275.png,classification/train/7/train_02275.png,d56cd9c4c9c1c9836433ef64f910c527823522c16f2c1c8a68c61b70819d9ac2,7
classification/train/0/train_02276.png,classification/train/0/train_02276.png,ff5216433455e5d2869a2b694e1e7be2c7e6ae087b24952ce653ceb5ffe89181,0
classification/train/6/train_02277.png,classification/train/6/train_02277.png,63469b3796cf4217c07f1439d25b88c39090022af06cf7b2acc26296b2b1b805,6
classification/train/5/train_02278.png,classification/train/5/train_02278.png,b99ec88ad7cbbd539a12e298c89e273357fa40a1658ff9af9b8d6048b84e68fd,5
classification/train/2/train_02279.png,classification/train/2/train_02279.png,6a3f6ec007755dd09cfc829ec5abddd97cf203f1fa88734110c461947a7b9c92,6
classification/train/2/train_02280.png,classification/train/2/train_02280.png,bc5f4e82ef42e2e8e941e8ef2454927eda76efdb64c13f7f199198fe39d510cf,2
classification/train/0/train_02281.png,classification/train/0/train_02281.png,53b390ac6cbfcae31f146cb760a0ac34b876cb051e6f67f277bff93f5ee3ce1a,8
classification/train/6/train_02283.png,classification/train/6/train_02283.png,dd2fde7f1bb43bfd404ebc31333d7ca5fa9496d123641bfbcfe732b4482cc681,6
classification/train/1/train_02284.png,classification/train/1/train_02284.png,a7e5b08993aa330fc805acef99f92eeb8555e816ac39719976f2a474d314d4e9,1
classification/train/6/train_02286.png,classification/train/6/train_02286.png,b60faa609854bf4b3b6d40d4f7e7af967efcd321ef9e401d345c5e987aea2c3e,6
classification/train/8/train_02287.png,classification/train/8/train_02287.png,d3b5283b4c4c5305609d51405667a9d83591f3e5e207dc9a3807a99e95008883,8
classification/train/3/train_02291.png,classification/train/3/train_02291.png,573fb3ef2170a88c0f693565496087fbe850d1877b6766cd921b300fc98e10aa,3
classification/train/2/train_02292.png,classification/train/2/train_02292.png,b1eb42bae9d306458a91634874ab41128dc057c50b424c26e7cb26df87c480e5,5
classification/train/6/train_02294.png,classification/train/6/train_02294.png,33a63e8db3f1bffdacc53473ef8f82670b6097eba07478b0bfe45e7ea25b0cfa,6
classification/train/4/train_02295.png,classification/train/4/train_02295.png,44e1df2d20ec47e87e94e5cb8fca7928c5890f88763a24df4aa921588bb0abe4,4
classification/train/0/train_02296.png,classification/train/0/train_02296.png,b43ce9f63a85db425e0ee9c13a04b173dcd3d5e25c3458609a20838a011051ac,0
classification/train/4/train_02300.png,classification/train/4/train_02300.png,2eb8e35e08ba7b81dc20ee2d5237d7bcd739c98049aa80b81d219e45cc9bcb44,4
classification/train/6/train_02301.png,classification/train/6/train_02301.png,7e48630acbb5aedeff1c7721067c7da09b34830aa946214aa520cbd646fc2d4e,6
classification/train/0/train_02302.png,classification/train/0/train_02302.png,8c0c973912b134dc4d3b560cf5f035a94fdb00ba3b0e516b1b831ff8bc464d22,0
classification/train/1/train_02303.png,classification/train/1/train_02303.png,44bfb0088a8bcd6195528a5dff7175e30dc56de4af7b67d7638090659694abb9,1
classification/train/5/train_02305.png,classification/train/5/train_02305.png,d2256054d5e4eb8fdc477740cf87110be8b7b532b3616969bc9496d2e3a4b717,5
classification/train/1/train_02307.png,classification/train/1/train_02307.png,6d6aa60e672a0032f539045caed550f00b3160afa2fb1f8f13cef1b995a463dd,1
classification/train/7/train_02308.png,classification/train/7/train_02308.png,e46a1d008f89fb7dea5b27d7b86a91efbaec3d86c0d491f13a6305b53595161f,7
classification/train/3/train_02310.png,classification/train/3/train_02310.png,8f9dad0370458ba0985ae18056501167dbd1fffb681deeac9e83cd8423b6061f,3
classification/train/2/train_02312.png,classification/train/2/train_02312.png,20f7eab3aa16bbfad8b4e1405c21cbcad4a67a689c39f8a86e26cfc5d0e20a10,2
classification/train/2/train_02313.png,classification/train/2/train_02313.png,fedcd841e561272299e9a06de64ce5561077963bb75cac1aac4ebfb276efe8b0,2
classification/train/4/train_02314.png,classification/train/4/train_02314.png,487d69a50b649f6839189b82991ff07ccc0ddc54b1461437055fa6c4b93a32a6,4
classification/train/3/train_02316.png,classification/train/3/train_02316.png,a5f4ca3b3163195399001008fd6d5e8f949f5ddd30da191411997dce6166cf0c,3
classification/train/1/train_02317.png,classification/train/1/train_02317.png,ccd94735ff8babc9ae714f16f1b22996d1517e6e5fa2f4e5173d3d3a5d264daf,1
classification/train/2/train_02319.png,classification/train/2/train_02319.png,4f2cc57fede0721cff5bbe8d8fd40e79435c08a670e1125db541bdeed587a470,2
classification/train/6/train_02320.png,classification/train/6/train_02320.png,a77ab3c3d7d84aba99df51358f1ddc68b35978ef5e708733d70307c413caa6f7,6
classification/train/9/train_02321.png,classification/train/9/train_02321.png,e999b4889211fea7920e18ca9eb891745f3feab5477fabe2cb52c40236062698,9
classification/train/7/train_02323.png,classification/train/7/train_02323.png,1bcc2ac52aa7eef66d4ccdb3f1de287d23a06e98f1e108cace9023a9989fe264,7
classification/train/0/train_02324.png,classification/train/0/train_02324.png,88ed398bd9d9730efb5b9dbb4fc3424e43562a634135091eb0b1610c705f2982,0
classification/train/9/train_02325.png,classification/train/9/train_02325.png,a18b9884414428b34015c5f55496d416cff6fda2597ea4a919024999c1aaa4ff,9
classification/train/5/train_02326.png,classification/train/5/train_02326.png,6b2c90272a96977a3c9bf16414767b2201e632772f7bfd9c827f1593681985f3,5
classification/train/2/train_02327.png,classification/train/2/train_02327.png,bf5db1ccf9e215eb80752ce76a2de89e203c47b0e9240fb1efb2d28aabb1fbc0,2
classification/train/8/train_02328.png,classification/train/8/train_02328.png,9394e6e0e99e32e98fc0f79a46d19a97aee6d938eee43133fd35fc1f744b4816,8
classification/train/7/train_02329.png,classification/train/7/train_02329.png,3672cd265dac3c951ce79973f8db8e3cf934645fad68a818c0f6f1c17fdc4d10,7
classification/train/3/train_02330.png,classification/train/3/train_02330.png,4b53f546dc7e6f15a11ffa5b583e5d3064e6d72ea40310eba01022c38e20cbeb,3
classification/train/6/train_02332.png,classification/train/6/train_02332.png,9cb5566d63330db07f9227905e4a9c0800021cd776d20b2e05c0f84904b8d1bf,6
classification/train/0/train_02333.png,classification/train/0/train_02333.png,f24731e026da343db7b5f2bc43d6baf08aef8280a78284799df4a9ce03e21cec,0
classification/train/6/train_02334.png,classification/train/6/train_02334.png,a6b0e608ee923a005fc872c308681b93a66f5582d05141e03890c633eb93aac9,6
classification/train/2/train_02335.png,classification/train/2/train_02335.png,12d6d2bc758801bd2781894f096d43e4a07d4d0cc2e1f602706b3466ee15f54d,2
classification/train/7/train_02336.png,classification/train/7/train_02336.png,925963d3a3978cc51c01e03acbc19919f37e67cbaea0a8b2ddd9e3208a463b08,7
classification/train/8/train_02337.png,classification/train/8/train_02337.png,13b56fd28863836c2a15dafee056d3cf7863c08a950193a5f53e02daf7255ce7,8
classification/train/4/train_02338.png,classification/train/4/train_02338.png,e865cab44ccdb03b06366d77b25b0171bdac8a8283f636a2aea940a2895466b7,3
classification/train/9/train_02341.png,classification/train/9/train_02341.png,fa57baa3fffd8441fb19e05f7ed1bbb8e19e9b5d975a72f018f14313d3ea2c04,9
classification/train/3/train_02342.png,classification/train/3/train_02342.png,47fab47f0873ed961c422b3d4f5f4da0b4be96a4be60a497154ed181d37db380,3
classification/train/3/train_02344.png,classification/train/3/train_02344.png,907396d9f4a3e5cd127a36543efa066c246da8ae36d352a6dd0d7f25f06d1de8,3
classification/train/0/train_02345.png,classification/train/0/train_02345.png,312603830a8e53a87556c20df29f9b887312f905f8bbf04b3cbe423dbb01ab94,7
classification/train/1/train_02346.png,classification/train/1/train_02346.png,d1a15a7b6c8887d786fe1d9c7f7b1498ac44a223e4f3c86cdb74c951cd0f90e7,1
classification/train/9/train_02347.png,classification/train/9/train_02347.png,dc8e1e2829183de688d28863e638f86ab44eb17ec1bb0fbc382840fc940f300e,9
classification/train/3/train_02348.png,classification/train/3/train_02348.png,594a6e45f49a661c8f833070b188cb924762e3a4c6b8cb5541f7ffdad88620e5,3
classification/train/3/train_02349.png,classification/train/3/train_02349.png,949a00c010053a0930137547bf8a85346dedb70ce28dacd7acaf928c0ae9feec,9
classification/train/0/train_02351.png,classification/train/0/train_02351.png,441291cf4847e325861a7ed325c6c9f3e5f4bffa788a42a879ae6f9fd49fe8c5,0
classification/train/5/train_02352.png,classification/train/5/train_02352.png,1bc52339e7967b1c19c35a9470fe179c075dec208f8d68bc3a168e07f975ed84,5
classification/train/0/train_02354.png,classification/train/0/train_02354.png,f4c912fb1ddb9c7c013a39b5757e98c67c434c25d284db72acf417d7cb3f16e6,0
classification/train/2/train_02355.png,classification/train/2/train_02355.png,40af256568f7bb5f740e2534e133b2d486441e4a1723f00f3bf8b93d4036ac07,2
classification/train/6/train_02357.png,classification/train/6/train_02357.png,c114dcf7b9cf8d152d97a5cc956f062e407f8d4c28bec8b2db459846366937cd,6
classification/train/3/train_02360.png,classification/train/3/train_02360.png,58fab4da1adc61403089175c014c65b862a40e8742730ed48c80fa11dc853828,3
classification/train/7/train_02361.png,classification/train/7/train_02361.png,36d39f1070b1ab0d3eac949b9ab49a02cae617fbde316fd8a1130d4e0ee6ee11,7
classification/train/5/train_02364.png,classification/train/5/train_02364.png,7d783e94c3b5171a827112d19f7b7f8dfb95fbb499d7ab6d36e78d636b07c835,5
classification/train/0/train_02365.png,classification/train/0/train_02365.png,e94cf95891a4f8f56c092e06e6ed83f1f900cbea9065ea28b5d1388d5e6a958e,0
classification/train/8/train_02366.png,classification/train/8/train_02366.png,40d4c6f304c571d0f38a4198a69e7fcb481afb5c8b76d27609f32ad891fcf7d9,8
classification/train/4/train_02367.png,classification/train/4/train_02367.png,13e2d7f8af0e285a0b1478a1ec02c1b94c6ccf44880ae7d1d3b9a16a54e8cd6b,4
classification/train/8/train_02369.png,classification/train/8/train_02369.png,75f82c22f7f4d036656bd16bf1d63143961f5215fdd5c977169607a3a897a256,8
classification/train/3/train_02370.png,classification/train/3/train_02370.png,7e2665f9cfbe913a93efc4abb2d1f6ea213134cd014cba57e31935d604c963eb,3
classification/train/5/train_02372.png,classification/train/5/train_02372.png,dcc1712ef7e1a6e46721197044341770539bbed81a4b2e680c64f92c5036a8d8,5
classification/train/6/train_02373.png,classification/train/6/train_02373.png,81b7e22260037680e951339c22b3fb9e5f07915fb988d2c9b232e48f9019c1d9,6
classification/train/1/train_02374.png,classification/train/1/train_02374.png,9a942274fd17072821c86f3290569891e8554417f0b210610f3affcbb158256f,1
classification/train/0/train_02375.png,classification/train/0/train_02375.png,d6e29c30e6579a6eee4e567a745e8fcaf9748c0cddc15fef5d00f5fa1ed27b52,0
classification/train/0/train_02380.png,classification/train/0/train_02380.png,46ec55aa190400315da2251809b2257fc3f3395bc7d4fb49462e9b64c0912f75,0
classification/train/6/train_02382.png,classification/train/6/train_02382.png,cb2f4bc7bdc72af48ec5b237b04fa43bba61fb8769410231475236a21ac5f372,6
classification/train/4/train_02383.png,classification/train/4/train_02383.png,21f04ec92ab90bdc3beb16f8cd2e2399e411a1a077bbd7bbf02a4d5cded745b1,4
classification/train/1/train_02384.png,classification/train/1/train_02384.png,ba8440f3dbf93d8fcc5a5696e617af578c85e0480fccd07d58a464b1ecb84f86,1
classification/train/4/train_02385.png,classification/train/4/train_02385.png,6d0d9867109ed0c0568942d3c45f32a6d9f436ddb4fb44137be8d0f4e7df5f10,4
classification/train/0/train_02387.png,classification/train/0/train_02387.png,8c6e10d9209ac846baf98483c0c51a334d24bcc8613b899f028cafa6f6f1b3c3,0
classification/train/7/train_02388.png,classification/train/7/train_02388.png,47e84d6ec2be8e2aaac4ef49b462fa43a19157b6599da448ab3ffdb0c51b152d,7
classification/train/9/train_02390.png,classification/train/9/train_02390.png,c40b259725d2b1a8f90e9314c57c4cd13d44850163c41344a41ae850295fdb35,9
classification/train/2/train_02391.png,classification/train/2/train_02391.png,2213b8e7735fc078f67bb0785b86de190f785f7924d321767a8aaac43acbf91c,2
classification/train/5/train_02392.png,classification/train/5/train_02392.png,a3e1a3c4b084e546e3f5ae0f8069e8f4f5c25ac7081539a0e2ace54e17ed74c3,5
classification/train/2/train_02393.png,classification/train/2/train_02393.png,7c4b8998e2af816ab2bce1d0b63c6616a18d72fc880070a5cfb9de2b57599b22,2
classification/train/9/train_02394.png,classification/train/9/train_02394.png,223b4ef954eebc434e562534975c00714f5e46720dea296def836895622aaf47,9
classification/train/8/train_02395.png,classification/train/8/train_02395.png,bfb35c03410d9651d95b08f519c8230239099428f6f015cbd4a724343708d7ad,8
classification/train/9/train_02398.png,classification/train/9/train_02398.png,76aab496cb5cd4c52d2a6a5c38539f5a9551a3b616406d924a4c3fd1a0d19b62,9
classification/train/2/train_02400.png,classification/train/2/train_02400.png,e4587e15b82ed3e21678095c331859aea4819a9203a0d0cc2787895ab0c4057d,2
classification/train/2/train_02401.png,classification/train/2/train_02401.png,831196fad411d15388346b4ecf04deade32df49794662ce00056f4c67000637b,2
classification/train/1/train_02402.png,classification/train/1/train_02402.png,d8effd86681432d14372113af051a98625d6d1343f0895500800ba7bb4288f12,1
classification/train/4/train_02404.png,classification/train/4/train_02404.png,648bdee4b63a8c29a271c48788fc2b8028286b2b8d776d4e4774b6dfe0d32915,4
classification/train/7/train_02405.png,classification/train/7/train_02405.png,7fdd793be085ba7de74bb4faa095a70db38133ae212fe4bd2063e00f51e387b0,7
classification/train/3/train_02406.png,classification/train/3/train_02406.png,c96a3a4178477066be888efa876ce1c6345063877f38f257493c1d206b693d32,3
classification/train/8/train_02407.png,classification/train/8/train_02407.png,2e49ae6dcfbe0506115f128a48df5c48364cd35ab6b7b2c703a83417f1a18075,5
classification/train/5/train_02408.png,classification/train/5/train_02408.png,cd27001fb2e30d7b56cdcbafb863b15e6ab0965d8318c247b60a1883cd77df05,5
classification/train/6/train_02409.png,classification/train/6/train_02409.png,523685ee6498aac8f08ea0c826d114c15103b17c9f752ef5a93b0e0a1b0e32b2,6
classification/train/7/train_02410.png,classification/train/7/train_02410.png,1265266866f4053f5ec91912ae88e6d9642e968929dcafa2d37a503b0b469857,7
classification/train/9/train_02411.png,classification/train/9/train_02411.png,b19b0aa795d822f2708a591dd6de0d439bcc4bd715fc1e46481f4072f97a4313,9
classification/train/1/train_02413.png,classification/train/1/train_02413.png,65f67867cf283de2c9d4137765e58b3874b6fbb74f74c3f5ef50a959945269aa,1
classification/train/0/train_02414.png,classification/train/0/train_02414.png,75ff5a7e4f0a177b514a378ea5cace7f7d017854fd4278d0532e2ea7c6df15e8,0
classification/train/5/train_02415.png,classification/train/5/train_02415.png,d5635db8637ab0ceb12cf7c9b77bf0d7e3fbde88190a74dede41f8610b441737,1
classification/train/8/train_02416.png,classification/train/8/train_02416.png,58bb831496a9b6b35032c163080f52b487206eac8441851deddffb91110b3951,8
classification/train/5/train_02417.png,classification/train/5/train_02417.png,eb4097242a62fe412281378abc49944dfaa1112b615e5c8ac8396f21f570b5c5,5
classification/train/2/train_02418.png,classification/train/2/train_02418.png,7a24f3810ebb171a3807c9aa664b9ad73e48bf62f46f10b45947a96572fd4492,2
classification/train/5/train_02419.png,classification/train/5/train_02419.png,31ec3e951b920023f83fb43c163f58ba84d73f603a71feb87ab05d37e238f736,5
classification/train/0/train_02420.png,classification/train/0/train_02420.png,81d51aabef6fd1161d911ef5fca89126c806890c6c01442d6ec7516046da3c6c,0
classification/train/7/train_02423.png,classification/train/7/train_02423.png,c46fa80b107eaa89485baedf3b221cc91a5f983dcdf0f1a63298ddcb2f667294,7
classification/train/6/train_02425.png,classification/train/6/train_02425.png,2926ffc0414d81a61777750a5cc7eb5f93eecb2a584d827b51263ad8978b0d62,6
classification/train/7/train_02426.png,classification/train/7/train_02426.png,888cb4bb8a5b2142ba39bd80314da6cba9bd0f5f7c65714308f880d7953dece0,7
classification/train/1/train_02427.png,classification/train/1/train_02427.png,65e88ac76d8c554b1f437c7762dfd95009aecdea51adf8f5dd0722786099acfc,1
classification/train/1/train_02428.png,classification/train/1/train_02428.png,bc8e6a3c41abd3f5b46a1be7829512b5c362eb9b6afeb066a1b659c03fd325f7,1
classification/train/4/train_02429.png,classification/train/4/train_02429.png,c422ffdcc43c42a4aed331d744fd51bf27f23585fc5f1bbaaadeea31fe194b3d,4
classification/train/9/train_02430.png,classification/train/9/train_02430.png,b26adb8b403dea5851fd539c1bed097cc137071465f4a237c4b5542e56f0f641,8
classification/train/7/train_02431.png,classification/train/7/train_02431.png,9a7f6f05f6371f79d4085fa78744ea4d40ea4f404f1bc9d064fe4f6c6be6f3f6,7
classification/train/6/train_02432.png,classification/train/6/train_02432.png,9350f28bdc0d30ff23578cac40a0b8a6e8fb3bf9b438676fe7d69e1e6eef615b,6
classification/train/8/train_02433.png,classification/train/8/train_02433.png,4b697ca611dd2b5d1f0dccb625d006392ce4412c8b5584e0fae27a7ffe4eae47,8
classification/train/0/train_02434.png,classification/train/0/train_02434.png,8126159d8a5ef42294086e65806732802553b38a00f02bf1db07ad73b7a913e3,0
classification/train/3/train_02435.png,classification/train/3/train_02435.png,74f9fbdca95525ba64a23cf7cd0950596b3fbaa8d817e683ff324e60dd3186b3,3
classification/train/9/train_02436.png,classification/train/9/train_02436.png,d7afcd347a7a10a9f2599347fa374dba70748918567fe552561c00ef2168ca2c,9
classification/train/7/train_02438.png,classification/train/7/train_02438.png,6b4094ade203d2ee2683888cb3aec006c5b9836de22c76289a088c5e5f8ec4c2,7
classification/train/1/train_02439.png,classification/train/1/train_02439.png,3f1a898afa0ed0620b17cd32181c5d508ef88c4aa803f17a6e7a887f892de5db,1
classification/train/0/train_02440.png,classification/train/0/train_02440.png,d4ac65b6691c43dfaf9fda2876399c3d921ea635fdc31f2adc5aefa895483157,0
classification/train/7/train_02441.png,classification/train/7/train_02441.png,9dd8b5e23eaea6bf2c5b806ebb01fd2e00ce9d051ef2f50800afa088a6efc768,7
classification/train/0/train_02442.png,classification/train/0/train_02442.png,78fb57b5770a2562c0a9be76b6168c1ce7448831da3afb06ab7405160b0603e7,0
classification/train/5/train_02444.png,classification/train/5/train_02444.png,09f0a77a86bb116066d6f520a6c949e638d054f36ed54428cdc8a91552fb3beb,5
classification/train/9/train_02445.png,classification/train/9/train_02445.png,ff55e6fa88520f7226c3f13fbebeae45a3c7aa091d1a6adbce017fe7ac8c2c2e,9
classification/train/8/train_02446.png,classification/train/8/train_02446.png,9fae9aab00fd3a87b606e33ecb2c642725770674e4c9e1e04c417fd2cc9d9cb1,8
classification/train/0/train_02447.png,classification/train/0/train_02447.png,ccb2b87f55a9a9a757190106eed43284844cce8d8635015bf63d62ac651b6640,0
classification/train/0/train_02449.png,classification/train/0/train_02449.png,1432d500f3fa67d019c34a20dbd2e4e886eb2be036816110864f66c6889bca30,9
classification/train/0/train_02450.png,classification/train/0/train_02450.png,0001440c164870b7782aa9d80cdb7929197069c2a982f6012bff40cdd86b6a7c,0
classification/train/0/train_02451.png,classification/train/0/train_02451.png,74752765018b7620bfd9e36d49bff5083d08c2746fa7204c5eab332ef627249e,0
classification/train/9/train_02452.png,classification/train/9/train_02452.png,42edbcef7303ab916f3cfbaaa30cc30af62d8a8550be1b8bccaeb8d309545311,9
classification/train/8/train_02453.png,classification/train/8/train_02453.png,0dfd27c6de4ad113b4b0853d7173a456ffcb6a0aa214ef2e938bf955870ddbc1,8
classification/train/1/train_02456.png,classification/train/1/train_02456.png,77d6cd8731cce3519007cbdb2549073bb28b5d45b0a77e12d595bf063e4c32c3,1
classification/train/4/train_02457.png,classification/train/4/train_02457.png,cc2f8300af3da0f950a335ac70bec1a06773364200f40f367aa39dd6a9bf8bee,4
classification/train/5/train_02458.png,classification/train/5/train_02458.png,cd9e329559d5bd481759b3f9038285c6fd7413c0c7138fcc9635eec268c078ea,5
classification/train/0/train_02459.png,classification/train/0/train_02459.png,196228589ea5c1f0571d1f7dc658da0f4d253774432252b0b0818376440df0d6,0
classification/train/6/train_02460.png,classification/train/6/train_02460.png,ea9793078876ff92c0001da3577648f3782cbe79822e6fdfda416b85abd2039c,6
classification/train/3/train_02461.png,classification/train/3/train_02461.png,46d4a55554683ad58e7e32bbbfcff07862dbb20ae4c66aa2b5f7b63be52cd853,3
classification/train/3/train_02462.png,classification/train/3/train_02462.png,d22f5eca09d3e5556810ce55ba8feb15c8b5eea44c193adb5130c91194c4daec,3
classification/train/1/train_02463.png,classification/train/1/train_02463.png,3b1817bf966f6ca8236f5884c83130b4eda64e4b4e9dae777497bb8ef776d1f0,1
classification/train/5/train_02464.png,classification/train/5/train_02464.png,44444d17e432f1a4faaf38119e00d48190eac136bf37e55e98387da5bdf8ebbd,3
classification/train/8/train_02465.png,classification/train/8/train_02465.png,b4d4f1f75c304d4d04ea127b0a4b64ea4dd044e67a64dea2a4b4da8ea4e1f366,8
classification/train/7/train_02466.png,classification/train/7/train_02466.png,259082f7ab9507ab77a29df6b1065e590d905dc6bdbfe41960ebbdc2b051d641,7
classification/train/9/train_02467.png,classification/train/9/train_02467.png,5959de0d0fbd53c1227cc634d2da9511d1873737e8993442738b9d0a45f2389f,9
classification/train/6/train_02470.png,classification/train/6/train_02470.png,28939d7f780ab79ad4b7c4598f5f8beab749dbcc09799a2c8464b9b5c29249e1,6
classification/train/9/train_02471.png,classification/train/9/train_02471.png,da116b66eceb714140ea8c565dcafae995e147a588e89022b43f6716970e3c64,9
classification/train/8/train_02473.png,classification/train/8/train_02473.png,dc4921416f14084649339344f51fa9215e8f8c73013193eb3c8df052334f431c,8
classification/train/9/train_02474.png,classification/train/9/train_02474.png,2799dc84b94c9b27a2559e7d567c495ea0a806572c7183a1a33455f69863d14e,9
classification/train/4/train_02475.png,classification/train/4/train_02475.png,467fd36eb9a13129015c3053423f11ae5395db3f7b3a421f319f03760cb653cc,4
classification/train/1/train_02476.png,classification/train/1/train_02476.png,31d01770b63bae22c8bec2a61da3fdca3d0fd39ff6fa2674f6bf49453601f3b0,1
classification/train/5/train_02478.png,classification/train/5/train_02478.png,490fbd6b5e3ef8e1be5bc69e82cc8fecb4d2ccde5538630fb7d2f8dfba584c1d,5
classification/train/0/train_02479.png,classification/train/0/train_02479.png,fce42b7753ea16aa323b39c5e40d5db73f4a41b49581ccc4da2034a48725c7e8,0
classification/train/1/train_02480.png,classification/train/1/train_02480.png,bfb8ff27c1d5ac12fc2d84d22c9e04cc9a2dffb7fb278165674be22ea3c1d7cb,1
classification/train/0/train_02481.png,classification/train/0/train_02481.png,4d31c0ac54dd98767da098b555f4443a4c43dd12dcb50a1ecb7679f16ddd18d1,0
classification/train/8/train_02482.png,classification/train/8/train_02482.png,e985939c45d4020208e4731005e00aff1ccbc63d5101faa222dc1258896bce9d,8
classification/train/5/train_02483.png,classification/train/5/train_02483.png,54716e5d8686287982d9b12a7e685392d5ce5ecfa15fa5d98afb47d05efeff8b,5
classification/train/7/train_02486.png,classification/train/7/train_02486.png,1c1dee2a673c5dfe34b1d88fc3e3f4178afaf4ac31c00b8e6d3888a372b61450,7
classification/train/3/train_02487.png,classification/train/3/train_02487.png,ffff1e61fe7f4b8440f90e734fe2cb699c6ef4ac7be534eca6af87569584b0f2,3
classification/train/6/train_02488.png,classification/train/6/train_02488.png,9db0624963f23aae1915fdb5850f2b4f27e77bba1fbd515854ecea84e5a22e79,6
classification/train/8/train_02489.png,classification/train/8/train_02489.png,4ac8f5d8fdd6b2c22d91848756d09902002130a0f2545066b09987c42107ef38,8
classification/train/8/train_02490.png,classification/train/8/train_02490.png,fbcce90a890d3c042b6668d271b449d03d68c6277ce6e379e35522cd1483b8c0,8
classification/train/2/train_02491.png,classification/train/2/train_02491.png,0d3458e975edc4790b46ac1bd4270f675c7ba3693ba108e8c02000bb0850cac9,2
classification/train/8/train_02492.png,classification/train/8/train_02492.png,abdb9b479ed37f9056d8fbbeef50a7c2ad60f15b4759386a1576f78bdb559751,7
classification/train/9/train_02493.png,classification/train/9/train_02493.png,fe70e258bd32d72339683770f6688fc3f42df4bac93941938488dd9b0c78558a,9
classification/train/1/train_02495.png,classification/train/1/train_02495.png,737019963e58dd31b75d52cc1531e0e7b54e8e1b0b9695ae2ebc1443a0dd8993,1
classification/train/0/train_02496.png,classification/train/0/train_02496.png,9318aea03d1a8d64b0ad9d6552573db635625e8173e38b2586678aa29ed28335,9
classification/train/9/train_02498.png,classification/train/9/train_02498.png,942ecf628032f2a662add3112c6ca360666a75abe06f2ecc6ee22d90b8375e1b,9
classification/train/2/train_02499.png,classification/train/2/train_02499.png,e46535ed4a51c2b8f90f1c55c7f095b7a83181212f27645998274e643dd2b513,2
classification/train/2/train_02500.png,classification/train/2/train_02500.png,5d5ed2e41507fd5535c21d2b97def7cc63e4f6170bc7dd3104672b8cf56dc8bf,3
classification/train/4/train_02501.png,classification/train/4/train_02501.png,6eb0739d2f23b811f1fd027ba93480fff49e7bb017489912de94cc6287d2ff96,4
classification/train/5/train_02502.png,classification/train/5/train_02502.png,41bea65dd677eaa05edd959e57a3c6de3766db69b588782fb85aed4e18a971d9,5
classification/train/4/train_02503.png,classification/train/4/train_02503.png,165071c47b20afbdcdbf853200124f7a2325362bd39cdfb311056c97951686ef,4
classification/train/4/train_02504.png,classification/train/4/train_02504.png,5ee0e009082e8ae90d53a3c0e375228c273dffdef79892399be235c28355616f,4
classification/train/4/train_02505.png,classification/train/4/train_02505.png,05ead350efc9c9f0998ac5a82e32a3706fba85d6d7ead73d8ef1c9c56cedecf8,4
classification/train/9/train_02506.png,classification/train/9/train_02506.png,0fc493bdb9086f8110fed013af6d241a5120f45dc0bf43f31cd2da04882a12fa,6
classification/train/4/train_02507.png,classification/train/4/train_02507.png,dfae708f641fa6ab34d2affa251cc3597350769322b6af82ddee6e460f2dfbd3,4
classification/train/2/train_02508.png,classification/train/2/train_02508.png,a81b14106deb64439b08a570fb26051f08a78f906a14f108698de515d7ceba3d,2
classification/train/8/train_02510.png,classification/train/8/train_02510.png,42b394cab57b330e7f1470d745ccf4385e29c4ca561263d45f3dc2e6f9d52249,8
classification/train/1/train_02513.png,classification/train/1/train_02513.png,06140eb1a0a8390ce06806ac1f2d8ae1724d7a6b1cb5ef7d644ba771e6b48105,1
classification/train/3/train_02514.png,classification/train/3/train_02514.png,f4b489612bb916fbd8ed4c75e66fc156f9ef95c3dd8b0eec151de95602fae8a4,3
classification/train/9/train_02515.png,classification/train/9/train_02515.png,530e31e8b266149bb819d4751f5e74a7ff7ef6620804380be1b393c57535ca32,5
classification/train/4/train_02517.png,classification/train/4/train_02517.png,2aed7a3f4504e540895d12e64c5178fe71541beb178e4b731b05e7dd362ef9e8,4
classification/train/5/train_02518.png,classification/train/5/train_02518.png,f037c5e50f5f62131bb63c40287a8c817c5f865d6e796ff8261c3a54e897137a,5
classification/train/2/train_02519.png,classification/train/2/train_02519.png,1bac29d5727826c194e23af84f8893004d15451caf7614dd53c794ec0ed3cc98,2
classification/train/8/train_02520.png,classification/train/8/train_02520.png,4c5617446d38fff9ec4e632b2ee80fbee00c1cfd23b7b299adba45bb4e0ab511,8
classification/train/2/train_02521.png,classification/train/2/train_02521.png,f1f93231dd233a04965dfef689b4bef3bf5356eaf0ce09af0a752f4b5d9b8865,2
classification/train/5/train_02522.png,classification/train/5/train_02522.png,7d8c66cd3a67761052a9b60794ed4c294566eaccdd396c6ef737083cf7480ca6,5
classification/train/7/train_02524.png,classification/train/7/train_02524.png,40302b0ea1bd51f133953e8e6b50a92ee97088430ba7782d8b734bd72f153121,7
classification/train/1/train_02526.png,classification/train/1/train_02526.png,fcb4130702a9480ceef67cd29c6089c9dff97bfea9ee0308e3d538eaad9e37a4,1
classification/train/7/train_02527.png,classification/train/7/train_02527.png,b9abb2876c4df8870634ab710f7e675224818d8af292921c5e2b8263245a3306,7
classification/train/8/train_02528.png,classification/train/8/train_02528.png,9d9a18201e31cc3337c86a3d88d72a465ecc04aeb5e059abff1bd762eb270492,8
classification/train/0/train_02529.png,classification/train/0/train_02529.png,1e178992bdb16b43cc93564ae6364886dae50a5ece562a5be51539c1156e5572,0
classification/train/1/train_02530.png,classification/train/1/train_02530.png,c1e03847e3f8ae781b00426435b14b3651c8e376b7702b53fb46ec4439fc6edd,1
classification/train/0/train_02531.png,classification/train/0/train_02531.png,1c1c72646427816124d1ee825b8681fca8930c664eadf9fa55f11067f5d1fc35,0
classification/train/1/train_02532.png,classification/train/1/train_02532.png,cd2421377ea4177c0d1ca26063f2224a0c188f54079167f8cb5de984b1471c39,1
classification/train/3/train_02533.png,classification/train/3/train_02533.png,4b20c3bc2ca9673a8987a7d238e06ba2b7dd47248d23a99ed65860b0f7718ef8,3
classification/train/5/train_02537.png,classification/train/5/train_02537.png,b74461b77c3912f4ac010723303397d6eb126ade41b02092efedb7b9949b7f1b,5
classification/train/6/train_02538.png,classification/train/6/train_02538.png,c01cb7dfb73bf629d1e48fac3e68692d976ccc53282ccf632c5adfceabe8e5cc,6
classification/train/5/train_02539.png,classification/train/5/train_02539.png,d1fc1304d1d6e67162c119aee57f8069d7cb6274e2fb9dc13c5b5401b0767753,5
classification/train/1/train_02540.png,classification/train/1/train_02540.png,62459c9afe1286bbc4f6f058744154e53466c98ecf163f19d8afc9c0fcb06987,7
classification/train/7/train_02541.png,classification/train/7/train_02541.png,fd39f0af9fcbba3c5835ac00af36e5571888e829eb11937b20b353b7f3cfc001,7
classification/train/0/train_02542.png,classification/train/0/train_02542.png,1b146166c0a77ada87fbd56a0bfccbe17d43861d1f24509731c472f996b98a0c,0
classification/train/5/train_02543.png,classification/train/5/train_02543.png,1691dcadcb7f566460a610721277a8e985aaf34b72d314f5360e8ebe5969558e,5
classification/train/1/train_02544.png,classification/train/1/train_02544.png,19f766dab260b1cf904abec28d5429c872b721d447868892ff59b6672ffa717f,1
classification/train/2/train_02546.png,classification/train/2/train_02546.png,a4912d790d8854efde230ee483434e5a2e0a0f91b9db8bcdf526e82b98c8db00,2
classification/train/8/train_02547.png,classification/train/8/train_02547.png,1951dce7851100d15e6537f6aceac1bc763c8372b9d37679db2f522b2863ea3e,8
classification/train/9/train_02548.png,classification/train/9/train_02548.png,2dd3d2b77a0ab1875be95b118e1963afbd26e244392cd4c8a0bed61ad1434aa0,9
classification/train/9/train_02549.png,classification/train/9/train_02549.png,844a32257b09c06bbc10e379ad50529cc3bc47ff650910940afd5ea1f7355de7,9
classification/train/8/train_02550.png,classification/train/8/train_02550.png,25cf5bc12f8769490b9deaaba5a3427c7b478a740175e18cdb08f1f54ea2823a,8
classification/train/6/train_02551.png,classification/train/6/train_02551.png,e58f0b467b7c86bc093731b8f351d4a63b2e105178be43f38671c2a496092bf4,6
classification/train/3/train_02552.png,classification/train/3/train_02552.png,db930a3ec20788657a74d97e1b4740c23a9ef2b33ce5492d3564a019459fda33,3
classification/train/5/train_02553.png,classification/train/5/train_02553.png,6260992b8917042e685531652f212aab3c2fc3e0332538a60fa71617e0621576,8
classification/train/6/train_02554.png,classification/train/6/train_02554.png,bb6edddbed69677cdbd9da47c6507df7517e7b36eb677c4ba8a281fb8677d77e,6
classification/train/5/train_02555.png,classification/train/5/train_02555.png,5cca57fbe89826e66114bceb2e59cb480bce57f6a61d6f1faae345491e325000,3
classification/train/1/train_02557.png,classification/train/1/train_02557.png,a7adc607dad57767c63283fb901ca1de3f8c0a73523482c76e60de5dafe1d301,1
classification/train/8/train_02558.png,classification/train/8/train_02558.png,cf3efa660fd80f84641e1606b14761869c7022845c75309915c5357c24d0b654,8
classification/train/6/train_02559.png,classification/train/6/train_02559.png,03dcd0e2cb9d9724feab92b77a9b7da271a9b098271a85a00aa3b2e40897e04b,6
classification/train/6/train_02560.png,classification/train/6/train_02560.png,0a7ff91b4f4938fc75c5c21809089aa765d82d071f1df95630a483b943fad06f,6
classification/train/0/train_02562.png,classification/train/0/train_02562.png,6696c7b61e6b0620e0966399ed868d65ba9389055785f6eff279843e468a6efe,0
classification/train/7/train_02565.png,classification/train/7/train_02565.png,afe9316533308807853b49b2b5b62d421450b23005e567ff71f32957a3493cdb,7
classification/train/8/train_02566.png,classification/train/8/train_02566.png,1ad8fedd77a95e17769a20d5ac6d50696d2302fd34e84453034d3e38f6d96607,0
classification/train/8/train_02567.png,classification/train/8/train_02567.png,1e284be6307f88f821188881625f2a56828bef512080fd18821549fc1ecfcb0e,8
classification/train/3/train_02568.png,classification/train/3/train_02568.png,fb2294946097ad85aab1566daa84ad7e9f1d93bf6886ddf4a8db25ffa36b04d0,3
classification/train/6/train_02570.png,classification/train/6/train_02570.png,af5e6da72acf2ce44b2c5d3b332e1bee62414b99e0d314cda4082908bb816ad5,6
classification/train/5/train_02571.png,classification/train/5/train_02571.png,27994292cdefb16c756f2dc2bd419932329a02899a1860b06374065117a28229,5
classification/train/0/train_02572.png,classification/train/0/train_02572.png,603e86074cac30b6f6a19c2bfe9d98b6fe13ecc9f2b53f2a2bf01b382b77020d,0
classification/train/7/train_02573.png,classification/train/7/train_02573.png,f7cf03a37b6b2dbc13a1355a77571669925fa107253f1cab984ff3b3d143bbec,7
classification/train/9/train_02574.png,classification/train/9/train_02574.png,e8047753a1469b5a0a1a4e4e5b0ea68c678a527c81de84ba11205fd6ec4a3e0d,9
classification/train/9/train_02575.png,classification/train/9/train_02575.png,e956353474135c144c3b867ab3368243769ea51868c500295b728759361e6725,9
classification/train/6/train_02577.png,classification/train/6/train_02577.png,ec2827719d87c35a2de4468153f88f28f7b9f2bcfe93058c47972c12606eaa3f,6
classification/train/0/train_02578.png,classification/train/0/train_02578.png,278687b5950b5a77dec784362dea813b451b74d963ef5159fa178f28861abff7,0
classification/train/2/train_02579.png,classification/train/2/train_02579.png,e37331ea8a0a9b4026429384bc2b74efe9cbe728b0433abc58507521f569f5e7,2
classification/train/8/train_02580.png,classification/train/8/train_02580.png,4eff08488804622c15c2bff5d9aeed50d898a4b30cefa21767e6d5a75fc03821,8
classification/train/8/train_02581.png,classification/train/8/train_02581.png,1ca32f211162d6cc12780935a21a0c3bf7c793a214303cc632f9f4b049a553b0,8
classification/train/5/train_02583.png,classification/train/5/train_02583.png,33fe6ec072e77c460045e2253824dc3a79c71b479076601f5b166232d878fcae,5
classification/train/2/train_02584.png,classification/train/2/train_02584.png,d1fa07bf5b06208a766df991d35e231ccec521ab67f76095f7aafc4d28057265,2
classification/train/4/train_02585.png,classification/train/4/train_02585.png,acdca61c15defbfa1509dcadf1eca3d78d2898acf19e6e6ba883682fd6dad91d,4
classification/train/4/train_02586.png,classification/train/4/train_02586.png,53a2048ff75b32ea3fe38ad11d71f1ab91bd5d968d3fbfe1074a0cf7c3a98abd,4
classification/train/9/train_02587.png,classification/train/9/train_02587.png,f397138d04ff75e83bca06897a4ad885855f605f2e46cbb2dea4f5e9864279e3,9
classification/train/0/train_02588.png,classification/train/0/train_02588.png,70ed6df9a6fb943ff2932ae49f68bf75c7c8449c81bf1359fb7096c4e466eb9b,0
classification/train/6/train_02589.png,classification/train/6/train_02589.png,a4c9e8b0f6476746a72b238549002ac0c539958c03a8ea44201cbc68c2a0d290,6
classification/train/0/train_02590.png,classification/train/0/train_02590.png,dc8c8d1d1039455313dbd4db81ce61f149a1f914f35f7e9ab2bbaca19cbf054a,0
classification/train/5/train_02591.png,classification/train/5/train_02591.png,f424894067362df698fb054d08cdac040d98233588bad2e585361cde9ece871c,5
classification/train/4/train_02592.png,classification/train/4/train_02592.png,0407fb96232cf37208cb11efe18c9a04dee9dbbebb053db8d7f98c2070e1746a,4
classification/train/4/train_02593.png,classification/train/4/train_02593.png,c81cd0bf227d0f70141caaebf024b8ca0d88c683a92c432b799c76b678942be0,4
classification/train/4/train_02594.png,classification/train/4/train_02594.png,419c19151ae9b9237cb47683592af9f078f4c305f7237cc5483ab978b51db492,4
classification/train/7/train_02595.png,classification/train/7/train_02595.png,1db99f08b7865f8e4b9e9dfbad1c127e0ffa2c9aa528baabc44e7aabfa025ee3,7
classification/train/7/train_02596.png,classification/train/7/train_02596.png,85ae7767176835f78e4530a06ad81d6ba3c6e31efe712d4bd60cd3cfc2252450,7
classification/train/1/train_02598.png,classification/train/1/train_02598.png,d8b6ec08e943e74813aefa4d0a96febcdeb2978a96d54ea4f49c2e70b80610c6,1
classification/train/3/train_02599.png,classification/train/3/train_02599.png,a9374e7151260cb63cdadce7cbb4d7ccd40f5062ecc6173c78d9392bb86d1435,3
classification/train/3/train_02600.png,classification/train/3/train_02600.png,1ea520cc19ffc3ac12b7d1eb76f078609e76b40798c2089fc49802cf2c3b67bf,3
classification/train/3/train_02601.png,classification/train/3/train_02601.png,8a1191bd1b5a5f26a43fbd19a4360b3e2048d54fb28389a8e41826c637dc0561,3
classification/train/9/train_02602.png,classification/train/9/train_02602.png,01d9d49b67029e8dd0dd89e22eb262e266b36381057a7e476a931408b69348ee,9
classification/train/2/train_02603.png,classification/train/2/train_02603.png,be776caa7a4cb0333e3bcffaef16d0d5f2bf35a8ed32abfc8316d7fa0bf2f798,2
classification/train/5/train_02604.png,classification/train/5/train_02604.png,3e12cce857932335839cac500a88c9f31111f4e9d7e2fdc696d8cec70686b6ea,5
classification/train/9/train_02605.png,classification/train/9/train_02605.png,4213aa3f05eefee4444eb4b170d1207fbb0cb7efc0270cff4f5e9c6d60b373aa,9
classification/train/7/train_02608.png,classification/train/7/train_02608.png,84dd7cfb0c3758693bc9d8743b5dbc98f43efc4322d2a05e6622a348a264b0a4,7
classification/train/0/train_02609.png,classification/train/0/train_02609.png,efa082a09992c63ef24c3d08f168dbe747146075fe9f07f611b7f22500099b5d,0
classification/train/6/train_02611.png,classification/train/6/train_02611.png,04dd469c408d8d8c3f3e101cc8681ecc7107a297f6bdf620dc9af4603a7fb609,6
classification/train/9/train_02612.png,classification/train/9/train_02612.png,e7a18dba16dfb2d72310a79afc1ced41c1a62357e7167926c38647f22da0868b,9
classification/train/2/train_02613.png,classification/train/2/train_02613.png,239b8b1d389fad9a8656bd58461fe9f1443c7e07c49cdeebd1339e9d99a565f3,2
classification/train/8/train_02614.png,classification/train/8/train_02614.png,6b85b792a21e99bf803c16c9e6dd476755f8c64a97e3a43277b770606f28f9fe,8
classification/train/2/train_02616.png,classification/train/2/train_02616.png,bf3f75ff22d07a007a77c9099e20fdd1e62f6470f16835f8b0c8c47aaa614138,2
classification/train/8/train_02617.png,classification/train/8/train_02617.png,5d7b725bee925cc8f583371c5febac2cb2c3acab756f5e3f21538c2ad813689c,8
classification/train/9/train_02618.png,classification/train/9/train_02618.png,0182a34729863329300c184430620aa524426567f72b08e87afda17d6fd87455,9
classification/train/2/train_02619.png,classification/train/2/train_02619.png,e3523a9a64fce0beba995ee9111c35588a991f48ff789a9db3debc9831c251c6,2
classification/train/6/train_02621.png,classification/train/6/train_02621.png,de5982b94eda4c45c7f4d4aa28a20b82254e0e74dc50ea78490c235ffbe90014,6
classification/train/6/train_02623.png,classification/train/6/train_02623.png,054b26f66d0c504a3fd93d3503542cd1a6fafbb74fd075f0f8f30b32ebd1f94c,6
classification/train/4/train_02624.png,classification/train/4/train_02624.png,4855b618b35f9727ab5d6f7af38c8186ea8f4314542b8af6744fed8c0917bc7e,4
classification/train/6/train_02625.png,classification/train/6/train_02625.png,67b0649954d644b488d82169e6dc234141c78cea16e9e878f5149ab7331a6b10,6
classification/train/4/train_02626.png,classification/train/4/train_02626.png,732eb2f539d0abc1addca3e5c3643ae726633ee6ecbdc9ea150e542d0140dab6,4
classification/train/7/train_02628.png,classification/train/7/train_02628.png,062ed3eb3415b2a7ab1caae64aef6d24f1f7f8ecb46a8f62d2d8bb3d0d5435c3,7
classification/train/7/train_02629.png,classification/train/7/train_02629.png,c6bdb4d5dba97a69990c894b2f04699b063c6e113d3ac53c6a816442112630c1,7
classification/train/9/train_02630.png,classification/train/9/train_02630.png,7c05ca287b1794cc21b1f1ed41a438cdaedc599b80737a88a19fc7335494f508,5
classification/train/8/train_02631.png,classification/train/8/train_02631.png,52cc65cabe29e377ac31a09dd104813bc2189263e737d7a97df680657697f0ba,8
classification/train/4/train_02632.png,classification/train/4/train_02632.png,357282f7cdf170fe3eda0452b630fbf85c397cd7949eaffbb813d4c5029010cc,0
classification/train/2/train_02633.png,classification/train/2/train_02633.png,01f2a7679a5c079f810a95c695d1a930f6c9318f37f94bd8f7c42758a75a6eeb,2
classification/train/4/train_02634.png,classification/train/4/train_02634.png,cfa8b3d92fa276b1acf7e7a6a5a67c227dd05fdfff53cb30591b9d01ea824761,4
classification/train/9/train_02636.png,classification/train/9/train_02636.png,f49887dd8430c08d24ba56ac1f4d5b5c6060fc1e7cdca1443de30e6a6f2e1677,9
classification/train/6/train_02637.png,classification/train/6/train_02637.png,67c72df4d2dfb40f59dc9515e48f0c226c8b32ad42154297f0fa1a3a4f22cf28,6
classification/train/5/train_02638.png,classification/train/5/train_02638.png,8b2cc8a3b4d89260f06a7091f0e66c38dee8111a47ea1352afef64f76d93e5a7,5
classification/train/5/train_02639.png,classification/train/5/train_02639.png,ab59ee89a066833dd1fb07b7d802af6f28231dff92728c2671382d81edf65c75,5
classification/train/2/train_02640.png,classification/train/2/train_02640.png,c1b4fe77a84d870b2c3dab7f22fd592e48d56fca1560d147f06a6a805fdc21b3,2
classification/train/8/train_02641.png,classification/train/8/train_02641.png,051f068add5538ed544f23ed3b3fee03571cc82bc4787dae0dda75e45d63f9e5,8
classification/train/2/train_02643.png,classification/train/2/train_02643.png,8eb8e44c6e9ac020b07834f13c4418024938bc6fb062ca29709b346ed339f20f,2
classification/train/3/train_02644.png,classification/train/3/train_02644.png,a32f44e0ba03d2cc3e6c03ea3a773b66eddd96171670e433b6414596ac9b1077,3
classification/train/2/train_02645.png,classification/train/2/train_02645.png,95326c5d15bbc8622ddd80893810a9ebdad5db766347dc90372555380fa5b1ef,2
classification/train/3/train_02647.png,classification/train/3/train_02647.png,9d1abe10323800f97b015f5b3802a6cafba41a317bd4eb22e2cfd714a019b9e9,3
classification/train/2/train_02648.png,classification/train/2/train_02648.png,740119a282927d897b0b05cef4ae755ef0ddcfb06ac146077a044cda7c1bf95e,2
classification/train/7/train_02649.png,classification/train/7/train_02649.png,eb065b550ce500d016860a9b19cafcffa2b7f50d96d90b2dccc9b32a71c5bb56,7
classification/train/1/train_02650.png,classification/train/1/train_02650.png,71032d2c175d7ad4e14ab31f1abcdd9116971f7ef18362818d45adeadca9ef5c,1
classification/train/4/train_02651.png,classification/train/4/train_02651.png,69fcb4a66620aa5098ab080a0490741a608f5235dd05d20544f77be5f56250d9,4
classification/train/3/train_02653.png,classification/train/3/train_02653.png,ad402b8cf5f47aa4ec1472cd8dae37627f58c59a37c0f8036a0b138180c13d2e,3
classification/train/6/train_02655.png,classification/train/6/train_02655.png,46314ab5eb81112ab4fecb91b9ab19905993cc58681bb15722e83b4bdc407dc9,6
classification/train/4/train_02656.png,classification/train/4/train_02656.png,280084a973e2b5e712391a51ec86a6cf8a451ac6a99c2d2a585a7c5971cdfc5a,4
classification/train/4/train_02658.png,classification/train/4/train_02658.png,2c63a9935a14552470ad2b8b9eab0b98ee4f64a5c711c979a4930621ce255907,4
classification/train/1/train_02659.png,classification/train/1/train_02659.png,2f014b9f1cd021f14bbb40d8934c94bc23a998e464c09e30c6f540eedaf74bd3,1
classification/train/7/train_02661.png,classification/train/7/train_02661.png,8265029d5b783f1a1d027990b0207338c590bb922a16bbf429594f1c4be63627,7
classification/train/6/train_02662.png,classification/train/6/train_02662.png,d47c62ebe80c8655abbe1616fdeb242d8399e56be43a5e03889cc55dcf6688eb,6
classification/train/1/train_02663.png,classification/train/1/train_02663.png,98a529ed19cf88fc506166bc5043a0695f8f385acc45da704c2f240d4e823223,1
classification/train/6/train_02664.png,classification/train/6/train_02664.png,54a0baa1714cd2a72b9b12ef5f94160ff39ea00ab53320cff5f84a4fec27c5ce,6
classification/train/2/train_02665.png,classification/train/2/train_02665.png,46bab8a2f33514bc93a566afdfd55ed460454d79160d2385f9e9212e0ba51536,2
classification/train/5/train_02666.png,classification/train/5/train_02666.png,b31f6d21787540be030e41f92da2cb360b3dded359ba06febef31cdb0c0e7990,5
classification/train/1/train_02669.png,classification/train/1/train_02669.png,b707af586cac20f2cffdf91abdec5303da74ba5cf516f882b221d79eed9d5541,1
classification/train/7/train_02673.png,classification/train/7/train_02673.png,16da3e3322fdbb2dd59c01fe1b7ce523e5faac7839437a4c48644999a7892c7a,7
classification/train/5/train_02674.png,classification/train/5/train_02674.png,d7917447ac883b945a009a5c2e66f9a8cce1aaa2ba79f14258cbc63854990cfd,5
classification/train/0/train_02677.png,classification/train/0/train_02677.png,49b5e32ed8fc6165e27543121a17c20d4611a415c87c49848aa7d0b5f9c7ef4a,0
classification/train/0/train_02679.png,classification/train/0/train_02679.png,8aa776daa5945e22e50f15b45e568929ef44c0f72e3cb5ae91b899b9e2d311d7,0
classification/train/3/train_02680.png,classification/train/3/train_02680.png,d9a575cddfd4a9b0af7ba547cd44b4fd410fcdb08a02783e766dcae7ee3c86ec,3
classification/train/3/train_02681.png,classification/train/3/train_02681.png,be558350147a93b31568b65328c3ffeeabe8853c085cb3ceb893a40c7ebf5b75,3
classification/train/0/train_02682.png,classification/train/0/train_02682.png,875dabbc8ceffc8fa736c4ae91bb549e905ad9f4bbba57de86c617afd37feae4,0
classification/train/4/train_02683.png,classification/train/4/train_02683.png,80891cdc6c8eab8e2ee58487e610db2ba418e5a947010c90d3e80edaeec55ca3,4
classification/train/9/train_02684.png,classification/train/9/train_02684.png,29706f7e0781c14d0f4f3e029acd2e970825029bd8e69e40b89c16a47b9c1fb6,9
classification/train/5/train_02685.png,classification/train/5/train_02685.png,5d132b7a3dd3a917b5bf8cf7af9220f876a442dc6c97bfbd063fe90d9626845d,5
classification/train/8/train_02686.png,classification/train/8/train_02686.png,b4683e8b918317c56c224dacf4b49b68ebf4ab006d60ac6d2c2eecae7e01c8c7,8
classification/train/4/train_02687.png,classification/train/4/train_02687.png,c0229f49c241d6af93cd8c353f46aeb111f6d131a08adc32c0ed3d3530766616,4
classification/train/5/train_02688.png,classification/train/5/train_02688.png,7379c501822a304e66046793809df06e26b5d36b9037eaaa40123aecb17ea99c,5
classification/train/4/train_02689.png,classification/train/4/train_02689.png,0cd8aa4253b5fa27fe2a8bd1b70dc583928b9b58ccaeb2d975771076557fca2c,5
classification/train/4/train_02690.png,classification/train/4/train_02690.png,56952086cfd53cce98f1ef521425ed13007778aa1d2aaf8952fb3f5759b8d861,4
classification/train/1/train_02691.png,classification/train/1/train_02691.png,917e90df8ca45b6f530ab76811274c45d6881563c40114be773069dbf3696b08,1
classification/train/4/train_02692.png,classification/train/4/train_02692.png,5a7a5982720800a9c2157b862cfd740a0a2c7d209134ff017d0ccfd25d3aced6,4
classification/train/7/train_02693.png,classification/train/7/train_02693.png,9edcab957bca0052a3bfb5acb339faec43d8c32e8f425bb7613890c714350b79,2
classification/train/9/train_02694.png,classification/train/9/train_02694.png,13c2b2b98510d12f2a04a1488fdd17c677aceac37b30bcd99eac75d674e02642,9
classification/train/3/train_02696.png,classification/train/3/train_02696.png,03b445f540f3939176d52b78769ad8de79b8421a429436c9e2eb307c9f14ddfa,3
classification/train/2/train_02697.png,classification/train/2/train_02697.png,8058e2669c27bb79396aece5a29bea78ba2237179126d48cdcd5937d0d337082,2
classification/train/3/train_02698.png,classification/train/3/train_02698.png,182e322805bc2a4903b1110e86bf9c70035644663795f1f10ffa5cc4ba703c62,3
classification/train/5/train_02699.png,classification/train/5/train_02699.png,e34ea2aaa409f36cc6c26f1e8b4f499bd781b85f6b1179849937da93d5f805cf,4
classification/train/3/train_02700.png,classification/train/3/train_02700.png,9077396deba98e3c51362d83c5408e79aa105d8fd674ef76af96f34b197b85ba,3
classification/train/1/train_02701.png,classification/train/1/train_02701.png,5f3e215113119f3157599900753eddb01099656dd0e15d6c8b7cf01d708c4f8d,1
classification/train/4/train_02703.png,classification/train/4/train_02703.png,a694f35ad1a2ade250a1a62a88d2ac7fada0c33d3aa925eaca99c7d4846cd90d,4
classification/train/5/train_02705.png,classification/train/5/train_02705.png,8d9cc4f88c638e9472368af68b895c67742eaae13aeadfdd7813d794c0f99955,5
classification/train/5/train_02706.png,classification/train/5/train_02706.png,a898a418ca2918c979c9fa1095f00fa10c9baa077c24d72401a6ff28ec481643,5
classification/train/5/train_02707.png,classification/train/5/train_02707.png,5953eb164d0ab412cffe7515b2a217a9f1a0530626833bc2afe0e6c76b0652f4,5
classification/train/0/train_02710.png,classification/train/0/train_02710.png,cc751da3dfaba138e4ff1b32535b380888a0509f785e128fe78ecaa799ce9d94,0
classification/train/7/train_02711.png,classification/train/7/train_02711.png,94d6bd98ba45da4e7292ce6bab4daa5b61f2b7fb175a7f0f08ec3fe3a257e81d,7
classification/train/7/train_02712.png,classification/train/7/train_02712.png,32dc366e49d189d14f892144559dc568ff835341b4452ca63d87fd831537f825,7
classification/train/3/train_02714.png,classification/train/3/train_02714.png,d879944e84b96bee4b4f9841583ec82b1c47a66ff346872bf46f54eca91287d6,3
classification/train/6/train_02716.png,classification/train/6/train_02716.png,30550055384546f93446bd77e785532f9373b2ab4b9141183398a528d112aef6,6
classification/train/3/train_02717.png,classification/train/3/train_02717.png,100593606e63f8888676cf6c79fd43bc249dff1cfc9cb1a7c87d4c6431d34c95,3
classification/train/7/train_02718.png,classification/train/7/train_02718.png,5219e2c5d56b4a46e72da4ba24a95875f97641d9c7e08f69db71fd65028b3958,7
classification/train/0/train_02719.png,classification/train/0/train_02719.png,f2151b4f80461f308f1c51d5f66ea55c1a7b73c44b425f677d7ab0331a995222,9
classification/train/7/train_02720.png,classification/train/7/train_02720.png,d02b18e9ea79e50d9b4aba2789e5f504716e6f392b09fa1b8daf22d33dcc9912,7
classification/train/9/train_02722.png,classification/train/9/train_02722.png,55d70ed8c2ff55fddb2825f8eec318f6bf963c75a7af2a9c00df6b6f0bf68d1c,9
classification/train/0/train_02723.png,classification/train/0/train_02723.png,5cda9aee1dc4f096f830bcfa354e5243800cc09071791fe4e7e1c2eeab305311,0
classification/train/9/train_02724.png,classification/train/9/train_02724.png,630c2704ac67c1f01753b16f65ac37661a74e81ca3f055a72fe269ba64745a3d,9
classification/train/7/train_02725.png,classification/train/7/train_02725.png,6302c951d743dfd8def8eb21aaaa90ee4eec9b45d04e873d35d9c11b4412519b,7
classification/train/3/train_02726.png,classification/train/3/train_02726.png,aef6640bba5a9649efb041cb92f449d5bd9160b3a06143ee7467ffe23bf5a818,1
classification/train/2/train_02727.png,classification/train/2/train_02727.png,f1bd74bb3563887abd2a7f541d180c8b745aec809a62ccd912bbc1a24f7fa21c,2
classification/train/5/train_02728.png,classification/train/5/train_02728.png,0b2f7191645d775647a0aaadf13613a2b8165bd33bbb44fbeff1691489e54297,5
classification/train/1/train_02729.png,classification/train/1/train_02729.png,a773d39c99a89020b9a3de0862b2963f69b0ac31d539dff8f561ea8d7277194a,2
classification/train/6/train_02730.png,classification/train/6/train_02730.png,9be8d136b66800a0498e39bd819d72f1ccb78c85354d9a944235181e9c6085ea,6
classification/train/4/train_02734.png,classification/train/4/train_02734.png,03d95e4d0dccae4178265de62282b715b0a0ee49fbb29131d8c3a3153875d232,5
classification/train/1/train_02735.png,classification/train/1/train_02735.png,d9b3f19d4e6cfdf11084f5cfb9451405ce97e0c588bc0c9b7276bbcbc5590e4b,1
classification/train/1/train_02736.png,classification/train/1/train_02736.png,ad96d1e171cdf891ae40602ae2e69bc0553160dc3dca9bd7a74fc3ea88759449,1
classification/train/4/train_02737.png,classification/train/4/train_02737.png,79b4d992b5cf9e495ce867317b2771a88e5fec4f43372d90d61aca96ceae2c07,9
classification/train/9/train_02738.png,classification/train/9/train_02738.png,ad5edbd5590b32a357fcb9f2a1a45715d233d67abd628f806484ebd4aba3238e,9
classification/train/1/train_02739.png,classification/train/1/train_02739.png,937d5bc75e8f116dceee6eaf9cb9dd9e875790670896fde06357e7faf9e10c92,1
classification/train/4/train_02740.png,classification/train/4/train_02740.png,d048816746ce090a7be5533bbdeb792da651ea39a0805cdba187552e11bc564d,4
classification/train/0/train_02741.png,classification/train/0/train_02741.png,3cd0581dbc1762b5fa8ec5f96ac9182890b40787977241113dbfa4476784689d,0
classification/train/1/train_02743.png,classification/train/1/train_02743.png,9fd0c1ecde477901cb25e296662e13199540e5d26e2e4bb363319f8dc8765a67,1
classification/train/7/train_02744.png,classification/train/7/train_02744.png,cef313df891be5aded7d99bfc2296fe47706e5da1fcf085226015554dde060b7,7
classification/train/2/train_02745.png,classification/train/2/train_02745.png,921199defbe22b8014062187df1448284d07f1c1baf157651bbc5b344d2365e1,2
classification/train/8/train_02746.png,classification/train/8/train_02746.png,41c36c02f37bc568316465fda2924664dc1a4b218151b328266f08b366a42347,8
classification/train/7/train_02747.png,classification/train/7/train_02747.png,30f08d1382be117ff07a2186516e702b79ba0effa0488b34ad20334453699c5d,7
classification/train/7/train_02748.png,classification/train/7/train_02748.png,088716d3f02c9cceb528c8183a992f51be9c152b93b2e60c556dccfe83dcf6a5,7
classification/train/6/train_02749.png,classification/train/6/train_02749.png,c07672e24ad628c7cd5834a696fe11889dde174460e234e9843e36505cc041fa,6
classification/train/5/train_02750.png,classification/train/5/train_02750.png,8d768953059cc2f0824eee8ea65ed5d2d175e73116ac3d52394b1bedeefc6861,5
classification/train/5/train_02751.png,classification/train/5/train_02751.png,eb360311b4db25d5483d7b721b36438256c33247421e0e6476015ee7f8cc0cbf,6
classification/train/5/train_02753.png,classification/train/5/train_02753.png,4b1e783578d1623008981aed9b3669c711cb10dc8691448ec6168a1752211ae3,5
classification/train/6/train_02754.png,classification/train/6/train_02754.png,e4e4b8e452b06c3b534c3621cd9608c5ccb73200d491f8b69a13acfe6f75ce1e,6
classification/train/0/train_02755.png,classification/train/0/train_02755.png,a44b082844c794bf3b2489f5c6ce8a057c4addd882dc24d77af8ef4f1d9fa68a,0
classification/train/6/train_02756.png,classification/train/6/train_02756.png,aa1cf6913dac46cdd68b9aebde743cb00a4fc4120cc886be7f3e8cd4ff85502c,6
classification/train/3/train_02757.png,classification/train/3/train_02757.png,9b778bd220e6cc8026355d4557eb3f8ac31d4c8badb06a801ec11038a0d5d406,3
classification/train/2/train_02759.png,classification/train/2/train_02759.png,784362c0f7c670b3838f740b2e82acd8e8a0e9abf7cc396eb2e638429e487d8b,2
classification/train/2/train_02760.png,classification/train/2/train_02760.png,e7be0262a5183b6b523777d9b272a3d112dc1d873961857a32919ffadd86320a,2
classification/train/2/train_02761.png,classification/train/2/train_02761.png,8d70bcf03eb16b6091890e2efe76e0e16a5e7596f6bbb609c9ac866b518c28f4,2
classification/train/1/train_02762.png,classification/train/1/train_02762.png,50dc9e409079d19d4a1d69cace7b49dbc21f3e406fd61af927399c541ffa2d08,1
classification/train/6/train_02763.png,classification/train/6/train_02763.png,288469f768713b7cc846559ca538a2f3040ad7487951e94bbb209949a7e24c71,6
classification/train/4/train_02765.png,classification/train/4/train_02765.png,b5491779ac6bb29ad9866391dd64b8f252553f6be5f1adddc7f8c7c48ec826e5,4
classification/train/3/train_02766.png,classification/train/3/train_02766.png,3c4b1ab97a8dc7221bf48366e3889b981e9f5015171897756606d0f9a95ecbc1,3
classification/train/6/train_02767.png,classification/train/6/train_02767.png,ee237a767fb16e29c4aeb8c440c8a90734b86d8ceb67580d72afa69df2e79216,6
classification/train/3/train_02768.png,classification/train/3/train_02768.png,47f2af6097928c8f780a31b334084e03125ac4de2547c6df34b0af0a9a2975f2,3
classification/train/4/train_02770.png,classification/train/4/train_02770.png,d144edf5ef5ac34ab8c75883b8c48f8ac22d08db015264ad8e8df605aecacb62,4
classification/train/5/train_02771.png,classification/train/5/train_02771.png,a6ebc6afc95383fd0e52de07c3b3103e5ad5aa5b288b1701338b16f0e418fff0,5
classification/train/5/train_02774.png,classification/train/5/train_02774.png,2b95d5bce76227a63833827be46dc629fbdfde94221c1a5fb1298b93a94dfa3c,5
classification/train/9/train_02775.png,classification/train/9/train_02775.png,e5666420580e1dde400f7a8e2772cd08e8a77804cd6f9261e17928f92eed851b,9
classification/train/7/train_02776.png,classification/train/7/train_02776.png,47a0cd35443f866b1f442d401e6dac8a5fb790a39105f056a58b3ba4d87c66ec,7
classification/train/9/train_02778.png,classification/train/9/train_02778.png,9274161a78478183964dd54b599b31ee134ec3ce9bcf672416040505015423a2,9
classification/train/4/train_02779.png,classification/train/4/train_02779.png,561ea68a52e67d372bef9d4a302f423be6234805791001446f981afc24ad7f96,4
classification/train/4/train_02780.png,classification/train/4/train_02780.png,052ee81a2536d5f39e9033cbe1e2f4453241b18ab410f4a794f1d28592db014a,4
classification/train/0/train_02781.png,classification/train/0/train_02781.png,11b427a329b2d48583a8e8001da85a578ebb2f6c115efbf352a10dda54b10370,0
classification/train/4/train_02782.png,classification/train/4/train_02782.png,e0b92fd0083a3edc505be60036e143646191daf79e29f7ed949e534a85a8b167,9
classification/train/9/train_02783.png,classification/train/9/train_02783.png,3fcf41242a871d67f433826974dbb35f16b33b79c05b771c07b928abbcb30d51,9
classification/train/2/train_02784.png,classification/train/2/train_02784.png,b84df855b44a728c28b1d46c3ce91d9ebb6c82920617f0532430f79e6cbea439,0
classification/train/7/train_02786.png,classification/train/7/train_02786.png,b9d593c4a67f55c5e696613773562dca0cf0345933104d1b2062cdaed93364b8,7
classification/train/4/train_02787.png,classification/train/4/train_02787.png,9dc9dec4b30f3fe5237781c730ca09620efe930dc3d3b21d56ba0a79f3d3415d,4
classification/train/8/train_02788.png,classification/train/8/train_02788.png,4fffd4746b17f30ab0f2226d3f1b8f1aad253493cac944be68d514956a448b5e,8
classification/train/2/train_02789.png,classification/train/2/train_02789.png,c8360147c23f5212ef2cb3001096e6c8049d216079373c5c42fdf4650a591d74,2
classification/train/4/train_02790.png,classification/train/4/train_02790.png,263f3bb215f62cd70df4d5525aec8af1f67b6d409f22992e5e9a2ffddc5dc220,4
classification/train/0/train_02791.png,classification/train/0/train_02791.png,b341371a6158341275a1cde39d2a20d53cf521befff3b849bf5d1c5f33f1f8a7,0
classification/train/9/train_02793.png,classification/train/9/train_02793.png,d020a4df93e64bc36007304ff2398f623e52e239e228ebdb2664bb3943da9c42,9
classification/train/0/train_02794.png,classification/train/0/train_02794.png,2f0928b6c9311790d100a414d417e6e9b3547b12372e2b477e67cd808f260074,0
classification/train/8/train_02795.png,classification/train/8/train_02795.png,89678af0cbb11b7b0ff9c5ab51867e5763cfe751eb8d6ebf1090712e175783d0,8
classification/train/8/train_02796.png,classification/train/8/train_02796.png,564fefbc1c3e34b92e8808c1c7898855f521f85daad0663d7b5d5bbfc3a58b44,8
classification/train/0/train_02797.png,classification/train/0/train_02797.png,a92af16868d6f9071f8420fb0c5a68a2298ab953ae596316baeb0f63f09baca2,0
classification/train/2/train_02799.png,classification/train/2/train_02799.png,f71c1b2b06b0c1f7f7ba9848e670651c5964ebf90654e0eef13c3cab5cd5828f,2
classification/train/4/train_02801.png,classification/train/4/train_02801.png,e40866b5654e2e5eafaadf40d180dfbbe9f1fd93d02177b6f76df3194be74c20,4
classification/train/2/train_02802.png,classification/train/2/train_02802.png,38235404edbda04a9094e5e86f3b5b468694304df782550929486afb09130caa,2
classification/train/9/train_02803.png,classification/train/9/train_02803.png,b0085316a5ce92088830f6bb9ae0e9dfc0bdf3b56a8422db5ef46e3e722628e0,9
classification/train/8/train_02804.png,classification/train/8/train_02804.png,639924fa6c1c17572539080839cc34f248dc6eb87bec16cc95b9ab44c3f07a15,8
classification/train/7/train_02805.png,classification/train/7/train_02805.png,a4d81c04530276c848e71b4932508f5d623fe2f5754a7fc4ebb46d35a5286fd6,7
classification/train/8/train_02807.png,classification/train/8/train_02807.png,a0719e001d4de15b3528560490cdd74acaefe9ad718a3a6b697255f40ac5b9cc,8
classification/train/4/train_02808.png,classification/train/4/train_02808.png,889dfee87cacc4dca9f6f5ef1b5e8904902ddc290db8d6ba3d51627c74642357,4
classification/train/4/train_02809.png,classification/train/4/train_02809.png,a32f050c61aeb47ef6285bd7fe5cae98edec35d82b2d49a699e55da4903f3afa,4
classification/train/6/train_02811.png,classification/train/6/train_02811.png,e02405260e28a5bbe9218877ca619552c56480191335564786a147cf7422c346,6
classification/train/4/train_02812.png,classification/train/4/train_02812.png,42d4423ba1392a386c9d0faccca2d3ddc6aa6dae593138096d526579833aca63,4
classification/train/8/train_02813.png,classification/train/8/train_02813.png,2063015afa973d38c93b1ebc551a8511717e9c632b9519061fec2c9b2e95ec67,8
classification/train/4/train_02814.png,classification/train/4/train_02814.png,d3a954c4e3d1322ceca0ebf62365c393c82b4ee51ce343b83b3aae310d707455,4
classification/train/6/train_02816.png,classification/train/6/train_02816.png,ef21ea8790fde5f031d10f967738cd068c88238c5cf95e32d995f9229cc099e6,5
classification/train/0/train_02817.png,classification/train/0/train_02817.png,969b496b605f388ee6205f3cdf21e8d356a4720a1b9a42b7c0f9031f96a75f83,1
classification/train/1/train_02818.png,classification/train/1/train_02818.png,549d10e2dbd3139d637f121349c3c039e42865a1c708fa6b4dcf011014056de4,1
classification/train/0/train_02819.png,classification/train/0/train_02819.png,e6a5d361645f8fc4817facc827453137cbd369970a52d6868de0f5d9a9715667,0
classification/train/6/train_02820.png,classification/train/6/train_02820.png,dcdc1abf021537dfcbc2b4bd696d01e07a4459a8de7c1044fccf8152b8d9c65f,6
classification/train/6/train_02821.png,classification/train/6/train_02821.png,1ca57529cf89b8634420af6bff8000ee13ba0abfcfaa426bebdb6d98360cc97c,7
classification/train/6/train_02822.png,classification/train/6/train_02822.png,6649313c3febbf3ca8dbcd1c620135830a2647aca86d890de05eb638d866d2f2,6
classification/train/5/train_02823.png,classification/train/5/train_02823.png,34b2ee1bc12612e83df713de59f0eb9940e3385ad5ffda7c4360b387d0aafd14,4
classification/train/6/train_02825.png,classification/train/6/train_02825.png,e3fc2c72c362bf881b2cb5d75975cb410678d17eaa46bbb7478a28cb8c6a68c7,6
classification/train/1/train_02826.png,classification/train/1/train_02826.png,fd23a2ae100677f10454200d3564c305039b12ff83945c479248d6afec75fd54,5
classification/train/2/train_02828.png,classification/train/2/train_02828.png,3f65ce1ecbf6355e234bbad7e7c796ba05eb9e52565b08e11577ea7888050237,2
classification/train/2/train_02829.png,classification/train/2/train_02829.png,4373fda99771d4264e2a65309e3d539b5f8b12829a4558824355a47dfcddd6be,2
classification/train/7/train_02830.png,classification/train/7/train_02830.png,469909b5ae155c02c4faa103c9b1af476c87e1e20fbea9a4924ea37aa387ab48,7
classification/train/2/train_02831.png,classification/train/2/train_02831.png,6b17df86b89bfbbcf6e0ace1fe4fd0bddce6308b9c484d4b42ad8d7ed452949e,2
classification/train/8/train_02833.png,classification/train/8/train_02833.png,c5341183a301b5704639d9c4dd2c0f8e5d8fdbae1e0c8c3f9626ed14d214c330,8
classification/train/5/train_02834.png,classification/train/5/train_02834.png,3d2ec72ba4426ece83a78b17b19f865eb251f659f72b657ba3c039c182058705,5
classification/train/2/train_02835.png,classification/train/2/train_02835.png,719ba99ad5cb78002ab098d5c8bf00652b04c70d97ea018435c03f90ddc375c1,2
classification/train/3/train_02837.png,classification/train/3/train_02837.png,9ec7b2e4854c3c4d84bf1cd99bbb27e2bcaf47c805ec4ccdb4940c09963c886f,3
classification/train/5/train_02838.png,classification/train/5/train_02838.png,9dd2e99ae84dbbf79e48a836c440bc38f14b496ca3f50f8619e5b2ebf7cb24ae,5
classification/train/0/train_02839.png,classification/train/0/train_02839.png,43e09bb20fd1d11bfc6035fae40bd01def68424e5562f8144c2c7a4ee86f11ce,0
classification/train/8/train_02840.png,classification/train/8/train_02840.png,7cfc2b9cceb7fc8d72c07010e72e0d58a5b214ce2b85782fcae0c2d73a050004,8
classification/train/9/train_02842.png,classification/train/9/train_02842.png,597ddc1d9a9a089306087b503db7213af02e561e320616304dc2f1dff993373d,9
classification/train/6/train_02843.png,classification/train/6/train_02843.png,dc6de49a4b912b9132ae0bc847f01d6f6b51996ddbf0fb7ff837c9dd0c509900,4
classification/train/6/train_02845.png,classification/train/6/train_02845.png,e257c767e35d36533237fc98a2427447f43e92682b80ab4a52a0e32ca503b170,6
classification/train/1/train_02846.png,classification/train/1/train_02846.png,de340c33e756fb5f75d260b36523e1683949eb52db28fd35d9706e00bd3baf70,1
classification/train/0/train_02847.png,classification/train/0/train_02847.png,f0c16f4999cf6e40154d901958c76852123b1e2630859340c897f8c33b4650aa,0
classification/train/6/train_02850.png,classification/train/6/train_02850.png,9ec744a0cf8be12d46f855b241887eeafbe0fd7d048ede35b2ebaaa4d8aa653d,6
classification/train/9/train_02851.png,classification/train/9/train_02851.png,3e666c7915f08b03d46580bd5af9bce9e1c57d04b78e4f99bbb154310392568d,9
classification/train/4/train_02852.png,classification/train/4/train_02852.png,35d2a0c14ef89d9f44df9a313b6caa9088fd6679f5472a7bace71e7f413d5446,4
classification/train/4/train_02853.png,classification/train/4/train_02853.png,1f1e057b668bf2b13c9f61ac02eb8c9cbfde626a9dbab2595e45cbede3819e9d,3
classification/train/4/train_02854.png,classification/train/4/train_02854.png,36b0a64b5f2797bc34152c597c092e0f4d0bf1c195d0d6518a1e9881a42a2d33,6
classification/train/6/train_02855.png,classification/train/6/train_02855.png,b3065b99c55ec6597eafbdcca17500a1f6c6a1469feb84b2163cae843706925d,6
classification/train/5/train_02856.png,classification/train/5/train_02856.png,f7fa2c7ada3a22cbe3dfdcb7bcdc73db624d2486e4352400b84e4aabfac7bb07,5
classification/train/8/train_02857.png,classification/train/8/train_02857.png,33a7347cda04e1846b787f4ead7ac8e8897476fd0145f5be7e3718e580972832,8
classification/train/1/train_02858.png,classification/train/1/train_02858.png,2f86b5039d8af19f4405d402e82683a00289405e0e4e47db256355d4c8784e8d,1
classification/train/8/train_02859.png,classification/train/8/train_02859.png,93e27b697ddd4630479833b346b17ac98b5b82bafc62ea020bc4510b6ee6d996,8
classification/train/5/train_02860.png,classification/train/5/train_02860.png,a29a50f564fa8b209c7efcee9564f990cffbb24526869819db18c735764551fe,5
classification/train/3/train_02862.png,classification/train/3/train_02862.png,7910309be5ffff4cb59bdbb5fdd781e3b55c9eddb2db64e0747bae782fb70315,3
classification/train/5/train_02866.png,classification/train/5/train_02866.png,afc131ca8a92f6af21698cf0b1753e8bff2e3fabfa6a96a16830ff8ca1e195f8,5
classification/train/1/train_02867.png,classification/train/1/train_02867.png,acc6e4a82f143ee4351ba2e4c3b799eae81d543be4c1dff85ffe29c40fb34ab0,1
classification/train/8/train_02868.png,classification/train/8/train_02868.png,55054d42562e9e350fca7b2c3936c43003d6356d711328f13c9f3a2eaa0c508d,8
classification/train/2/train_02869.png,classification/train/2/train_02869.png,a019572ea5ceaec877f61ee423023fb4141106ffd04c8824ff1b0e78fe308672,2
classification/train/6/train_02871.png,classification/train/6/train_02871.png,afa587134f1be0806bc74a228b60398b67ce6ca8a5c3b164828617b1a2be5f12,6
classification/train/4/train_02872.png,classification/train/4/train_02872.png,d8df477b2b3f75943a07577f647b54b808617422c4843d76ca785fd926394b8e,4
classification/train/8/train_02873.png,classification/train/8/train_02873.png,b15b27eebc0b55ad7edf9bd06e5e67d3781540a04be1c42821e1358d5acadb4d,8
classification/train/6/train_02874.png,classification/train/6/train_02874.png,39b42f945f0a1baaf3d8cd9fa97a8c46465838e99f21c225af05dadf2d98854c,6
classification/train/4/train_02875.png,classification/train/4/train_02875.png,d51d1c81b6c645a696b47f3934438a712c320c12471014f53b7c8f61eaa67163,4
classification/train/1/train_02876.png,classification/train/1/train_02876.png,8f43c28ec56340c45abf1c5afeb573c0476a63fc6c9003c44ac6e79da7ba8157,1
classification/train/7/train_02878.png,classification/train/7/train_02878.png,bab031a70bd3099bd0f190ff43965c113f3ec56ad2805bf650e2cb30f0a403ec,7
classification/train/3/train_02879.png,classification/train/3/train_02879.png,69e20b99515cf88da03054f599de3fe978b7d9b386f3fa357508101c08dfde79,3
classification/train/8/train_02880.png,classification/train/8/train_02880.png,8c65515695a78e18be179d20fa233fab8d2e0b942c0921340d0edf73eb7d3102,8
classification/train/6/train_02881.png,classification/train/6/train_02881.png,daaacb5d9743fc09ae2b5e8bead6f05bdea7461ddbb5880cd2316ac6a040fe1e,6
classification/train/4/train_02882.png,classification/train/4/train_02882.png,c83877b96f546f394daa5585c1d132b62791a66b804a41fc8c8555b214e56401,4
classification/train/8/train_02883.png,classification/train/8/train_02883.png,c00ec6ac5a367334958db13424e0ae5ac171e88d3370d448cc97011ecb461c26,8
classification/train/7/train_02884.png,classification/train/7/train_02884.png,67a0daec0228516917f089e7c659060a9ccca34c2913519e6a5edea179a4923d,7
classification/train/9/train_02885.png,classification/train/9/train_02885.png,ea3614f0e19d8c04d6bedf74341cd5b6e9d6e38322068f629df199aec0f9795d,9
classification/train/3/train_02886.png,classification/train/3/train_02886.png,967087f05b2aeaf52534c531b85d5b3229ed921fd765bf1c43aabdaa7b99d6ea,3
classification/train/9/train_02887.png,classification/train/9/train_02887.png,f5cc019db49a08e8bf73e657c2e47cff598ed8b258759a0b7724707c93a7d6a1,7
classification/train/8/train_02888.png,classification/train/8/train_02888.png,5b42615f02047350c3e713a47b86b406c487525df009906c52d36376193f064b,8
classification/train/5/train_02889.png,classification/train/5/train_02889.png,b87d8ebdc655b2b3ef3897617fe99877fdb2381bddfc179f65a5302d17bbc060,5
classification/train/8/train_02890.png,classification/train/8/train_02890.png,d1cb8b08a413a5899a1c3337ed5b256f5d976045dba0f8445d35885620eee190,8
classification/train/2/train_02891.png,classification/train/2/train_02891.png,32bb0557dcd2c676fc5019ff901e155770d6668e88b6e7e4d8d0f782e6956043,2
classification/train/5/train_02893.png,classification/train/5/train_02893.png,7b78571d493a959918fb1918a852843d0baf6abc5c86d6637b1e7082cd0cb1dd,5
classification/train/4/train_02894.png,classification/train/4/train_02894.png,68be0b5b3c3d49a9b4ea714cac4f1a9377e2a72de5ff6ea51f84b75ef458b124,6
classification/train/0/train_02895.png,classification/train/0/train_02895.png,bb95d874e7fe68c04aa8f7360b2ba3bb5f92b73bde28049fc47d811cb035bfa7,0
classification/train/8/train_02896.png,classification/train/8/train_02896.png,cbd48999a11f586e7bbda8d378574a34199aaba0cc9e28c6903d7bb768e9be25,8
classification/train/1/train_02898.png,classification/train/1/train_02898.png,5a64d1796454dec756cddd85c4f917418fe19b2299e073a227303285630357c6,1
classification/train/7/train_02899.png,classification/train/7/train_02899.png,e759908f8c54ef854476f3927950fd5e79966701b4f9fc9e9b2fa63f139fc2ca,7
classification/train/9/train_02900.png,classification/train/9/train_02900.png,fd3d7cffec6057fa523843eaaa6427e2a2a9a6fe4d4a1d57f5ff035a3566f7e3,9
classification/train/1/train_02901.png,classification/train/1/train_02901.png,7c55b432664392b61db89c2f759f2e28b8a071e437418a01d460dd4dfee9c2eb,1
classification/train/1/train_02905.png,classification/train/1/train_02905.png,cdd5657328d386e4fb71d72be59ea9b05352d757904274db12fdc595f4379c7c,1
classification/train/5/train_02906.png,classification/train/5/train_02906.png,7f3954ae7b7f1021f132bf71f9ca6b25f8ed4ec0763f4b672ab23c47f40fd120,5
classification/train/2/train_02907.png,classification/train/2/train_02907.png,c0c485a60c7284ace7451506f65f7a0c56d9a68fc621971362e240545c3ad4f0,2
classification/train/0/train_02909.png,classification/train/0/train_02909.png,8958e37daa55141cfe7b0e970254e61ddac1c9e1b347cd9eca3de52db7b22834,0
classification/train/0/train_02910.png,classification/train/0/train_02910.png,7c8a410cdfdd7cd6cf759b7f0202a03ee3d0725947a153492ceef3e5feab0936,0
classification/train/9/train_02911.png,classification/train/9/train_02911.png,c7ab5d6bedee5f3c3246b69193897df55aeaaa1ad85e19ce913478adbc7c379f,9
classification/train/2/train_02912.png,classification/train/2/train_02912.png,5b876975bc14a5d949ac1306ad95e96b6610bf755680faa5c1fc95fe45938e43,2
classification/train/7/train_02914.png,classification/train/7/train_02914.png,37bd7538bf434c37fe02eb35316420df568656be32647fa9c41e392ba5bb1688,7
classification/train/7/train_02915.png,classification/train/7/train_02915.png,7ecc2165f93724840dba7372c0985dab2b24836d7409fe563fbbbbe3d2596866,7
classification/train/7/train_02916.png,classification/train/7/train_02916.png,64ea83291b96732613a40265c5f35a95032f7555c760fc94551a3cf1eb5e1c88,7
classification/train/7/train_02917.png,classification/train/7/train_02917.png,5b7b7b0632bc11eb584ed4f48f388eed1c3f34361e647b5f967a1a081659a960,7
classification/train/0/train_02918.png,classification/train/0/train_02918.png,e301ca9f3b6fdaa3a9aa2b9a0c8b7bdebf2b1bdb7a7ce7a6427550af58055073,0
classification/train/8/train_02919.png,classification/train/8/train_02919.png,5174d507cc1c1600140a36c79d1455a7ae7dc4511b83fb497c8eacfe7f5e6d00,8
classification/train/4/train_02920.png,classification/train/4/train_02920.png,e90016714a5fcf9c68028768087f51b7e253ab4ab07c046c1441462e81e4900f,4
classification/train/9/train_02921.png,classification/train/9/train_02921.png,cdc09842024f0e3edc364edb6e64511ea62deb57fce4bca362f98a41242553a9,9
classification/train/5/train_02922.png,classification/train/5/train_02922.png,5b1803e2a6a5e0fa14e6874cf3e4015c275df55188dd351c190dbdcc4ac3dd48,6
classification/train/4/train_02923.png,classification/train/4/train_02923.png,89f5b3b60642ed928473d20b8c742e0d9b2e1551445d8523d582d59262e891a7,3
classification/train/8/train_02924.png,classification/train/8/train_02924.png,90558840f8df894268967a13f54af8a6efdafd0f84336fc1f9d65d0a03dcae5f,8
classification/train/4/train_02925.png,classification/train/4/train_02925.png,cb3f8c6dd0b3bc16919dd180c2ddd0538e05e15b3cbc7ae00ee8107900080db1,4
classification/train/2/train_02926.png,classification/train/2/train_02926.png,c9dbbd77fb35fb5bee855e7480ad2cc5fc743ac849e93a77bbaf7989c2f7a716,2
classification/train/6/train_02927.png,classification/train/6/train_02927.png,055634594afe479ee607ac671c0012d767e77ca0741a59dbecd903a5cb1b87fa,6
classification/train/3/train_02928.png,classification/train/3/train_02928.png,f30a668fb8883a019c272198b784e0cbad28491b5da58ed6e74f635460e3b871,3
classification/train/8/train_02929.png,classification/train/8/train_02929.png,1f4f59ef3a1e2e065f2428f3f694fe9b26c8aed07c2280736530f2ec99f977dd,8
classification/train/0/train_02930.png,classification/train/0/train_02930.png,057e0a6538c403ea2a69d5e6d8c8163938d1f055a2fb158c9f4871bac108b290,0
classification/train/1/train_02931.png,classification/train/1/train_02931.png,b96f5290380545058c9bb7c6e28f3841b8335681414986f64a5e638039ea6f84,1
classification/train/0/train_02932.png,classification/train/0/train_02932.png,c82e848da69442bb5f75f433b027ff5f583c799d2cf26ee69818a057ed7c2d1d,0
classification/train/9/train_02933.png,classification/train/9/train_02933.png,fd06371509df405730d21d21b2534e907c4f6537c4bb4c04842522f62a92369f,9
classification/train/0/train_02934.png,classification/train/0/train_02934.png,f6bcd55ee9dea616626626c9256dda2355605593ff1fd060054fc955b6542862,0
classification/train/9/train_02936.png,classification/train/9/train_02936.png,7a60a7e54df8ca6cc72e225a4f754ab5f88989fa2d0f7e4de387f5c4dfe5c91f,9
classification/train/7/train_02937.png,classification/train/7/train_02937.png,04ff1fe47bd050dabc590b6ff1cc74f83a963bb40dd5c207fd592683eaa87d46,7
classification/train/4/train_02938.png,classification/train/4/train_02938.png,c1a41ad656b53eb0f7468a846b83d58444a1f3dc9691b3f5139b0c2e5e0d04c3,4
classification/train/4/train_02939.png,classification/train/4/train_02939.png,3565acbbd31732b863e48773b7347f9ceb00fc508b565fb343c61d2aef458508,4
classification/train/1/train_02940.png,classification/train/1/train_02940.png,e998638594cece2895e6b8ad41f0924d1f18096730f8c479b3a75c25b11acd7a,1
classification/train/9/train_02942.png,classification/train/9/train_02942.png,8b230b221fa1e2cbaa276b3cf6ea9b0d76f04289ee3ced979b85a0137674d962,2
classification/train/8/train_02943.png,classification/train/8/train_02943.png,d436f8150d245b5d9e1d65023e74da67c473bf18745ed57c1643b41c40626893,2
classification/train/9/train_02944.png,classification/train/9/train_02944.png,e3f991eb1f77a73bd3267108d43f5ee36d5aa0c497cf445514624a8f2ba4fc39,9
classification/train/1/train_02945.png,classification/train/1/train_02945.png,240d88f2298562e85b744fb5168e71d9f81b47cc6d716132cc21a5e30dd52f02,1
classification/train/4/train_02948.png,classification/train/4/train_02948.png,1325fb29441547bd52560782db6927a787c27425a52016ccbc9af040804b8b17,4
classification/train/7/train_02949.png,classification/train/7/train_02949.png,42b4baed888e7376edbcb1da2c17dd6cbfc25de203ad68582b4750d59bf3b682,7
classification/train/5/train_02950.png,classification/train/5/train_02950.png,ad44f9261be714726aa5df1a1be3a7fac84b1067f7838c9c08525266773e2d0d,5
classification/train/1/train_02951.png,classification/train/1/train_02951.png,5b8a9801bef275c531a8e4ef32796d59797384de31683883f9593da7c0680f36,1
classification/train/2/train_02952.png,classification/train/2/train_02952.png,218284fbde761647c4618285a654dad7c3ee12d9098b67c647c861b518213edc,2
classification/train/0/train_02953.png,classification/train/0/train_02953.png,77551ba6b75bbb7c66297f5111901ec30cfc86269932f4068a0c3e1bcbec6614,0
classification/train/8/train_02954.png,classification/train/8/train_02954.png,c9fb5ab97f9161061778e94618e1152f17b18203026ac57260641b59c260940f,8
classification/train/8/train_02955.png,classification/train/8/train_02955.png,648fda3a343120148b16c01a3ef5b35470393a8962e2e20473207bb2ca02edc5,8
classification/train/5/train_02956.png,classification/train/5/train_02956.png,4775c1851620f516a6a09264970d59723cb1c27695b426735b981bcd42a8dc01,5
classification/train/5/train_02957.png,classification/train/5/train_02957.png,bef765eb7732a7bc011fa308dbb7fc759f0317dc34bc1e82d919d3a96c643dd0,5
classification/train/1/train_02958.png,classification/train/1/train_02958.png,9e0afe374411cc72e42e37454e1e5089f30ddd9cce868c63fa90c1c43f6f9e9a,1
classification/train/6/train_02959.png,classification/train/6/train_02959.png,069429820e5b42c5d1fcf292746eb4acf9ee8ee84be3fc2760cb3fe38c7654ed,6
classification/train/8/train_02960.png,classification/train/8/train_02960.png,7e71ff6806e462b991abb4c3c2bceeb0f06321d749eb461ecdb3a15f4abaf086,8
classification/train/4/train_02961.png,classification/train/4/train_02961.png,c1286e5e8764cee0cedd406dc93deb7a1fbf1f4cc3d1237816086e520ff2153d,4
classification/train/1/train_02962.png,classification/train/1/train_02962.png,8f4dd264f607bbeb9bd6f1c0e60aa39509c0b38b80d2301dc760f18e1e70ec8b,0
classification/train/8/train_02963.png,classification/train/8/train_02963.png,0305b779bf61f054cef5425f1a4721b34b46a055f0cc4a0cd0497508d6ea54f8,8
classification/train/1/train_02964.png,classification/train/1/train_02964.png,133b3e9553737b6cde3e4dfe90e8a8377ea5c72a1e37272c35a3d175a92dc9a8,1
classification/train/1/train_02965.png,classification/train/1/train_02965.png,fe14c95d6bbf797534836c5dd4c43ddb5193a969bfc641aefd56f2c8d25eeded,6
classification/train/8/train_02966.png,classification/train/8/train_02966.png,4e341f7213ad0d87605cfff9dec7675a3026bc9259abfe578293c6d6e37f6101,8
classification/train/4/train_02967.png,classification/train/4/train_02967.png,385106c3a887840793469a97e0212f952d8f1d391fe0e090862be0cc0841d303,4
classification/train/0/train_02968.png,classification/train/0/train_02968.png,8e9b50ceb11854318f86f06880fb5ce02b4ba971bc596d3fe0ca318a012fc95e,0
classification/train/5/train_02969.png,classification/train/5/train_02969.png,cd801db5781a25eb4ea18beb7fbe22f3aaaea6583b2a8803ea47e71d8380a3d0,5
classification/train/2/train_02970.png,classification/train/2/train_02970.png,e446c7f7633c80bdd76c2a9a47c6babe00399527f746422e7798720265887b6c,2
classification/train/6/train_02971.png,classification/train/6/train_02971.png,0eeb2a42cd9a8c39a392dea5f69df61b23d009b81a96ad374c0541cf2c58313f,6
classification/train/9/train_02972.png,classification/train/9/train_02972.png,9bdb5817082c902a59bc9d742a0328e7b478649084afe022e37e68b9a545c12c,9
classification/train/8/train_02973.png,classification/train/8/train_02973.png,31a80553adbb5cf79d7cdd5e49aee07f8d6d93fd0ac3ece10b35de3288126bbe,8
classification/train/6/train_02974.png,classification/train/6/train_02974.png,67c607d480e747986d82e62261f71b19f5c82725803b35535a5e5b6547145841,6
classification/train/2/train_02975.png,classification/train/2/train_02975.png,034063fb43c3eed9bf473b46666364bbee3373ad6c0ec6b5a267ebbcf278c066,3
classification/train/5/train_02976.png,classification/train/5/train_02976.png,cb976914c261c930d6d78627e2e473a350df93031cb931a587c807c9e0a66acc,5
classification/train/0/train_02978.png,classification/train/0/train_02978.png,b51a19405f8348349e6f8482da4704aecfb115be9a8ec5b8b4cd48a43c6febfe,0
classification/train/9/train_02979.png,classification/train/9/train_02979.png,3d29b5a09f5a5a9a1136131e21fbfa2f07b4d0ce914716755540473583c5bb93,9
classification/train/8/train_02980.png,classification/train/8/train_02980.png,8a8bec1316eef51354f7888f9c8474b766dfcc6a7bd76ab4f5fbbcd905c7db1a,3
classification/train/2/train_02981.png,classification/train/2/train_02981.png,f8c5468fd4e2796d77c966100a30becec221d31014809628aac17845f1182cf6,3
classification/train/2/train_02982.png,classification/train/2/train_02982.png,2e35d7014093d0f6ea56904eada300dce4f1428030b449c25e547db33764fdbc,2
classification/train/6/train_02984.png,classification/train/6/train_02984.png,35ea206e6cf34af6e24c00cc0fc59b5adeee9c203264253d371313db70215bbe,6
classification/train/5/train_02986.png,classification/train/5/train_02986.png,596001787b73bf6de638b2bafb7a9c019b39861239d3ce89a11f0efbaea7c719,5
classification/train/5/train_02990.png,classification/train/5/train_02990.png,3fe68d836f399af81ca9a447cc7588a5facb0be67f706c5e08400e92669cb79d,5
classification/train/9/train_02991.png,classification/train/9/train_02991.png,5f50cea6c661c88778884df89e2175001a254c60b79e0d3d17cf2af849594eed,9
classification/train/8/train_02992.png,classification/train/8/train_02992.png,021c1e8daf43573a19c5fc7cb99e4778e2963ec94ab27f59b156aafced5247cd,8
classification/train/1/train_02993.png,classification/train/1/train_02993.png,a4ac8b9f031dac114dfbc477c93b43272b69d612da95677545b32f6e2e636465,1
classification/train/3/train_02994.png,classification/train/3/train_02994.png,b8b676f05666555bbc69c67bd4e35ed6b764045feee0bcd892fefd69ccf71b54,3
classification/train/8/train_02995.png,classification/train/8/train_02995.png,041087093623390ed963024cbebe3b89e4fab9942ee278f118b2654eab87d62a,8
classification/train/7/train_02996.png,classification/train/7/train_02996.png,63991b00f84abd5ef5444221d44ad0feb819b0964ffc7cfc7c87cd5c0a18eb64,7
classification/train/6/train_02997.png,classification/train/6/train_02997.png,566a555c55da8424b494a897c9a114703c06a5f7ce5192732c5d01257ff2176f,6
classification/train/3/train_02998.png,classification/train/3/train_02998.png,6ab46d9c2a9e97bf1fb7fd5218f0ca2b18202d1734d3cf4cfb6118aa543f1128,3
classification/train/6/train_03000.png,classification/train/6/train_03000.png,1a0f04b60765d6afb553fd7897d767dfa6aa0d7dc104511d8f03854229300dc7,4
classification/train/9/train_03001.png,classification/train/9/train_03001.png,c138f84a57e60ee4e7ffc4d72bb58cc456c85f78f7679f1f902ff6504439586c,9
classification/train/2/train_03002.png,classification/train/2/train_03002.png,75e846c16af47a3680cdc2e7afdcaacac2088dc1496d3be28740482751a28725,2
classification/train/1/train_03003.png,classification/train/1/train_03003.png,9851c72caf6621af21a222e2ee959a7f72069d8707671c049c750685139072e6,1
classification/train/1/train_03004.png,classification/train/1/train_03004.png,4802c34b801887d6d9e5cf6277c8a3ca3e2c7f9c1622987979573c760b6651ca,1
classification/train/8/train_03006.png,classification/train/8/train_03006.png,98a4494c57534674164eea7add49eb413e4252b6368bb9d1e2edafe3288f4050,8
classification/train/9/train_03007.png,classification/train/9/train_03007.png,d7255999ac9a76119a03b1bbc327d4b6a5fff12d300961283f40ea2c5cd8ab86,9
classification/train/7/train_03008.png,classification/train/7/train_03008.png,e84515112d4079e369b01bff09d832f71caf08f145f8f106599caa5d850cf2fe,7
classification/train/1/train_03009.png,classification/train/1/train_03009.png,33a2277bd8fe32fa3d832354b22069a032dddf72e490648555629195c0a6731a,1
classification/train/9/train_03010.png,classification/train/9/train_03010.png,1dc7e2cfcd4ce72c055d0fa1ce7da61bf623316a67b3f352dcbaada3b3fd371f,9
classification/train/4/train_03011.png,classification/train/4/train_03011.png,26ea6cfb177e2512b46717d5932f02df376b32638c8df15df5d9269cb96138cb,4
classification/train/7/train_03013.png,classification/train/7/train_03013.png,66fe86a55ad51f1fb7874275987e4495173850c6afff669cc912376cbc819094,2
classification/train/1/train_03014.png,classification/train/1/train_03014.png,ed588003cd2888c167b314f5ad2975b64340ed3c7eb98c20eb6ea2fac75de703,1
classification/train/8/train_03015.png,classification/train/8/train_03015.png,0cfe8f983e92a1401122e95f26c171c0bfb8ebb264b85eb61853fac3953dbcd0,8
classification/train/1/train_03016.png,classification/train/1/train_03016.png,89e8f1157c69788ee05ff04ad6a15ae53272ebfb128e31b462ab7e4be7c4aa46,1
classification/train/9/train_03017.png,classification/train/9/train_03017.png,12e05c98e0f3a1aeb95ab48fbb6a1aa42e88e28c2452bc4a485cfad9786970e0,9
classification/train/4/train_03018.png,classification/train/4/train_03018.png,bfadcc6de6112676b6be973d014b594aed7489737f08305f4e64066c9fda3139,4
classification/train/3/train_03019.png,classification/train/3/train_03019.png,ffed07c91276224605920358bfec632606bb92f08094d7b933b701fe3caacf8c,3
classification/train/9/train_03020.png,classification/train/9/train_03020.png,f5a54bd23fb0acfbc09b833ad0e17f35d57195b2d5de59c00fd9c6a455f549a8,9
classification/train/4/train_03021.png,classification/train/4/train_03021.png,df984b71d146a82b8feae4a82a8f2894aacdd34dfc650e85555009e8dc5c3799,4
classification/train/0/train_03022.png,classification/train/0/train_03022.png,355cac18f8dbcfeb2ee2019a702f33ee13839f5fd66d90035aacc4e30164c16d,0
classification/train/4/train_03023.png,classification/train/4/train_03023.png,b26c95d72ce3661f4e5a27aa19f668d3e1d97aa45242e1334fc07aad52bba376,4
classification/train/0/train_03024.png,classification/train/0/train_03024.png,fc8c73918a1c35469e9d7db48c3141e424c6ee64fd2646437bfda9e22b1d0ae9,0
classification/train/0/train_03025.png,classification/train/0/train_03025.png,d1e1009065854ce7734b3c25de438dbecff56793af7a2da7b889b1256de266a5,0
classification/train/1/train_03026.png,classification/train/1/train_03026.png,88c0194bfa7f5e06fb88e5f659cf8473bbe495d0a54f42fc7dca68a26abac8c3,1
classification/train/9/train_03027.png,classification/train/9/train_03027.png,6c79da6d2ed94591e3b70b820ce4e7263a8e24de26e2672796939bc87b6687b7,9
classification/train/7/train_03028.png,classification/train/7/train_03028.png,8edfc4e3ddc7ebea9d55094ee3d7f523c2be4fa2069377a85d678696a424599c,7
classification/train/9/train_03029.png,classification/train/9/train_03029.png,cb1d34c7a7396a8002fbd69f99d69295db9675fd4177233de5d4c62636e86da1,9
classification/train/4/train_03030.png,classification/train/4/train_03030.png,e1e0f1a97357a7f49fdb01eb0926b5326e8614d733b2343d1fcb048d46389358,4
classification/train/6/train_03032.png,classification/train/6/train_03032.png,5e54dec7b26c8664fb8b6ff6e5fd8e1d5e66d637ad20a4a664886023f7295a5f,6
classification/train/6/train_03033.png,classification/train/6/train_03033.png,3f9148fc515ccb823db79c6755d4074dbacb14770bd3cb02cdd838293b92f27c,6
classification/train/3/train_03034.png,classification/train/3/train_03034.png,1419d4c7c65045008ac38050821e1f70aa3bb3a5d7687cce57d8cdc3d08eb716,3
classification/train/1/train_03035.png,classification/train/1/train_03035.png,480b278831219accee5caccae36d3da8e6730d56519432ea0939815dfad73b98,1
classification/train/9/train_03036.png,classification/train/9/train_03036.png,841f049b31266e59b81f73f26ee09a14a44ebcf654738d1d35b16cd06218cb0f,9
classification/train/0/train_03037.png,classification/train/0/train_03037.png,87b8e646119b9922d2bc74d7f867ed0c0ce27b05160c7a65761f62eab34a81bf,0
classification/train/6/train_03039.png,classification/train/6/train_03039.png,076e2a7b02d577d330777181e4192e62e8f924f14386f14ec726e54a6329f49b,6
classification/train/5/train_03040.png,classification/train/5/train_03040.png,35080170883163ce3d36cd653ecad7785496008708981267eee9f7b34fb2fe61,5
classification/train/5/train_03041.png,classification/train/5/train_03041.png,9e686444cdeca30cf7c60cbbdc713119e4da7a9e571c857bccebb692b548d8eb,5
classification/train/4/train_03042.png,classification/train/4/train_03042.png,7ac119f64d770c0c177c3267ebc0c64f74d3442be5672eec76406c91d9235761,4
classification/train/8/train_03044.png,classification/train/8/train_03044.png,f22f8c0a69b2584d817ebd7c068a39fa631a021d91a038eb75e79bd9eb829cba,8
classification/train/2/train_03045.png,classification/train/2/train_03045.png,418826408c4d8c4939edaddedd8c8478be2d12f0bf8e207c223e06f532c4f0ef,2
classification/train/7/train_03046.png,classification/train/7/train_03046.png,e498081915caf608242e0700df3c8baca2b108113f1e9b6175cb01b461b4a8cc,7
classification/train/2/train_03047.png,classification/train/2/train_03047.png,01a5232d9a49d99bf0898a289c9bd345dcfdef72a6939eca8480729e661328f1,2
classification/train/9/train_03048.png,classification/train/9/train_03048.png,6b168820dfaa5e17fd8a3936519a2f47c82b06309a595a5d3206bfcfe0ac2001,1
classification/train/7/train_03049.png,classification/train/7/train_03049.png,23b47135e272bbc242f63c916cbb996fbf7afbbeff60d77774d4910456a3885e,7
classification/train/0/train_03050.png,classification/train/0/train_03050.png,03fb3259cb1e2551944848d8185aefb43d920e9a7d44c1c8e8ff2897b038a8be,0
classification/train/5/train_03053.png,classification/train/5/train_03053.png,97b344577b0228def20b8546ada50da24d206e1834cca16fecd33e8e56dab321,5
classification/train/4/train_03054.png,classification/train/4/train_03054.png,41e52535bc7a639fc702eadf411e2b035c91158b5d097410385f9d52616dbca2,7
classification/train/6/train_03055.png,classification/train/6/train_03055.png,fa993fcc18e0517a7b3f9f5ac2d5a1c103ffd3c5fcb352d04c5425cd077464b9,6
classification/train/0/train_03058.png,classification/train/0/train_03058.png,d27253bc60c374ae0f20143e5884561fef42f71dc9bb9b23fe3df7487fa0151c,0
classification/train/4/train_03060.png,classification/train/4/train_03060.png,8b16ba5a10f28f33f1546cece53d76384125341820dc80017de490daaf6a2b0d,4
classification/train/0/train_03061.png,classification/train/0/train_03061.png,ff4498f43deaabf76cc8e711a7dc8043b6460b824e7c685a2131996e749f40b9,0
classification/train/3/train_03062.png,classification/train/3/train_03062.png,2c13cc7946102071bbc350339de9c3c73eb9f23414f47708cadcf364f01fcbe0,3
classification/train/7/train_03063.png,classification/train/7/train_03063.png,5d8f2df52efb55416beaa63cacfc9ec2c1b07470403fd93514b6e9941062846a,7
classification/train/9/train_03064.png,classification/train/9/train_03064.png,4a6d4b07b1040ff6fed3556e0232aaadbfdb86c965773ca69792f6466edbc400,9
classification/train/8/train_03065.png,classification/train/8/train_03065.png,30afb36b6c1706b13e36dfa4999c6ac14be9376db60b9c68296fbd5583a77bec,8
classification/train/5/train_03066.png,classification/train/5/train_03066.png,715cd6070f4b7a8f9365a5cbfda8e7de294b560554e370d5e94c2d04364874a8,5
classification/train/6/train_03067.png,classification/train/6/train_03067.png,8c17d26f680ed6d905d9dd3b493d283c375813b4074c7000b0a99f145ac06832,6
classification/train/2/train_03068.png,classification/train/2/train_03068.png,e1679704dd5d78fe3151761acd78e753e168dbd93f95b0c5f818a3d6906484f7,2
classification/train/7/train_03069.png,classification/train/7/train_03069.png,7fb401eb8107b55c5bd55bd1cc161dc1de6086cb9cfd1ab3a97968e99b5a3129,7
classification/train/8/train_03070.png,classification/train/8/train_03070.png,0ad345a17e1651d27d3dafa96414f90691944d98d3f97c740a2d1828661d2a69,8
classification/train/3/train_03071.png,classification/train/3/train_03071.png,49826e88ccad869a4856ec6fc1ce619376b58be31c61fd64275dadabc60bbbcf,3
classification/train/9/train_03073.png,classification/train/9/train_03073.png,c2439fcbee3f6da5c0b3ac4dc41fdec37fb160d1373eb1ef7efce5ad00b34179,2
classification/train/2/train_03074.png,classification/train/2/train_03074.png,1b8cfa084b7f240d8c6bb97a403d5b248fcb109a349f089bc271028fb33c8d29,2
classification/train/6/train_03076.png,classification/train/6/train_03076.png,6feacf3b72fbcb13fadbcf7086cf4be1030bd7d2ac4fd49f030f802cb0465ef8,6
classification/train/2/train_03077.png,classification/train/2/train_03077.png,91d9352333864801c00ab82838cd0d48d9da16abf8d3f8a517e083ec31fa90b3,2
classification/train/8/train_03078.png,classification/train/8/train_03078.png,1d39008937e09a0ad1ae77f4863683992a0b9e26b6a3654c33e0152f10a2baba,3
classification/train/6/train_03079.png,classification/train/6/train_03079.png,ee9b959c1b8952885d9d1351214ca3addb9a15c7cf0c12a40faa2aa91d20ffa4,6
classification/train/0/train_03081.png,classification/train/0/train_03081.png,9c3c0a2dc53dd772d54ba83eddb22cfdeb4379f8866934522d5f0e2e26de3bec,0
classification/train/6/train_03082.png,classification/train/6/train_03082.png,fccd6cbaa9ec97ba9194ec9787271e4bce316074055cc5b7ba9b34a11ed5b429,6
classification/train/3/train_03083.png,classification/train/3/train_03083.png,1d2c6275c99825c25769a953a041a402f16ea7e20e818ebd3c4ab9a3d887f02e,3
classification/train/2/train_03084.png,classification/train/2/train_03084.png,a8f06f4c036585beb6f5b00b801024bbd0a66d285695dd10579e35b5260223ab,2
classification/train/1/train_03085.png,classification/train/1/train_03085.png,b3e632e40f7c224290f2a2d6bb6bb87e598642691e2070bbb5e5f31b853f2feb,1
classification/train/6/train_03086.png,classification/train/6/train_03086.png,292bf70c72dd8a20d54f3be5e133ea48044c9f4a545d2f0d4740721c9852f507,6
classification/train/8/train_03087.png,classification/train/8/train_03087.png,52f7c9bc946ed2b04daa3f704eca825c24b6a35a0d7ea4b3fad3e54e354a9ed3,8
classification/train/8/train_03088.png,classification/train/8/train_03088.png,f5123a379ac69662e931656e30adffff2320063c99c7ac9b7b81056377ed476a,8
classification/train/1/train_03089.png,classification/train/1/train_03089.png,0619744c6780514a69a49863d852b223d57cb874b183adbc9a988277bf498e80,1
classification/train/4/train_03090.png,classification/train/4/train_03090.png,f4725b6b75f667dd3f5953a6c5696046e75e234f17a26e4ad3b2f2611b1255c2,4
classification/train/3/train_03091.png,classification/train/3/train_03091.png,2b074205169ebe71107db70a25049df185d6893276a607ad25db96171e34ce21,3
classification/train/0/train_03092.png,classification/train/0/train_03092.png,8e060d6417d8338101e3f09d62c9e966cfbe23c5ec5345dace6f73210d6c1747,0
classification/train/6/train_03093.png,classification/train/6/train_03093.png,fbbbc76b4fbbc1c3024d4db2138355f7dd99ba0fa1f9a0780a9df2dd4846c402,6
classification/train/6/train_03094.png,classification/train/6/train_03094.png,15eb1ecaf6fe0454786e1b9ceaef5f6cf706d852e27b22bebb1ed17d95dba061,5
classification/train/3/train_03095.png,classification/train/3/train_03095.png,ed1b7cf1a1b917b42d49482cd5b60d962da0b8c03e8649452136fab38866819c,3
classification/train/6/train_03096.png,classification/train/6/train_03096.png,88bc85d22a0afb2f9e3e69e1d7bd6608fe009b295ec38c4ef5dc96ee938ce9f7,6
classification/train/8/train_03098.png,classification/train/8/train_03098.png,cad0fc8667f5ece79fd537e8c58a69c70ceba1a1438007df227dc73e4d18e8b3,8
classification/train/1/train_03099.png,classification/train/1/train_03099.png,d07337ad6f7437059ed088f39fdfbe037313bacc806c1eed6781da79896492b7,0
classification/train/8/train_03100.png,classification/train/8/train_03100.png,aceb7df00dcb2ea640242b3195834bf584a505d8f0357483c5b258a9ba713372,8
classification/train/8/train_03101.png,classification/train/8/train_03101.png,b12fa1d6168a02169742908e569cd92e2a9a1cb80e876681bce06b25df05588e,8
classification/train/8/train_03102.png,classification/train/8/train_03102.png,1e3690dd531040306824fc352f848c05a62267683b35da83b0510dc48497cafc,8
classification/train/3/train_03105.png,classification/train/3/train_03105.png,80ad16a60ca3a58efb678de11e58c1736499f6009d40da76b5f78e7caea9e4cd,3
classification/train/2/train_03106.png,classification/train/2/train_03106.png,d38b1e49ea11a6dc11cba60079547ef0d060cabfa4af75effca8988301a28de2,2
classification/train/6/train_03107.png,classification/train/6/train_03107.png,4931b11ac2557b9935f25490458df0814a56215afd367c9ec1f4a3b2ea52aa55,6
classification/train/8/train_03109.png,classification/train/8/train_03109.png,b84a58a4fbf16f850cd3d1c0bbada11e6c59227a7ddc053688b64e5a9879e4cf,8
classification/train/0/train_03110.png,classification/train/0/train_03110.png,193aab143ecea65192d37f58c5eeddc1c384b01c18b1ba7aaae2bdd960261304,0
classification/train/5/train_03111.png,classification/train/5/train_03111.png,835cd2d043fe067bc454b8203a1fe3a10fb59d10e305b3cfc29cfc113c872ca4,5
classification/train/6/train_03112.png,classification/train/6/train_03112.png,714f3ed15c6529970b63a480946d878f1f7e22ac8b3567935893a9edde8931e9,6
classification/train/8/train_03114.png,classification/train/8/train_03114.png,4675d5ae57e6097a012abceb097d0336f73d548603bd53b1bb3575cb868636ae,8
classification/train/8/train_03115.png,classification/train/8/train_03115.png,707f3e3d9c0eebf8478734d4e4492fc66a1d26f9c503d91826fc0e202c0392bf,8
classification/train/4/train_03116.png,classification/train/4/train_03116.png,2a3d2af352589d2f8f260506ec8c0ca5ede3f6f0028d495bc3f0573ab0de238d,4
classification/train/6/train_03117.png,classification/train/6/train_03117.png,fba9fa4859f491ea277c9883c5eb1e460187b6033bd021e0ea145451d652c5b6,6
classification/train/2/train_03118.png,classification/train/2/train_03118.png,53f9669971a4779ee1878ee17fde6cc10acdaa2784510969ffa1ecb73e3e7393,1
classification/train/5/train_03119.png,classification/train/5/train_03119.png,38b8feb875cbb125818dd874a5fcf3e4bb08a65fffb5b92cca4f5477a90c7ed2,5
classification/train/5/train_03121.png,classification/train/5/train_03121.png,8768095cdcf6768aab46a4176009ec38759e2c982ca390ca60a7f6af5a896d23,5
classification/train/5/train_03122.png,classification/train/5/train_03122.png,5f9efeef08a30e3ee3242cf8e915218b5a9eb9c37735ce5e90db598fb167f514,5
classification/train/3/train_03124.png,classification/train/3/train_03124.png,9ab31c71775515737da267bf37d2f03c2332548f5c9817a08d86aa1d8a8dad93,3
classification/train/0/train_03128.png,classification/train/0/train_03128.png,90e59840b35b680163a36652a761a79dcfc66c89f3ac47f62e45d16b5f77587d,0
classification/train/2/train_03132.png,classification/train/2/train_03132.png,0ed0819e0dd1962587aa72b0613f70b364e0499b08d0ab9368d88c3074ccb85d,2
classification/train/6/train_03133.png,classification/train/6/train_03133.png,24ea547aa7e5705d8f74c7dc07ca62701b361b86211549533dc9e68576938b4e,6
classification/train/1/train_03134.png,classification/train/1/train_03134.png,08e88b2bd3f65a1ab27ae8f3e8b74ff5c711faf92d051939c4fc071fbbe302bd,1
classification/train/2/train_03135.png,classification/train/2/train_03135.png,a34d9fdd8aa13f91c95423c88c398a2069c80c66f0287d2aed9fc45676389e2a,2
classification/train/2/train_03136.png,classification/train/2/train_03136.png,6884b061b73a0772eacde02996474ecca36bc4db3a2d1057cffc4e16d3d87435,2
classification/train/4/train_03137.png,classification/train/4/train_03137.png,6a3e0f82e23c36f472ddbaa1f35937fe1d3675051144717fe0fa28819c497bbd,9
classification/train/5/train_03138.png,classification/train/5/train_03138.png,b28a5ee1c86f7956b2b715f46e4aa0502391d11e4177afcc1d4877376cbd5838,5
classification/train/4/train_03139.png,classification/train/4/train_03139.png,97f690315576a7fa038f6d2aec3d551c3327195bccf2c6e0b7b4691e667c8522,4
classification/train/7/train_03140.png,classification/train/7/train_03140.png,c9cac13af951c3ffd3351cc7c60149213fe67d3bbfdc2e08d8c895006f8d2c17,7
classification/train/2/train_03141.png,classification/train/2/train_03141.png,d5562789985e36f59821781561a94e6571089c0999c279e753fa615ff061244d,2
classification/train/5/train_03142.png,classification/train/5/train_03142.png,b53a67caf5f9c51654a2df3b38fff9821b6249c4d691f16f3e5e8486b427ce6a,5
classification/train/1/train_03143.png,classification/train/1/train_03143.png,882d7375f951e05dcfa9caec6c210d9bedc3bab71d7e14c50b6986cd1d9aaf10,1
classification/train/8/train_03144.png,classification/train/8/train_03144.png,896e2c5aa42e27513abb3716183a87c94a187b4c06eba1aede442794c2cc35f5,8
classification/train/1/train_03145.png,classification/train/1/train_03145.png,a21c9be0ca442f532c11013e87480e43c84800de4e8732575741184a5615b378,1
classification/train/3/train_03146.png,classification/train/3/train_03146.png,4847d29959245908c0814761c89da3c128bf624e0ee42f3f65f2495ff68fe632,3
classification/train/4/train_03147.png,classification/train/4/train_03147.png,c9455b5409d60d5aa2f00698aa7ccc072ebf5d85149393ea4f85e46c22982bb3,4
classification/train/6/train_03149.png,classification/train/6/train_03149.png,0c1dc00444f4677b0a2c8cfe504e971423aa2ae049ee8d6868d0db24bf6d6bbd,6
classification/train/0/train_03150.png,classification/train/0/train_03150.png,37f8955d76272a443d3a92f012e8cf97ff2cd4f2a036f5116a8c0646340e0a85,0
classification/train/2/train_03151.png,classification/train/2/train_03151.png,46e4b05b9eea3896ad7952c50f9e7bf6c028d47e92116064f8f9bd3c6c529c85,2
classification/train/9/train_03153.png,classification/train/9/train_03153.png,37bc92c604df2d7af52faa42df5f5802cdd3a6530712cbba91a244e4d7807fac,9
classification/train/3/train_03154.png,classification/train/3/train_03154.png,ee460228af70bad3cb5f2a49049761a833050a644aa1c7012293548f6a1b24ed,3
classification/train/7/train_03156.png,classification/train/7/train_03156.png,1bec67fb586f1db3c9d4878827d7d7381029ca7c7154ffdfc80d56bf77693b04,7
classification/train/6/train_03157.png,classification/train/6/train_03157.png,5719ea26b8502ce91b4c3daea923321f289ef50de49463ea6cb8c55928ab5b24,6
classification/train/5/train_03158.png,classification/train/5/train_03158.png,1008798581e256d73a68c8f7beee3a37efa93734c73ed98f2f4500d274fa74fa,5
classification/train/9/train_03159.png,classification/train/9/train_03159.png,be90a4d179a5842c4164448f7855af0cbc21ee6a7297656279d5e1fa31be7fe8,9
classification/train/6/train_03160.png,classification/train/6/train_03160.png,3a50e32693c74c143a68a4356924139f5559b0d3fe7062b68b66741d038c7cfc,7
classification/train/0/train_03161.png,classification/train/0/train_03161.png,90a9abc12d56dec5834b17783d4bd7ca0ca395926793cc3965b14ba669bf749e,0
classification/train/2/train_03162.png,classification/train/2/train_03162.png,357f9cfbe340665252041f6049fbc05fb8ecce7f044a3245233fe50b5fe3e944,2
classification/train/4/train_03163.png,classification/train/4/train_03163.png,448a3e1f44161a3f017eb2522f76d52f276fdf35447da546b9dc451e477cb5a2,4
classification/train/6/train_03164.png,classification/train/6/train_03164.png,ae99eeb1309604489064a85bda2806cd294186a0fe6f9a3a45f2d754967b01ea,6
classification/train/8/train_03165.png,classification/train/8/train_03165.png,2643ecf4c34fe913f8647a975d9f8d6269d08cfd9e3d7695bf85b73803e16910,8
classification/train/6/train_03166.png,classification/train/6/train_03166.png,24d372948a780412fbe9851d1fb8fa6278209f76d68ec3f67f44046d67be7bc6,2
classification/train/5/train_03167.png,classification/train/5/train_03167.png,f8cd9178ff11574ee266d76e561b96ead75f1d4227691b9bd185089702d5c114,5
classification/train/3/train_03169.png,classification/train/3/train_03169.png,2a4b52983bd04b6a46f0da3e3a35e30d63ce77c80200ea40d01a23a7cc0dd888,3
classification/train/8/train_03170.png,classification/train/8/train_03170.png,7bc791fe28cec92d22ce4fbae3fed09cb60c9a8d268902633b11bfcd4b2ca296,8
classification/train/3/train_03172.png,classification/train/3/train_03172.png,33caf67454d6924c0b18f0743804664ccc7aa6665fda1867b9deec1262bdb2ac,7
classification/train/5/train_03173.png,classification/train/5/train_03173.png,34006b53a408a376c9069e0dd80e3566b4427ceb34e01d0b68614408652d1350,5
classification/train/2/train_03174.png,classification/train/2/train_03174.png,154073852f5b15a9210461cd840ee5cc5391d21f9ffbfcba01e44d440d5bfb0d,2
classification/train/8/train_03175.png,classification/train/8/train_03175.png,f52a3901559140596c56fb20114141c775b947229e89aab24bbbf6a29a689d0a,8
classification/train/1/train_03176.png,classification/train/1/train_03176.png,1ce65af4c676c157820c05bd5daaf7d4e62bb8f0db75ce20c4428425f87d467f,5
classification/train/6/train_03177.png,classification/train/6/train_03177.png,957229b66284f22d618944038a7a428be834a98f24d9b34f004aaccf22024b6c,6
classification/train/3/train_03178.png,classification/train/3/train_03178.png,bb858a11b6fdce6065882a19f9b1edc218aba4c94cb891a0be529f7014ddc5bf,3
classification/train/6/train_03179.png,classification/train/6/train_03179.png,2e0f548fc4a54b6f49f2d4fe956835dc4dcf15bfc2b1e7fd7b21a62c744901d7,6
classification/train/2/train_03180.png,classification/train/2/train_03180.png,bea8f3a8da31a560a2b1caa40d27d0dd3222c004bf371daa9ceac06700fcd098,2
classification/train/0/train_03181.png,classification/train/0/train_03181.png,c442ba2bc6789c1b5f02658c29f2fea236fd674696e253c0ee2d9fb0cdecb316,0
classification/train/9/train_03183.png,classification/train/9/train_03183.png,4fa022a2f6c15f7af680a9e72e9e9a14c9f750c9cf8466025f6acdf6dd79e52c,9
classification/train/0/train_03184.png,classification/train/0/train_03184.png,1661ba52a40d645c8ec6e80b200376cee87fb03e7299d698347e8259f10116ca,7
classification/train/5/train_03185.png,classification/train/5/train_03185.png,8155735d8525e08f7b21d5201b259a3f55b29d1c34419a9f815a8230ef6fe3ed,8
classification/train/2/train_03186.png,classification/train/2/train_03186.png,8d339fdfceffac71612cf4e79b739eefd5d23c31642c97288121736d4888dc69,2
classification/train/4/train_03187.png,classification/train/4/train_03187.png,be38b20f852e47066b178903eead2a87c75f7c9a56f80eb1b6a66349054a8b15,4
classification/train/8/train_03189.png,classification/train/8/train_03189.png,6cad4d21d1bda7d9207b5ae9292b637900008bb632cad88a7b7071dee80d385d,8
classification/train/8/train_03190.png,classification/train/8/train_03190.png,24a45a1933f80c50f1745cd6a7642c5b86b33fd4036daad4ea8d2f03f5734bd1,8
classification/train/2/train_03191.png,classification/train/2/train_03191.png,749e0f10d29326dcda7854df166d449fcfe9633579cdfd6660f8e54daea1ee3c,2
classification/train/1/train_03192.png,classification/train/1/train_03192.png,37eef48c726ae12cbd03d6c8bf45b12ded30b6b4743cf4ec38fa1d6252daabb1,1
classification/train/4/train_03193.png,classification/train/4/train_03193.png,676883dad50757460e1204a22454b95068b34b9332727fed79d7bc2e96447d5c,4
classification/train/1/train_03194.png,classification/train/1/train_03194.png,02858d0147fd9b90a2a05d13efe7426edee3b1c95ab460718ce694d6339ceb5c,1
classification/train/3/train_03195.png,classification/train/3/train_03195.png,6a991eb9cfb7a8afbb6096fb8ea374ecfc033a913c638c8d516834c38c2ec96b,3
classification/train/5/train_03196.png,classification/train/5/train_03196.png,4f4895c7e7d305d80622866eac03b92da881de5498f31d89808e955e874637f7,5
classification/train/6/train_03197.png,classification/train/6/train_03197.png,fb34afc59fad6e4cab2ab441bd5b753af8b4253fc849e8e8bec394d595bc7a63,6
classification/train/2/train_03198.png,classification/train/2/train_03198.png,72728b7175bb0e93ff5b76da76247e62c19aa4f940a92d4cee70c7b4890b0938,2
classification/train/9/train_03199.png,classification/train/9/train_03199.png,645444627394d31c26252c19b8b9d30e3131eb4b36974c36ac66a5c86b7e533b,9
classification/train/1/train_03200.png,classification/train/1/train_03200.png,6f66fcaf4bb34fe638c0db9851d50b02d92342ec6721cc0116f1eee517896243,1
classification/train/2/train_03201.png,classification/train/2/train_03201.png,7797ad17d7de02901d8442949cafc5a8670b93f565f086bfc8cd6c6515cbbb62,2
classification/train/7/train_03202.png,classification/train/7/train_03202.png,68fa7b87dfaa351a14d0b58098ac7e271027add583957bda78af965bfe555fdd,7
classification/train/3/train_03203.png,classification/train/3/train_03203.png,deb4d9e7e84442de2521ad2729544032e3e83ff0fae1a3cbd513c60b100f269a,3
classification/train/6/train_03204.png,classification/train/6/train_03204.png,8fbe9e5abf76e6776e84dd86875ed9a5e191aa2aa6ce328aeadf27486aee0ba7,8
classification/train/4/train_03205.png,classification/train/4/train_03205.png,6cfd3cfa2477862da280e24a33eb8c9e470250d66c59ca350d4e9d878411cf9e,4
classification/train/8/train_03206.png,classification/train/8/train_03206.png,ecc5d2d39681610b2c8621634258bb5b070fc1ff0a2c00bf1c1dfb42d78791bc,8
classification/train/9/train_03207.png,classification/train/9/train_03207.png,2f4cc13ddb44d6a05ad06b2d62fdd89d2d999446172c1c23ed78dd8e98ea1e51,9
classification/train/1/train_03208.png,classification/train/1/train_03208.png,71df09349a1b6ca253d2a8157bcdf30260a9703875e44cd944c523dbebdb1bb1,1
classification/train/9/train_03209.png,classification/train/9/train_03209.png,d5f5757ee387a7e09c285941628c90b3e9227428d4217414f04edb01b084d8ea,9
classification/train/6/train_03210.png,classification/train/6/train_03210.png,b457c4c8ce5ea00ebf4a8749e40e01358c8df0541768cf404529c4ffcdf278d6,3
classification/train/3/train_03211.png,classification/train/3/train_03211.png,76b862e95479d79da9ac7748f87167a97393cc64bdae9eca81d703f2916dd5ce,7
classification/train/4/train_03213.png,classification/train/4/train_03213.png,5f7b417fcf4be08823faceb0b05556c06bbc9bba3413b6b4af54be248402ce0e,4
classification/train/8/train_03215.png,classification/train/8/train_03215.png,adf5dea1bb27b0906ecd6e99374dfe9da40b104bc38bbb10bddcfcf0302f2e86,8
classification/train/5/train_03216.png,classification/train/5/train_03216.png,e1caf7f803014e2f64914a0dc93ca968a966b5be12aae3ab785419649b71e228,5
classification/train/7/train_03217.png,classification/train/7/train_03217.png,7b8e0dc9f65ed16a803f69bb4609be582f132ac2adb305a26256ead8ced353b0,7
classification/train/8/train_03218.png,classification/train/8/train_03218.png,fe98f38738c63ad9b5c5f0a809a50a87c02afc17f0836704c4b3bbd88107b664,6
classification/train/3/train_03220.png,classification/train/3/train_03220.png,f5d8ef17ecfecbbbda7a3bfde0ef453d549a5a49cb0ce24a30e165d6c9a00ce7,3
classification/train/2/train_03221.png,classification/train/2/train_03221.png,27397bc41473b5e47e3d7ed4edc685dd5a244f4391a9116244535f21373ddefa,2
classification/train/3/train_03222.png,classification/train/3/train_03222.png,b0b58e28577d5afc12583722a685a31fada01a08bf4ee0e12e9eea660d1831f9,3
classification/train/4/train_03224.png,classification/train/4/train_03224.png,2278b6bafd50fed8f2f97148c139eaa23d8cf58d592dc0af0e4681f7b7581069,4
classification/train/8/train_03225.png,classification/train/8/train_03225.png,dbf02b8c02eef76fbfaa5b4c0cd5ba68d5597e1231e7e9f8c1a69734f512cd6a,8
classification/train/2/train_03226.png,classification/train/2/train_03226.png,fe03f3e74dc39e46e735d578397f361d92113bfebdc6cc25b5533c5bd024a0aa,2
classification/train/3/train_03227.png,classification/train/3/train_03227.png,f931c2a57c5bd98449878ebc7eee53f2d7b8735565f8aba62459ef2f3b5be5ea,3
classification/train/0/train_03228.png,classification/train/0/train_03228.png,b7e2022c2d731772c2167aa0fee6cd79cd286bc244a617c9b76ba5103497cb6f,0
classification/train/3/train_03229.png,classification/train/3/train_03229.png,f4a2cf8d9e42f595bbae700dc41c98f89da521487b4484f5eda5fee8b0f0a327,3
classification/train/4/train_03230.png,classification/train/4/train_03230.png,d1c33c79afe6bc85271fa31ff271f088d215c83434a1a9ee3b27aff098f606b5,4
classification/train/4/train_03231.png,classification/train/4/train_03231.png,62d3532d63cb75b6626053a4c0dfa2ecc9eeaaa8de356ca8ae94e5fa5eaf84fc,4
classification/train/1/train_03232.png,classification/train/1/train_03232.png,d2a140ebd6f82b2674e750319f019f2ff6ec3ccfc3d92df72ee24b3175887beb,1
classification/train/0/train_03233.png,classification/train/0/train_03233.png,ef6d396c9509ccc68cc94e40fb473315ceae530194bae2577e23a8b0088fe46b,0
classification/train/0/train_03234.png,classification/train/0/train_03234.png,66c781ff27cbab7d85a66907a9e12fe68fcbc18fc55920573f6b6f6ce3900864,0
classification/train/7/train_03236.png,classification/train/7/train_03236.png,f9ba0242e3e65ac28812b76ee0a390127faba50db14a2ba606587c9dc0fa0aa7,7
classification/train/6/train_03238.png,classification/train/6/train_03238.png,9a6c0836eff08d060a25cd7df6926bbb9ad4342e2795031f782a6185eeab734d,6
classification/train/0/train_03240.png,classification/train/0/train_03240.png,4bd29bf93586fc23559943b30f08f5e101d3be0c67837cad521c1d1aaeb51e44,0
classification/train/2/train_03242.png,classification/train/2/train_03242.png,6df927e152f8078d24d25010c506779b118b02bf1511b8f5b4976762633730df,2
classification/train/2/train_03243.png,classification/train/2/train_03243.png,bcd170521f7d052583cf70d37971c112784959728a06a169aa622d09d698f6d2,2
classification/train/7/train_03244.png,classification/train/7/train_03244.png,8d2afba3e37cbbeebce78a517a9a52505f21dfe0188ca9304be80d46cdff90b8,7
classification/train/5/train_03245.png,classification/train/5/train_03245.png,bae2fbce1519545bd25d900699806bd4cbab1a450453a44018b6c0a240c5f21d,5
classification/train/3/train_03246.png,classification/train/3/train_03246.png,8c39ea25fd13b364f534180584c10b1e27c9bc0e3a9f3869bef28ad48ae15c02,3
classification/train/0/train_03247.png,classification/train/0/train_03247.png,4e6abb9af6273d0e4938bff2ada4531fe4a6463eb21e6eb3484968b74a7db966,0
classification/train/1/train_03249.png,classification/train/1/train_03249.png,9886ad60f541e35e1b2bf13a57530d8bcd8dc3a96960d91005cca7fe92b76303,1
classification/train/7/train_03250.png,classification/train/7/train_03250.png,6f0c74af8d1676efd4e7093656894f1978cc3919f212ce9d5fb184b67a5dda10,7
classification/train/2/train_03253.png,classification/train/2/train_03253.png,c3fef3c6e5337c130755534defef60c2c59b8db76fa2ba13a13825d47a844737,2
classification/train/5/train_03254.png,classification/train/5/train_03254.png,18667b4921c4f579955468bbd3942282ce40f8eec507f9de9d0fe78985eb0f5a,1
classification/train/5/train_03255.png,classification/train/5/train_03255.png,b499385a1d3f0215cafd7bad9a32ea1c9fa3f0598b412e616bbdbdff0eee2b1d,5
classification/train/0/train_03256.png,classification/train/0/train_03256.png,56aa94c2a73986fa079822ab6044188db4a222281af100637c3e319031766da9,0
classification/train/6/train_03257.png,classification/train/6/train_03257.png,2965141731f5cf101b6e853925291e7569e78e4313ca6db9de061eccecfa9ffe,6
classification/train/1/train_03258.png,classification/train/1/train_03258.png,ffade0b1de59d776da6e41ea96d36056ac73f8ee6a984f37e6f58fad7cea0b0d,1
classification/train/0/train_03259.png,classification/train/0/train_03259.png,57a4c3f8510167b870f119878f655bf2af77629208e39271cd3ba4fd06a49f24,0
classification/train/5/train_03260.png,classification/train/5/train_03260.png,709d55ba0efe0e6f210f5b41dbb1e3f5c31487778beae83cce8cf6f35d89c4df,7
classification/train/9/train_03261.png,classification/train/9/train_03261.png,8df69d6dc98e78313bbd262b5bcb5317bba5bd43427eddbc12da9602de5440c6,9
classification/train/5/train_03262.png,classification/train/5/train_03262.png,06ed3972421f7d13e776eba6c02b61bf05b859a18617b53cf90f06169b24bdc4,5
classification/train/7/train_03263.png,classification/train/7/train_03263.png,16c6040a7c46d00339b29102a481d1ed444d847d2914e279350e304c078e64cc,7
classification/train/9/train_03264.png,classification/train/9/train_03264.png,862a4776a08bde9a2a11ebcffff084b5a9221132355144124d95527da0fc36a0,9
classification/train/8/train_03266.png,classification/train/8/train_03266.png,6d5d40e0c72de532a3f4e4a8d12eda6e49e1fa68ecf77b82fe21032c44aec47e,8
classification/train/0/train_03267.png,classification/train/0/train_03267.png,3335d3d0eb746cfd49751b59e4a08f4e2dfc6980d1742e97c4b63dd9846af493,0
classification/train/7/train_03269.png,classification/train/7/train_03269.png,7f03f4881a638849eabae7799fec78db8b6f798460aea7f72b15f71dc94068fe,7
classification/train/1/train_03271.png,classification/train/1/train_03271.png,e07691d3fcca863a806150bbed1b11d5d095e22d2942a19c8d8b8c6e597b76c6,1
classification/train/9/train_03272.png,classification/train/9/train_03272.png,bc81081ef7c1ca86bb64b3c53bc5c86c42d50d7ff5bf24030330d5436fe72f79,9
classification/train/7/train_03273.png,classification/train/7/train_03273.png,ab2ffe5d8a5197667c8f61b0e884fe2d92f15e24c94f5d3948d01252d6e3225a,7
classification/train/2/train_03274.png,classification/train/2/train_03274.png,ee7cb6a429ac95509f9bbdd8f447a62f53608557f021298baa813a31a54e28f0,1
classification/train/8/train_03275.png,classification/train/8/train_03275.png,8c656c840bcedffbbe0d79830ff358c86b7d578d318f1cfe3e1ce1d3727f7465,8
classification/train/9/train_03276.png,classification/train/9/train_03276.png,ea864e55fe4642339b0126c11b3ed7d6aba2a289a8f690f7b209c87fef05d176,9
classification/train/3/train_03277.png,classification/train/3/train_03277.png,880d1ce937f4f36fa3746cb3bf4c3a087ae082569748b9bf6245f8e4084d51a1,3
classification/train/4/train_03279.png,classification/train/4/train_03279.png,44db0bbbc58a3c149f7a4d38dc751bc3f28c27b7c36a3720df9d035651a97075,4
classification/train/0/train_03280.png,classification/train/0/train_03280.png,5bbc26fcfcd603aeb0dc134070e5f01a2df28628459f98ee891d65ba5ddc63fe,0
classification/train/9/train_03281.png,classification/train/9/train_03281.png,12ab50784420f77fa4a8970ac300889fd462cfe863610304f1836ae762643d50,9
classification/train/2/train_03283.png,classification/train/2/train_03283.png,85986d7e9ac16aa8ea4dc6059972bf70eca32409a67f929c8498d9cf607ab3e0,2
classification/train/0/train_03284.png,classification/train/0/train_03284.png,4fa3f321ad1159779952dd1b34c625a272e9734037bf4993dc47ab71c1875481,0
classification/train/7/train_03285.png,classification/train/7/train_03285.png,a3f24166f2830ecff812ac9a83f7dee1f88a6c2c330a976fc78b602309f9e3b9,7
classification/train/8/train_03286.png,classification/train/8/train_03286.png,93a1c8c0af8193b3fe943ca750d43bb16429a22d4aa1db6ef00e55d3b9e134a3,8
classification/train/2/train_03288.png,classification/train/2/train_03288.png,80e32d060502eddb7a95ff0209f37281c834ec1984149f9018568c35c4fe3386,2
classification/train/2/train_03289.png,classification/train/2/train_03289.png,d1f3508a29431d8177c3f21f53b1554598154cfb0808c38211cdb3fdc343d61c,2
classification/train/9/train_03290.png,classification/train/9/train_03290.png,2f8093a49c4eaa3566186e1b2848135286cbf382b5dc77b80619e44dc1a7536a,9
classification/train/9/train_03291.png,classification/train/9/train_03291.png,7cbb52ad349b54a33dbef95c7931af159e4c0ca5f02a353caa23430bcb97f36f,4
classification/train/3/train_03292.png,classification/train/3/train_03292.png,5cc909548cc539781ec395b6e4182072813efb1cd7033dd06a6db99093fe1383,3
classification/train/1/train_03293.png,classification/train/1/train_03293.png,1390dd17de0119131e71bcb91adab63cb829e9769cf72f4ad0006bb3db79a375,1
classification/train/3/train_03294.png,classification/train/3/train_03294.png,08c657866941090ecc1255eda9d7d6334abacac3dc3458bf1f5cd3bbdc171b6e,3
classification/train/1/train_03295.png,classification/train/1/train_03295.png,af718487e95f35f4c3977efc18e72bd1054c332eb185a412a71546b425e2716b,1
classification/train/7/train_03296.png,classification/train/7/train_03296.png,8ff645ed3066156ea301c198735225a3d6c519433655cc28e9bedaf91e61c37a,0
classification/train/0/train_03297.png,classification/train/0/train_03297.png,2ff83c7ef46bf3ced955f4328175e1982443d5f1af6d81aafad71800547809aa,0
classification/train/2/train_03298.png,classification/train/2/train_03298.png,64a221ef46c7fa16696dc8cfe5dd21faa8cf5e87efae73db1e604255da2f2a65,2
classification/train/1/train_03299.png,classification/train/1/train_03299.png,0af3920346952ac18d7c79cdad6ba7c77d189236f55f2f81709a1e45a5ece822,1
classification/train/5/train_03301.png,classification/train/5/train_03301.png,007d46cd6db1caabb4bc5e98cf35a7eacd8d9aa8ef094f7103bcce7329da3800,8
classification/train/1/train_03303.png,classification/train/1/train_03303.png,fc6c31719da6e872dde8b9d788a9dba6cc0b64a50387890defe65a3c622d6ff1,1
classification/train/8/train_03304.png,classification/train/8/train_03304.png,98d8d8be268a471dda27fa112dbf5533fb28311fd9b946139bd8454baf567664,8
classification/train/4/train_03305.png,classification/train/4/train_03305.png,3b1c8e15afc357b4e2d0d306103971bf45717ab1cf4c4df296962179e93b9153,4
classification/train/9/train_03306.png,classification/train/9/train_03306.png,c7b7c4d6326d941449d7ed514cc1cf94e9483927bb45bfbb6ea7b0886e33fab1,7
classification/train/4/train_03307.png,classification/train/4/train_03307.png,5db3a0c07ab2b29751aab3d0f5d79131b080d4fb58f8b19ccdc9cf2371fad7c4,4
classification/train/6/train_03308.png,classification/train/6/train_03308.png,e075189fc509c7fbecd6eb00ac1c6f51a60458239fa7345131a706853b848502,6
classification/train/9/train_03309.png,classification/train/9/train_03309.png,031056a491f92bb5c2ceb1bcc4705fd7beeddd60ec74b07bd3ebbfc8d0fc9998,9
classification/train/7/train_03310.png,classification/train/7/train_03310.png,527296ac0f82d415ca08f19d17870df609bc6c9e1cb3cdf8eb84d57b97a8d8e9,7
classification/train/2/train_03311.png,classification/train/2/train_03311.png,6849808f91f3a82156d32fd24e21e2206b4709b20ff4422be3572e8d61b374c4,2
classification/train/3/train_03312.png,classification/train/3/train_03312.png,cea739cfd604517ea8797b707b311ffd3fbb861f3745b843b4cba61316cfaad9,3
classification/train/6/train_03313.png,classification/train/6/train_03313.png,dcde86f9889fb3eccb2b929266afdf8c179da72b74308b3a5ec061dd2377568f,6
classification/train/0/train_03314.png,classification/train/0/train_03314.png,87e9b19387cef3259c048d6b19d3f7623c27f5690ffa3e48427ad5c9f6c111b1,0
classification/train/3/train_03315.png,classification/train/3/train_03315.png,da7d85d9ebf0cbf9af408022b5531ad96e3eb563c0d3407473daaf71e4abd986,3
classification/train/9/train_03316.png,classification/train/9/train_03316.png,6c89e72bde20458e61bfec3a59883bdc7f8c798d9a549943a5779b07e9ac6e8a,9
classification/train/7/train_03319.png,classification/train/7/train_03319.png,40be52254d73b19117b27f61ab3c35662cd6c5d33a33b92a1a9a299b2fb530e5,7
classification/train/6/train_03320.png,classification/train/6/train_03320.png,cb62a2aa64c53f0c2712c2ca9220ec360d4299c3d8414d001b2d723924bc658b,6
classification/train/3/train_03321.png,classification/train/3/train_03321.png,20127b4680beef8352da142b76f941ba709ad9e8bf019d64173152cae9f6c9c4,3
classification/train/6/train_03322.png,classification/train/6/train_03322.png,22d231fa7996e280c7665698fddcf8d520fd0169425e565f20c638e07c5caae2,6
classification/train/4/train_03323.png,classification/train/4/train_03323.png,ff1ce522864f0cc5a26c45486286306079343ab0df9eaabc782414814dce7ca5,4
classification/train/9/train_03324.png,classification/train/9/train_03324.png,7c3702de4d374c48765ce8ec81dd0e353b3d7847f163206e8dae56469f8b8a14,9
classification/train/1/train_03326.png,classification/train/1/train_03326.png,00b1409dc00da09b78a6080c1251fcaffb4030dc878c3e00b2d6917594f9eae1,1
classification/train/5/train_03327.png,classification/train/5/train_03327.png,1dfbbc5104bafe45239e12763101a2108e4a11c2076d79a888e249c52e0703b5,5
classification/train/7/train_03328.png,classification/train/7/train_03328.png,b93cf97a09d66db51411b769ed9f388b8fa17d38bc704e649cd79e722e7c6c8c,7
classification/train/7/train_03329.png,classification/train/7/train_03329.png,ff07685cac31bda7b1a0cd17de3f4a50775f93e185e0a1fbe0ed959787ec623d,8
classification/train/1/train_03330.png,classification/train/1/train_03330.png,7af29218773673c69e42b258c0832367432b53df927681fa2c2d4b19ee131ba4,1
classification/train/7/train_03331.png,classification/train/7/train_03331.png,107f2c777e6fadfefa0e9b81ea62e7b0e5372d27e0ff80083fa259b4c4fa78a2,7
classification/train/0/train_03332.png,classification/train/0/train_03332.png,6414166d5df6abea938a6e6def8d0a4241446f58e239e5a017614baad9838b34,0
classification/train/1/train_03333.png,classification/train/1/train_03333.png,4a2dfe5fbb82e4a34f900c0e4e65891511ec1d90b4bc1727a375aa41119c0da9,1
classification/train/8/train_03335.png,classification/train/8/train_03335.png,ac8cd51a37f29bc1593b5641f5503198a864d08bf1f05da57c6a621f90adbb5d,8
classification/train/3/train_03336.png,classification/train/3/train_03336.png,27df14bda730dec2c4a2ac25a8896c36932ff3a6e0a0e506a727296bf2e97675,3
classification/train/4/train_03338.png,classification/train/4/train_03338.png,c0eb759ce945bcac632870f327cd204c0b319e29260290ac9ef947597d854ccd,4
classification/train/9/train_03339.png,classification/train/9/train_03339.png,08b7ebe9a39515d7fbe49375f9bdffcc6ddf1ceb4cd9c4307d4fe56ca2375a5e,9
classification/train/2/train_03340.png,classification/train/2/train_03340.png,f3f2c62f6cb738d45a934523df4b2f7bf77fbf38b6ecb5e9a579fadb1caa6c9e,2
classification/train/0/train_03341.png,classification/train/0/train_03341.png,274286ae45e78346986d5bb5189e0476deaf596973ff7214851a778fc2242340,0
classification/train/7/train_03342.png,classification/train/7/train_03342.png,d0faae98eb0a2e39206fa5310db815fbe18c90557a1aaeededa049bf20ce0ce4,7
classification/train/6/train_03343.png,classification/train/6/train_03343.png,d8b7f096ba93689553185ee7a7c92386965166eee06866d35a68099e6911a4c0,6
classification/train/8/train_03347.png,classification/train/8/train_03347.png,89818f6946ce4a8e1e5bba5fd9910c84b978d2f9bdd4c218dcfc40457bc1a36f,8
classification/train/7/train_03348.png,classification/train/7/train_03348.png,c3a2d50c96673e9cb381aec1e79920ac6d42f3c7907ae59b0a48bc98327b14c9,7
classification/train/5/train_03349.png,classification/train/5/train_03349.png,3d386295e1f98daac01c145945e4fee9f46306fa8cf0711422447f18238c0d4f,5
classification/train/9/train_03351.png,classification/train/9/train_03351.png,f6ed75157531700d1b8ce01bf71d2131fad5881d189a972944f10cf9a0f81d15,9
classification/train/8/train_03353.png,classification/train/8/train_03353.png,65951e51c49e2dcc50f9b5e743db24875fba7660d205d5ee07e0a737b7283b6e,8
classification/train/4/train_03354.png,classification/train/4/train_03354.png,15214725306462819e3094de7288147fd0c8f9070ceddd828e5ee916d09c905f,4
classification/train/6/train_03357.png,classification/train/6/train_03357.png,69152df36e7839d7da91011deedba67539deb38b641ab2d55bf13c42c24c1fe7,6
classification/train/1/train_03358.png,classification/train/1/train_03358.png,a11e8aa0723eaa1b4c15c4955a784a52106d626c509177be86a18e338c524430,1
classification/train/1/train_03359.png,classification/train/1/train_03359.png,b24d70839a394e14275d037032b5209bdcffc74cc47665936f904712105b3fd8,1
classification/train/8/train_03361.png,classification/train/8/train_03361.png,ac0b30a9a3acb0a411b220c11e0ce681a6b901ad0427d848b82d379ba5d93993,8
classification/train/6/train_03362.png,classification/train/6/train_03362.png,e954bfe74e3b293d36286913614553c50fea34c47c27510f39571001767d632b,6
classification/train/1/train_03363.png,classification/train/1/train_03363.png,c318f177cfe92203956149695ec01842c17dd0788b4d85a53f86297ec9fb55d5,1
classification/train/6/train_03364.png,classification/train/6/train_03364.png,bb835d3de675cabcd6d39414f941c5dc68ceb252eaa9206bc092f17101d08522,6
classification/train/0/train_03365.png,classification/train/0/train_03365.png,3dc32e7097ad415e71477fed2ef27f5ae5d2244534f3bc5186ccfb0bec13f008,0
classification/train/2/train_03368.png,classification/train/2/train_03368.png,5697d659a855d0a4880a08a25e2b12acfdb1f13c1f2fbd62feb0281d7bce48ec,2
classification/train/6/train_03369.png,classification/train/6/train_03369.png,420aee6dda2f1fe35993ae2bb2ec642f29c5641f165485f164a82f33a0ffee4d,9
classification/train/5/train_03370.png,classification/train/5/train_03370.png,2011801e677d69ab979c0dfcc2eec0b7e7df68a3f1818fbac97af6fe362058e2,5
classification/train/2/train_03371.png,classification/train/2/train_03371.png,8a4dbcfe8fbcbfe9bddab1aa5ac27599bfc9b0cd6ef23060f4fe78b378447350,2
classification/train/0/train_03373.png,classification/train/0/train_03373.png,b6ddee8ec98620684caa38bd6bf2c339a7083042fcfc6654ab56ae54a752558c,0
classification/train/4/train_03374.png,classification/train/4/train_03374.png,cf1b2a14d1c38a763815433d5815ac858cae0e4c814ef280620b64cac171358f,4
classification/train/1/train_03375.png,classification/train/1/train_03375.png,afe9a53291d043d7ac1601eb053324058bc81337ad177fb8294b00859e944b77,4
classification/train/0/train_03378.png,classification/train/0/train_03378.png,de33fcb0bf46f48ff6a12952c62a7cc49e8a85173b401b2e4e5c9337d16788f3,0
classification/train/9/train_03379.png,classification/train/9/train_03379.png,79b91978d8fe4e7e07e26c2c2fb8b15fe6368ca3603d4d22cf6d8e46efb85f8a,9
classification/train/4/train_03380.png,classification/train/4/train_03380.png,69e30e7f28daf3dd55e3c2da4ec7293a39281ecde0a33c1e75ba7b59af9d9a64,4
classification/train/2/train_03381.png,classification/train/2/train_03381.png,2a7b326157294a28a041236873dc66f70b9b73e82fadda43103b4b004b4cce13,2
classification/train/7/train_03382.png,classification/train/7/train_03382.png,a26a10433b0f0fade1048fb5d7cd2fcc890a6d55627df5e7b1c9a5dea27cd257,7
classification/train/9/train_03384.png,classification/train/9/train_03384.png,50d152e6a38a47d6afe993fd1cc32187bf0475729b40b0945c8175ede94563a5,9
classification/train/1/train_03386.png,classification/train/1/train_03386.png,c1854396b1a0d8b7cc2a04c3d87132d2567727714f8eaaa2f25b37f62685cdb5,7
classification/train/2/train_03387.png,classification/train/2/train_03387.png,126cfe23dfc2bc541c84368368774d60ea0d7c8bd86c41f6c97852624bcb5e9e,2
classification/train/6/train_03388.png,classification/train/6/train_03388.png,7e9031933153a0b244c345d286047a94ae64f337b9d0a81dabbc77b990730d78,6
classification/train/4/train_03390.png,classification/train/4/train_03390.png,1530acaecdb30a666706539cbec11336c5c6f265e3ba18d0725a013d9d069518,4
classification/train/7/train_03391.png,classification/train/7/train_03391.png,e67693cbe8d0d4fd2944456e1f7303d962d604f9b591b9e8a3a708319c2bbdf7,7
classification/train/7/train_03392.png,classification/train/7/train_03392.png,495a6d9066d2ab0a789d5c0a63d7bae2df7207ab6287adf2a7fc0733d4062f8a,7
classification/train/7/train_03394.png,classification/train/7/train_03394.png,75b905e48567b582b222379f860a2a13c1cc1c7f6704dbc9264ef99594f49160,7
classification/train/0/train_03395.png,classification/train/0/train_03395.png,87543badfe3793ae94128bac9004853ce908c31cb5bfad28cf766c4280fe46ac,0
classification/train/1/train_03396.png,classification/train/1/train_03396.png,82a47829996a1a04c1a767bc3721be66df24e2d146ddc71e838db51d86bf4286,1
classification/train/9/train_03398.png,classification/train/9/train_03398.png,f08c8ed6ab2d98774a5258b2c1398a47ac4217d96c3f8c5e10575bc1f5961b51,5
classification/train/8/train_03399.png,classification/train/8/train_03399.png,edc0b05531896af480fbf940e0e9a1f8427bb04a19a1b716eda002eea977612a,8
classification/train/8/train_03400.png,classification/train/8/train_03400.png,c8088c0547e0addf3d97fe94959354b62b8f6ea7d658ece068e95c798594138c,8
classification/train/8/train_03401.png,classification/train/8/train_03401.png,afb01280d41497fc163d4ee4a9f34faa7b9b10dece9158e11b7bb20c8195d163,8
classification/train/3/train_03403.png,classification/train/3/train_03403.png,936c35d34e778d0d54e6cb6431466a2a02090fc639309e5396bdc0868e190638,3
classification/train/1/train_03404.png,classification/train/1/train_03404.png,3958f83b970bab84b3c101fe567d7f57e3ac7a6145dc4b6ad8b61fe40adfdb67,1
classification/train/7/train_03405.png,classification/train/7/train_03405.png,96ec5e0eaeb7881778c18a76b6095fd367f9c1873df4f52443bb05c7aeb48239,7
classification/train/4/train_03406.png,classification/train/4/train_03406.png,acca7c00592e10a4a886bd18680d002c1bcf55d96ea44394035f606c6b95a55d,4
classification/train/6/train_03407.png,classification/train/6/train_03407.png,69ef2a611c77432994df1b61fa491b788e108ee99feca7a5e9d3d375b87c7dbf,6
classification/train/6/train_03408.png,classification/train/6/train_03408.png,1a61c32112d3e738eed0fd921c1ed8f069b2f25e36f909ec980edd009f0bff8e,4
classification/train/8/train_03410.png,classification/train/8/train_03410.png,8ef7b0ea8b6804300fed72cfdca546caa3c6c2ce1778cf349fb67db7abb79a6f,8
classification/train/0/train_03413.png,classification/train/0/train_03413.png,8283ad0be5f76d8c92d4863781272a460961584e166e9262a80847ea2659c693,0
classification/train/5/train_03414.png,classification/train/5/train_03414.png,0f66efae366fcd4217fa46957e8ae9c9ecc99356784462ad129bd84e82f412fc,5
classification/train/1/train_03415.png,classification/train/1/train_03415.png,77a4d5c09f842fb9cc77991b98e612f299330d55b412e28f2485721d5b6f14a0,1
classification/train/3/train_03416.png,classification/train/3/train_03416.png,e045b3003894342034ba2e96b06de61c7165e2d440f88e361684cd77b2f98ada,3
classification/train/9/train_03417.png,classification/train/9/train_03417.png,486c72cf080769646ef94fa2c684ee6b3bfe890404a74cade17b586229b1e4b8,9
classification/train/8/train_03418.png,classification/train/8/train_03418.png,e5028e1866b285a87929bc55cde0a5486f1ed1293114db936dda8903fec4795b,8
classification/train/6/train_03419.png,classification/train/6/train_03419.png,1228a66d86293c74f54afcb43dc362d715e333d47037debb563c6a0cc35ffd15,6
classification/train/6/train_03420.png,classification/train/6/train_03420.png,ae107556af7cff2c73fcf877040df80bd4af757a0ec7b665527a7c40cc1c7d2d,6
classification/train/2/train_03421.png,classification/train/2/train_03421.png,8cf22dc62f8f54b8d08f36ce6e1e96f7a2a15f6cf3eae44ec90340a3275d6ee1,6
classification/train/4/train_03422.png,classification/train/4/train_03422.png,a22d799cbfa141a0ad35bc751bf9547c9e38567d93fcb2d16afc36a06bd482d5,3
classification/train/7/train_03423.png,classification/train/7/train_03423.png,f54dae9fb6004d9e93b3b61007606ef466a44c23dfdcb23918e437b5603dab91,7
classification/train/0/train_03424.png,classification/train/0/train_03424.png,f25fefc2e99550ffb424fcfcce1b3ccbb84008f0deab197daa6fd9944c1cac79,0
classification/train/7/train_03425.png,classification/train/7/train_03425.png,c21b9f3916d4c6b881ace216f4ff4c385ddcdd864369549985d7fc759008ccc8,6
classification/train/1/train_03426.png,classification/train/1/train_03426.png,b28c3d425bb7421c20e89b9b2d9ba02d6314f65b2ba8a70b9d5a993505d33c24,1
classification/train/1/train_03427.png,classification/train/1/train_03427.png,16ee536c356450c08a4574edbd29cd4cf053f12d3cecfba6b5ff9ccb4ab1b00d,1
classification/train/3/train_03428.png,classification/train/3/train_03428.png,ee8a7ce88f7edddf471465a51225b558d8f848ddf8036147fe3403615c5d0fda,3
classification/train/7/train_03429.png,classification/train/7/train_03429.png,765b1d810ab69ec7cfaffbaa3619a6ab3631903dd4ca7fc2be56298f8a07e78e,7
classification/train/0/train_03432.png,classification/train/0/train_03432.png,dbc9054e89ad0adaed29067846145a570d5f69aa9d57a47892140f41b27eb229,0
classification/train/7/train_03433.png,classification/train/7/train_03433.png,434d758777d1ef7ea7ed180121c66665208b2174e0578f427687ecffd58db598,7
classification/train/2/train_03434.png,classification/train/2/train_03434.png,9964b75a1e0dd9f63855d5c2ca2322bda7092fa3a4df48536e762c388b65d8d4,2
classification/train/0/train_03436.png,classification/train/0/train_03436.png,155c9b2cb5e0b0a8b3ccc2b260c3e830137b10ab71d3f8aebfc38508fb732af2,2
classification/train/8/train_03437.png,classification/train/8/train_03437.png,d86720c3ada521e3ac9b89f603c87e9cef942bdf89dc7d6ee91480857f7f29cb,8
classification/train/0/train_03438.png,classification/train/0/train_03438.png,4e2b3d87c9aea8bd2ea9e9d9edd67846720dd9cd7c6d50e99ff262e67ab5b82a,0
classification/train/4/train_03439.png,classification/train/4/train_03439.png,6347b9d8e7bb89edebe939d011ced7b0ea97b36adc2e30b75077b1b40fe63669,4
classification/train/4/train_03440.png,classification/train/4/train_03440.png,3a9dde5c35557c0a45cd2b775c43e44efa3b8c0187521904aeaef155ebaa1c52,4
classification/train/7/train_03443.png,classification/train/7/train_03443.png,4ba2417b70d312987295002ddca4041396640ed649a7dc8c4a231b93fcde0169,7
classification/train/9/train_03444.png,classification/train/9/train_03444.png,97bf271fccec69412aed2a124cbc96712cbb5b73f3dfc05407935ce0b7cc26e3,9
classification/train/8/train_03445.png,classification/train/8/train_03445.png,36f824c4a227bd8f1c7bcf810f2d2faad4d0b95392e194f2fb237c5881e0656e,8
classification/train/2/train_03446.png,classification/train/2/train_03446.png,0f3b45b6c5dff2d8a6abbc77e11cf5c545a1f493a55cb5563d90912ba27cb724,2
classification/train/0/train_03447.png,classification/train/0/train_03447.png,85e0f73fb08fceb40dbd8373b07bca74f9527d699e03429165ed7f047b19d2c1,0
classification/train/2/train_03450.png,classification/train/2/train_03450.png,f862fc171203cf8971be0820f99fec5069e07a812369e1509949b38e6bdcbab7,2
classification/train/3/train_03451.png,classification/train/3/train_03451.png,c0322256a567d6d038d5d04db075387002e7ec457a24ac31d7d9b2ffef3750b5,3
classification/train/1/train_03452.png,classification/train/1/train_03452.png,46290afdcbbccfd4ea9724824d93d0346c29dbbc0ac887e846be4d24ea6c0476,1
classification/train/7/train_03453.png,classification/train/7/train_03453.png,132fbe6564b3aa9169c236a9605b92e7dd0981b4e085ef97443cd8ae773257d9,7
classification/train/9/train_03454.png,classification/train/9/train_03454.png,1f3b0486508a1ff7811ad98d024c63bf78e8f76049d5999b05133e1b074efe39,9
classification/train/9/train_03456.png,classification/train/9/train_03456.png,38afd3a25f9bb813439dc35c2105217c74043c3ad0241ee2bce0c432a4c19cc2,0
classification/train/2/train_03460.png,classification/train/2/train_03460.png,e626658761fc586908829397104d43b44b167c946531675b5e9c93c492e9c53d,2
classification/train/3/train_03461.png,classification/train/3/train_03461.png,a41cb7e0c0b6f6efdecf96c4a229828a042111a5a18670cbb058388469ea33f7,9
classification/train/3/train_03463.png,classification/train/3/train_03463.png,317b094d511f4a8425822efded7e03ad6e6dfde353b9740deb3f95b0ba074b61,3
classification/train/9/train_03464.png,classification/train/9/train_03464.png,247f7a3273cd0fcd3244b8abb9958e0b1bb1ff51d125af43aba91431c09f84be,9
classification/train/2/train_03466.png,classification/train/2/train_03466.png,b66d8d0165c58ff7fd15480cb3d3a085d7286082b6a868bb50336467cf69243e,2
classification/train/2/train_03467.png,classification/train/2/train_03467.png,89a171dff5af1a47487e7d4278e665357e17f67f3b5b59364b099d995263a6f5,2
classification/train/3/train_03468.png,classification/train/3/train_03468.png,ee1fe5252b33ef61fa301ec51d93e9f543ec265872c2f08ea355f7f22a5e26f8,3
classification/train/0/train_03469.png,classification/train/0/train_03469.png,c8c69b2b4cbe17ec885c7be38743cb80d19af0b3bb268ba6d37d4c2811727105,0
classification/train/0/train_03470.png,classification/train/0/train_03470.png,c273c4aee0af230a23bbd72b6fb38689ee109059fe25f564899b15f545248e60,0
classification/train/9/train_03471.png,classification/train/9/train_03471.png,bc64d2984f23b0cdda2b523a8c02f99227337ae5fc9b5d617cba1ac3a1760aa9,0
classification/train/3/train_03472.png,classification/train/3/train_03472.png,1d22b368509ebc72cf9ac3dd5d19af112547e31bc45d811ce3782a92e449f9c6,3
classification/train/6/train_03473.png,classification/train/6/train_03473.png,e752ae18aed47c6d19e6f05fc16b32177ddf065a0ce0e75c6777183d0a995730,6
classification/train/1/train_03474.png,classification/train/1/train_03474.png,355118a7799c26b71d64999ca6256f919998560148bd4cb13ce1e09b222ad848,4
classification/train/9/train_03475.png,classification/train/9/train_03475.png,e1113d571ddeb9ab5474687c619bcc1bb07903ca28dfd834933272f595f77844,9
classification/train/9/train_03476.png,classification/train/9/train_03476.png,4b78d70e0852c373773fd537b298756b0e7f17751cfb8af75a1bb9873a4d9599,9
classification/train/5/train_03477.png,classification/train/5/train_03477.png,25c9682edb84181c28d8744b5f4ef69e5fda872a3f2daa28fbf6a0a939cc99f5,5
classification/train/5/train_03478.png,classification/train/5/train_03478.png,f30894f772d27eeadd37094ef7740504aa8c904a28d40ccb7f5aa1ead18d02f1,5
classification/train/0/train_03479.png,classification/train/0/train_03479.png,32e7163621202712c408411d7065d0178affc40a7f9b586e3c78b601f2fbafca,5
classification/train/4/train_03480.png,classification/train/4/train_03480.png,cc823f34cfa65f2794e093233ed20c11d6df0e50928bbd06d4295d25888ff11c,4
classification/train/0/train_03481.png,classification/train/0/train_03481.png,95b8bec2307010579118db4afc61e5581f127c98dd55bee6c9068cd925998846,0
classification/train/0/train_03482.png,classification/train/0/train_03482.png,1b91b4a14dbb70072bc78174fc4a2d2dee73a4b40b93b62d0ab912babc8514c1,0
classification/train/8/train_03483.png,classification/train/8/train_03483.png,64be274a586285cd49921f52e94ad2f3b5f3d0740fa8437c6f49925a3f86dc7a,8
classification/train/4/train_03484.png,classification/train/4/train_03484.png,d794efb5c8438ddda3bec6816544d4e23aef7df3a8fc94c4709d193b4a524c8c,4
classification/train/8/train_03486.png,classification/train/8/train_03486.png,1142cb21064c1d2db968284b44af08275efffcef805a0e737b8e051869c6adc4,8
classification/train/6/train_03488.png,classification/train/6/train_03488.png,8ce0510edb6e5ad2da21d30e2816203d58ffb5c00abb036b0857fbe101d11f19,6
classification/train/4/train_03489.png,classification/train/4/train_03489.png,112dccf0f2a666b3f573325f465a84c59c41dff846e82b7e0d9cad068211dfbf,4
classification/train/5/train_03490.png,classification/train/5/train_03490.png,2551e69f790e4a062d426f6910f5725cb245f4a9f869d86f71061335791e3430,5
classification/train/7/train_03491.png,classification/train/7/train_03491.png,f3f0a8f7ea9c49224a0153349a062e3d84f33ae28f48931a226138d4b6e239ad,7
classification/train/5/train_03492.png,classification/train/5/train_03492.png,12d37c5a0369d3b419c22246fd14cce40a289a759bcd69be879b93012a924cd4,5
classification/train/8/train_03494.png,classification/train/8/train_03494.png,61c7c0a4acfc5195d35d73c5bcb11889cdf3cd01309963b3f5e5dfb60c07adfa,8
classification/train/2/train_03495.png,classification/train/2/train_03495.png,80227ee45158727695ff4a0443f9fd9473c5a98458dc81862aee4353f5f69dab,2
classification/train/8/train_03496.png,classification/train/8/train_03496.png,8c4d9906510248589f487987b006cea9a3bd7fcfd876cdb16ce60e1c7a5e89b3,8
classification/train/3/train_03497.png,classification/train/3/train_03497.png,4d9f956d7f49c69ef0fbbbea4d45e8e273b41be740dddf58eacf0008ce3b9618,3
classification/train/8/train_03501.png,classification/train/8/train_03501.png,aaa4610ea4a60062c92ab0dcd18e6a63154adbec605de3d43f73e53d22531f11,8
classification/train/4/train_03502.png,classification/train/4/train_03502.png,fd3821f2f7c4232e6cfe81c91734b3c811e7bb621eecf544ee249c470a235220,4
classification/train/6/train_03503.png,classification/train/6/train_03503.png,09ac1a494b9f5b2edac0bc9a50bc102931d40e640a7640cf8085180eb9d984f1,6
classification/train/1/train_03504.png,classification/train/1/train_03504.png,1ef49422008d03b305054828f984b5ef044460b41640eb298d381418dc9c7f42,1
classification/train/9/train_03505.png,classification/train/9/train_03505.png,d1b3dd4a571613eb87728b9143720610ca5569ed47c8c1927a4313099162043b,9
classification/train/9/train_03507.png,classification/train/9/train_03507.png,5fa1bfcc6a74263d88f3fbbc0abbcd2cb4af69e582f88cef9d1ffbc480a5d9a4,9
classification/train/6/train_03508.png,classification/train/6/train_03508.png,9d65aad0ed74d3e624418e16f9447fba727630362725c9d58f5ebcfd35fb2665,6
classification/train/2/train_03510.png,classification/train/2/train_03510.png,5d4e6fe87a2cf769f5757c0a29fe6136198843c895a6d9d7255567e65a9f1e87,2
classification/train/2/train_03511.png,classification/train/2/train_03511.png,28aef75482831e0c79ac09b1df3b710e12799acd67324a722f815ca3d4368395,6
classification/train/1/train_03512.png,classification/train/1/train_03512.png,9bf4b0dc78d347cb83be3c9fb0a845476e9b879a3f2d6e8229a0fe0e7344f578,1
classification/train/3/train_03514.png,classification/train/3/train_03514.png,2b23e4f3ebff189619a5930325cd2e187f0e5a5e3812c7cfa520d39c954e9f49,3
classification/train/9/train_03516.png,classification/train/9/train_03516.png,274f91519a72cdc11b4dd677ed32ba396b58600f2515248d1b222904db3b60cb,9
classification/train/1/train_03517.png,classification/train/1/train_03517.png,2b2be655cf3d30b57c27e55366c0d0db6f50c198f94fdf0052a2756726212f79,1
classification/train/2/train_03518.png,classification/train/2/train_03518.png,ffd6af13a17f18f96898718ff67548939e701bd45dc4db69efb6cfda7e2639ac,2
classification/train/6/train_03519.png,classification/train/6/train_03519.png,65929952e078981f7b52babce6118acc1030962af3bee7a7379c5284dc6becb2,6
classification/train/6/train_03520.png,classification/train/6/train_03520.png,2c323f6d0ffe5697bb4f28d817e9bfac3a4186048acfec12aa2f1d29fbcc1e5a,1
classification/train/6/train_03521.png,classification/train/6/train_03521.png,0341b25c0b6951a823aceb87407ef7ed5345bcaa9af34a18fa00eebd1330d23a,6
classification/train/1/train_03522.png,classification/train/1/train_03522.png,1bddd49dbcc6d7c4af64bc80e10215e81e9c4da487d60d68a460b1b635ce76c3,1
classification/train/9/train_03523.png,classification/train/9/train_03523.png,25c9a3ebed93e112d2a437cdbc3c5c8b9d25b84397dbe583410bc617c44204a9,9
classification/train/3/train_03526.png,classification/train/3/train_03526.png,629cc068a16e55d28c8292a52c62c885e6bc112c1738bd9f1192af4d53908d5d,3
classification/train/8/train_03527.png,classification/train/8/train_03527.png,63ad2afa6461e1c676070c0101f7340c14ab58ec22e4512162d84d2c5caeadb4,8
classification/train/6/train_03529.png,classification/train/6/train_03529.png,4b94746fb92fa64ecfb7a748068932fb59d5b070281b1786836d0867575145a9,6
classification/train/9/train_03530.png,classification/train/9/train_03530.png,81a5744c621e7e34305672c8320b8ab8504329a32ceddfd4cfe5d73f7e9cfc10,9
classification/train/1/train_03531.png,classification/train/1/train_03531.png,fddc0fd785e60a3432a0ec5a96d28d99aa72878a17f632c0d2d6ca9c7d837169,1
classification/train/9/train_03532.png,classification/train/9/train_03532.png,729a0bccbbb6da0415ab55c4088e889f78b18de23e718a6d854a33ff49546268,9
classification/train/1/train_03533.png,classification/train/1/train_03533.png,5328a452ff7560fa6e987c5a02fce17100e893ae22b8d12a3bc2bdf8e25bce6f,1
classification/train/2/train_03534.png,classification/train/2/train_03534.png,1500e8f1beeaaaf722beb80ff1e58dad64b4d25a1d2e92cfa00ca2220d89fab3,3
classification/train/5/train_03535.png,classification/train/5/train_03535.png,b2bd50f720daa6c45035e88e65c7e181b5408fb63175fdf328c45cbacff79f02,5
classification/train/2/train_03536.png,classification/train/2/train_03536.png,1179053b059807611eeb7642d62b2e910bd8ff56e95d4fe8b62f74db1af7343c,7
classification/train/3/train_03537.png,classification/train/3/train_03537.png,23f654f803a06dba1b0f0696b1fff728aa38e9d287602de1d961de263af5b773,3
classification/train/9/train_03539.png,classification/train/9/train_03539.png,19b1f6eeae2185d33a771c71a32605b6811839e145c208aedb53b29475ca5858,9
classification/train/7/train_03540.png,classification/train/7/train_03540.png,200059a8f47b8398bbb7924b5bf41c4afc383e247fd00664b4f239cd6f4d6547,7
classification/train/4/train_03541.png,classification/train/4/train_03541.png,c6089a74def17df7f064e2b0137c3646e240527bea7066de7b47d32adeb11722,4
classification/train/2/train_03542.png,classification/train/2/train_03542.png,95568e1d9756f8dc893c30680014798cd5368c3be733158299afc28ff82da684,2
classification/train/2/train_03543.png,classification/train/2/train_03543.png,fc71e5cb0be5b295e9656fa0e5de7c3b7dd578f240fe278be43b18afd357d817,2
classification/train/8/train_03544.png,classification/train/8/train_03544.png,86210143b76c737f4a5f7320bd285c536c0304f78a8a077897ccffba5f4ccc71,6
classification/train/1/train_03545.png,classification/train/1/train_03545.png,61a2c046aae3b4175f695d81c10a3fa557448dc0600d88b30b0a70661c3a7503,0
classification/train/2/train_03546.png,classification/train/2/train_03546.png,bd2744675c7d7dd1afa281ec092c49844649913771742b65491c47c21bb9cbc6,2
classification/train/2/train_03548.png,classification/train/2/train_03548.png,0cae13b0101adeb2d8b45d65662ffb7c313b019e994f661810e1ffc106a6dcbc,2
classification/train/3/train_03549.png,classification/train/3/train_03549.png,ceed5ba292c580b7faf238f496589ac2e362fcd523cb310cede0b790f491dc52,3
classification/train/8/train_03550.png,classification/train/8/train_03550.png,2f71033deceb5713c37acc56e4142cbd6360593defa8112014ab186987992054,8
classification/train/8/train_03551.png,classification/train/8/train_03551.png,2d033861d5b30a3ceda7a30311acdc9cbb5d60396496e4bee7ae9c42224a2682,8
classification/train/8/train_03554.png,classification/train/8/train_03554.png,677633c3fccd9e46783e98d6ef4eaa329b6f99eda9d5ee64644de4c11f70598d,8
classification/train/6/train_03555.png,classification/train/6/train_03555.png,21552bf0bf887b30cfcdcc0828f3a2a54e60a20474932030ad3c535a1fb39e7e,6
classification/train/1/train_03556.png,classification/train/1/train_03556.png,3749f2481ab411bb7e7370f1950903aace75f60fa95ee73f1e2f99e54710515e,1
classification/train/6/train_03557.png,classification/train/6/train_03557.png,6fe81aea8f769e53fdb58ab2227e155aac9659f0ae8c83ba20d1b96f3faceeac,5
classification/train/7/train_03558.png,classification/train/7/train_03558.png,1a9f61250b7ab3713f4de2b14027662bae12257351ea1ff1e66f03bc6bd6d58e,7
classification/train/8/train_03559.png,classification/train/8/train_03559.png,b2c7a5e1f3b10cd7352a445422ac70fa02eeb53728dc4aed7044a6af808ad5d8,8
classification/train/1/train_03560.png,classification/train/1/train_03560.png,38e3b90176127003e8c95edfda04d4225d003602e75371a2ec02792fc5950b42,1
classification/train/1/train_03561.png,classification/train/1/train_03561.png,871c8f147c2dfe20f7cb3c526bfc43e1edf9d7cbe62a116b698b327eabbae225,1
classification/train/6/train_03562.png,classification/train/6/train_03562.png,38485e0492a1b66457f233440c856b7ccbf64742e1a077e67e99d484010eb701,6
classification/train/7/train_03563.png,classification/train/7/train_03563.png,6a193d2b19cd2570875a7c8247f5ff3b9d873b33a329ae0dba9ae8caeb837f45,7
classification/train/6/train_03565.png,classification/train/6/train_03565.png,11681a4f181d1adc9f9e7f1afcde09162a4e6de2de077f5c394893bf710e22e1,6
classification/train/3/train_03566.png,classification/train/3/train_03566.png,fe3ea770e0bc8a008bdb58a573ac16c6144e8d2d1fe6d0d4421875eeb47c4ec8,3
classification/train/1/train_03569.png,classification/train/1/train_03569.png,893c0e97fad0b6ae889c730021f0ae46f2a2d23d1a290abafad771b024ef1f05,1
classification/train/2/train_03570.png,classification/train/2/train_03570.png,4d4092d58317e6c5695a42b9c792948410fe18603d00cec028610bddfece9893,2
classification/train/6/train_03571.png,classification/train/6/train_03571.png,8c6d5ca20a7f7300a300514e9984b4c43d0063a3d142858c15aaedcaf3f3de07,6
classification/train/5/train_03572.png,classification/train/5/train_03572.png,5a7487352ed3808b937d3c80996327117a77b0b2b0c3dbfcfb6ae6edbb88e86a,5
classification/train/9/train_03573.png,classification/train/9/train_03573.png,32c36d2af002c25375657eff326e6cef2634f86ed2e466e78e79bd907d3a564a,9
classification/train/9/train_03574.png,classification/train/9/train_03574.png,9505604d897a662b054f2a96ae47c1975356c20c6b3df26f561ce0552d9d225d,9
classification/train/0/train_03577.png,classification/train/0/train_03577.png,0eca2269ad2e1f5476e47677b125fcbf38f59d59a7bad68e6dbecd5b16e86224,0
classification/train/9/train_03578.png,classification/train/9/train_03578.png,0cd66f3aa0f0579e160ab60d8f28b56b55834ebbaa0415bb81f497113481e4d7,9
classification/train/2/train_03580.png,classification/train/2/train_03580.png,e282c6047f976521c919f7445b807f2adefc603ac7b6ba779884792fc1c1e106,2
classification/train/0/train_03582.png,classification/train/0/train_03582.png,d2d7638c6a381ad1aa615688084e5bc5069536eb6b9909d1ab6c8c7d7493333c,0
classification/train/1/train_03583.png,classification/train/1/train_03583.png,ecc823f801fbc98bb7b3a6d3930ad217662b4c05adc7d19f8e1ac42c13c2bc8e,1
classification/train/5/train_03584.png,classification/train/5/train_03584.png,a56fd242ecb91aa7d6578c75f2397210e75ee406b9d1c7e49d06a2e33132fc66,9
classification/train/4/train_03586.png,classification/train/4/train_03586.png,459ca9f8d6863670a9bf43f5902cae666fcc9895eee6503cb269274c3f92ce8c,4
classification/train/4/train_03587.png,classification/train/4/train_03587.png,639e944129d2f71ba9a8308ebbb56642e59cb61ca9c1c0c0817cdb050a027458,4
classification/train/0/train_03588.png,classification/train/0/train_03588.png,80b34349fc0ea2e409b2e38f7f58475de7c467018f23f94dbd6136421484d291,0
classification/train/0/train_03589.png,classification/train/0/train_03589.png,f8e42ced73deab4f361b761c5679fa0c8ef4d62752b4283af1f30a10ba193fd4,0
classification/train/2/train_03592.png,classification/train/2/train_03592.png,73e1695db1ec8339f9bb72a01501619565120cd792b41f44a8885329c7c6c1cf,2
classification/train/1/train_03594.png,classification/train/1/train_03594.png,95825d88bf7007df9692c64c7a60699fc86f170fa73a5bbf8e6bf4d4471d3017,1
classification/train/1/train_03595.png,classification/train/1/train_03595.png,eb30847303e2ecd7d57a55c344cd0bcc37e54e14c1002eac407fd12ca2caddb5,1
classification/train/3/train_03599.png,classification/train/3/train_03599.png,ab5a4bee0508df8d34d552456138a96d533395f63d95e5ecab927d3abd1fdc9c,3
classification/train/7/train_03600.png,classification/train/7/train_03600.png,e131f664d54f45d1a490a496b5b5f44c5cfa55eb9e23cc3ec6e847056d1bf8b9,7
classification/train/5/train_03601.png,classification/train/5/train_03601.png,5cca27f970f93b494607dff9034b0fe6067e4793b4bd26ba673bae9f3ffd53f8,5
classification/train/5/train_03602.png,classification/train/5/train_03602.png,e3050f98d00cfaf36297cceb41ad5a030805f4bb6302a9de263950662e96e07b,5
classification/train/0/train_03603.png,classification/train/0/train_03603.png,686f6cb2123818a570983c2abf017300126570a0dcd32e9d6cf48806646c1d94,0
classification/train/7/train_03604.png,classification/train/7/train_03604.png,71c13a793c8a7382d880a5aca0373104b2c8085109ddc30c21aeee3e35f24188,7
classification/train/3/train_03606.png,classification/train/3/train_03606.png,5ae85b9dca7c9552218850bfbf0c69c51b0088302d801aadbc8e7ca193a22c1b,3
classification/train/4/train_03607.png,classification/train/4/train_03607.png,59d5c898b3fbafd8305f2f237ead4fd08bac38d570a4599c337813a8c1a18f20,4
classification/train/7/train_03609.png,classification/train/7/train_03609.png,1c99e8927595b91a7d530e9ac7f89527756d242d2585c1f6939486943774a6cb,6
classification/train/8/train_03610.png,classification/train/8/train_03610.png,a80b642dbf0a5c9869798916f4eafff1c1961eceb7f8764d390b05ed3fa9119b,8
classification/train/9/train_03611.png,classification/train/9/train_03611.png,e6c7b372c7b732d4dc1c8ed47a81c780c832c4e1acb6dde4ec4e798117080b72,9
classification/train/8/train_03612.png,classification/train/8/train_03612.png,2b8d955a7e0aa8470e8c090c039560435c5e8720acc05683c6f727d58e5b2af8,8
classification/train/4/train_03613.png,classification/train/4/train_03613.png,32c936a97ba55a6c3044ed24d0b2e47d14f33b9a3fb5afbbc1cc4467aa38414b,4
classification/train/6/train_03614.png,classification/train/6/train_03614.png,40b4c3ab475bb7cd74febda903660be0466cd1f2c488dd9baeab48fb3eb42668,6
classification/train/0/train_03615.png,classification/train/0/train_03615.png,acf38eb0659d019288ad2bf615914ceb6d339811c71159ad16fd7c09f11b365e,0
classification/train/0/train_03616.png,classification/train/0/train_03616.png,12285c376202e04aacbdec892273be0704f73ec1282ce6c8f1ad884a8a986a60,0
classification/train/6/train_03617.png,classification/train/6/train_03617.png,036333c97c4a040a57be2179066649716d8942dec1ea7e1d9f9b22450b8465af,6
classification/train/8/train_03621.png,classification/train/8/train_03621.png,d4f68531b035d2be9df4cea8b0ff4afdcc01e077bdfebf5ca6057236c55f64e5,8
classification/train/7/train_03622.png,classification/train/7/train_03622.png,02bbacb2bc2eac7a4b0d0467d03e10faadda73baa2de2f15e9e4f7c0fc5a3a09,7
classification/train/6/train_03623.png,classification/train/6/train_03623.png,d3c96f94ecbe757bc8d46c7a851ad8247ca1adcce6a3930c3fc37e43280ce90c,6
classification/train/7/train_03624.png,classification/train/7/train_03624.png,f255839847593cb9e5874467f82cbf14e2f7ed2d52f191aad8fec998bc597ed1,7
classification/train/1/train_03625.png,classification/train/1/train_03625.png,95bbdb63e271c4c6e0c20993a8e898db2b0181ac260de57f3c17eb8134739437,1
classification/train/3/train_03626.png,classification/train/3/train_03626.png,6bf3ed5a8363d8bfcbefb1a0e0d6a39694d4732d8bf6d6f97ad69f2d32283136,0
classification/train/6/train_03628.png,classification/train/6/train_03628.png,9e58da7e3490c64f569b2707a1f109f8991c5e9b4e26a13ec4d80e1c6dd73d63,6
classification/train/4/train_03629.png,classification/train/4/train_03629.png,2757a0bcb87b03f5af9025cf44e0ba7167ed4e7dbc921a693ba0c51c37bb63ab,4
classification/train/7/train_03630.png,classification/train/7/train_03630.png,38eaa17bfc5f095eebbaccd19df02062337ac20a31f6996f311b42316a60eabb,7
classification/train/5/train_03631.png,classification/train/5/train_03631.png,d6669673200b4db39d9ed9f22ab374629f9b53bb8274ab8684b3c7266351c5b9,5
classification/train/1/train_03632.png,classification/train/1/train_03632.png,343c728b7355d455c0dcb77d0dca8add5476cdb1136aa4edcf6a1cd8c241b444,1
classification/train/2/train_03633.png,classification/train/2/train_03633.png,fa2b04268c3ae7c42ce1e0d616eaf81dbecc1185ee2b1704a525748a3dd13c46,2
classification/train/9/train_03634.png,classification/train/9/train_03634.png,64f8bd9631dad3b24cbfc7999ab83ef773df3cc6b6ff56847c2485d6d5c3d65e,9
classification/train/4/train_03636.png,classification/train/4/train_03636.png,14acc9119da45165c679ecae550c11a899e3e58137daf048481a3a4cd5b7de3a,4
classification/train/9/train_03638.png,classification/train/9/train_03638.png,c7371d9ee16345d82767749ef79c46731f0ad85ea260807bb688828941b041b0,9
classification/train/6/train_03640.png,classification/train/6/train_03640.png,564e94ab7186d4a31b21394266e8c6643f898905beccaa82d29eb1ee755772e1,6
classification/train/5/train_03641.png,classification/train/5/train_03641.png,58d5138338cd50f623ff1cad1d7e1de65aae2a0c17db16ee703aecfc61dbe7c0,5
classification/train/6/train_03644.png,classification/train/6/train_03644.png,f877ef0e6cfe84b5356ba9e522a1dff4c40da99551f8ce71f2bf8b8a19bbda5e,1
classification/train/4/train_03646.png,classification/train/4/train_03646.png,7591c2d9f66bcc89f26ff6b0928e81d63ea96c27fc5553efbb6951ae318b7f9f,4
classification/train/8/train_03647.png,classification/train/8/train_03647.png,f6c71b629814b9ae22ee0e78518612f90cce06e76eb1bff96972cf41f380742b,9
classification/train/9/train_03648.png,classification/train/9/train_03648.png,516589ed25ea245249ac65ec1dbe1671c7f2e6507c02c3c1d7ec859cb282345e,9
classification/train/5/train_03649.png,classification/train/5/train_03649.png,6aefcc463b93ba43844316b2e3f82d19fc7691e9adb920f99f11d14b3a4d3c48,5
classification/train/0/train_03651.png,classification/train/0/train_03651.png,39ef28a6de9dd01f4d6a569a99f007a824681308c078c8961f25da8164265dd0,0
classification/train/0/train_03652.png,classification/train/0/train_03652.png,a1bd7de1cc64e65eeeddc8d6058b82ed241698db2c86f2523830ab086e703ebf,0
classification/train/3/train_03653.png,classification/train/3/train_03653.png,5f3883ba11a72c48e31a879677c6a6605afba82240ffbffe56ebda37e7b6225b,3
classification/train/9/train_03654.png,classification/train/9/train_03654.png,c0aebf291f223d60a5fd1a6210a7ebd0a538d2a2d2be64f09c9c3b0f3fdbfd05,0
classification/train/3/train_03656.png,classification/train/3/train_03656.png,5e734047ab8b9ac8f23a576cde7b2b5d3c0bc47961daebbdd83467ee776619e2,3
classification/train/7/train_03657.png,classification/train/7/train_03657.png,41268c4e76a3f894e49e54f8dff72c804eb427d62f3ecaf2f1e6062fbe805c8e,7
classification/train/7/train_03658.png,classification/train/7/train_03658.png,855b131409f981653997e7ed50f6fd0e6320ef6b2a7146571079795b1538b601,7
classification/train/9/train_03659.png,classification/train/9/train_03659.png,809918175ea83d5e76a914124af6993e9bb01159a621c6d50f614dd85f738bef,9
classification/train/8/train_03660.png,classification/train/8/train_03660.png,a806af71c598f935b91b8ab4c47928b1efd328de959ba99e0613aa170665b4c1,8
classification/train/8/train_03661.png,classification/train/8/train_03661.png,01f0b6f5327c2cb20a37ac944467a1b818432ec7c063ff77c24e0d6dd7ad5f9a,3
classification/train/6/train_03662.png,classification/train/6/train_03662.png,b4a95de17a5e1397e3f305c4ff991bfc77098e2ac0831098aca3e32eb8f1a145,6
classification/train/8/train_03663.png,classification/train/8/train_03663.png,10816e5c2af4f160b96098624c7def22f801d7d3b1cdc0c305c4b30577cc11eb,9
classification/train/5/train_03664.png,classification/train/5/train_03664.png,240cd15752dee45865b7a8c11100379ac54151ac0061f1a31f6022b485b11815,5
classification/train/5/train_03665.png,classification/train/5/train_03665.png,c8ad22d1efb554cd4730de533a13cff22063d3989dcff57eab37b6ef9ddc1be9,5
classification/train/2/train_03666.png,classification/train/2/train_03666.png,0881f832240a35bef60f2dd19e711591a510eab1266963976b1245751471f1af,2
classification/train/2/train_03667.png,classification/train/2/train_03667.png,d0ed3e6d703fa3c8f51f80b997d277b901424e74550cc37753dba71e0af48d0f,2
classification/train/2/train_03668.png,classification/train/2/train_03668.png,ee46ffe46935fe329d2e8a10c187dd237e378564481346a88600a2157bfc609d,2
classification/train/6/train_03669.png,classification/train/6/train_03669.png,69407f4482483ddce8045d8ff591b6c19b133c4827f271e5efea753af12398bb,6
classification/train/2/train_03670.png,classification/train/2/train_03670.png,2554f3f5a078c0bc8d54d2de9fe9ac441613cf479c2659518e8ece06a3f766c9,2
classification/train/0/train_03671.png,classification/train/0/train_03671.png,76338f8375e5674b97bd6edb66d48ef2c5e8df00adb503a85c0445344b69db4b,0
classification/train/7/train_03672.png,classification/train/7/train_03672.png,07764acb145c7f430662b31ca131ac99cdb21bdfa69b6c00ff1f196b81001362,7
classification/train/0/train_03673.png,classification/train/0/train_03673.png,daca1c5f26f78a9d09bbe26b616895566275236301309967b17382d2baa8743c,0
classification/train/2/train_03674.png,classification/train/2/train_03674.png,985879f5352777f8b4a91ee1e759a90338a2751c8493a43786ee9c2e8d6087de,9
classification/train/4/train_03675.png,classification/train/4/train_03675.png,74917bf623a27657281bcde39bd9844729032599ae30ca2ac5d8c298692df904,4
classification/train/5/train_03676.png,classification/train/5/train_03676.png,a6c2a6db016a351cf21f8552d7725f4da14158f4be2bb248b8965785f1985ea4,5
classification/train/8/train_03677.png,classification/train/8/train_03677.png,cee9a99b1d2e678c8274a1f664ad284a6f2ff0d5b692b238cb3fa1ea88c0c108,8
classification/train/3/train_03678.png,classification/train/3/train_03678.png,ac061fec15f6c99fe0ee372c5baa652e275ea7b7251e9ab4c6ab6dd2e632af7b,3
classification/train/2/train_03679.png,classification/train/2/train_03679.png,8f547869ce52ee4d155f239212aef6f2fe1f47eab0def9ee20bda354636f3e34,2
classification/train/8/train_03680.png,classification/train/8/train_03680.png,8880cced220e850de299e43dde3b976cbe6c46d863152b32e95458761343e7ef,8
classification/train/0/train_03682.png,classification/train/0/train_03682.png,5037ed8a981e3b31f07bfe95f266718e2bb7693bd73c035a260fefbce4208831,0
classification/train/1/train_03685.png,classification/train/1/train_03685.png,58df946ec55cedead325acb684e7d47ea8c67fe0b4a0d2268ad5b3cbf7fb5e59,1
classification/train/9/train_03686.png,classification/train/9/train_03686.png,6f0141a2a3a98dae316b1d7d456c4ead4429a64f48a93d99e123419eff17d090,9
classification/train/3/train_03688.png,classification/train/3/train_03688.png,cae3ffa00c93d141fdcf654eb06362f348a422e7542e3cc786a09542981eb842,3
classification/train/4/train_03689.png,classification/train/4/train_03689.png,b1e5ab94250e2545c11d648f1c416d5f368aca72f3d6207c21b62902096ecf2e,4
classification/train/8/train_03690.png,classification/train/8/train_03690.png,6d3e3148563df79b2cb61c1af0cd3f67770adefab9f8d778151510729b447397,8
classification/train/1/train_03691.png,classification/train/1/train_03691.png,79c0c95acfaa8473102a339315c07c74376a89f20f34be95fb940deeb8e9eef4,1
classification/train/7/train_03692.png,classification/train/7/train_03692.png,7ddd5e267c10c866de65a77fb3aafe1cc0b619d47da4317ee0adc7625a2e8d1b,7
classification/train/0/train_03693.png,classification/train/0/train_03693.png,4ca40e049b851362412c8441c17476671f3cb8846eaf7f27aeb5ba1dc3f210d0,0
classification/train/9/train_03695.png,classification/train/9/train_03695.png,77d353ec772e4849d36695066293be5e220bb217ecb9b6d41e93dfe34cb22f54,9
classification/train/6/train_03696.png,classification/train/6/train_03696.png,c483f5d13874c8e98de966fd42e2ec8463e45bcb9f09e89902a9c9a2b32c2623,6
classification/train/5/train_03698.png,classification/train/5/train_03698.png,7c00f8a46661628315037ace7ab19bde439f4deba412adebc3ca76da13e64ef1,5
classification/train/7/train_03699.png,classification/train/7/train_03699.png,1c146d4f492b4636e987867f1d15c7929f9c05f21e17fd9e575e7100e3f8b12f,7
classification/train/6/train_03700.png,classification/train/6/train_03700.png,34bcbef9270cf90a1b4abe2686bedd78a98227a310f76094e7f5aac50e3bf35d,6
classification/train/4/train_03701.png,classification/train/4/train_03701.png,e47e27cc9b056026968355b45d480f9e19cc31c5e4553461b03cf9a5fa59e781,4
classification/train/6/train_03702.png,classification/train/6/train_03702.png,b30f032832f33120187520f8f3719aa027c213f1e161d55ebb85b5a42715dbd7,6
classification/train/3/train_03703.png,classification/train/3/train_03703.png,4d4489fbf206de7bcc3d85730a59ea4e8281f841604d9061588f090c203111b1,3
classification/train/6/train_03704.png,classification/train/6/train_03704.png,485b40a763b7d789c54fb8a3384df17b1b9d131878808e144f3304ec527ae807,6
classification/train/0/train_03705.png,classification/train/0/train_03705.png,712f335a8e362724e5b4912cc9af3bc2a434a85e3af97c89837a71a3518c616b,0
classification/train/1/train_03706.png,classification/train/1/train_03706.png,66fbb7eda4de842431f395fc425dc34484b345bb94437e1f03389a96ab917d90,1
classification/train/8/train_03707.png,classification/train/8/train_03707.png,926148bfc0c04e9e23f14070a47ba517e676667ee2e77171cd700a2525ce23c6,8
classification/train/6/train_03708.png,classification/train/6/train_03708.png,2b2d0b4b03bc7d3bae3f16dc6167356e2f4ef222e0cdef840b845bb994af63b8,6
classification/train/5/train_03709.png,classification/train/5/train_03709.png,d486d7af9c0435603d0a23ea86c2828f072660f9f4fef7e570cb61567f65a1cb,5
classification/train/1/train_03710.png,classification/train/1/train_03710.png,6d63b580c0dfd2f4a3205ba721fbe8fc2f7c42246b57623a8fe5644f87becb90,1
classification/train/7/train_03711.png,classification/train/7/train_03711.png,1b107af6850f7a6ce12967bf7de9aa08d45a1a21e5b468dd086388f14d0fb444,7
classification/train/1/train_03712.png,classification/train/1/train_03712.png,fbdb9685b05a0e8003112367d0b2f7f812e17de7e09ffbaae9e7476e63503a8b,1
classification/train/1/train_03713.png,classification/train/1/train_03713.png,e33d90bd44bc985a0fed96f77546dd328d1378a9942feeb3c646ec9e72c76f87,1
classification/train/9/train_03714.png,classification/train/9/train_03714.png,9a75a8ef14807e2a5e5c42b638e0eefed75d608cd83ba06073cb7f19a071a78b,8
classification/train/3/train_03715.png,classification/train/3/train_03715.png,5c3bea10c74a70dfb03a802cea544096908af06b95a60e7a4960dc4e21de712a,5
classification/train/9/train_03718.png,classification/train/9/train_03718.png,47562cb2b88487aea0473654b86e4d79cce17f7980f4236772b1a7afab55b8c7,9
classification/train/2/train_03719.png,classification/train/2/train_03719.png,d3682b0d6fe4db475c8dfa80a37900095e3cac82b5b366576dfd7ed3404888da,2
classification/train/9/train_03720.png,classification/train/9/train_03720.png,26ab831e8fd28ad81614778051c3904bd536eac5c7af77a789767cce61a9ad4d,9
classification/train/3/train_03721.png,classification/train/3/train_03721.png,dcf941629276ad41957a1a0ad698067f7ef11dffdbdc22da0f37a32a50adad37,3
classification/train/7/train_03722.png,classification/train/7/train_03722.png,38310a951e6fbf55e5583bf39e07ddea5861de8cf737db93b3b9afea4f57ba02,7
classification/train/6/train_03723.png,classification/train/6/train_03723.png,15a4d00a167f5d05ed77e90f2c54ba277eb09fcba025090da0480d15b6819b56,6
classification/train/6/train_03724.png,classification/train/6/train_03724.png,26ec8563beb9f44f514576fcdc7659b7168b7597897a7bd8e01778ac85d83219,6
classification/train/9/train_03725.png,classification/train/9/train_03725.png,7c22f8968dd57e619d95492028b87ee4f8a02bce9d57af76410bb8f10388198f,9
classification/train/3/train_03726.png,classification/train/3/train_03726.png,8a10de23b02ecaadb8393acecc03d91910497f61f9c33075d9c066c52b1d6794,3
classification/train/7/train_03727.png,classification/train/7/train_03727.png,d08cb04cf4435d5fb0f07db4a0b5df54c49336e90eee9d082c10291bc9eaac07,7
classification/train/5/train_03728.png,classification/train/5/train_03728.png,a4bf657bf0872f42f1e9fd5314327af111c526db4d9f2d0c2717cd0b96f5064f,5
classification/train/1/train_03729.png,classification/train/1/train_03729.png,730ebf5adae9db236bd08cb92125e544ed54e9953fa9c5c164e14f6200c7cd8e,1
classification/train/4/train_03730.png,classification/train/4/train_03730.png,95a7f5adc37b7e563177cacf1549fcfa1cec4f14d6bce10388389cc9e942bc39,4
classification/train/4/train_03731.png,classification/train/4/train_03731.png,a305c8025b6fb0a4aa6af44937f5a552f70f77d108cf32d99a44cdfc410fca9d,4
classification/train/8/train_03732.png,classification/train/8/train_03732.png,a855aa94375922a951f4a9b6021c3f5edfbfc8d40be5221194d433745ce4f740,8
classification/train/9/train_03733.png,classification/train/9/train_03733.png,1101ebfb77ce45bbef6f30277949225fedf443e5e51315dd090cf4c52a5d72e4,0
classification/train/1/train_03734.png,classification/train/1/train_03734.png,6bd4b6db8070d3f9f3d815089ed41a38d72cb158443824b6eed6fa769a56603d,1
classification/train/8/train_03735.png,classification/train/8/train_03735.png,69df19b33db43d643ab8f0e6106b11e1e30b924884b17de780e7ae44e6af0e32,8
classification/train/0/train_03736.png,classification/train/0/train_03736.png,e3c7abbb158884c3940e2a3db8d05c4d432cd8c03ee4a70d594d41c32571d420,0
classification/train/1/train_03737.png,classification/train/1/train_03737.png,d99a8a21b3ce55d2f0d9ebf49cb2402d1cf30393743934e004df549235f92ca5,1
classification/train/5/train_03738.png,classification/train/5/train_03738.png,fc88c9d1fd56aeb1e847d5ca0cd31df94d43e2c4cecc8db3a5c320ca2632cba7,5
classification/train/0/train_03739.png,classification/train/0/train_03739.png,229cf74797ed23bde64a73e08ef25ea729f75d9918a55aa15971115bdc06b2cd,0
classification/train/4/train_03740.png,classification/train/4/train_03740.png,847b296b94bf9f161f4f277c5a921c6ad5a1697a20a1151cf182051562af80fa,8
classification/train/4/train_03743.png,classification/train/4/train_03743.png,231f929fe5922ee4b725a9edce7437886f29ff181a3585a30749be913e45ccf5,4
classification/train/5/train_03744.png,classification/train/5/train_03744.png,0fc52048476ca461453de9a657a8c4747faaf423dac345091241b41ba10b7a87,5
classification/train/4/train_03746.png,classification/train/4/train_03746.png,faf469a37dff5ccccf23fafc8c04caa054d4c68d492bca5432100062e2258d8a,4
classification/train/7/train_03747.png,classification/train/7/train_03747.png,e470589ef2a606b45553e7466b82978f2e960ed8d4fd7dca504f6c8c971ee1e1,7
classification/train/1/train_03748.png,classification/train/1/train_03748.png,ac417180afae04a7e3522af9a6a1188508778ec93f5c6b89844eb028e535ca31,1
classification/train/9/train_03749.png,classification/train/9/train_03749.png,613df979e56a506ac1e688c352a7c9b02fc1ddceb5e06d8fc2d84a678961d032,9
classification/train/9/train_03751.png,classification/train/9/train_03751.png,01efd305d6dcaa7a37b430970123b91475d77d8bef888890a5774050fbe3ccd0,9
classification/train/9/train_03752.png,classification/train/9/train_03752.png,cd4e17b4752a3cd9b53c0cb84ea218df8cd6b9a3020a7f2e410d020ae4d00b68,9
classification/train/9/train_03754.png,classification/train/9/train_03754.png,9c2e302bc1897de417ef88d01e70d1211506158b6f1d61dc633103933b958110,9
classification/train/8/train_03755.png,classification/train/8/train_03755.png,63471349424ac3576f26ffdad3ac4f976e1cc5cf681a5a4683f6ace5633a89ad,8
classification/train/7/train_03756.png,classification/train/7/train_03756.png,05712606b2196f6d1ab6005dec8192ffc41981519e3797028e29ce6ed37cd44e,7
classification/train/8/train_03757.png,classification/train/8/train_03757.png,170d59cfc7166eaffcc5139cca03da4e048fd95704afd832654afd2a3ebe508b,8
classification/train/1/train_03758.png,classification/train/1/train_03758.png,67d5c3c644d54cc06fb74b78479eb5dc82412cab1eb2a19666eabc3fc51a52f9,1
classification/train/1/train_03761.png,classification/train/1/train_03761.png,9ba336a89166fd1d2db1f3d623e82578b6a37b5df2d1a37ab29c74c85c907562,1
classification/train/8/train_03762.png,classification/train/8/train_03762.png,6e12d85aa90720e2e9e6023912fc770d2acdcbe442ea5df275c49503527b9434,8
classification/train/6/train_03764.png,classification/train/6/train_03764.png,1c6c7c6a6b5fcec0714e7242b61786fd5a451deb86925691526e407b92c4ec74,5
classification/train/0/train_03765.png,classification/train/0/train_03765.png,b53e03620608589111dc26854e6de948feba313ab5563e44bd3bc53164339abc,0
classification/train/8/train_03766.png,classification/train/8/train_03766.png,dd7e2084bbbddf532586c4d15d3016fbad91c2211389026f6a5eb4db85e7f1dd,8
classification/train/1/train_03767.png,classification/train/1/train_03767.png,b4edf8bc8da36bf3ac19772c42b69cf160bdf5f1bc8a39c2f3a2a22ae6aa21d5,1
classification/train/5/train_03768.png,classification/train/5/train_03768.png,46e4598dfa0045803fe8f78683f773f2658f2da9b740bb28593c064574c7e72f,5
classification/train/7/train_03769.png,classification/train/7/train_03769.png,5ca714ad8bf3a786ef4a9f7c4752a539b00506bf3d0c1e88b0082f4beda6c05c,7
classification/train/3/train_03771.png,classification/train/3/train_03771.png,b80831c5429c2eeafb08a6eec9e664d20b81c7bb01265a9b33b0470fb2a6249e,3
classification/train/9/train_03772.png,classification/train/9/train_03772.png,eea6e1c943ccefaa34b4589f446b9ce13501c2eff39a34fb71a4e60c5d2ef284,9
classification/train/5/train_03773.png,classification/train/5/train_03773.png,20e61709be5ac08e2b65cbf3640e4a61557b3e5deb46e8fb9c28dee8b2f1a406,5
classification/train/3/train_03775.png,classification/train/3/train_03775.png,0afdc9b1177ba718b92aa543969f86f3a7079557aa2aadd9b60e197f4e8764a2,3
classification/train/4/train_03777.png,classification/train/4/train_03777.png,91589c9906b64fcf5a15fd988a74976ce79affc8cd9f37cd7833a630da21ea45,4
classification/train/8/train_03778.png,classification/train/8/train_03778.png,e127c4381472b56c009a2b0978c6233c659b4e992bb292dcf6fef3bb71a5ab8e,8
classification/train/2/train_03779.png,classification/train/2/train_03779.png,8569beff920240ee3bb46a4a0b8f0b3ca92c3a1c19c8b8cf3fbb98384d2a44ea,2
classification/train/4/train_03780.png,classification/train/4/train_03780.png,61a898ac9047ebf80ebbf104752a8944956d0f5dcb5e80b7542c1b4eea080f05,4
classification/train/5/train_03782.png,classification/train/5/train_03782.png,ef2c7740140a1920fcf8771f1b43148ee42b16b2dd3cc0d1de53fa66512329f7,5
classification/train/0/train_03783.png,classification/train/0/train_03783.png,b59c607d00f580eeee98d8bd2857e5ef054118501d3af36d70c3f32b2997b25a,0
classification/train/5/train_03784.png,classification/train/5/train_03784.png,c45875ffd394758f2330e3274d224ea2e0d17d5df9b9a8ac6fba920eccc6c5ec,5
classification/train/1/train_03785.png,classification/train/1/train_03785.png,64b3d502f064398c9749a3a1fcaf9b8613172d3afb9c75038c428c04d0a1b417,1
classification/train/6/train_03787.png,classification/train/6/train_03787.png,f8ef80387fa4b0e0d08622437bf2dac1a30b14f824a0ad961d1f48861313ef69,6
classification/train/9/train_03788.png,classification/train/9/train_03788.png,538d8d45adc602095eaf29bbd3e2587028968b730a60192b4a326454bb8f3ae9,9
classification/train/7/train_03789.png,classification/train/7/train_03789.png,201c7f4ffbc7a42787950a10d253aa017da6c2fb043b276c5987929b246fde87,7
classification/train/8/train_03790.png,classification/train/8/train_03790.png,0f3d12e5c3b7824d6cfc4d3551672a98524381f34411759746d46329d89a02f6,8
classification/train/2/train_03791.png,classification/train/2/train_03791.png,7a8e3b247b09ab6e27a2ebde22ff2732316e72de6aecceef4cd2d58ff0ef4fdb,2
classification/train/3/train_03793.png,classification/train/3/train_03793.png,7aa224ebeaad2f5c973af33068adb8f640b60bcc3352330f155c45245511c7c5,3
classification/train/2/train_03794.png,classification/train/2/train_03794.png,23811e3375e69d0ff3fb7613d5cbd59c093cf59bac594d9c260de1b53df134fa,2
classification/train/5/train_03795.png,classification/train/5/train_03795.png,4e691e811ae72a3374cf7932e71e6abbd23662dab8270a86d7e54d224ff98771,5
classification/train/7/train_03796.png,classification/train/7/train_03796.png,17d29c1280cfdd40aae96aa7454eef5328100b2775509a7d433dbae077b4cfc4,7
classification/train/1/train_03797.png,classification/train/1/train_03797.png,8f5941c7102253bd06c1016444eb468e055dd012d5bd0fb61852d801d63cd9d2,1
classification/train/7/train_03799.png,classification/train/7/train_03799.png,6ae85002bdc300c9d2835f7d2b20afd09cbd8de44970409df99c2e4af0012dba,7
classification/train/4/train_03801.png,classification/train/4/train_03801.png,d8f3d3d8efe7f294707a1f465eff39b32a17db6238ff751977224b163557ee7b,4
classification/train/4/train_03803.png,classification/train/4/train_03803.png,1eb448119cf9240e930979da43dee9a42fd3b8a42e8b9d44195bed60aacf16d9,4
classification/train/4/train_03804.png,classification/train/4/train_03804.png,f056dbb9df29c8235262f8af42cd4562b540e8c7cfd895ec8ef8a10563e6fe10,4
classification/train/9/train_03805.png,classification/train/9/train_03805.png,6bd504ea2b4ad9f8b2fbafcaa747f6f04557ac711474d6db19497e48770d8cea,9
classification/train/5/train_03806.png,classification/train/5/train_03806.png,d3192cabaefd6941d1304747620163912d7c557fea7858922f2b028f7d4246b6,5
classification/train/7/train_03807.png,classification/train/7/train_03807.png,d4a3e1232ee26628432a6b7aa5bfdfbe9b848c6a1feebfe4fa34b4724654f7f4,7
classification/train/6/train_03809.png,classification/train/6/train_03809.png,893f8e290bd20dcbeacffb0b3ff15600b3ecd011208ababbeac1351b1218f8b7,6
classification/train/4/train_03811.png,classification/train/4/train_03811.png,6691374128a562ecdf0bda676128c66ca9daaf1de7937d05b945a2a405b823b1,4
classification/train/6/train_03812.png,classification/train/6/train_03812.png,0f14c90fd7db9f4f177a0f35b4cf8f5a81140a25b168855006a5782f0b79191d,6
classification/train/3/train_03813.png,classification/train/3/train_03813.png,4c9ef14fb43c9560a3ae62a90dce647ef61b0d1d11c7c8923859cd15132696cb,3
classification/train/5/train_03815.png,classification/train/5/train_03815.png,ac73bb22dc55bd3f5c1e874da7922906615e0471e9dc5cb9ea3e46269af6f092,5
classification/train/8/train_03818.png,classification/train/8/train_03818.png,b4d1e29df427c6d5931341946348cfbc89efb0dd2ff2ad12a7f3bdf176af4ff3,8
classification/train/7/train_03819.png,classification/train/7/train_03819.png,43add40cef3a0686472ee7d94fa0ef40b2728c80c06955fac99bc24cdf7d40a5,7
classification/train/1/train_03820.png,classification/train/1/train_03820.png,e6da4bfa51e876ccb8e0eef6e25c623d12143333abf3997831f00be7e93e8b57,1
classification/train/9/train_03821.png,classification/train/9/train_03821.png,3bf66d0392089ad3c60912c67aa30a44d305219a2ce97f3aed401fcc8d68c9f3,9
classification/train/0/train_03822.png,classification/train/0/train_03822.png,93b1b29d4e7e7f8a819520af2d4b2605c5c4e82b9674cd0ca6c0670eb963adf0,1
classification/train/4/train_03823.png,classification/train/4/train_03823.png,e836559f02a66e1275b48c65784c819ba5247930438f21d192a4449ec2703252,4
classification/train/8/train_03824.png,classification/train/8/train_03824.png,0955527f337c51bed3cfbfd1f2de207c61967a79c641d64812d36d3bdd8ac31c,8
classification/train/2/train_03825.png,classification/train/2/train_03825.png,167572e061424167d8ba5f74492dfd1c42a927c743456345805103066fe3940e,2
classification/train/7/train_03826.png,classification/train/7/train_03826.png,136da993e4a61b9faad5e4e66119eb7d011ccaaf43b3d79241dcc93890c6be9a,7
classification/train/5/train_03828.png,classification/train/5/train_03828.png,15534f0232c74d08e2451c9ec6a5bd1c90955e1e43b0770feae6139d36535e22,5
classification/train/6/train_03830.png,classification/train/6/train_03830.png,c4dec823589bd97effa256434e4587a2b838be4fc1890f4c30d0a7b62951cf94,6
classification/train/4/train_03831.png,classification/train/4/train_03831.png,1021b0de5d1e0975d7613f8587bd0a2c18771448888f8d802f964c0fcbf95103,4
classification/train/8/train_03832.png,classification/train/8/train_03832.png,62b2bef7ccd83cd0bab03b9b1fcf9718d215a872fd404c7698f8f748a720da5e,8
classification/train/5/train_03833.png,classification/train/5/train_03833.png,b393d3499ef8b9a81b13cc332ed123d5062e6a7e8bc7205c04a5c392b5d88ef7,5
classification/train/1/train_03834.png,classification/train/1/train_03834.png,25a6e1f0cdee0c9cd6d15be027c29984bc48734c750d390802a8de407d6107b0,9
classification/train/4/train_03835.png,classification/train/4/train_03835.png,ee70a65c8925f97d526e47e43a637b4bef738edf3cebb03ad13cfda4d9e13371,4
classification/train/7/train_03836.png,classification/train/7/train_03836.png,e270869b223e2784e7d8e0b22d6000fe57ab017d65bfc74ed291a023e3f594ba,7
classification/train/8/train_03837.png,classification/train/8/train_03837.png,81b42410d3030982be75c1c27a40ec74d717d9aa6bbc8a76eeeef763ba9fb8c1,8
classification/train/9/train_03838.png,classification/train/9/train_03838.png,ce3103e638882667de8a4aa9d2a2a55e604bf4048ce4c5c662ea5533c580698c,9
classification/train/0/train_03840.png,classification/train/0/train_03840.png,962350752ac8635c66f1edf6d1b0c6e4f69e80f777b0c173246bcbdc16e65c2c,0
classification/train/2/train_03841.png,classification/train/2/train_03841.png,2d8f8c218a98ebf6d22deeee8c3fe68a44e0c26168be6ae21039e5924ac0501e,2
classification/train/7/train_03842.png,classification/train/7/train_03842.png,1b83f5fb3d6037021db9438c1cccbc51191c18d6fdf3f1573e4f4f8c5138e7c2,7
classification/train/7/train_03844.png,classification/train/7/train_03844.png,31451b1118c72e8fa7dff272f9a5f74117c1a44145004076938107b80b733d6b,7
classification/train/4/train_03845.png,classification/train/4/train_03845.png,59516e89002d8e3c2f9925e1015dd0492bd9f9efd95cebd3482f0b11364d9829,4
classification/train/7/train_03846.png,classification/train/7/train_03846.png,2c86ff509855af01c10bb5b5cac484cea2fa654d02d6b9614ac8223f6f26cf85,7
classification/train/2/train_03847.png,classification/train/2/train_03847.png,1e118285860f21090e8635471eb0d84c8b4d5cc99706e9471135f0df17ffda5f,2
classification/train/0/train_03848.png,classification/train/0/train_03848.png,50604f497b508a83ae016c01d7054c67a05e6a0af6a3c494c2d7441710666ef4,0
classification/train/0/train_03849.png,classification/train/0/train_03849.png,73fcc097dd0248ed672b4ae1b3cf4cb6a120765f6ee30517b76790dd8ee3d4b7,0
classification/train/3/train_03850.png,classification/train/3/train_03850.png,a39200c8ed06640c7a1b4113aecd89af313bcedbad725dffb3dea46ca98f7177,3
classification/train/7/train_03851.png,classification/train/7/train_03851.png,618eaee13a092d7a0959dea7c52e30ff0b372c00f9d66cf1840f38276d5c1def,7
classification/train/0/train_03852.png,classification/train/0/train_03852.png,a11c4f8a09b6512f365be32ed2e2c3a6bc4d8e4844747116760fbb3c390c50d2,0
classification/train/0/train_03853.png,classification/train/0/train_03853.png,cdb04ab61260b32342970dbbc3fc641805bf1d35b158f5635a87e55b44a76d51,0
classification/train/6/train_03854.png,classification/train/6/train_03854.png,4946e4d557204719f9a861b08f88cf667e8d41b557212e6597d5c40c467745d0,6
classification/train/5/train_03855.png,classification/train/5/train_03855.png,c55d0a3984639ca87eab3ecc12546d486e0a95022833760daf6349183f6ccd33,5
classification/train/6/train_03856.png,classification/train/6/train_03856.png,8316134384c50ac65be3206725c54436370e0944b19026d9aee814f17e077a37,6
classification/train/1/train_03857.png,classification/train/1/train_03857.png,d7715dfaf0d43e7848c70e66394ae02ce858daa0afc3e7c6730c5b9860940d47,1
classification/train/0/train_03859.png,classification/train/0/train_03859.png,e18a408b950167d48cf4aff94f91977c6eee01482b2fabb5ca70092e0db3f85f,0
classification/train/8/train_03860.png,classification/train/8/train_03860.png,b67ca3b84a5471c2ba02f98dd542f7d2931f899538307db5bb0c66d788fa18f4,8
classification/train/3/train_03861.png,classification/train/3/train_03861.png,40726ebd314043be4bb05c0c44aebc62b4bb04dab810843f67a4b0f841f6c6f7,3
classification/train/6/train_03862.png,classification/train/6/train_03862.png,bfbbb1ab0142b8233cfadc1663ea529b7e591e495644a15afa5bfcfb15166243,6
classification/train/9/train_03863.png,classification/train/9/train_03863.png,493751f52167f47e4c8f5e784bb5885efd65615467ede067af5c026bdf32e5e0,9
classification/train/3/train_03864.png,classification/train/3/train_03864.png,ec2ada83abb3174b14fcda38bdba22fe27fcdd37f354ea91167b4613729e94f6,3
classification/train/7/train_03865.png,classification/train/7/train_03865.png,e6e38cd8714b3d1e0e32e65517ae515ffbc7b4b3092f4a922b95c3803e4b6606,7
classification/train/0/train_03866.png,classification/train/0/train_03866.png,2175f9618a17e68b37d600f259407f1d705f09ba906c69ec98840b2ba72a0712,0
classification/train/3/train_03867.png,classification/train/3/train_03867.png,1d5e28660e37acb006140b484897ac0a849ed51f7d9e0332ed053f9d18bb4e6c,6
classification/train/1/train_03868.png,classification/train/1/train_03868.png,be1e87c890751289075bcf28fd058f3f814c1daa811bb92193b7852adaf6cee5,0
classification/train/1/train_03869.png,classification/train/1/train_03869.png,c51e4e8b10c5061e9293427789748e9e33b5e0d6fbf94c0cdf6981f1ec1b9eef,1
classification/train/5/train_03870.png,classification/train/5/train_03870.png,81f59dfd89d3b23bebf140ae4100becb30f5c602941c50dbaddf466b2015452f,8
classification/train/4/train_03871.png,classification/train/4/train_03871.png,e5a37b0f223fb99058f59b1936cbb67d5c9fff0bf610be279fa0dddcbe75c875,4
classification/train/7/train_03873.png,classification/train/7/train_03873.png,e80babef83498fb821670f95b4de620f95746499de4c44c0bc10bfb3031a8691,7
classification/train/1/train_03877.png,classification/train/1/train_03877.png,9aa193a9627d02893a4c164af8c4d2ba3f177a0d2ab83d94d84ebcc1d4ee3c94,1
classification/train/3/train_03879.png,classification/train/3/train_03879.png,f11e15b3f9877e91909c9b4827aa0367618f7525088db5d15a37c3bfac7bd3ae,3
classification/train/4/train_03880.png,classification/train/4/train_03880.png,4b46baf1c5898c20a5014aea3b3d0e6d155eeb07c3e433b9322d1d5b0892f918,4
classification/train/2/train_03882.png,classification/train/2/train_03882.png,71dbcdc5a6074abdc21ee4b2284ab1bca147122cee125492c8c31f00621be0e7,2
classification/train/6/train_03883.png,classification/train/6/train_03883.png,63e671608ec3fc17d75ee4eae10526bd3ef72222bd2287175756b82ec7c456dd,6
classification/train/5/train_03884.png,classification/train/5/train_03884.png,64c6e33dd959f2a7c1701a8806a0c4d2113800d33c420a8c9b52abdde9d0417c,5
classification/train/5/train_03885.png,classification/train/5/train_03885.png,08e9d0d78ae8283078ecf8f0e713d21b9637efb01070225c2eb3beb2bf169e5b,5
classification/train/4/train_03886.png,classification/train/4/train_03886.png,40f38802579b15cef7da4d25b37bf514f4789c870d739ee94067a5f6bd620e01,4
classification/train/7/train_03891.png,classification/train/7/train_03891.png,9add7f529176ee37d136c44a9f719033711b49b2afe63a49e05c3dc8644ab58a,7
classification/train/5/train_03892.png,classification/train/5/train_03892.png,90535d2b15a28bedc00ff3e1c450209e978d277352cecec0e09d9b19421d20d9,5
classification/train/2/train_03893.png,classification/train/2/train_03893.png,6129bc10bcb9161675a93d9842fe383f81643c7901ef8591568ae46d944c5665,2
classification/train/8/train_03894.png,classification/train/8/train_03894.png,ad3c6fa3815adfbd08f60d4568b6a255d552a19ebad5ffe54507fee78004784b,8
classification/train/5/train_03895.png,classification/train/5/train_03895.png,a346267582b1097b9151978e363cede5dd4d684b6ae7e0a90e9f2620e21bb158,5
classification/train/4/train_03896.png,classification/train/4/train_03896.png,408ec293d04537c2f7a58083b9da4189cc95a25dce19bf3ddf710382732653e8,4
classification/train/3/train_03897.png,classification/train/3/train_03897.png,c55752bfeadd5a10c026fbff6d9f6149e460d01b56f51b759bdb93ed3fb0e771,6
classification/train/9/train_03898.png,classification/train/9/train_03898.png,02bc551e90f03c8c1e98b071f724deacab18169d209a908857c6a7a3d03a1146,9
classification/train/6/train_03899.png,classification/train/6/train_03899.png,42481822bfb367228fda0efd60d52c69e6f354ebfbf618f243207c7931a129f5,6
classification/train/2/train_03900.png,classification/train/2/train_03900.png,39d40bb7fcf6d5f3a0fda6d4ee3d64adc9ab6a413c334593a938b3f0a5d55845,2
classification/train/4/train_03902.png,classification/train/4/train_03902.png,50b8974e4ff1546e555feff2ec8e7f37eb4503430ec244a00a72c6692dca4004,4
classification/train/7/train_03903.png,classification/train/7/train_03903.png,7b357018d05096b0596305387eb84dcdc3676e4a22fc44a38ace0463839ab6ff,7
classification/train/4/train_03904.png,classification/train/4/train_03904.png,4c4b9e3122d4f8ce75cce99956c4158da51049d7a759df1704b5b154e7ac94d4,4
classification/train/7/train_03905.png,classification/train/7/train_03905.png,879ec4499745f179320f25e415aeb7057aa656aa7a419acec21ce296328e989b,7
classification/train/3/train_03906.png,classification/train/3/train_03906.png,2bd3a817c787bd08cc7e811bd28401369464c8e9b7761ebda4b24f16b9302fe4,3
classification/train/5/train_03908.png,classification/train/5/train_03908.png,c7c0ad54dcb27daeb81820225b5b487fde3e62bb6f4975fe56db3906d89b34f5,5
classification/train/6/train_03909.png,classification/train/6/train_03909.png,653a25824d688a6756f7256929364b69fadcaa3ee52851191f34325dbefd2885,6
classification/train/6/train_03910.png,classification/train/6/train_03910.png,75a194fdebb8f1b8fd871996e87cb12b2ccf6c41d0c4f1e48111ab6f69e327b9,6
classification/train/2/train_03911.png,classification/train/2/train_03911.png,26580787ff9c6829b5e52874942a2e3ce8edbd42763091d827b0d8a6fbdf55d9,2
classification/train/2/train_03912.png,classification/train/2/train_03912.png,10332ffa2f80d9d48dc12aef8e14eb8e170646d38fe6928999a094ed8b0c8ed9,2
classification/train/7/train_03913.png,classification/train/7/train_03913.png,1423cc68284490af819d7bed8af679cbb9c14734fe27989b561f39817e55282d,7
classification/train/5/train_03915.png,classification/train/5/train_03915.png,7c0b27c936a8d11caaf35035d74eb148ca7d67b3052392410d42b1201377f994,5
classification/train/6/train_03916.png,classification/train/6/train_03916.png,e2cf075b80d196743f787b87f4501822f00f88dff9bc3b9d92bafc51876cbe66,6
classification/train/6/train_03917.png,classification/train/6/train_03917.png,31b5faf972800768092b6fc3e7b8be855abcbdb9933f3fecf30721938dfc3be4,6
classification/train/7/train_03918.png,classification/train/7/train_03918.png,0b0d8880f24b2f3ea54f6ad3aab8d1cb37fd885d09e078b62f37f456331ac384,7
classification/train/0/train_03920.png,classification/train/0/train_03920.png,a2b2813c59c33cd230588c797bfea6b9d06e5b4cc71464271ed23a905bcb9fd7,0
classification/train/8/train_03921.png,classification/train/8/train_03921.png,37bdf5383c5cc32cea9f2f48f2c58242ffc74114e0828964bfd134e76310f561,4
classification/train/3/train_03922.png,classification/train/3/train_03922.png,8a45cf8f607ceca52b969b5cda2e206ccdac43d131cdc7034351c1a83e837743,3
classification/train/2/train_03923.png,classification/train/2/train_03923.png,04b8e7c3b9d128978c343879048359c8431029e2bf8bc1fbeec0739209cdcad7,2
classification/train/9/train_03925.png,classification/train/9/train_03925.png,15d7bd45a093c6f029ac6eb4c001506eb77a409d10f65c00b6e7ff1b858e5f3f,9
classification/train/9/train_03926.png,classification/train/9/train_03926.png,7e581c10de12d373d769a143008e5356209e440e4aa74c2cf888433ebb2ea2e1,9
classification/train/8/train_03927.png,classification/train/8/train_03927.png,df6a5540ad93bde140ce1a027f3f6b12b77981c89036bc17e834f9b503aa18e3,8
classification/train/1/train_03928.png,classification/train/1/train_03928.png,7e46f50894c56fadc3b3fd87241dae6d07e4cb237c601e05244ffa1b6a5e02a2,1
classification/train/0/train_03929.png,classification/train/0/train_03929.png,7ae1eb977e0b2e38cdecc082200ffde99affb9037e8d8aba3b2886c94c39956b,0
classification/train/4/train_03930.png,classification/train/4/train_03930.png,56a5347381ac293e7e0b55d1d7902d5f63ae5e2ec9059fe62e893ee999ee116f,4
classification/train/9/train_03931.png,classification/train/9/train_03931.png,411321f95081b091e9b90811ae06b6c215227f25868cd9ad6bfd1a07636e217d,9
classification/train/5/train_03932.png,classification/train/5/train_03932.png,2a06599ffb51de8270dad047b24e1c3456029ad23121420fce784f76dbceb8d5,5
classification/train/1/train_03933.png,classification/train/1/train_03933.png,4664ef350838442afecdc378b41a7a815045ca1638306ddd51ba6ae6083890ed,1
classification/train/8/train_03934.png,classification/train/8/train_03934.png,5c606214fec108b1e6bd315dd37af9acbb0a98721d2f61d1f3ed1a131f40f2bf,8
classification/train/8/train_03935.png,classification/train/8/train_03935.png,44a198701088f048b7acf87c52a7f978966044805ce96b9d11851e5f2c596490,8
classification/train/8/train_03936.png,classification/train/8/train_03936.png,24e2708eac828643fd068d5dcfcaa948dad0eb90d386ca4fb65da77f1053d9a9,8
classification/train/1/train_03938.png,classification/train/1/train_03938.png,ea5ebe8008afc012f56fc11d44a78cb3e8af6c166f0c01529e4c1ca47cae0305,1
classification/train/7/train_03939.png,classification/train/7/train_03939.png,dca38ba66fb030983ab50dae516ffdfd3ae662f2113780594132164b1c252e63,7
classification/train/8/train_03940.png,classification/train/8/train_03940.png,d6c9056bbfc41e85af6d7efb19198a0b2e4e7402a7b3583147315b9dd2a67a7c,8
classification/train/0/train_03941.png,classification/train/0/train_03941.png,6cc037eff560ffc9c3295b70e7de1156a240dd2b0b9a1348113cd593341b16a2,0
classification/train/6/train_03943.png,classification/train/6/train_03943.png,bcf9dbc2cd14a1ce5dee4af96b0b87530ff2e2bac1702c8b13c1dd5a93021eb7,6
classification/train/8/train_03944.png,classification/train/8/train_03944.png,c75420eef95f39fa27a6ad88433c4952c33945c65d5707307c1f8a31d8919c63,8
classification/train/9/train_03945.png,classification/train/9/train_03945.png,1312b56255c1188b03936fda13fe131982fbbfa36ec7ae10ac43520e56404484,9
classification/train/3/train_03946.png,classification/train/3/train_03946.png,7cc5fd554a5d11963c3afcbb1d84e8fb03427ba26a389b368eb697000a1f7bd6,3
classification/train/0/train_03947.png,classification/train/0/train_03947.png,2e133735975956f97894c27e149d6824330ef70e8a750345ae3e610a6517e649,0
classification/train/9/train_03948.png,classification/train/9/train_03948.png,1386cfb4f499591df0e3d0d73da91a493ae72a2469d4db51c9c00d639e51458a,7
classification/train/3/train_03949.png,classification/train/3/train_03949.png,c93e8d2a7955dbfdd9d91cf64a407a460384d3eb4fdb0e2a1174d839a890b4ef,3
classification/train/1/train_03950.png,classification/train/1/train_03950.png,049aed5e7e59059fa276e6ce204b82709047e79f65c4a11913f89b9b0d4531b1,1
classification/train/0/train_03951.png,classification/train/0/train_03951.png,1d1c145b5228c46827e63423366b8a8cc618a521e32ec46adaf753c461ce44bc,0
classification/train/8/train_03952.png,classification/train/8/train_03952.png,1101bc80cdcb60705172efb2dfa376f27c0baa4bbbb34ee4fbc03328ad87ec8f,8
classification/train/8/train_03953.png,classification/train/8/train_03953.png,c0bfb040dd41e068529f8ada9c1c596c89f8e57392a5ccede2950f1264c6b2d6,8
classification/train/9/train_03954.png,classification/train/9/train_03954.png,a68d0a058856618f00f71c75408dee005feff0e1537329edea739de505978184,9
classification/train/4/train_03955.png,classification/train/4/train_03955.png,46acbdc7f817241347ae1219ab26309f32cd12dcb7694085eada199fe965cbb8,4
classification/train/3/train_03956.png,classification/train/3/train_03956.png,9789c421b189ec77534bfc1621cb7b057ad3db62c3e955dade215b216c30d304,3
classification/train/7/train_03957.png,classification/train/7/train_03957.png,7043713b139b1909f5118e3ef26f029a18edd1a28b4a0f8d26b7b70ddefdac8c,7
classification/train/1/train_03960.png,classification/train/1/train_03960.png,5321bf958b62481ae16b50ac9e00a925f7c21daf185427e21c99e1944e85a9cd,1
classification/train/3/train_03961.png,classification/train/3/train_03961.png,fa5c2e49dd541f108b9d34508602365478bad2ccc0e9793f7ef9659d1e630871,3
classification/train/0/train_03962.png,classification/train/0/train_03962.png,0175efc15337d9f43903136d31315580ac6fd7690ee0ea46e733f8fdc839cb37,0
classification/train/9/train_03963.png,classification/train/9/train_03963.png,88ad3652bcc5d1e0a3f84807b3a79cdf3caba59117f2b1ad36c1814e3cc333a9,9
classification/train/0/train_03964.png,classification/train/0/train_03964.png,cdafac400dfe1b622d6a17661cd170b3542d6da90059448ec1b263d565f8553e,0
classification/train/5/train_03965.png,classification/train/5/train_03965.png,b293439736f289d147e7500233b992f2b426a38e8c0dccb97bb45c9cab645128,5
classification/train/2/train_03966.png,classification/train/2/train_03966.png,a92916be1ba99ee379b0385b99db85a1d33b5f7c34aa370109d071e8809a6a3d,2
classification/train/7/train_03968.png,classification/train/7/train_03968.png,5fdae18c616064475de7938bfd20061827f0fa77429a6acf2cd5a8ca784c6223,7
classification/train/9/train_03969.png,classification/train/9/train_03969.png,8647aa9dfe3078d13476599004d777c87c32152f1b165a64740430e211e51dcb,9
classification/train/0/train_03971.png,classification/train/0/train_03971.png,379550a7cedb3746fc694cf65c435046fe6255c0cf8a225be64498da16f3de64,0
classification/train/6/train_03972.png,classification/train/6/train_03972.png,382bdc6b16ee450e575486371a54dbfce9bd3d3d7d0679b184cd64ba45e19e7f,6
classification/train/0/train_03973.png,classification/train/0/train_03973.png,bd1e4530fc156aac51e7e786b92c1e357dba5210c30d621e7e6cdf433aa616c9,0
classification/train/9/train_03974.png,classification/train/9/train_03974.png,61990e811c05de9df7b8d257447033c3669cd6f15179cecb2d09f5421a08f885,9
classification/train/5/train_03976.png,classification/train/5/train_03976.png,85f967199b0f7198f3743023a1801caf107bd5459b1852f1ad37577f7a565165,5
classification/train/4/train_03977.png,classification/train/4/train_03977.png,f9f3fa6640b6448b1072f0c9021b52988bc7fe4524f8755426b5dd35ca747356,4
classification/train/8/train_03979.png,classification/train/8/train_03979.png,fb5ef61402768ecc7bbe8e2dba9e1b97b759aeda568cde50ee280404dae97dcc,3
classification/train/3/train_03981.png,classification/train/3/train_03981.png,52501585ba1e1ce843b7926b4edd78453e7973569d03b164a4aabdd0730e14d6,3
classification/train/3/train_03982.png,classification/train/3/train_03982.png,62bc88550b9f372e437f3347835c9ec643f50342cdfea6789d509391c57118bf,3
classification/train/3/train_03983.png,classification/train/3/train_03983.png,949b9dcf4fad31a638beac300885eb07e4cbb28572569fe5b71dcc7e3b3c338c,3
classification/train/9/train_03984.png,classification/train/9/train_03984.png,c026005d8cc6c796912791223b3d477b1bddf4459a07e096a3bbac17c0f1f940,9
classification/train/2/train_03985.png,classification/train/2/train_03985.png,22cc21cc48d87fe5bcf844b33cf4cbf780fb9e774813f6c9c89cb61423abf5b3,2
classification/train/0/train_03986.png,classification/train/0/train_03986.png,46298df22731bec1f6ae814b72e0f531ecf16f8826e292ed9aae10ce768c09a3,0
classification/train/9/train_03987.png,classification/train/9/train_03987.png,ff49fabb1883bdee42b8eb0e912f35608eade2b217c20c1d027b39a62af2032c,3
classification/train/2/train_03988.png,classification/train/2/train_03988.png,2b5119f53f4efe19f6e1bb30ea3dc94c3bfd0593593732bb36c3f4083515ada1,2
classification/train/7/train_03989.png,classification/train/7/train_03989.png,471a9f10651734218b581da44a2908d09234eaa77f54867b68320e74fac75faf,7
classification/train/7/train_03990.png,classification/train/7/train_03990.png,7620c4b2a46c11adae15b6464bf63dd52ee5d485060d930c5bb387be79635f64,7
classification/train/3/train_03991.png,classification/train/3/train_03991.png,10ad1f94ce01807b41cf107e85443b6ef43c52a551030db43a4c3eac7d98240d,3
classification/train/3/train_03992.png,classification/train/3/train_03992.png,1aff20ed7f7ec5d1ec0003133d95bab7daea94d7d997b90e2d0afd2bfd65f054,3
classification/train/5/train_03993.png,classification/train/5/train_03993.png,7526db9a93d9a6e3f61d47c16a2ecb22e0447bf4d7f6b2fcc2f1f130407f2d61,5
classification/train/7/train_03994.png,classification/train/7/train_03994.png,5765c8d5c6efb0ed1d32ff78ea823bd6cbcced2c1e1121cdea373f49414f2c04,7
classification/train/1/train_03995.png,classification/train/1/train_03995.png,e71ddc8a1fab7497da0fb9e6b32f98bcf88525edbffb6e0c645f866a22f881bd,1
classification/train/5/train_03996.png,classification/train/5/train_03996.png,ee860a35be5fc3973e0da81fd05fa2415545360595bf3ca561feb3e287ce0ba1,5
classification/train/2/train_03997.png,classification/train/2/train_03997.png,26dbb25195d4ec032f7afbd8acd24213b9b8ee795f6834ab3b2b535c1ca9657a,2
classification/train/2/train_03998.png,classification/train/2/train_03998.png,a4e295b1aa9ebe1b23da75c6a4d44f15e5a33532d52f826d9614e68cd46f1beb,2
classification/train/3/train_03999.png,classification/train/3/train_03999.png,dd650e5d96a183f0d80c35e99a6063e94289a1067f43b3102564113936166190,3
classification/train/3/train_04000.png,classification/train/3/train_04000.png,d08d471ee712cca05e992ea74226a8100e14ab9f4a9496c55d66fea132a40e66,3
classification/train/5/train_04001.png,classification/train/5/train_04001.png,7dd132273958b8d6d9daea1937fc83bd1f9d9df2f82484eb8c28b4bea0782ad4,5
classification/train/0/train_04002.png,classification/train/0/train_04002.png,c0adbc1d2db4426b7ed3d9c2322e33be7c887339eb410923880cc6df2dcaf360,0
classification/train/0/train_04003.png,classification/train/0/train_04003.png,27f8a7c2600144a8fba0a6e1fa89a1711d9d3b144cdad62ade4de2a49280ea97,0
classification/train/9/train_04004.png,classification/train/9/train_04004.png,8fdd108bfd8c206ceb93ac68c902afe960ae22b93912f018b0771b31d52e8100,9
classification/train/7/train_04005.png,classification/train/7/train_04005.png,79b984f85360e43b50ff24745a87c83fadacdff1bbb77ca1a7c284572606ee85,7
classification/train/9/train_04006.png,classification/train/9/train_04006.png,8dec6aeaa48e01d52d19d2b71e689e5a9b21bedfc2346d7ed48e70c72cedc121,9
classification/train/1/train_04007.png,classification/train/1/train_04007.png,f0a4a03e51159c63cb639e89200f65f09d18cc60a2737798fc319b9f905fb538,1
classification/train/4/train_04009.png,classification/train/4/train_04009.png,d6316de1ec063b71b4f8e43419179051b63353013f846298c2a89e6d479d0ac1,4
classification/train/2/train_04010.png,classification/train/2/train_04010.png,8d5032b55c7df43fcaadfea0720b3702d77031ca6a3f8b45bc92058b2d7d50f5,2
classification/train/6/train_04011.png,classification/train/6/train_04011.png,2dd178e48ef75bdcf1d7c35d6e126959bd8e08ebc897952074bea771a8781f86,6
classification/train/1/train_04012.png,classification/train/1/train_04012.png,863f340ea8948a3d11c6e646cb1879ce95706c1cf15b7a2118073dcda23d031a,1
classification/train/0/train_04013.png,classification/train/0/train_04013.png,14ae208806fe2fcc42acf70ba0fb23ca99af0c96a46cc1d6d0045b50f65c9f7f,3
classification/train/8/train_04014.png,classification/train/8/train_04014.png,4dca8be49717f6f98d4024dba132875ba1c9d52386cc60e2d4fb450124c590e7,8
classification/train/2/train_04015.png,classification/train/2/train_04015.png,9c4f1231663a386b5c6b8d50f804546879473a8ebf7ba9d6de6fdfa81b8c37a9,2
classification/train/1/train_04016.png,classification/train/1/train_04016.png,35834a0b50140e4af48842934d04a2f3eae99945cb9cbe359ca0941dcf5e3647,1
classification/train/2/train_04017.png,classification/train/2/train_04017.png,86c202ec99bc56bc2546933a6a2f86ec62461da32b03d34e44faf17aaf3b6fcd,2
classification/train/5/train_04018.png,classification/train/5/train_04018.png,22f23ecc24bb425035676147ca57bef9bf95ba4972794c33ea278e8ea69fac15,0
classification/train/6/train_04019.png,classification/train/6/train_04019.png,6d9a9a742c44d1b02f7e19b8ef883a3c48f7ab04f2d8bee224002e1c1b5fac14,6
classification/train/4/train_04020.png,classification/train/4/train_04020.png,24134b25a80bdb165f6087566b3ef8bf47d96c7331c6b1c5d78de078aaa7d3ce,4
classification/train/3/train_04021.png,classification/train/3/train_04021.png,25d2cee9ab14a014c99b8c2f8bf3a070f2ecdc870dd8bf25441633982e3cb21b,3
classification/train/1/train_04022.png,classification/train/1/train_04022.png,4c81cc2786ddda73177ee451ff082560d913abb8e997fb06f7c07ea01461773d,1
classification/train/2/train_04023.png,classification/train/2/train_04023.png,153c3084b6a6d62a2793b8a107915f19ec8c815fac184a7929b52326b56a849a,1
classification/train/5/train_04024.png,classification/train/5/train_04024.png,61b518f995436e7eb474dd5a653854c973dfa9f88e3c2c3134ed10597ca19b94,5
classification/train/0/train_04025.png,classification/train/0/train_04025.png,879d9c335f78ca29a0c02f74465eccdffc99d561a8ea76313b0d93441b3c89db,0
classification/train/2/train_04027.png,classification/train/2/train_04027.png,685b5dfe43babeb2ebcdef07183fcb2f996e008983d761557ce704f578dc0df2,2
classification/train/5/train_04028.png,classification/train/5/train_04028.png,6b6bff322c27ab0b05d207a47c567c7628d1fabbfe4123769ace60fb55c3aef3,5
classification/train/7/train_04030.png,classification/train/7/train_04030.png,9a642bb92b3441ea80d7d21e41fccc3ee02616c0d0d25176d30d40057d43e9cb,7
classification/train/5/train_04031.png,classification/train/5/train_04031.png,1c79a872dda3d013a07059def93bc6b935896f9508823a6b1a54771265334953,5
classification/train/1/train_04034.png,classification/train/1/train_04034.png,a12cef0e774ca429a41742fdc30f090103abccfd80321ac1f9290d2b1a6e25c4,1
classification/train/8/train_04035.png,classification/train/8/train_04035.png,21f9b12b34249c8d76e94f0e518808cf49170cc0ab176c1d5ef07349408d5033,8
classification/train/4/train_04036.png,classification/train/4/train_04036.png,a1241a06aa76e57dba67cfd63c780bd420ad136b720ab89626f6a2504aff5752,4
classification/train/0/train_04037.png,classification/train/0/train_04037.png,9ac290d13f583012f9db716b768b5f96adf84a5fe1f04eab7ae19ca8b736498a,0
classification/train/6/train_04038.png,classification/train/6/train_04038.png,ba7d6b00217becc62a140887bc03254791420e4c680344954b621349f4967ecf,6
classification/train/2/train_04039.png,classification/train/2/train_04039.png,310b8f5a27c88d7130bd477b05c1a4bb92e1ff06466f9cfd0f765105d5fb3624,2
classification/train/2/train_04040.png,classification/train/2/train_04040.png,26b120cf1687b2cbc692637eb0668959d9f8fc8ee97249f0fba33db88f559258,2
classification/train/0/train_04041.png,classification/train/0/train_04041.png,7a54e353c05b30460b54c37b524e7a73f6edf5b27f23ae96f9de3fe2888f12d7,0
classification/train/6/train_04042.png,classification/train/6/train_04042.png,0bc72bffd7518b2dc7650a22024627da5be83a06814e2d214d9e1bcd31d8e714,6
classification/train/0/train_04043.png,classification/train/0/train_04043.png,03bebc74cbeb5a7d7c14b2a9a45f04b678e5c6e938936ec1ae2b7829733fdaea,0
classification/train/2/train_04044.png,classification/train/2/train_04044.png,3671ae2312b73e1ecb1f996f837072c5e6e19aaeb7640956c83d6564ed11e0df,2
classification/train/2/train_04045.png,classification/train/2/train_04045.png,293d370e6e0bb3ae3bbadd03890b45761bf78f914dbb9c5a98a680075b6fe783,2
classification/train/7/train_04046.png,classification/train/7/train_04046.png,0ccf21e76d26ec080da6cb791fe1d861e34c5f6c59ad30d79c7c8db33112e2ec,7
classification/train/3/train_04047.png,classification/train/3/train_04047.png,1210e907a6ccaf01bf07786ab93a6af4dd7c240dab93c35d437c2f1f1e9e1896,3
classification/train/2/train_04050.png,classification/train/2/train_04050.png,b2a7777dc7b710700488a2dec7485a5a9bcc93b7a9483ed15aba8ec1aeb4a05d,2
classification/train/2/train_04052.png,classification/train/2/train_04052.png,9bc288806aebe8289647a98b5425f1c9c535de745463bf3a09a7b3448e5f93ab,2
classification/train/2/train_04053.png,classification/train/2/train_04053.png,24e2594f8fd9ef14921127e47a42323f89c76ddb5bb6c46b4ccd5dc75a2e2cdb,2
classification/train/8/train_04054.png,classification/train/8/train_04054.png,e3dd2bc5cc22b1e60c91844ccade2b18793f73dd7fadf106018dc8a780f5abf3,3
classification/train/9/train_04055.png,classification/train/9/train_04055.png,0f23c9a95c9ed768a5f4db8ecc007054cfed1bad6a49fd2e293cf07f803c2ea6,0
classification/train/9/train_04056.png,classification/train/9/train_04056.png,db978e7c7f95389ef7c199f357431426f956514b327e6a14df51bd3c0d18df6f,7
classification/train/2/train_04057.png,classification/train/2/train_04057.png,0dfd7216ecddc68ee0c58b816f6dc678cb6c3c754031f1f18d960be81fef1d43,2
classification/train/5/train_04059.png,classification/train/5/train_04059.png,e84c5240bb2df44c6770b3a0c328f895aa092dea4a864c5496ecdbd41fb61741,6
classification/train/5/train_04060.png,classification/train/5/train_04060.png,5fb115de27e9ee24fba3061a092aeb9c0d2c5406f5816bfd8570d271f4dc27ca,5
classification/train/4/train_04061.png,classification/train/4/train_04061.png,9565dfe80851d233c2280513177c6b8d079a4467c7b7b14997922f8f6f3fe400,4
classification/train/3/train_04062.png,classification/train/3/train_04062.png,d66c0e58ebb752149bbdc87406bd6e9aa4b5470d6d26347e0808877bb5deff3c,3
classification/train/2/train_04063.png,classification/train/2/train_04063.png,da095e790f839c9a6f355a32a804e82df92057faf57e8a477276820a05179f68,2
classification/train/8/train_04065.png,classification/train/8/train_04065.png,79eef17f13144d2168aa2d851ce1f7cb16144f71310c4dc6565d0ed02dd26d5a,8
classification/train/1/train_04066.png,classification/train/1/train_04066.png,8231939f243e59c70bb3fd8989b7a8e1990f49978d5e828e3b704fdf84f310ff,1
classification/train/1/train_04067.png,classification/train/1/train_04067.png,e318d6a9952caba1e1a7f2ca632e25046f302d7f8d3c4fd39555b7d5251eced0,1
classification/train/8/train_04068.png,classification/train/8/train_04068.png,4e1400f4246338ea7126eba15c203530969600831b159adf9b7ee2c22d1f4e64,8
classification/train/5/train_04070.png,classification/train/5/train_04070.png,b0eba6d762ca7b2eea0e4d9939292e90232019ff7d08cf6f779eb63035bb543d,5
classification/train/3/train_04071.png,classification/train/3/train_04071.png,afb057cf9f9cff0db9b9e4833e258d3aa7c2484de9e4cc65aa02137f12b4d7bf,3
classification/train/2/train_04072.png,classification/train/2/train_04072.png,a212638925cd9dcab0512e755523abbc2f0339e3a6e6ac793b384d17cf456410,2
classification/train/2/train_04073.png,classification/train/2/train_04073.png,70185c820dd2ac89e3d05f7f785f2625269b26b29b5ea5ea8fdb0483c9a61de0,2
classification/train/5/train_04074.png,classification/train/5/train_04074.png,5bff3d0fd3d6674bb09b11af37f8b1ff2b8e447caba7f0105c66a2ae8641a2b3,5
classification/train/3/train_04075.png,classification/train/3/train_04075.png,b6bdf87fb9669a44aaedd44082b02347c5bb0f1741050efdbd0933742250eaf1,4
classification/train/1/train_04076.png,classification/train/1/train_04076.png,6bd7d15fa2d4175073c62081abe8109f63483a5986e351566f94dd516723cd7f,4
classification/train/1/train_04079.png,classification/train/1/train_04079.png,04723c8376df5b73846a1b0e1ea2d91d6c05742d0dd6f4175a344523abb6fe10,1
classification/train/9/train_04080.png,classification/train/9/train_04080.png,dbc36124096d784b4f3d07a2a88d0bb49d27a9657c4bf574a0825f5f20a87e40,9
classification/train/7/train_04081.png,classification/train/7/train_04081.png,e90e5954faa211c18ebef9a8db649f19e263a25f1e820a0abebe4560a3363fcc,7
classification/train/8/train_04083.png,classification/train/8/train_04083.png,0bb76fc4c60914bcb1e4df718b27e9230fd2bd591c3f9be7966c5f388be9681d,8
classification/train/8/train_04084.png,classification/train/8/train_04084.png,5f04e2a7f107a24c729ed85f37e4dc1e5542566812b4140db15b0137adca0b60,8
classification/train/7/train_04085.png,classification/train/7/train_04085.png,30a5340918561e3989658f2f38791b7187cd5d110f4f7fe2bc56817f4e8cc77d,7
classification/train/7/train_04087.png,classification/train/7/train_04087.png,b4627d81caea0edb05deb9a58244aa1efcc5d1e7ea20770a5d4b4285a65a1c2e,7
classification/train/4/train_04088.png,classification/train/4/train_04088.png,67ebdad00594adcc30322d816d05468a3598aee125e39400686bf2bbdcbcaf72,4
classification/train/2/train_04090.png,classification/train/2/train_04090.png,4e1cdca9b7bbbbdd405e44a2160d1d80d13e10a11f8591ffa93462e8caac70f1,2
classification/train/3/train_04093.png,classification/train/3/train_04093.png,67dea76c9cbe89e0004967e1f9ea1e5166853214bb60c8c5e9cc0ddb17ede25d,3
classification/train/7/train_04095.png,classification/train/7/train_04095.png,6751fb7cd46f573cde5e5df62c38cf4ece877b930fec8bcc81840c1bd729437f,7
classification/train/3/train_04099.png,classification/train/3/train_04099.png,51a2e3ac6567bf56b22d8d5133e06d7415d8e8b9772b73f64dc1de1bddd42938,3
classification/train/3/train_04101.png,classification/train/3/train_04101.png,aa824780cd176b9ae027b441af116bf874d0e933b5adb6a3596812c1ec9c2dc2,3
classification/train/2/train_04103.png,classification/train/2/train_04103.png,e8ca27364c76efb26243af55fdeef70eed3d5e73ce85299d01bda6d88f163d18,2
classification/train/1/train_04104.png,classification/train/1/train_04104.png,e85043fcf38c228fc1e93efd9dab4b6fd0ea486061c1d5ece7dc3583efe1765a,1
classification/train/6/train_04105.png,classification/train/6/train_04105.png,4774f79ee44ca6f70be0eb0f34f6785719bda21e1cf9098b5380cb4ccf798980,6
classification/train/7/train_04106.png,classification/train/7/train_04106.png,7882c02ee38fa0e88df175a000fffb74d90d1e8b9748601c72146a65badec961,7
classification/train/1/train_04107.png,classification/train/1/train_04107.png,2a1fc0d7f8790c88d85d829c54ea1b598d0a93f42c12000479573f8f98216024,1
classification/train/7/train_04108.png,classification/train/7/train_04108.png,b5a3cda05549d9a2ae347dfed5f1dba8e76e05f42e1770ae3883e54eeea18af7,8
classification/train/1/train_04109.png,classification/train/1/train_04109.png,e315d4f2108cccef8eef5c033c53b25fa1acbd01a7af3ae844d9824bd6521f11,1
classification/train/6/train_04110.png,classification/train/6/train_04110.png,9c7092204eac690c5b462eb7562e20c2d0cee0a5052b26a5a47e9ef9313d4287,6
classification/train/1/train_04112.png,classification/train/1/train_04112.png,ae4ed5770429cff43db6dcc7742b2d9ef11025e41147e5e713c4b9991be75f49,1
classification/train/2/train_04113.png,classification/train/2/train_04113.png,6145c5bb7a3bc3b879fa721d181d694d474b130f9947776f6b39d195fb9f1f16,2
classification/train/5/train_04114.png,classification/train/5/train_04114.png,e8dec45aaec8583799cd32ee84b3aaa5cf3bbbb814db72ef47c6074e45f283da,5
classification/train/1/train_04115.png,classification/train/1/train_04115.png,8d9b70f6589a0abe699cae88e298a86b8708c080dda237a3337d281ea31dd0f2,1
classification/train/7/train_04116.png,classification/train/7/train_04116.png,a230fed99525ceef048e8339186fa30d7f12e154da52984cbab89e3097b5e8ed,7
classification/train/9/train_04117.png,classification/train/9/train_04117.png,330c2a3cdbfdcfad5f0b8be99ed808d1fb174946302eb1cd282d7e572d00c11f,9
classification/train/3/train_04119.png,classification/train/3/train_04119.png,c3d6a877ba3264193c8af1d9ab29d668b85b2f73502563d1a7d71344c524ecd2,3
classification/train/0/train_04120.png,classification/train/0/train_04120.png,a722b68a4f4008b761360edd58b9275768076fc0149d28f72907216bec087af9,0
classification/train/2/train_04121.png,classification/train/2/train_04121.png,0130d592523bf888110fe098da80726f42d0640725afcf35509c87c7467e4d34,2
classification/train/9/train_04122.png,classification/train/9/train_04122.png,2ab72b220fa6b5ee83cb07f2807cde9a48f0bcf2a85f30239235a2ef78a9749a,7
classification/train/7/train_04124.png,classification/train/7/train_04124.png,4f95d7520f50f258341d9e7b13be98657e53266b6c11d6836287c1353bff1902,7
classification/train/3/train_04125.png,classification/train/3/train_04125.png,38b1dc49e8e2faf91c934f97d189a65ba9348d5953f95550e21e4e2588aa4b6d,3
classification/train/6/train_04126.png,classification/train/6/train_04126.png,e6f5ab23b44e3962e0a231ddf73edd19dafe80f57ae3c6d4685084da96e466fa,6
classification/train/9/train_04127.png,classification/train/9/train_04127.png,9a7c4f337146be0a8d86abf10ea2291445fea418a72a7dfb248d34e1da6bbb3b,9
classification/train/6/train_04129.png,classification/train/6/train_04129.png,b389018ad47328175000542a5a4f9259a66f6969857d69a48b37daf1dd43e98a,6
classification/train/5/train_04131.png,classification/train/5/train_04131.png,85fb0a122b1646e37f16d7d2ac4cfda22ea8c8ce7b9eb55fbd551002750b561e,5
classification/train/1/train_04135.png,classification/train/1/train_04135.png,d9500ec02e43c2c785a06e5ab0e1d4cdf79ece17d28526b7a30cce4d2f3b5437,1
classification/train/1/train_04136.png,classification/train/1/train_04136.png,891ebbc2910b80b83a2671f835a37a1576b96d40fb900bb901c8f8b64d91089c,1
classification/train/8/train_04138.png,classification/train/8/train_04138.png,6414b05b084057cc63eec4b609e14fefe507885a6157d5bd97c656d03c8f3869,8
classification/train/2/train_04139.png,classification/train/2/train_04139.png,9827e41c1ab2a9b591f618fa4217988a567e59058cf8043bbb5dad7d5f3f0c46,2
classification/train/9/train_04141.png,classification/train/9/train_04141.png,5aa59fb59e4ca08552b9cbbe1ded2ca916c4eba15238f829f3b3396a0f27de37,6
classification/train/7/train_04142.png,classification/train/7/train_04142.png,300981559d5e11db85dcae753066c6708b9f74fc08c42f5239e14985853954e6,7
classification/train/6/train_04144.png,classification/train/6/train_04144.png,179bb3722e0aefcf1c58e87433b4ed0b4f0aec1a176d16e08ad7fa2d49d1deb5,6
classification/train/4/train_04146.png,classification/train/4/train_04146.png,ff8b819b2a7cefe7b14ac1a880b0478b2e93ac8b7dd0ede39fdecbae7be3618e,4
classification/train/6/train_04147.png,classification/train/6/train_04147.png,d1aba94b8eda8f6dd4298b8f93fce5225cf5abeaf6bb00e2b367f1a19b078e38,6
classification/train/9/train_04148.png,classification/train/9/train_04148.png,ed636279bb9589c7a17848d29badba21b46126d87bc4e2dd1305967df43eab48,9
classification/train/4/train_04149.png,classification/train/4/train_04149.png,db1849303c620fb7af8fad2ccfb53df45d2fa48797eb750475d1c6cf51dfda78,0
classification/train/0/train_04150.png,classification/train/0/train_04150.png,34314555a0b78ca416967012915495a27bf368e60e765c90cc7ae5e39f2d5926,0
classification/train/2/train_04152.png,classification/train/2/train_04152.png,488a677e7c7e4153c4dff681f710a211b5db0655420d7704cbae382315815554,2
classification/train/2/train_04153.png,classification/train/2/train_04153.png,9c541dfadd23009c76087b45f327ec0dcebdcbfb69767d1387cf09f8f51fe4c8,2
classification/train/6/train_04154.png,classification/train/6/train_04154.png,163b1eb769d00e3aecf788de31597da817c4864fb4cd44bf55e7471ba0750658,6
classification/train/0/train_04155.png,classification/train/0/train_04155.png,ef30f28e5f908de97d4c680a1af3129cf7f7027cf23da5409bb437b434745f1b,0
classification/train/2/train_04158.png,classification/train/2/train_04158.png,cdcabae2191f8c4529a73677d0a815b2462e0ecf139c177d351567273ec54008,2
classification/train/3/train_04159.png,classification/train/3/train_04159.png,383ccbe9243674644a3adc0bcd41266f74f6b2ef80d65e768d37db6d4cc686eb,3
classification/train/4/train_04160.png,classification/train/4/train_04160.png,4c2e1546ad9a5f07f6c7e0f6290e8d2573e84d6afd41a7c53e5b4b9fcee65a2a,4
classification/train/4/train_04161.png,classification/train/4/train_04161.png,bdcd804020f363bfd87c25994a7a4151d52656999e60e0913b122444d6fbf816,4
classification/train/5/train_04162.png,classification/train/5/train_04162.png,f050a05ef87592630f94df32dcf9e7d3db89bfec09f9859b0a293c0714b207bb,5
classification/train/8/train_04163.png,classification/train/8/train_04163.png,71e78791a5c638f3cd236b9ddb2a6f266b52c6cbfe178c479a96c7189a262973,8
classification/train/4/train_04164.png,classification/train/4/train_04164.png,d51bb28e4ef1578b4f648b765b991cf6a6a3b5993cffde24e02a5e49788f4b92,3
classification/train/2/train_04167.png,classification/train/2/train_04167.png,bf0b4d50b5c4bbb014fe860eae3256cc127d93755066aba1be716816a142eaad,2
classification/train/3/train_04168.png,classification/train/3/train_04168.png,b51a348b5209926573983e86885ca5618ef8dfbde22ede44d0b56f11ca68feb2,3
classification/train/2/train_04171.png,classification/train/2/train_04171.png,9f602156bdd1fad1dce7bab0eb703926f7d1128190038e9d78a4f1b6b8fbe89f,4
classification/train/7/train_04173.png,classification/train/7/train_04173.png,df217e8d56a7babf0993de480d083ebee11e8db16ab7c61b7bbb0b0fae13726a,7
classification/train/6/train_04174.png,classification/train/6/train_04174.png,92f462512d29d5438033c46517d511d8be03c903e12a94728f83742e44ba272c,0
classification/train/7/train_04175.png,classification/train/7/train_04175.png,619704c3add3934a15c4c09f71cd93e8ce3988686af257834bbb9670859d986f,7
classification/train/2/train_04177.png,classification/train/2/train_04177.png,dbc48b5eecfebb9c54bc4ed3295c6b9e7e4a5e0d75bb7a83f490b3b5ec4ad3b5,2
classification/train/8/train_04179.png,classification/train/8/train_04179.png,e9cdd5f2ebf9daf06e1cc7316852148dfd670e79abf8a8e4e1d40313399c9b44,8
classification/train/8/train_04181.png,classification/train/8/train_04181.png,6c0ef44f903169c0a0abe38e9e1816469c3b2132a4e2aab500325531ffff77a8,8
classification/train/3/train_04182.png,classification/train/3/train_04182.png,7a1ef62065dc712768058eb72035e67cd534fa3786ac944c993fe204e0744f5a,3
classification/train/8/train_04183.png,classification/train/8/train_04183.png,4adf6dac30c6dad68c362bffcc4b560a86ae61f209deb82840c9058924832adc,4
classification/train/6/train_04185.png,classification/train/6/train_04185.png,8c1eff0e7a7ae8f1ea2a18e14f197022fc22c6fb7af8a3d01b5f3ea84814b9be,6
classification/train/2/train_04187.png,classification/train/2/train_04187.png,b815d2e50216f364ee325af54b3bab8d85806e83a3672fc54d72f12f60deba0e,2
classification/train/3/train_04188.png,classification/train/3/train_04188.png,d2e37a530530f5cc44cfd0a5e387357bc7645113beba2253e0f74768d6edb162,3
classification/train/7/train_04189.png,classification/train/7/train_04189.png,d3bef5605e1431ab5931b873c3ceb9c7c3e5816e378da1642a5a11474dc4f12f,7
classification/train/3/train_04190.png,classification/train/3/train_04190.png,56d735149c3f067036c7e938421360e38882c3b979375f5160097750b0e30082,3
classification/train/3/train_04191.png,classification/train/3/train_04191.png,20750e9bd1058bf3ad4e188350c6b9cd8f249a0446f9bcd6c7ea7678fb4a4d64,3
classification/train/8/train_04192.png,classification/train/8/train_04192.png,70ae9decad165f294308aa4f89d79d78de4e31c93667c29e098a9555d57837ed,8
classification/train/8/train_04193.png,classification/train/8/train_04193.png,a71b32a0c8ad5f2312bd95f4d752c88d7bdff2a053ee39e3fcb0ba271f48644c,8
classification/train/1/train_04194.png,classification/train/1/train_04194.png,a40f770c7808479876fe61b3f8ea65f768ff6a34e09464ec3cdb6644459a8575,1
classification/train/9/train_04195.png,classification/train/9/train_04195.png,dfe3c030ee2867585f0fac996947ba34f7edd83beb42fbfddb37ffdc46fabb73,9
classification/train/7/train_04197.png,classification/train/7/train_04197.png,830f9b77872865820919886395abe693df8a5014dbfe84fe2691974715421860,7
classification/train/3/train_04198.png,classification/train/3/train_04198.png,6219e958e49a22cf22400e211f3c7be9997dd8e9af66d0849bd24fb859244c79,3
classification/train/5/train_04199.png,classification/train/5/train_04199.png,1336c6ed3c8ed09dd4ca61b9da0594ea1a10c35a187dc9ac2e3978e82f3c7fe8,5
classification/train/4/train_04201.png,classification/train/4/train_04201.png,9237d3e14237e2d5d59d0f008f2029d3cc546fb4984a22dc43fe104c58aa233c,6
classification/train/6/train_04202.png,classification/train/6/train_04202.png,a1e3f8fbbbdebf41f3e1eed770b233143d56617f15e31ffe73d1d57476095426,6
classification/train/5/train_04203.png,classification/train/5/train_04203.png,db8e1665a68803df51b97c063ef9080cb660d6b6a63188c0483ab5701511605f,5
classification/train/7/train_04204.png,classification/train/7/train_04204.png,f97f2aa1c29601297a00d0b80b20415a6089502e67e9e6e215266455f494e923,7
classification/train/9/train_04205.png,classification/train/9/train_04205.png,16817ea07f188339fb9665a76f2a4a01a2d4805450ade6ca934716b165ddd1cb,9
classification/train/7/train_04207.png,classification/train/7/train_04207.png,946637d2b2199dcf02d322640e4340a493052645daec8a71330f16501569f0c5,7
classification/train/7/train_04208.png,classification/train/7/train_04208.png,44250e07e0c8e5c5b33d7327a23f5ba05cdcb9f9ae65aa625d49a0bc19af6d86,7
classification/train/7/train_04209.png,classification/train/7/train_04209.png,22f4edb58b0bbfc888b8a1ceb65f224cc330b804749f45ee6d54ee69cdb78e52,7
classification/train/2/train_04210.png,classification/train/2/train_04210.png,566703c17931a72e970f880fc8e0d7b68e450eb8c41c392454c918a244febd11,2
classification/train/5/train_04211.png,classification/train/5/train_04211.png,be60cf9d4514a892bb52a6e1fd528b602794f80e470009a5012acf7d4c3e5ac0,4
classification/train/4/train_04212.png,classification/train/4/train_04212.png,b047159e7a8e37ea61692ce3625aac62ec658a37085700bf09c1db734a414d6a,6
classification/train/7/train_04213.png,classification/train/7/train_04213.png,7295ab18a446b873d978e83198973471f731328eda89d5e1d755376db762509a,7
classification/train/3/train_04214.png,classification/train/3/train_04214.png,a64d8db1b09549a7b5df2a1734899ac64bcd04ae2c58c1d13dcf40141b4fa58d,3
classification/train/0/train_04215.png,classification/train/0/train_04215.png,7344fcde8b131c02f5dbd63bfadd987287808704543329b36092142f3dc3d26e,3
classification/train/1/train_04216.png,classification/train/1/train_04216.png,4f559fd1fac8069d2cc52a93032a95b8acb43c9a1236354d15a05a9989dc9776,1
classification/train/9/train_04217.png,classification/train/9/train_04217.png,3d188f6b1336c0280124fb5678ac04645f04119cd0f074722f021c1a3ae0424e,9
classification/train/6/train_04218.png,classification/train/6/train_04218.png,b16e97e8d5107b1eeb7a4ee223514555e8b8b445c1200ef2d4e68be9fa2b83c1,6
classification/train/8/train_04219.png,classification/train/8/train_04219.png,c824c73cc13e0fa3e0bed4c09d9dc575284565c8a558690244b268abe79fbb65,8
classification/train/8/train_04220.png,classification/train/8/train_04220.png,f03ab1300c385136b1befd5d2372955b1207043f883fd29ca12aea4ac65d24d7,8
classification/train/9/train_04221.png,classification/train/9/train_04221.png,85b25a46923386d0871d321b75b11cd30c3c341207519bffe4b2786e55f415cb,9
classification/train/0/train_04222.png,classification/train/0/train_04222.png,24eaa17b01961983e059497d18c2b33f4f9fb198c5b4a9dbd484b3ab0f77677d,0
classification/train/5/train_04224.png,classification/train/5/train_04224.png,6b1c7a31ec3b868415ba9d087c8889a0c053d535fb3cf2de651dce3aa21cd9b8,5
classification/train/4/train_04225.png,classification/train/4/train_04225.png,d3ba53b0cf8d9f8b788dd5043e9a274574d45859fbbf088febe87b008277af6e,4
classification/train/7/train_04226.png,classification/train/7/train_04226.png,3e94d929f724f7b7c580b25099b23221d7469f53d7ca20f7fa42c230ba53d06d,0
classification/train/4/train_04227.png,classification/train/4/train_04227.png,c7e30fb4a95b0428e38b7d12831bedb828f5f3649d041b1c48d5321a31f000df,4
classification/train/7/train_04228.png,classification/train/7/train_04228.png,8acf222c45f2193591d2975bb339ba6e5eb5bc85df0e4e4886b75791421dd9cb,7
classification/train/9/train_04229.png,classification/train/9/train_04229.png,a58c28b2817ab013d7cae04fed22b417da1df0c9620d3ad4d3ba1a09ef5ff2cf,0
classification/train/1/train_04230.png,classification/train/1/train_04230.png,40c6913a2f800c625966438b26e7af0eebab6e13f17e8ba7ef423f7cc06093a9,1
classification/train/4/train_04231.png,classification/train/4/train_04231.png,63f4ddb102541c579a3a7cec5c01bbdbd5c4d64562ad472c59fdb463def27ea4,4
classification/train/7/train_04232.png,classification/train/7/train_04232.png,ce7f47d441fd6185c05f616d98870e1e35f407fb950dc748ac96c7fd1d56ba79,7
classification/train/2/train_04233.png,classification/train/2/train_04233.png,b916ae284e5081bfab4ed8359b7158b45ab9109361099e4fff32a2199fa0b5bb,2
classification/train/7/train_04235.png,classification/train/7/train_04235.png,b48d5821c973eaf987e5bf071aba03d8edf4fdc72e5b2245ccbe2612e44ff900,7
classification/train/7/train_04236.png,classification/train/7/train_04236.png,2259b9a27bc6eb0f4412e9e0081f38eb8169610be8d1fecdb24c37862be2e927,7
classification/train/0/train_04237.png,classification/train/0/train_04237.png,326bbd4d21d62dec548f57c51c8cf7a1f05124082a0238b212eb01ce9be1f509,0
classification/train/0/train_04238.png,classification/train/0/train_04238.png,a6ad2421c626ad297960ed9af40fe5d181523a4d14225f77562e3b0c3d648a77,0
classification/train/3/train_04239.png,classification/train/3/train_04239.png,f008a09640c056fdd88938c5d29cc8561cc0dd64924efe63defd8378dd989a6b,3
classification/train/7/train_04240.png,classification/train/7/train_04240.png,08a78545d44b410f109b1013631d8e5079b580e9ed0dd2c936196407524bed8e,2
classification/train/2/train_04242.png,classification/train/2/train_04242.png,f17c7c32989c77b9cf23b425346cf2713ba6864b10265307f265085804717c88,2
classification/train/1/train_04244.png,classification/train/1/train_04244.png,b3512d5133c0e6632c652ff6baa0d66dddfebda6479d069775dc25cf8a45322b,1
classification/train/0/train_04245.png,classification/train/0/train_04245.png,894bede114310bbfd16646d62695cc74ed05c0dc1e4289ed6b74603b5a0bfda3,0
classification/train/8/train_04246.png,classification/train/8/train_04246.png,b6c5c61d725e627eac9b619ae8d59bee4b2cd0bafe33c0ca0d9e75bc3edb4e33,8
classification/train/5/train_04247.png,classification/train/5/train_04247.png,d2364a8636c87109e07cae4bc399efaae6cd935653fddc36744eb9767605abc1,5
classification/train/8/train_04249.png,classification/train/8/train_04249.png,85f184d78b305ef71adb4eb35008af86f8a4e5bd03a3790cdda0a07888ee2803,8
classification/train/3/train_04250.png,classification/train/3/train_04250.png,cd8f67ea4dcb55960e7ced314220f693809f0f915eefccabea74e3d67acc76ba,3
classification/train/4/train_04251.png,classification/train/4/train_04251.png,66e046f2730c1d217d95b60207527bfa36fa4916c75224fad0eb852eb769738a,4
classification/train/1/train_04252.png,classification/train/1/train_04252.png,957ca73206c272c44de719b24cdf44838ab785866103a194cc66ba359e7361cb,1
classification/train/7/train_04253.png,classification/train/7/train_04253.png,919d53b14346e65cd46856f636f39cad1d30d860b300119b773959bbbd015654,7
classification/train/1/train_04254.png,classification/train/1/train_04254.png,1959727f6c10c691810b7b5d0e76472516c5486bb89c94b659cd197759d1ab27,1
classification/train/0/train_04255.png,classification/train/0/train_04255.png,57acf8c6fec40e1dfb7c9b42424719f0f96d568ee5cd7f5a8b2c1cc37a0c03b6,0
classification/train/7/train_04256.png,classification/train/7/train_04256.png,b5af5aea7b4da5ce6f40078ad4b17348bf75db6ccc4a56c4a42807b24627bd70,7
classification/train/9/train_04257.png,classification/train/9/train_04257.png,6962bbad9d37f3daa0d780b0eaf29d6dd8ecf244e8fa76d15d3a8d686f9b973a,9
classification/train/9/train_04258.png,classification/train/9/train_04258.png,deddefa9f2b70ca1789e33292e95a8f78f8068d51efdde0d5168e2d77843f7c4,9
classification/train/8/train_04260.png,classification/train/8/train_04260.png,2c3d0f661c7be3813c74053dcca8afe255da25e584b230fac384f0e09514ef61,8
classification/train/1/train_04262.png,classification/train/1/train_04262.png,31856f56641b399133bdd7a79319be886dcbfaf3344575d8eacea6aa75225490,1
classification/train/1/train_04263.png,classification/train/1/train_04263.png,56fc95c0981b6fcc633513bd4b423dad9dce1a0171564d55a60b17ff7b7be92c,1
classification/train/4/train_04264.png,classification/train/4/train_04264.png,7c5d520b8043113efaf894314f303b46dc277a53609f5fba5af956ae786d44df,4
classification/train/6/train_04265.png,classification/train/6/train_04265.png,111d1b470888335476cb56be7f054d1f5e0c747048d421583d6221d61419ea47,6
classification/train/1/train_04266.png,classification/train/1/train_04266.png,32e3b4a1d6d60c4c4c3ef0711e0836995416f3b12213871a5efd76919449a498,1
classification/train/2/train_04267.png,classification/train/2/train_04267.png,3a45c096961f71d85bdbbf6648c3f8387b0ebf4432d1e00c2bdfcd877f59c6c7,7
classification/train/2/train_04268.png,classification/train/2/train_04268.png,9116013fee86e34ba906143f99ff01dbce342135aada63bda3fa1267a72f0513,2
classification/train/1/train_04269.png,classification/train/1/train_04269.png,2f68f4b4251229337bd8e9bee51f3df7eebab4ecfe5bcfaed71a54f69fa0d22d,1
classification/train/0/train_04270.png,classification/train/0/train_04270.png,f2915592420c2f0a62707bb2b6f054216c229b39d57946a5ec613b54ead3798c,7
classification/train/3/train_04271.png,classification/train/3/train_04271.png,721f458f586b12e5de30277ee5f7f8ac808b450e74f9b216cdf94314401630b2,3
classification/train/2/train_04274.png,classification/train/2/train_04274.png,decf2c871f450a085881234828794e9cde18e13c1aefebd3f36907e731194fde,2
classification/train/3/train_04275.png,classification/train/3/train_04275.png,1df6e3c9971d5b3fd2226bf2c681854e2315cdb30b15a84b673e165881fd9c63,3
classification/train/9/train_04277.png,classification/train/9/train_04277.png,4a88990cc9824a0f514a99ffb00074d06f5d4dd5db47b31a0ae05b83bd0f2811,9
classification/train/0/train_04278.png,classification/train/0/train_04278.png,72830f4c9eeb8bdf0bc9f92d4658f1c154488b704de2c2c3df5f74d597faa0bc,0
classification/train/8/train_04279.png,classification/train/8/train_04279.png,10630b16649200b1a6ab62bf071418f9b41021cdb86b254234828325c7b99632,8
classification/train/1/train_04280.png,classification/train/1/train_04280.png,ad8650c56c1d4cab893be335c2067546b3ff5bb0c9ccc5d48f1f21abf83392f2,1
classification/train/4/train_04281.png,classification/train/4/train_04281.png,70b7bd31e2a1750091ec983138bcb0f7222d64f6c062f726ed5ee612dfa40fef,4
classification/train/6/train_04282.png,classification/train/6/train_04282.png,25e9edc7bf7155d623e01fb5545347f89bb5a8f4e3d6ac4ee2ea67b99132a1f0,6
classification/train/0/train_04283.png,classification/train/0/train_04283.png,b6731578ef34f2dc827cc654b3e0bc82cb9eb66c68535dc8cb93c2b909167295,0
classification/train/3/train_04285.png,classification/train/3/train_04285.png,885a3bccb23bd275ef4d41f889849a89c3a21d57bae1a75998b8d8274526b264,3
classification/train/6/train_04286.png,classification/train/6/train_04286.png,f7957b8c76c4acd0f15dd105ba947e1a3a333fcbdc03346fd9e6cbdf4a96405a,6
classification/train/4/train_04287.png,classification/train/4/train_04287.png,e50b0ffde4218ad583430acf205ab4cf1083af64da0934a48d6524b00b384565,4
classification/train/9/train_04288.png,classification/train/9/train_04288.png,2a97d54e94e9cf87a972f994aa04aa9151fb94a7874df1e20f5d2c9fc0bd7c13,9
classification/train/5/train_04289.png,classification/train/5/train_04289.png,17bbe0834b7f3662f15906700ede3d98d5aaabe0cda59cbf05719d3f86052c99,5
classification/train/9/train_04291.png,classification/train/9/train_04291.png,891119cca160e06e88f83b34c3a27ec06fc7051c3614d29e5c5893e6e7d8d987,4
classification/train/3/train_04293.png,classification/train/3/train_04293.png,d206e58afecdce38b49ae4ed08905704b0cc343a3c59d74b7a1443fb03607fe5,3
classification/train/7/train_04294.png,classification/train/7/train_04294.png,c633dc4c6303e9a47241b36814608451cd67f8db931ddf22e1de6b98df0bf0fa,7
classification/train/0/train_04295.png,classification/train/0/train_04295.png,60dc91e5f64d8b4f5797a28f843bb4b90629a61755eba3d3b2fbc18bac306fb9,7
classification/train/6/train_04296.png,classification/train/6/train_04296.png,6c1acbfb67981c5e85926fa400f56fce3693eb8df8e727a7ce5414df528cf886,6
classification/train/6/train_04297.png,classification/train/6/train_04297.png,41eb8cb63b1ce8b870f114087f593a1310364f0ebde65f3d258176f69ba76d1c,6
classification/train/7/train_04298.png,classification/train/7/train_04298.png,063d06f38cfbd09244a25a73571135cd726169c0a790631d12e383860a2bee9d,7
classification/train/9/train_04301.png,classification/train/9/train_04301.png,4ba8c71d781c4e0b54c7aa3214051511e74e8f193a0464b503111595bf0427cd,9
classification/train/4/train_04302.png,classification/train/4/train_04302.png,587b8c62d7aaa03a6b4c0157f089989d7dc1256a779a145a359db69e31c58a59,4
classification/train/5/train_04303.png,classification/train/5/train_04303.png,06666dab94c316dc9d5d386853cec954520a9b2600c51d3bddc9566dd53d6b21,5
classification/train/5/train_04304.png,classification/train/5/train_04304.png,e65c25f929ce861001ca8334fa651f6d8b7894e9ff88df09f9d57c60bc59b280,5
classification/train/4/train_04305.png,classification/train/4/train_04305.png,21378496906fc0c10d08150c1e5b1d22c6c81ec0689541ab41ae8b6e80f11d83,4
classification/train/9/train_04306.png,classification/train/9/train_04306.png,1d2d78a68c4912d01414e4aa858f3659fd75d45c69af2d6b85762855c70dcd21,9
classification/train/4/train_04307.png,classification/train/4/train_04307.png,e698515faab1724ac2b8a3bf28365055858e986f6b96779a854495c05417d890,4
classification/train/1/train_04308.png,classification/train/1/train_04308.png,13456f52c32c35098b00703529798b18fe7ed951b1a34047bd7c98a63710bb8d,5
classification/train/3/train_04309.png,classification/train/3/train_04309.png,85ed34d14b7797a1c2bb1482345b66d1e47744938729c1df162e9ce852aecc4a,3
classification/train/1/train_04311.png,classification/train/1/train_04311.png,c0f53f8d6068793d0179b980231433c0e4e48ea736adf930c4b9938f51307dc3,1
classification/train/7/train_04312.png,classification/train/7/train_04312.png,f104ff0b73102c99e8d3021f2a61242bd91b26e3844bbbb6eddf2554df866e4f,7
classification/train/2/train_04313.png,classification/train/2/train_04313.png,67f4d0623d6ff966791020f631e5cefdcfb340096d4495d327959e50d48168f9,2
classification/train/2/train_04314.png,classification/train/2/train_04314.png,3f50430c4b1be390ad02a39d6348c8d732a1a746236ddd0cfb27dd88233778af,5
classification/train/9/train_04315.png,classification/train/9/train_04315.png,52d4d95093e24cfb5919bdbeca09d210977dd0c993f79610b5ce574f6ed252ff,9
classification/train/7/train_04317.png,classification/train/7/train_04317.png,1f5b1317c5e92925f7eef080c9574a99b8dc865706bd47e6cf48e3bb288a129a,7
classification/train/2/train_04318.png,classification/train/2/train_04318.png,c6f69de47599bfecaa1b912ea748c046a1456d5c8f54a92a079b54cb20979c4c,2
classification/train/5/train_04321.png,classification/train/5/train_04321.png,07f133ce4dfac4784e42b7db70976c33bb7efcc0828e73952e83edc4427efade,5
classification/train/0/train_04322.png,classification/train/0/train_04322.png,09be2f483b2e281fb0e3317a26a66985df42fe1594686586c083ddf03c55c7a8,0
classification/train/8/train_04323.png,classification/train/8/train_04323.png,f4f1010a475447633d4dc37eb0416f3147d6b20c026197177078d73641f81d63,8
classification/train/6/train_04324.png,classification/train/6/train_04324.png,7250110dc8f5f00759d7d6fd17e9bb524342c251b5c4318a0a04190707d7899d,6
classification/train/7/train_04326.png,classification/train/7/train_04326.png,c23ffa1228515a2deb4b49522b2b7e476cf940899bb306f17860f560f9035499,7
classification/train/3/train_04327.png,classification/train/3/train_04327.png,db27de77471ff62ae33a99a33b4fb5307ad5b15e0b3fddd7e8ebcd927ff59f10,1
classification/train/7/train_04328.png,classification/train/7/train_04328.png,238751d9fb5aee98a4e5f9f6ad853f55cd6ebb9b2eaf9fd638a776d19a95ce67,7
classification/train/2/train_04329.png,classification/train/2/train_04329.png,efe0872f0e60a354ec89a75bd89fe99fce6dfb811a8f06319940e6b97479a8b7,2
classification/train/0/train_04330.png,classification/train/0/train_04330.png,5ef13e73a22fe22ec94440cfec52a3e816c3f0b07d8a1041311fdf94a714150c,0
classification/train/9/train_04332.png,classification/train/9/train_04332.png,5d6eb1eda7b7b4db59303f54cf614c49e384dc30eae0d3f5feb37e4126648862,9
classification/train/4/train_04333.png,classification/train/4/train_04333.png,ae0efe3595cfca3fe3031af833b24db19e677a888889285391371a590bfac620,4
classification/train/7/train_04334.png,classification/train/7/train_04334.png,2048fc6d9285b5571f386187d36641152bd06614f520fd21f6aad3a37ceef8f8,7
classification/train/4/train_04335.png,classification/train/4/train_04335.png,19297ed27e2b6185029b40abd5c33ab0ddd4439d22ba58465db5a56a40a1a5cd,4
classification/train/4/train_04336.png,classification/train/4/train_04336.png,f11590d2a52dd622e2c15bec5d0b0d03496926c7869994a90508e10c877d28b6,4
classification/train/2/train_04337.png,classification/train/2/train_04337.png,cb65bb7f1163b9dbcf1cbf8008c463ef103f968a3ea0d335077a8c708f85e383,2
classification/train/5/train_04338.png,classification/train/5/train_04338.png,d01dc584c5ed74aa7840b7f537b55ba83799ebc72c9e1d65171ed27dc1d85f15,5
classification/train/6/train_04339.png,classification/train/6/train_04339.png,2f9b9f1e7be204a1e0956f4735251cdd7b7e1a525c666217f62ee5a9afc13969,6
classification/train/6/train_04340.png,classification/train/6/train_04340.png,059c4a9a47f9c88fb895e18c5609d793f8357a39c54e0d2438201b28acce1fa2,6
classification/train/3/train_04341.png,classification/train/3/train_04341.png,357cb6fac1602112d6878587335ad94ac9bd5414611a2dcf926c24b42b6ee2cb,3
classification/train/9/train_04342.png,classification/train/9/train_04342.png,c1bdf3253a7ea62b71f58680cfaf04116df029424dab0f7fc241041a8968c3d4,9
classification/train/5/train_04343.png,classification/train/5/train_04343.png,5acb98f72203f205ecd3da938701df266800da56c64ccd9c2abcabeb4d3fb79a,5
classification/train/3/train_04344.png,classification/train/3/train_04344.png,8794b85dd6f4590f3e3e297444edd9f738f805d0ba72c8b883a035b1c9908f4a,3
classification/train/0/train_04345.png,classification/train/0/train_04345.png,ae61223980406938a8c41e72db4cd11537b50d2269d37eaa5323b1e9fff6c880,9
classification/train/0/train_04346.png,classification/train/0/train_04346.png,735fb312e297380ab30c055e4325b5aecb231a6781343aba0f6222dfbe9ad68f,0
classification/train/1/train_04347.png,classification/train/1/train_04347.png,3c6323a772e1c4bbaca25c760e4118863d2bdc595568049475e0317a3875357a,6
classification/train/3/train_04349.png,classification/train/3/train_04349.png,0899752fc9d7aa2956144fd9441c4b5afba59bc6d366edc39085830334d90756,3
classification/train/5/train_04350.png,classification/train/5/train_04350.png,994f4a12541e3819472236a4f991a265c2a5c899d6e002f94348e3f92ccae98c,5
classification/train/6/train_04351.png,classification/train/6/train_04351.png,9523f382f012dfd3ac2f9c905b47e5515f5f392b6b95dfa330d37b0e8fc26c2a,6
classification/train/6/train_04353.png,classification/train/6/train_04353.png,2f1bb9c962e3c7779cbcbb1322a95de3aacd540e3caae4b198a06a14a75a74e7,6
classification/train/3/train_04354.png,classification/train/3/train_04354.png,a2a5e05dc185bd064acb45f67d17f9ffde02753cf5b32185c0342ca05f90d4d1,3
classification/train/4/train_04355.png,classification/train/4/train_04355.png,6792076822a2b9fb3254274950ae5c727ff4dd72fc4f71de53179db1125b7ec0,4
classification/train/7/train_04356.png,classification/train/7/train_04356.png,eecfc3b229bb542c70b4cb02ebffcad6aef6a8277e6577851a77f6aa5238e259,7
classification/train/2/train_04357.png,classification/train/2/train_04357.png,f2aa53019018426cf7bdb99dd2f0a6801aa3783ce1d12a77ba73e6bb246f1092,2
classification/train/3/train_04358.png,classification/train/3/train_04358.png,e9c5e479a09d58d42e28b90f6e75fb661d2135d86cc7d237d01a96f59ab3469c,3
classification/train/4/train_04359.png,classification/train/4/train_04359.png,f307dc4bbb7dfe14e52994899353b55e456118d64d0cc90171cb2921c7ff5c6d,4
classification/train/0/train_04360.png,classification/train/0/train_04360.png,c8f1bf7d2dc81bed68429c405fb58d923bd06a6ec17b1333fd331c1c788d18bd,0
classification/train/1/train_04361.png,classification/train/1/train_04361.png,5afe1783b4efd284196635a5136303b14f1fb077440ee8435da297868b0e18ba,1
classification/train/4/train_04362.png,classification/train/4/train_04362.png,efa9a55fd6fc01a78faaad95ab33ae78cfe4e14a037d7ebdf9920aa6d131be72,4
classification/train/3/train_04363.png,classification/train/3/train_04363.png,066529eb48a85949f8060021169fa92b97595486f7cdef4a7f07ab7e37b1d612,3
classification/train/9/train_04364.png,classification/train/9/train_04364.png,28b6c8ef4273f253a1425c2eea2222f271cd9b311c4db8825e5be7fab34059b4,9
classification/train/9/train_04365.png,classification/train/9/train_04365.png,23936ab02d7164be7e337abf2d6b38f0bedeb675fa641532cbe0dec2cb71c0ab,9
classification/train/8/train_04366.png,classification/train/8/train_04366.png,6aafe1a36e13dcffcc8c005b0f4b072ff35cbbaa10b87e1ea32e83e5a05f346e,8
classification/train/8/train_04367.png,classification/train/8/train_04367.png,e341ccf3729f04f2e9e56a94dade1dc1418ba1c866e4b85d8fe679b37df7dcc2,8
classification/train/9/train_04369.png,classification/train/9/train_04369.png,9651ad51a7283dd81ef5e3f72dd0b66170b68019e3a6b69f48830dead0942aa2,9
classification/train/0/train_04370.png,classification/train/0/train_04370.png,1489c8de6d5fe52fef5063bf47b40c48bf6c0eb35080567c1f91012df4b92d18,0
classification/train/2/train_04372.png,classification/train/2/train_04372.png,71691626d1ae19db07fa409562fd3cc1c6ecf97bc4d727ea4d601f4c0ad126fa,2
classification/train/9/train_04373.png,classification/train/9/train_04373.png,dd68a40542d9f93f98ff70e3425b7c2541f97b9cbf172f5da489c630ef8e95bb,9
classification/train/6/train_04374.png,classification/train/6/train_04374.png,44bad60b2e97dd1d76b5bb884d48dd31ce8f91e7e02017efb5d22e5b57d587ec,6
classification/train/0/train_04375.png,classification/train/0/train_04375.png,1b164220f0da88b61f3790e48ef679c4da1265f0d946dc6f3f254352a78b56bb,0
classification/train/3/train_04377.png,classification/train/3/train_04377.png,a6cc5111509f01b6932898f2be9e6f328ec34d5c4e1ded844ede52aebf1f12d5,3
classification/train/0/train_04378.png,classification/train/0/train_04378.png,435b483f73a908e10ec4cfa6417e2bb491a6e5604431d374f6ac10d500b68c61,0
classification/train/0/train_04379.png,classification/train/0/train_04379.png,554e18add103a7026a38b11e0ffff6d903668a975b102b201f3e14e8ed4733ee,0
classification/train/2/train_04380.png,classification/train/2/train_04380.png,838d38ade82466eca5e2090595dbb7ad833fae781cd32b3ec6aaf1d69079d3a1,2
classification/train/4/train_04382.png,classification/train/4/train_04382.png,b99ba37f8d4f6e0b021a8ed3f51d123f1e283c66323954cd7052ea84726ebd9d,4
classification/train/5/train_04383.png,classification/train/5/train_04383.png,e65df938b7e4ed4c8ff1fe62eb9b1932b542baaf15c78ad7ef22ea57c930d821,5
classification/train/0/train_04386.png,classification/train/0/train_04386.png,3cebde2bacceb88cf808a156b69ca38dd793c3a05013730f46bc673b6490b32f,0
classification/train/7/train_04388.png,classification/train/7/train_04388.png,763e744d3622bcf33a48e6872f9932e3de19ed00f909d0f07585176b98849cc4,7
classification/train/0/train_04389.png,classification/train/0/train_04389.png,bb1ab0bfeb879b34d3161ef44bc6559ad6e28d6e7068a8a02dece783969b0012,4
classification/train/1/train_04391.png,classification/train/1/train_04391.png,5a35b81e89076b0ac2acaac27faa7fb6faca977ae1e8cefbf20b20a62fc6fc5e,1
classification/train/6/train_04392.png,classification/train/6/train_04392.png,b9b6ffac781d49d3b46d5a5f1f7137106cfa7597a76947bcd1523a6edd0e8633,7
classification/train/9/train_04393.png,classification/train/9/train_04393.png,d1c246c100065de2cad5afa8d9417d382c7388b77d6b811f145d2691e998b0fe,9
classification/train/4/train_04394.png,classification/train/4/train_04394.png,39c64664e09d03a29015adba3698c00f57ed314d02d631bf7b5bfcbfc5d95fc9,4
classification/train/0/train_04395.png,classification/train/0/train_04395.png,3702ed33bf85047de9f7b8347afeb97da4510f3971d6ba4143bec26d30f6e50b,0
classification/train/4/train_04396.png,classification/train/4/train_04396.png,43c80d47aa775b88c6d8604ad38d382cacba0bc67c467226394f11551bf4034b,4
classification/train/6/train_04397.png,classification/train/6/train_04397.png,a79bdd5568a90fea3238dae5aa2f6422c2a6674645e8f1f6bdc7d77056d1497f,6
classification/train/2/train_04398.png,classification/train/2/train_04398.png,29c80a0de1297fc358fe46ba821cc8eb44b8579baac2f65b5bba46590938a456,2
classification/train/9/train_04399.png,classification/train/9/train_04399.png,f4f1dc3de6a4a09fb6c25c57859f85d27833e4c58c76c671d6e95a64194df0a9,9
classification/train/9/train_04402.png,classification/train/9/train_04402.png,aae7323a16ed24b34388a0372ad8689d0f3c0992139378d7316d7b239dbe789a,9
classification/train/8/train_04403.png,classification/train/8/train_04403.png,727dec3b0ab27fa2cba35baf607af2613186e695fd33463d39b95c75b2a76c74,8
classification/train/8/train_04405.png,classification/train/8/train_04405.png,2a6cc5adf4f0b2ac79ae42d61a97b1c61adf1500a2ddc3cc74a6aa915655c552,2
classification/train/6/train_04407.png,classification/train/6/train_04407.png,9524b327e7a3edfa365ea68fbc41a69b0e70ac0fd2eff92d36ee0f93c6fe4caa,6
classification/train/2/train_04409.png,classification/train/2/train_04409.png,9d38162e2862d0bd40357e4736849e71c840864d738d0b9ddfa60061a99e3b28,2
classification/train/2/train_04410.png,classification/train/2/train_04410.png,7915aaf467035be9096bf97da23b04f7e174a18754c835907b6678e52bbb3959,2
classification/train/4/train_04411.png,classification/train/4/train_04411.png,b899b9fee2046f60663748441f66e2a4bc325a75f2f9b9805fbf92fab175d8b5,4
classification/train/3/train_04412.png,classification/train/3/train_04412.png,ba5c5a124d9ad6c43ce56cd2405a3b3e14a479213bbdcc7d450b6b15dee4bcfb,3
classification/train/1/train_04413.png,classification/train/1/train_04413.png,dd9f4b4373ef1fe0a52e75f865d635092cc06a174fcfb79fbd76c76d4cef2dad,1
classification/train/8/train_04414.png,classification/train/8/train_04414.png,0cdf995efd013c8263961f1353741780694507dfa67272b71a02eb815683dd79,8
classification/train/6/train_04415.png,classification/train/6/train_04415.png,46e843b779f022bc51cb99996917137f53686daaeb92ab6e88f32f80ba616334,6
classification/train/3/train_04416.png,classification/train/3/train_04416.png,e7c60e82e41f57bff9ca98e3de8c5c7a146210ae09f9556b42a0c149822d9714,3
classification/train/8/train_04418.png,classification/train/8/train_04418.png,671cd9dd03d4cca05ffb1fc33ab90c1797b3f06810465f3ed9548cf1f37fec25,8
classification/train/0/train_04421.png,classification/train/0/train_04421.png,c0a73ad76252f3f4933574764c4097520f1e19f649a4b5412743c0196f132064,0
classification/train/3/train_04423.png,classification/train/3/train_04423.png,7c3d2ead6d3d6c9e0c682c4941a24b4312c627a04d9a9ea801350bbecbc53076,3
classification/train/5/train_04424.png,classification/train/5/train_04424.png,cccdb8c9ae2c7129d97bd37c8c7dc640308fb458e2c94f9d2608b8233297b753,5
classification/train/4/train_04425.png,classification/train/4/train_04425.png,6be47d01d5ed4986134d2e197bcb08db0f9b5d2d260415c8e17e3869d4a12d26,4
classification/train/3/train_04426.png,classification/train/3/train_04426.png,bf1f4d1c9c59822a9c0ea67ae388175faec707f4d54b415a1f926707f57c65b4,3
classification/train/2/train_04427.png,classification/train/2/train_04427.png,3393dc2060c0c120d5291a46064a73156753230c41008c6b2af382649e90a1e4,2
classification/train/3/train_04428.png,classification/train/3/train_04428.png,0c3ca3e35b17990e2dded5dab8b9ff6367a7282b43f764afc0d2573fd899d013,3
classification/train/8/train_04430.png,classification/train/8/train_04430.png,453dfa0d13f595b732873635bf5b449e6ae67ef68c1b329458e3e577e9a5ef68,8
classification/train/4/train_04431.png,classification/train/4/train_04431.png,36bd506b26918620830171243c439221a6bd18127377b530da87322259a9525b,4
classification/train/0/train_04432.png,classification/train/0/train_04432.png,bd3fc4ebc23ca96172370554b92fc1b1c34b3886082cfbc0cfd986bfbc04ef8e,0
classification/train/8/train_04433.png,classification/train/8/train_04433.png,f889de99fdf779bd2e162de3ff2c36eb89479007608d91cd867f9be0534a3b6e,8
classification/train/1/train_04434.png,classification/train/1/train_04434.png,e460fda0cf298d40179b2c6cba5cdca4154ea85604e4beef8b6581fc2b23c70a,1
classification/train/0/train_04435.png,classification/train/0/train_04435.png,be3aa45affc853d8a4fcee19eb24930852f877d6fdc3ae01ded323da248275e9,0
classification/train/5/train_04436.png,classification/train/5/train_04436.png,206cd53809b64a6e29f412e4fb28c13d67164989a5d3b388dcd624f14bf40c2f,8
classification/train/8/train_04437.png,classification/train/8/train_04437.png,e83bea16b36138db8b1d0b4e28752a49e7674bb9f4ace26ee949f4d1682a0433,6
classification/train/4/train_04443.png,classification/train/4/train_04443.png,e8fda9d73b9fac804d6138a5bfec2021a5164b48575f1cfb125d98b3165b43a6,4
classification/train/9/train_04444.png,classification/train/9/train_04444.png,f1578bf055435d87525fc6db358460d79b76c1f42ad14da1f217df2bfa423a14,9
classification/train/2/train_04445.png,classification/train/2/train_04445.png,e4394660a0263f251862ebb979716d4cc5e92cf860496880da8cf839256abb69,2
classification/train/9/train_04446.png,classification/train/9/train_04446.png,25ca4cf2ed058d37f35d8fadf0a1691b5693effecd5529c83574bd5ac69685fb,9
classification/train/7/train_04447.png,classification/train/7/train_04447.png,86e29da8109773b838b2bcb25d4c8baf8f5d53686773c9f15097ebb3074a6dee,7
classification/train/0/train_04448.png,classification/train/0/train_04448.png,9dd7ef9376fabde0b1fa4562c679a2dae42449e80e1fe4b2839639c401ed1bef,4
classification/train/1/train_04450.png,classification/train/1/train_04450.png,c8064f639083655e443059752b45b9d81918b3fc23939799d7adbfd725b229d6,1
classification/train/0/train_04451.png,classification/train/0/train_04451.png,dd7a84a42b86dea6b69113729daa8b5ec897c2e8d874ddc1f9e072cd7da5a27c,0
classification/train/2/train_04452.png,classification/train/2/train_04452.png,0c2a3e66d64f4fef1e16c3286b1a5d2c843d12bf05166ce221897bcb5659d0c7,6
classification/train/1/train_04453.png,classification/train/1/train_04453.png,0192b01fcdca30044cdbcf2a29c821b79e512de51510914a86f426a3d03058cd,1
classification/train/2/train_04455.png,classification/train/2/train_04455.png,95bf725e3b0de7284d20a256c8f6b6b8176791fa1a4e9d9b038f97457f513e03,3
classification/train/1/train_04456.png,classification/train/1/train_04456.png,4a4d0f1ea9d3b5e50b5619f33f3cf01e24c35347de26509fdd39e23bab77dfe5,1
classification/train/7/train_04457.png,classification/train/7/train_04457.png,5c43f45d673e9be0153935e4162e60520cd3c167572c7b1659b4adffee5fc11d,7
classification/train/8/train_04459.png,classification/train/8/train_04459.png,55336997d3488da18c8d1950f28037f7d8fd1fec595436f582bf2bd8a996b400,8
classification/train/9/train_04460.png,classification/train/9/train_04460.png,6c92ce5bd998416d5b78b5ee5d8fb38bf2bf61ca441123df298016c56f2b3323,9
classification/train/3/train_04462.png,classification/train/3/train_04462.png,5943b3f84d9db18cfaacf34e834a0a3ba9e76f0dc01be86e8487a1b8cdebb715,3
classification/train/3/train_04463.png,classification/train/3/train_04463.png,29705769d305c6059d7155657cbf42a41599f6f653643ac61eaad7996841d7cf,0
classification/train/4/train_04464.png,classification/train/4/train_04464.png,e3984ed41656d98f96fe1b3dea7be840887aa5dee81d757a4570e72e32da7af7,4
classification/train/5/train_04465.png,classification/train/5/train_04465.png,358f559bdf4951700d25965281ef85de94a2a3a079b65f047dcf1dc26d7b4ad2,5
classification/train/8/train_04466.png,classification/train/8/train_04466.png,ce68f62130cd32f5d961d6681b6f0ba81b9844ebf02e76caf0cabae1dc94982a,8
classification/train/4/train_04467.png,classification/train/4/train_04467.png,eff312d8603b4c32e21161d4525a7a0655edf9be6ef1738cb7d23e043956099d,4
classification/train/1/train_04468.png,classification/train/1/train_04468.png,2f39aa29639eba26d5399eafb593961cb00571a57a1f8ebda401a302d40e481c,1
classification/train/5/train_04469.png,classification/train/5/train_04469.png,4b90b7a16ea7c22bd1520ade7f4c7859805b024a29de7ca0c7544c434305c699,5
classification/train/0/train_04470.png,classification/train/0/train_04470.png,a70d0d684f1c2f17cab9ce1530f02f0d403d922220e0e2081e6d0f4686cf269a,0
classification/train/6/train_04472.png,classification/train/6/train_04472.png,68c6f7500e893cbcef4c4bb275409803f4119337fdd9d58524c98a1ed61cf955,6
classification/train/7/train_04474.png,classification/train/7/train_04474.png,73e80fe2331ac77c5641c8c2d96cb3f5341691d95738be2aa7329fcc0394e75b,7
classification/train/6/train_04475.png,classification/train/6/train_04475.png,48b4a943608e71bd44f70f3b20be56f7c071570cd9e3bd81210e66805b77aa4b,6
classification/train/3/train_04476.png,classification/train/3/train_04476.png,042ad3e423fdfae24c1744e1ee2bdaaa560a845819d47e6968f98bdd7fed29dd,3
classification/train/2/train_04477.png,classification/train/2/train_04477.png,5234783e71b2257919ced965a99cbe0e223cd3625ca4de24929e15781a5b9c66,1
classification/train/7/train_04478.png,classification/train/7/train_04478.png,3c726509b2056c5f4120f43faa15a327552fde742e1b4ef2841ebe4306d2efd9,7
classification/train/8/train_04480.png,classification/train/8/train_04480.png,caea14d9be34d8940a0602f26d02cca4e0394769f6e8c4ce9d9832389aed9f19,8
classification/train/3/train_04481.png,classification/train/3/train_04481.png,6d8d6cc81a2b8a961ab54d4b9c6cf19f939efeea8cd0e9eb4fa4aea4a50975ed,8
classification/train/0/train_04483.png,classification/train/0/train_04483.png,0c4841b88809cdf8860b96a3add150b1e55f218b2a76b9d4cbdf0fb35fa33d8a,0
classification/train/9/train_04484.png,classification/train/9/train_04484.png,4922c96f814310905f171867a20f4a4bc7879261d76f7358693472bc05e6e64f,9
classification/train/8/train_04485.png,classification/train/8/train_04485.png,b047c323bc0a6412184a710c4f8aa607664993e741a19996996302aa9e1bef8a,8
classification/train/6/train_04486.png,classification/train/6/train_04486.png,a773a78c5116a9a2fb2a1621bf19143867256f15a7cb6c4d55a9433304602f1e,6
classification/train/6/train_04487.png,classification/train/6/train_04487.png,5fc85353b261759c931a98d1e5752fc0e40b3f156cd138b12b8d5179ac424b09,6
classification/train/5/train_04488.png,classification/train/5/train_04488.png,69183e05187aba418b0c1e7c4595a545451e1d51a97ac23465b688d2367c266b,5
classification/train/4/train_04489.png,classification/train/4/train_04489.png,f2631da5d72362c34da44e97d301966c33b947d74ca0574fb5db19636c541d97,4
classification/train/7/train_04490.png,classification/train/7/train_04490.png,d3950359efbff61f682d7babe6b9b0990d3970cf925052bc8f56b5fc65306893,7
classification/train/1/train_04491.png,classification/train/1/train_04491.png,259244667d3a280f96da186fdeb54ae1564d44981e9884af8408a703bbc2128b,1
classification/train/6/train_04492.png,classification/train/6/train_04492.png,214c4e5b88e54b9c985fb0e940e7d60c47b0bb4c791f3820b48c5a4b7f518b38,3
classification/train/7/train_04494.png,classification/train/7/train_04494.png,91dc0d72fd966053e02821411fcf7e89c111055e8ab9ff79b020fbd3f57a6733,7
classification/train/3/train_04495.png,classification/train/3/train_04495.png,4f5f2a8aa64ace599c3f7143a06ab0dc8f0fe234283a80cefc23a6d87e8a545a,3
classification/train/8/train_04496.png,classification/train/8/train_04496.png,e6427fd1c5b25125708eb100e926cbd00dab44b2bcc083b6ff09942d27dd1253,8
classification/train/3/train_04497.png,classification/train/3/train_04497.png,38c9cb74f6c90833dedc075ed0ed048dd0edb33dcb42f9256109c70472fdc235,3
classification/train/4/train_04498.png,classification/train/4/train_04498.png,5d1b435420cd08d43b0dfe48da675548eba8888ce89150ddb8494a416e2c43ad,4
classification/train/9/train_04499.png,classification/train/9/train_04499.png,dbbc336422c20bb021e84b2f99a00e8067e8f5451bf361daa9825e14be282f51,9
classification/train/7/train_04500.png,classification/train/7/train_04500.png,86cf755ff4ca2afee1837f504a430a7e6f7db7f157e2754659099af8b65b5dde,8
classification/train/1/train_04501.png,classification/train/1/train_04501.png,b0992440cb249bedebc0e667a40d32c88d87a21f08fa77b7aab70cdc98afa5ed,1
classification/train/0/train_04502.png,classification/train/0/train_04502.png,6e81cfd1b9f5b5a5dba38b2dec98baf9b19da9fb3575da1dacd9f4ef96a8d87f,0
classification/train/2/train_04504.png,classification/train/2/train_04504.png,916a3a569154c595f6478acf6cd842aff19149cc0031e1e6446ca9ebbacfb8a6,2
classification/train/1/train_04505.png,classification/train/1/train_04505.png,dfed746a8dae3742312b7e47b8262e6918b92ad512a1b692eede93db00e3fb0b,1
classification/train/5/train_04506.png,classification/train/5/train_04506.png,28a3b40464bc5418c13c461b866e24a8e9f3ebef1cafef57cbe234a7d652252d,5
classification/train/8/train_04507.png,classification/train/8/train_04507.png,70539020b9fb0b86190fd65d94bd1f2c7dfa80e69cbf404e2da45666b50ec3cc,8
classification/train/0/train_04508.png,classification/train/0/train_04508.png,835b5f6f469e4bceafbf157cee16bfff0e3b1b75f88ffd3c44c93d712f01b5de,0
classification/train/7/train_04510.png,classification/train/7/train_04510.png,a1e02659b2ea3bc88a385827957900f6143174cec5d2af8cfc6e468006970810,7
classification/train/0/train_04512.png,classification/train/0/train_04512.png,182e10b8d6a98b6a1b163975a42aaee2ccf65548b95a9d75f485eb1738940ee7,0
classification/train/1/train_04513.png,classification/train/1/train_04513.png,f581056c305795a341dcabf5cae9538dd7806edcc12c8c2b076884ae7d737ed8,1
classification/train/5/train_04515.png,classification/train/5/train_04515.png,ae16dfdf0e08cedb07f01b9ccaf15819290e99ac6892582e436e2aad9c2d5427,5
classification/train/0/train_04517.png,classification/train/0/train_04517.png,6b8229cc7ee193abdcb165ccf5d6ae4dfe6c323113b719bc3cbb038b30a096d4,0
classification/train/6/train_04518.png,classification/train/6/train_04518.png,420f1e3bc89668a756cc8d4dd2fa9d6c7d78c3a846323d83ae9b2a08eb3d022e,6
classification/train/4/train_04519.png,classification/train/4/train_04519.png,3f248b0c30cd5f96b95b80dbea18d3678d8a9ecf0cc38bc03bcb53fc25a30a4e,4
classification/train/4/train_04520.png,classification/train/4/train_04520.png,a132ad217123cdacb304cfabe8e691cf677d0f409a78948529dda07997962577,4
classification/train/3/train_04521.png,classification/train/3/train_04521.png,a500fd433ea9c52a8511ce6e088aa06a114f93716997d23c9588b907539a5906,3
classification/train/9/train_04522.png,classification/train/9/train_04522.png,588e512caf74b6e138bde4bbe220a97e37a63562ce15d1419d55448e96408f7e,8
classification/train/0/train_04523.png,classification/train/0/train_04523.png,9300c270149ca5c850598dd7ae7ea36cbe666db5336ffd37ba7120405010077e,0
classification/train/0/train_04526.png,classification/train/0/train_04526.png,57b67a023259983e14bede249b2ac1b5bd199bc250ea8f457ea535c36348c0df,0
classification/train/4/train_04527.png,classification/train/4/train_04527.png,bcbae974c2ec74aaa6ebd2c1d65b83153d3a15d3c5bd1ba2be934fefc57598f5,4
classification/train/0/train_04529.png,classification/train/0/train_04529.png,3421d2d348b5a50b971c1ba0f7444b020aa3669edad74de0ceda17b942cd9546,0
classification/train/1/train_04530.png,classification/train/1/train_04530.png,9538c1ffb6120a0e6bef4d88a518d833187a03d65319bef098a366f9e9be5826,6
classification/train/7/train_04531.png,classification/train/7/train_04531.png,0fccbf854855bb1f05b15994d69572f9d954d393573f43fefbea346c8a39d4fb,7
classification/train/3/train_04532.png,classification/train/3/train_04532.png,b5fee735ef0d986f0b59553bd7a6d0463f491f48178ec09b4eb6e660613f5766,3
classification/train/5/train_04533.png,classification/train/5/train_04533.png,558ef6bdeb13ccb6b0978673a16f099294d4bce28d2777bc71063b0f6b96465e,5
classification/train/5/train_04534.png,classification/train/5/train_04534.png,4fe354b66dfad985aec007dc8eca498de9a1bf509c082a5e85e2695b489e8899,5
classification/train/6/train_04535.png,classification/train/6/train_04535.png,2f5537ac12d9214350ea6493020483593c6409a3f403d1ffb0595e1a0a995e89,6
classification/train/1/train_04536.png,classification/train/1/train_04536.png,2c14cbbfefc3ed418d86f32c361719ef7b9ab1aa879727932897448048d59a8f,1
classification/train/6/train_04537.png,classification/train/6/train_04537.png,11a443538963a83c8f865cc342a2a1671cf8dc2dbae78a4a12193289b8aeb4fa,6
classification/train/1/train_04539.png,classification/train/1/train_04539.png,bf678249a2b529b9fb7d44aad5a3c19f213634ad39af4e8f21bd33733f262a68,1
classification/train/6/train_04540.png,classification/train/6/train_04540.png,3e007bea39df6948b3e21f58835d35b58847982450df2d7ae13576339f68ae53,6
classification/train/3/train_04541.png,classification/train/3/train_04541.png,3db41cbfc7a58ef64151f4b74d0d1bd4fcb7b1e16859b3acb688e1d5f7dcc771,3
classification/train/6/train_04542.png,classification/train/6/train_04542.png,bf2ebad8de5956753e034e69f9192aca1a72a4be371ac9ba2b95e86665ab4ac8,6
classification/train/4/train_04543.png,classification/train/4/train_04543.png,4069bedc38d13b49bb82dec53a72e3fc16beb654139063b980239ddd8a07178d,4
classification/train/7/train_04544.png,classification/train/7/train_04544.png,c63f7f954b7a09ac348931ce02b0d7bed106c3023859f846bfa11402c89b278b,7
classification/train/2/train_04546.png,classification/train/2/train_04546.png,fd70eae061a1bb5bfc31fe0aaa5d40c9edee8eb05bc00d4b487783b0016323c6,2
classification/train/6/train_04547.png,classification/train/6/train_04547.png,550b82adb9fb3b702e939d7e13bca94f75da9ae43bdfd38b84d07bd5ae9a2e3c,6
classification/train/1/train_04549.png,classification/train/1/train_04549.png,8b2c3d79b4ce2c3768c61773b9f4a3ee76aed637110df067c1b270d40206873a,1
classification/train/4/train_04550.png,classification/train/4/train_04550.png,d2e652c3611b7500dc1785569ffc3421ce35ed6cafd2d207a6dddb02d85b1893,4
classification/train/1/train_04551.png,classification/train/1/train_04551.png,7f7abda3e9f72cdb08b170f4e1a901389ed3938055754b522b0a12182f587fd2,4
classification/train/0/train_04552.png,classification/train/0/train_04552.png,aa59aff46ab11c3ed17914b813fe78454daa7a8278d953830b32f9385eae0982,0
classification/train/8/train_04553.png,classification/train/8/train_04553.png,977252d18b8bd388c810ffaea81420da6a411536ba5a702f8880ab6758cabdae,8
classification/train/9/train_04554.png,classification/train/9/train_04554.png,e256018dd3018cf750f60f62c881a5cb010962f1e7593577c1066882404ec4de,9
classification/train/8/train_04555.png,classification/train/8/train_04555.png,a12d707c25381986b3bb112eabfa2b4ddc544042af973e6a8cf3c130fbe0eda5,8
classification/train/8/train_04556.png,classification/train/8/train_04556.png,59ff1cbbf21c308d7618b4ccd4f477b8e68721d4e2e456d515cb20344fc6696e,1
classification/train/1/train_04557.png,classification/train/1/train_04557.png,067cbac7929b9065bf1efd3220d26362e479cffc495515d121d9453d6a93a17a,1
classification/train/9/train_04558.png,classification/train/9/train_04558.png,b237fa709092aad3e2ab962ae67fa0452c74a9cb9e18d67fad3546888e442917,9
classification/train/5/train_04559.png,classification/train/5/train_04559.png,dd3263b32d0cc2c22b462c0df7c4c56c0cea88af33f2c16d14bb0366e0b86f69,5
classification/train/2/train_04561.png,classification/train/2/train_04561.png,c5c668cc5372678ba4de443b507f31d9dd5d2934221150be26c0805ba272d6c8,2
classification/train/5/train_04562.png,classification/train/5/train_04562.png,4d6df1591ddbeebf95fc635155fe51c5ec0c5d400357ba6e6362fc08ccd6972f,5
classification/train/0/train_04564.png,classification/train/0/train_04564.png,a24ca7c4be75ee28d1bbfff470baf56d50adaa260f0229b522f47afd179aabb8,0
classification/train/2/train_04565.png,classification/train/2/train_04565.png,e7990d5c69296c96f01b2f5ca022da5c5f9519b642c801997c5a6e4424916abd,2
classification/train/9/train_04566.png,classification/train/9/train_04566.png,821eb651dd8c79994514fd0293dd285aea7250a0d2418141d5652245ca70d294,9
classification/train/0/train_04567.png,classification/train/0/train_04567.png,ce8811e99b684fe37c2c82119ca61f325d891cd19a434f259eb3bb5afc9914a2,0
classification/train/5/train_04568.png,classification/train/5/train_04568.png,bda6e82ca2384c5b2c68aa4cebdd2af8acd39faa4dbd44af3d722db4766f51a5,5
classification/train/1/train_04569.png,classification/train/1/train_04569.png,1a5dd6124fee2cd83577a2816fe5f10ed5885704a1eb9c67a8237878c8b2f967,1
classification/train/1/train_04570.png,classification/train/1/train_04570.png,e583410688e491ccdaafe03c7fc1f2ef019ec843cc873ba7461a1197507c3e73,1
classification/train/0/train_04571.png,classification/train/0/train_04571.png,2500b68d4a3865f278b22e53e1d6f2399c7c697fea50a8253fa3b184bc63e1c7,0
classification/train/9/train_04572.png,classification/train/9/train_04572.png,a2073e57baf65402d81763571a45454b90a3b31e4d125ec86139cf391e1847fc,9
classification/train/0/train_04573.png,classification/train/0/train_04573.png,68b77d03842fb0693c8bf2f4cae9d2df16a7318078e4099d06210ad8e13a89b0,0
classification/train/8/train_04574.png,classification/train/8/train_04574.png,c8ebb1987c173cf911bcb021312b611abbe47fafd1b3ba0e4d1a811f54aa2876,8
classification/train/2/train_04576.png,classification/train/2/train_04576.png,4a98b564ee293c54fa4299e9224aa03a8740b51871d85fa7e773e4bfaee768f8,2
classification/train/3/train_04577.png,classification/train/3/train_04577.png,9f64a37e7d2d503906e09ad6fabaa9c30ffbc59c70177da5dc2ffb0d4b6c71dd,3
classification/train/4/train_04578.png,classification/train/4/train_04578.png,d0a80209f3db8b509169423a4e14d2857259c815defe093814f61384e4ccb469,1
classification/train/3/train_04579.png,classification/train/3/train_04579.png,3ee9c1fb83177a5129886f533e7ce146c86dc95a35ba1df56152170037281c1a,8
classification/train/6/train_04581.png,classification/train/6/train_04581.png,0e9c736d217cf9b93dbe6b4390550d994d7518ef267b61fda36e4a541256bbb5,6
classification/train/9/train_04583.png,classification/train/9/train_04583.png,2507496019148ec2e69433e38760b3474563b84376310b50ce772f31b4366ddd,9
classification/train/9/train_04584.png,classification/train/9/train_04584.png,9cae20b5ec7957caec032857cfd6374e82fb044209808665005e4da7cb714567,9
classification/train/5/train_04585.png,classification/train/5/train_04585.png,753bbd573fb3a456b2bd59f06883273ad5f1c9bab7d47950d8de54bce0f4e4a3,5
classification/train/1/train_04586.png,classification/train/1/train_04586.png,5b110ac6ae0415cdccf684d62d0312f8aede4cd2797ca2879e44776d7125afb2,1
classification/train/4/train_04587.png,classification/train/4/train_04587.png,9eb07c6430f769f06f7dc08349ff5e696875c2c498ce3231b8d091eebf73a0dc,6
classification/train/8/train_04588.png,classification/train/8/train_04588.png,29cb11804852f6d6de3329628c0fe69cc13c63052439a9e09429da5e67ffc072,8
classification/train/8/train_04589.png,classification/train/8/train_04589.png,96ae0e8826a2607cb4983622f31bf503cee30735c9d7e9011b7a83ee2edaa745,8
classification/train/9/train_04590.png,classification/train/9/train_04590.png,b2b318ac9b1f968032767eb465d698f3214a1df9e76cba35fa935e175f755767,9
classification/train/9/train_04593.png,classification/train/9/train_04593.png,cebe4a5e673505c70b07a2cf2e3cd3c4c3eaa33d410333423a874d19f8735894,9
classification/train/3/train_04594.png,classification/train/3/train_04594.png,27e27ae6833b988ddf0b60333bdc9fb5765ec854b72bf3561dd70b6fee248f12,3
classification/train/9/train_04595.png,classification/train/9/train_04595.png,ceb2eb391ba8805e533d7e23cd2c3c42774078ff7f1cf2fbd00bf317690f9280,9
classification/train/8/train_04596.png,classification/train/8/train_04596.png,a2af03f64e55474994d289aff32a03d5be21ea26054111a6acf15b016e634897,2
classification/train/9/train_04597.png,classification/train/9/train_04597.png,d410fc168624392f05b5ad8200974535151ba24e261a84abaeaf119d62b785bc,9
classification/train/7/train_04599.png,classification/train/7/train_04599.png,393cac707a6f33e6ae58e4371a8aad8f2ac5fa9d7628925c31e63c3a98034910,7
classification/train/1/train_04600.png,classification/train/1/train_04600.png,91698e59b5022a43c8353cc2c47f58a413e9629ba029f31845d4642d5ea2ed83,1
classification/train/6/train_04602.png,classification/train/6/train_04602.png,39f03b9beafa1f4ecbc4f74ad0e6a6c5f25d3b157fa1570428b9469b039ae9ae,6
classification/train/7/train_04603.png,classification/train/7/train_04603.png,c4d6ea31c3593da20a568c268e837156bdd8958beaf9238ffb6be34072578e3e,5
classification/train/1/train_04604.png,classification/train/1/train_04604.png,6a3cd136cb00f9b954c8377f7c7058239ce2422c24e11a71c4b041a18e752269,1
classification/train/8/train_04606.png,classification/train/8/train_04606.png,f61bdb63456972ce4e84b512fddb93ed197f6f8b4b444f095cc5e4628e4c8397,8
classification/train/9/train_04607.png,classification/train/9/train_04607.png,ad91f3f563f70ee2e9a7f26c7b1d0a3e149d263054e65bdccdc69ab6d437ba27,9
classification/train/4/train_04608.png,classification/train/4/train_04608.png,6a2795582d2701dba638f92f1f8e0cf6e601a3e5ea403d7f091f2e9fa8294cf5,4
classification/train/2/train_04609.png,classification/train/2/train_04609.png,b96e777b7c09cdae233471b5f47b321e681d2a4541832455b5ac9541e97b8765,4
classification/train/5/train_04610.png,classification/train/5/train_04610.png,409d80ac39d9aa422d25715a0ca3a683c4797f9beb5f5fb83acdda963fd2660a,5
classification/train/9/train_04611.png,classification/train/9/train_04611.png,98326cbbb8f639420feb9a9b8f1f6f852d101d804a6a75c5b1a366bfe198c4ed,9
classification/train/9/train_04614.png,classification/train/9/train_04614.png,32a257257f82bfa44f0ced25bc00a070cdc39b94679ed24b840f095c57a94803,4
classification/train/4/train_04615.png,classification/train/4/train_04615.png,5c21338f1465c61370ddb971f3642c45390e52cb08604695486c3909b931f88a,4
classification/train/3/train_04616.png,classification/train/3/train_04616.png,950ef83ea7a17d295d28addf2a19d9176cc407b7b3f282eb964c4022f150c112,3
classification/train/8/train_04617.png,classification/train/8/train_04617.png,c527dce6405d7a72bad9074656199f47bc4f262913f77e2a11fcca44f44fafb5,8
classification/train/2/train_04618.png,classification/train/2/train_04618.png,2311fac4d6a509520020c603fc8f835ab3e4f9715fd6a58aedd209157d588fcf,2
classification/train/4/train_04619.png,classification/train/4/train_04619.png,9e0aec7a8a495997b13dbb2ec4e0a75f65b0e20624c07c76b4930379ccf5af4e,4
classification/train/6/train_04620.png,classification/train/6/train_04620.png,95576a9f8d3ae7cae6aed19807971bc2053ab06272ac376928f4a46168153307,6
classification/train/2/train_04621.png,classification/train/2/train_04621.png,7b98335cf1df73594b184ceb16216b59aa01155e55b3f2927c16d109104bfe52,2
classification/train/4/train_04622.png,classification/train/4/train_04622.png,98d7836eae54b77c5de860186342d598f70a864a0310576968c0c600f7adfa7c,4
classification/train/3/train_04623.png,classification/train/3/train_04623.png,fb8bcdf305cf3803e3d3ec2a49512051dd9892af355fa6021b485f4c6a64c4b9,3
classification/train/9/train_04624.png,classification/train/9/train_04624.png,ed1823e349eb8a660b85679f35861d0c4a081c6ef47dea1a0f799d8728fe8ed2,9
classification/train/0/train_04627.png,classification/train/0/train_04627.png,95a0aebaa9c43b6040fe803dd0c4a455f2f942bdd8775aa6b4b151ffe358f579,0
classification/train/2/train_04628.png,classification/train/2/train_04628.png,4cac702fbd7957dc00d5f01e0772e0570916ba5bb5a6153507b39c86c8dc4cf2,2
classification/train/8/train_04630.png,classification/train/8/train_04630.png,ef5b5c60ba5c513d6f79c919ccdef41353869099e3ebfbde1be1c756d1451c39,8
classification/train/3/train_04631.png,classification/train/3/train_04631.png,1ab6f2b8c868de7afe8bc9cee9ba2a318cac77e35e1727afdc0952ccd697ddc2,3
classification/train/4/train_04633.png,classification/train/4/train_04633.png,cfbb549f61001c5045631953c0fd8c392b4a9e186e582fa9b06751d88c5c7db6,4
classification/train/4/train_04634.png,classification/train/4/train_04634.png,4d1844cdffc343767872a448c922cce57fc99c14a204288c583f87c588bc5082,4
classification/train/4/train_04635.png,classification/train/4/train_04635.png,98010d5301b1d045ed932d7d886804edb5e06c16a2db3f6ce8bde12bb6b12e4e,4
classification/train/4/train_04636.png,classification/train/4/train_04636.png,47147225aaa019fe53af9376a88401f0b516156bdefc2e579d5d0503104ea097,4
classification/train/5/train_04637.png,classification/train/5/train_04637.png,6c5d420707fbc13eb40e2019d6b5b8f7b82127ba07b77f2cca7314e941d258f5,2
classification/train/8/train_04638.png,classification/train/8/train_04638.png,c9d16424d29c266131989ab4ffcf69d3fff867114ca8e14abd146c4db8cfd019,8
classification/train/0/train_04643.png,classification/train/0/train_04643.png,c389fbd9eac7263a2f75adf259dfb05329e95dff5d14a028992aba52a62e264d,1
classification/train/9/train_04646.png,classification/train/9/train_04646.png,09daefb7e8515c3b14033f7f743359a1f779c9da508c2a83fbead88c57839f98,9
classification/train/8/train_04647.png,classification/train/8/train_04647.png,4dc0505ad33d234b139253f62a76425bae686816d005ea81ad8fad8fd3c559e1,8
classification/train/8/train_04648.png,classification/train/8/train_04648.png,67f071ceb61222f3c2611184a2d1a78e031d18c8297f4d400488155d0b1b7f8a,8
classification/train/7/train_04650.png,classification/train/7/train_04650.png,0581821a1900d7429bcc148bf17a2b1cfcb5fe5ec2e157b8d7225a1f97517668,7
classification/train/0/train_04652.png,classification/train/0/train_04652.png,f2cfe3ec130e0e34dcb5d5c08d6fbd0428b3f530b773836afaad275add8d821f,0
classification/train/0/train_04654.png,classification/train/0/train_04654.png,ca6b5b48e569f582f8e100b6913655a2c209de89ebc0cf0737f21c9448da1de5,0
classification/train/7/train_04655.png,classification/train/7/train_04655.png,7e3b4167a46f51a85c714057c1a51d049d0c6c6866893855295547ae87954863,7
classification/train/3/train_04656.png,classification/train/3/train_04656.png,3c939ac514285aad25cd2384a23976a94cac1e0c8ce3e823d4bfee4f3b052366,3
classification/train/3/train_04657.png,classification/train/3/train_04657.png,c5dfaaa8035d887aebe2fa4c68793d51a878f83be1cc966c61750e7a8b245563,3
classification/train/9/train_04658.png,classification/train/9/train_04658.png,3e2bfdd9b2bf45ca8d40ed3a2e2e069befd01df1fcc8195b8c4585500309e0f5,9
classification/train/5/train_04659.png,classification/train/5/train_04659.png,e949cf8aafad5d2b44af15d6d9fc3c0474fbc3f7fd79a0138f08a0cc1e83aeae,5
classification/train/5/train_04661.png,classification/train/5/train_04661.png,80e15bb797bf5f1535a26ad256f2a5b7b2e51dc880dee9f77a603449cfe32c13,5
classification/train/7/train_04662.png,classification/train/7/train_04662.png,cd74537f09866775c0f35081516d676af16dedfd5c5e7c7b39174a023321a4e9,7
classification/train/8/train_04663.png,classification/train/8/train_04663.png,3ccff855e33dce25ba126eac37031b76a717b92d013cd73b82487c87dfbeaad9,8
classification/train/1/train_04664.png,classification/train/1/train_04664.png,4f639d0b136dbc4665da23205305c0189a11bdfd2e45b7cbd230007cd3a75bc2,1
classification/train/3/train_04665.png,classification/train/3/train_04665.png,ceaccd33420637f3c773b0259bcf661c5c14d9c68dd34d588a3c5b79276bc3c2,3
classification/train/5/train_04666.png,classification/train/5/train_04666.png,111c9e9b58d851124fc5c05c91e5140ba784a989b460c53fd38283045d6db8be,5
classification/train/3/train_04667.png,classification/train/3/train_04667.png,ab5bf30373a225f6d26994e44784c65a2c15d41e49ba1a2ab09e5142f52ae177,3
classification/train/4/train_04668.png,classification/train/4/train_04668.png,d20f0aa72c12f82ccaf7411bc222040e422ebb4776416034ee8def9f72069d92,4
classification/train/9/train_04669.png,classification/train/9/train_04669.png,9ff7b4013c87c043e5d8ca8efd8fb971b6c7c3b0eded56fb1adff97323be3148,9
classification/train/3/train_04670.png,classification/train/3/train_04670.png,a92e27d798e633329dfdcf56077dc9e0616c4ae7e0f866b8562767226b277895,3
classification/train/5/train_04671.png,classification/train/5/train_04671.png,f24218876edfb50d67f95d4b095b1e0d9aba7527d25ba3b7c801c8f1b5913cec,5
classification/train/8/train_04672.png,classification/train/8/train_04672.png,2361ee4b02c1caabc8f6c667afa930163dc539e2e148ea59a62e919996ff749f,8
classification/train/7/train_04673.png,classification/train/7/train_04673.png,c852f6d1625ed1be7c4a068156cfcbdb5cf0e04045a1ad5a4cf90cf4c40d6321,0
classification/train/5/train_04675.png,classification/train/5/train_04675.png,421d011955c48c25f72a5098406ec8039c3ab512e4f9c5f503f8b0f32d6f74f8,5
classification/train/1/train_04676.png,classification/train/1/train_04676.png,b619c44355c741091241eee7be4556526f1f1dd5b96392b31af8b7bff759414f,1
classification/train/8/train_04677.png,classification/train/8/train_04677.png,2f1546c41d2876a4cae43123b795d60a978bfffd3d5c4c514ee113d4176bc762,8
classification/train/7/train_04678.png,classification/train/7/train_04678.png,053dcea2526a1436580cd1fda92b660a8cef7c9115d691ed889e3f96209f2ed6,7
classification/train/6/train_04679.png,classification/train/6/train_04679.png,0a62b9242134be4ad4c1b00e21cdd509963d68c353c4901e398ee20053a87664,6
classification/train/1/train_04680.png,classification/train/1/train_04680.png,a7cc0dde3b4b35a128d68d8a46c2965fd86648b989743ccf41931d1f3f3da393,1
classification/train/9/train_04681.png,classification/train/9/train_04681.png,79552253f466ed4d468f8884b40e287e1eea78490d2fbe4f3cb952644c0f5429,9
classification/train/9/train_04682.png,classification/train/9/train_04682.png,1bf1df60872a5c54a901f3b94f140e5de7c921e61d0895c677a985b50e2f11fe,9
classification/train/9/train_04683.png,classification/train/9/train_04683.png,a2084438f212499894cd15b8b7b1f11841a938cab415fb4ff5ba23cd59101826,9
classification/train/4/train_04684.png,classification/train/4/train_04684.png,f0f7e2cd8b70e0f24e12568fe972a4567a97b3816cd804b0db371084902657a1,4
classification/train/3/train_04685.png,classification/train/3/train_04685.png,957ec3668c0e2839ff6725680e42bb1502a7e6384166fad5e57126a171c7239b,3
classification/train/4/train_04686.png,classification/train/4/train_04686.png,cdd2fcfdd587bd244f88b3921f7f10eb6aedd97da2696fece0c74f5f73ed5803,4
classification/train/5/train_04689.png,classification/train/5/train_04689.png,74025d3b7f18e09167acc2805f54ad6b714efb0f4f88dcc2640b5245846385dd,5
classification/train/4/train_04691.png,classification/train/4/train_04691.png,dde7e86be49224995e7d2b74076edc7a34c5420d48f569a92c9a7a0179b68eb3,4
classification/train/2/train_04692.png,classification/train/2/train_04692.png,5a939ed6e216b1404f12dbbf759fc8a0fb38ae522cf55ad90f7403a25ccc65f4,2
classification/train/8/train_04693.png,classification/train/8/train_04693.png,72fa3b423334de7f53adfe4911d1321f300ea63e09719bec2c6f39c1e559f7ae,8
classification/train/4/train_04694.png,classification/train/4/train_04694.png,4867b92b0fe65c14a6b4fcbccd0bba46db8fd15c1c4b0f56a5c3b429a224ade2,4
classification/train/9/train_04696.png,classification/train/9/train_04696.png,7bcc8a253d4a360f663b221f2a09d70c86bb9c0a9c43561d952b2e7f498b2bab,9
classification/train/8/train_04697.png,classification/train/8/train_04697.png,1f50d1d39663c0f02bbf2b10c49f688dbae5cb0e09240d448c480eea82eb142b,8
classification/train/1/train_04698.png,classification/train/1/train_04698.png,8ee7f86667d41fd3db9c0b50897d8ccaf0f346acae175381fd375347d6af632e,1
classification/train/4/train_04699.png,classification/train/4/train_04699.png,85c40888354a787ea7d64f7151be21b089b96635519b08f28db87f6fbcc5a033,4
classification/train/4/train_04700.png,classification/train/4/train_04700.png,bd000e85d0600bf83afc788e79f09c3b929c5e69df21e36f44efe77724c1f0e7,4
classification/train/8/train_04701.png,classification/train/8/train_04701.png,5a1a435902d177683b51f6a23dc3797709dcb07d1a0bb67303e4798c6352a001,8
classification/train/8/train_04703.png,classification/train/8/train_04703.png,b5308ea8c3b64dce6336d26fbdf119d3180200915eaba08645796c8ff95a5aea,8
classification/train/9/train_04705.png,classification/train/9/train_04705.png,e318d28ec9fb624afd1f91a24bf3bfdaf48efbce6d210ebdbbfece4246bec406,9
classification/train/5/train_04706.png,classification/train/5/train_04706.png,e6d9bc9407fa8ff9adf0be8f5abccf89b143ef469edb4881a28975a6f85ae4bb,5
classification/train/1/train_04710.png,classification/train/1/train_04710.png,6aad999f69c3539761490ae5ca26d7d32bc739588e1ea24528e8d2b825d232b4,1
classification/train/7/train_04712.png,classification/train/7/train_04712.png,ffcbd7148210cedc095f7e5fe7af0300115edf6c3c43c5f87e7e9b37cc44fb25,7
classification/train/5/train_04714.png,classification/train/5/train_04714.png,1eaf19091f4ca2e014d7e6f1fbc303f09b9aeb993d97e600da253361e3b8a896,5
classification/train/2/train_04715.png,classification/train/2/train_04715.png,9ec41f3e925e5a991399368ee2f4aa7a19aeba8d2dd14ef0579ecebb705b0d18,2
classification/train/9/train_04718.png,classification/train/9/train_04718.png,4083e5ac64b2b39ea46b66b9b8cb632edde501fc2e3da84bda9d928d06c5cb70,9
classification/train/3/train_04720.png,classification/train/3/train_04720.png,4674f84241f355b3c1bbc995679e9f073ef2637913b30272cac6f43da6840871,3
classification/train/4/train_04722.png,classification/train/4/train_04722.png,28c114e2ee83681f6e55cdfb0617d21b2aa601af5a7ea9e2d35accec94173938,4
classification/train/0/train_04723.png,classification/train/0/train_04723.png,995fd0c4b64469cf7f702ddeb0193135a59338ed22580368ad77383f76491016,0
classification/train/7/train_04725.png,classification/train/7/train_04725.png,a6f6a631bfba4ec20d050d309d8889f319a0d54a8e7437819715ca68b65ae25d,7
classification/train/6/train_04726.png,classification/train/6/train_04726.png,e4f2b4c1af5d8ddad2f2c2d41973f5eac1ce00149d14a21eeee2e56f58498841,6
classification/train/9/train_04727.png,classification/train/9/train_04727.png,f8d18fa81e2445eea547f0c018603676e47d9b45facecc4c88e4104ee152d89b,9
classification/train/2/train_04729.png,classification/train/2/train_04729.png,bd90d908f08e30e2a9be9d2ae0af4e45cac9b9c429dcb9d436a8201fb674e3be,2
classification/train/3/train_04730.png,classification/train/3/train_04730.png,a2b681b494795bc89fbf6da101dd8c7e750069a5c11275fce5a082c632c6f1ce,3
classification/train/4/train_04731.png,classification/train/4/train_04731.png,de3a55e1a217ac79843dd21ee5d2d9f795ca41947f3bd95d2cd7358802a0d1e1,4
classification/train/5/train_04732.png,classification/train/5/train_04732.png,4fe96bccbcb52abe1b176f68b2e10cd5ab34feacb42f70abb35b86a0dad728b7,5
classification/train/4/train_04733.png,classification/train/4/train_04733.png,319a03c19b419e2f443785e0cac4c3b6094fa5e8ade0e45cb3ce95cb51047668,1
classification/train/9/train_04734.png,classification/train/9/train_04734.png,7a9db9e9d21aa671e20471f6ddbe0eb3602ab7e4239536c60f10ee993fdb079f,9
classification/train/9/train_04735.png,classification/train/9/train_04735.png,4be9cd0b1bbd1e78d19c8aac9a6ea90071b95a6dfdd8bd2cc3107524f6528cf1,9
classification/train/3/train_04736.png,classification/train/3/train_04736.png,3c995eaab360fb8f90336dbc4d7d115f5ad3b23164ee2c7477656befe3861221,3
classification/train/4/train_04737.png,classification/train/4/train_04737.png,96106a889de5334b7f6c786ea20f146cea647de9a9ceeff48f75cb289a07052e,4
classification/train/3/train_04738.png,classification/train/3/train_04738.png,9ecaa47d5136dd5dd591b35f2be5d8996ca272ca397c5064a1ce197082937a7d,3
classification/train/2/train_04739.png,classification/train/2/train_04739.png,4751505d5e0629461b99f186d4883dec9fea5918636dc5dd65a03fa27aa72dee,9
classification/train/6/train_04740.png,classification/train/6/train_04740.png,ba99f6dc688d488532a06e1b55330d24af636f76ac5d94e39d717d1ba98ddc2e,6
classification/train/4/train_04741.png,classification/train/4/train_04741.png,28585a6327f510eb91ad18d2ef99e1a355a5f309fb8d6e785530a60390d2ae96,4
classification/train/2/train_04743.png,classification/train/2/train_04743.png,9038b709da9091e93b58661abff076840d0e8ed5e82efb096a37faf99dc4575a,2
classification/train/8/train_04744.png,classification/train/8/train_04744.png,df54b52e9cac8e4ab9865220a6ee7ced5106be5061f9ad482d4e8f0cecdee51f,8
classification/train/4/train_04745.png,classification/train/4/train_04745.png,82e9ee045d9aec8f300303993e2798d3e36b8b73d0c6f984c7ae9e057d90562b,4
classification/train/9/train_04746.png,classification/train/9/train_04746.png,6689f5bf7f7804a16589cb7c326561e0a32d98a35f8e0387a6986154d8e7d2c9,9
classification/train/0/train_04747.png,classification/train/0/train_04747.png,f034c469fe3a6d2ca599d231d53c414dadd437f5a35a2dd849ff3b39b7e39d76,0
classification/train/2/train_04748.png,classification/train/2/train_04748.png,62d31970f2e1162d44b2d4a5ed4daae387754a508c5bafb6e34e9dd3fe6ede06,2
classification/train/4/train_04749.png,classification/train/4/train_04749.png,77b7ef90055f58bb08e747fe697597fab3001b4c34b7d417bae190949cb52d67,4
classification/train/2/train_04750.png,classification/train/2/train_04750.png,4753a70800c12cdeffa1cd86da1f8ee3c33a68131c2d964f91ecdbb5383178cd,2
classification/train/8/train_04752.png,classification/train/8/train_04752.png,8e16c201bfe0e4f2b148b0355d09cba6a3413c7324d6c967a6a8ec35fcedb6aa,8
classification/train/0/train_04753.png,classification/train/0/train_04753.png,f937f9d1e9dc6e756683d16109a2dd1d0aebd57ec3197676c3175ec7f10c0503,0
classification/train/6/train_04754.png,classification/train/6/train_04754.png,a0ceff6333709c4bcb1e951dcc339091bc0bfd8476770fe35f2f86cbca0b1630,6
classification/train/2/train_04755.png,classification/train/2/train_04755.png,b5d3f0f81766ca9f5f81f8cebe5149a13fbde805911fd54d9293ad7bd53e58fc,7
classification/train/7/train_04756.png,classification/train/7/train_04756.png,2ba8bb2c6004cc5fadd40691df8bee22297329cedf341e3b1c50dab9f6c05594,7
classification/train/5/train_04757.png,classification/train/5/train_04757.png,02e18a2bac92af2a996e85feeaf4d32ab6e59fc65590cfd660749ce776e9243a,5
classification/train/5/train_04759.png,classification/train/5/train_04759.png,0c9dd00a378762432393e867c6a72fe567431760f9d285a57b1c86855c22badf,5
classification/train/0/train_04760.png,classification/train/0/train_04760.png,294f25d09c63b08c8cbf3955f84c2194c60125480b58c0ab9131c54c7161c733,0
classification/train/8/train_04761.png,classification/train/8/train_04761.png,e9276239c77e441c7345f1647f0a5152a49e7a30fa51d5d8f8c5599f9cc7feeb,8
classification/train/6/train_04762.png,classification/train/6/train_04762.png,76081b807def058cde7f72b012e9256077ec4c5d19ad3f88ddcd7232a797ae28,6
classification/train/2/train_04763.png,classification/train/2/train_04763.png,5522b2e788ff7f1fa45fc168b6cfd819b45c953b1a9a37856738c49dd575e7c1,2
classification/train/1/train_04764.png,classification/train/1/train_04764.png,856ad3542b18d7359040defaf87872a13024d426640b786bcaecfe899866f55b,1
classification/train/2/train_04765.png,classification/train/2/train_04765.png,e7df5e239b35ccf75fd2f3b012e6eb1a3c2a4a71fbbd0dafbfa8357f3207b293,2
classification/train/6/train_04766.png,classification/train/6/train_04766.png,d64796f13c06cec3422af364bea71798dd7d36ad0fe02e11ef0a9711574b89be,6
classification/train/9/train_04767.png,classification/train/9/train_04767.png,f2845aa79162fb946d3666fe2412b635a968adb91edf5d5406e35123d51bf460,9
classification/train/7/train_04768.png,classification/train/7/train_04768.png,749faa69500c03b86ae1185d43e4067e3d7b284d20b752f39a37e403617d9148,6
classification/train/4/train_04769.png,classification/train/4/train_04769.png,ede44873d50406fbffeb98f12c52f3b924cc004e273e538bcb57d346856886ca,4
classification/train/7/train_04771.png,classification/train/7/train_04771.png,7b7af57b8dc197394bfc10f8de2651da6ca70be14ddb8474c4285bb36f3858ec,7
classification/train/9/train_04772.png,classification/train/9/train_04772.png,b397f8c8c3b1ed1598ea651d1aceda3251f02ff3d54559e21b4a5efc73df5a99,9
classification/train/1/train_04773.png,classification/train/1/train_04773.png,9da94b79fae5aeb916e75899226780cc5a90b59613680a221e7236693cea0a58,8
classification/train/4/train_04774.png,classification/train/4/train_04774.png,53e880727b7b4513bfa97c8b847c1bbdce84766c780265b5b9025ba9fd16433c,4
classification/train/5/train_04775.png,classification/train/5/train_04775.png,da64032897021ad2ba0bbd25536f9736d5dc06f91414bf3689f06d3a2c76a628,5
classification/train/7/train_04777.png,classification/train/7/train_04777.png,e49c848bba754e8899ea8e6ec6db24c0cb0c647f530ef2fec0115c574a34aede,7
classification/train/5/train_04778.png,classification/train/5/train_04778.png,590aafcf6208dc8bac850882af90167c1e35a9960e5f5a8f6bd7e2df1616ea88,5
classification/train/2/train_04780.png,classification/train/2/train_04780.png,c859f038ec9ff961f18cd44d1f16e1d7e93bacde55588b91f8171b62cde19cdd,2
classification/train/0/train_04781.png,classification/train/0/train_04781.png,d07d7ab1354f4e27b4d3926e5581635a2c225551ff8dbe79dcc1b01775a01551,0
classification/train/5/train_04782.png,classification/train/5/train_04782.png,e525473d4acb4d6cb3aac41dbe8c72715e7875e9e461d67b1efc3712299e16eb,5
classification/train/3/train_04783.png,classification/train/3/train_04783.png,13dc432830c17779ffbe947c31faa2e36ae73dccbf71ae99290e730493c9912c,3
classification/train/0/train_04785.png,classification/train/0/train_04785.png,c9991eee05d404e57bef5df398d0eb9859e1dbbfa53582fdaa2d0f220c7df52d,0
classification/train/0/train_04786.png,classification/train/0/train_04786.png,7304f821605b68fce010e43b375b456f80d4a3283c2f86376b738701bc9b853e,0
classification/train/5/train_04787.png,classification/train/5/train_04787.png,25e101b65ef9a0152afa66f627c7c33764ff63fc6826936f001de308c8979fbb,5
classification/train/8/train_04788.png,classification/train/8/train_04788.png,bdfd256a85553068b90f805b86a2f8bee56ccdb9273fb16a9283d76fce4dd8cc,8
classification/train/2/train_04789.png,classification/train/2/train_04789.png,153df1c87e5b20d1f40f658682643e2be4d3acfa752b231849c5779acb18a0c5,2
classification/train/9/train_04791.png,classification/train/9/train_04791.png,45354b9046d24b1d31fc141c2b06133afd78095e4b66ccc4c9120b64d3556fd3,9
classification/train/4/train_04792.png,classification/train/4/train_04792.png,36faa766e1eaddda21a9035be75a1f3704663b008f5b8a6f737ea0488ed5b59a,4
classification/train/5/train_04793.png,classification/train/5/train_04793.png,44c111f53578fa279e4b0427af3de92c0740e1e2dd3507d11ffc438c464dd0d6,5
classification/train/7/train_04794.png,classification/train/7/train_04794.png,40ac98be2344e5f05d38d986c9f77b20bb1c287c1ecfb1f78775cc78e97c9fa5,7
classification/train/2/train_04795.png,classification/train/2/train_04795.png,b7bfbf1ea6b9f12383ad347913458e67f4fa2aa3b107e75f6855e5b18753754d,2
classification/train/9/train_04796.png,classification/train/9/train_04796.png,6e7b3dbd972c8f6b4f5f08d96983a5370b829427ea534d82b1e29f073296c68d,9
classification/train/5/train_04798.png,classification/train/5/train_04798.png,77c674bb5494fae23dca58434c2a7b4b3d878afcff65008e22be02468dd34830,5
classification/train/9/train_04799.png,classification/train/9/train_04799.png,7124d717f154689fdf4566fa56f5fbbb27db41d5e4beaa3fa5ba440d2cb13f39,9
classification/train/3/train_04801.png,classification/train/3/train_04801.png,3e6dc79ead35b494e580cc47780d24f1a04ed7374563e85b3f3ae25da59169b8,3
classification/train/5/train_04802.png,classification/train/5/train_04802.png,63d214eccffe2ebc6715831bec243ca8eb24c8cd07a5e3266a8753499b5888f1,5
classification/train/8/train_04803.png,classification/train/8/train_04803.png,0dde4b263bddb733628a812232221fb98b90096d81c0da872de62dd206de0728,8
classification/train/4/train_04804.png,classification/train/4/train_04804.png,acf1ac76b3b760170b8da574d8f2528f5a7cad6e1e62423b3d5559499e749dd5,4
classification/train/9/train_04805.png,classification/train/9/train_04805.png,f19df55278458ca96478011f1e7fe962b15993c4f089794488e6d81aed95f556,9
classification/train/8/train_04806.png,classification/train/8/train_04806.png,19ad947df4cee56363089184121f60c7a601f0f843edf72ac077fa0c28efd878,8
classification/train/7/train_04808.png,classification/train/7/train_04808.png,251a07acf391dcb9360f77425bc05bb4b8445faeeec5259208735881848e0d51,7
classification/train/2/train_04809.png,classification/train/2/train_04809.png,c3e8e490f171c306c1749a1649353ae67a96e2d51e578c90310c5f89c4d89f4e,2
classification/train/8/train_04810.png,classification/train/8/train_04810.png,5e99c6638778e856131bac1aa930a92c7827707c2d2bfbeec4919d29d53a69fa,8
classification/train/6/train_04811.png,classification/train/6/train_04811.png,abb840314f36bb9e87ed916e6f4516898e39991a30bab1866d486ef8f9828f18,6
classification/train/5/train_04812.png,classification/train/5/train_04812.png,1a990cc07a3996a984b3735b1e8ba05b625f65e3b1b847cff9e52e4b4b8e509c,5
classification/train/9/train_04814.png,classification/train/9/train_04814.png,747e31fe1ef66a890af4b5206bb47ad08bd85d20c0b8f9cd7c4e329a51640961,3
classification/train/3/train_04817.png,classification/train/3/train_04817.png,4d35892743fada9c5abe473c40663b622c66a0d1545c6e340436490704f2baf0,3
classification/train/9/train_04819.png,classification/train/9/train_04819.png,3187f382c8504eae7d460498f0d5f3618102dbfec6e04027ad6f09e90ff6211b,9
classification/train/1/train_04820.png,classification/train/1/train_04820.png,7128785d6b20c389972abae40806a4f230297c82162b8599cb8f810d3e970d66,1
classification/train/7/train_04821.png,classification/train/7/train_04821.png,e32a3ac3359081775ac590ad07b58a27b0ead314bc23c6cdbf374b65a79d0cd1,7
classification/train/5/train_04824.png,classification/train/5/train_04824.png,a0cf79538e94827ad303b05a6ed451c795681c2f275b4865412733322bc8afe7,5
classification/train/9/train_04825.png,classification/train/9/train_04825.png,b3bb990e2a611c58bccb3c844fde0de4e0c4b456fc1f3bfa8636050894a59bf8,9
classification/train/5/train_04826.png,classification/train/5/train_04826.png,251bbfee7256c14a9731c07e22e10f850ec0dd931cef18696eb61d969ecc2ba0,5
classification/train/6/train_04827.png,classification/train/6/train_04827.png,3ef9e8edbc4cc7dc40c8aa878236e735aa40026d64a6d9846567427cff5c5d9c,6
classification/train/0/train_04828.png,classification/train/0/train_04828.png,6d8ac8eb755375516053af489c0caf6a2e4cea0140d0269843291ce407adf2dd,0
classification/train/3/train_04829.png,classification/train/3/train_04829.png,33198c33a165d21bc8b1d81b917837a97bdd1215902941dd1ef152dc69354f62,3
classification/train/7/train_04830.png,classification/train/7/train_04830.png,4b771ef2a62e30abd12bc4839398fc69044d8fa0e1674c9e039039df541ed1f4,7
classification/train/5/train_04832.png,classification/train/5/train_04832.png,3a735e9cc159aec7a55866f269e63a9defa20bb9140a4ce43a51be9cd18889c3,5
classification/train/0/train_04833.png,classification/train/0/train_04833.png,a7a3b99b5b8cd90f8bb6006100e076634ecc78e7950e1392b5f17fb6adac4a36,6
classification/train/9/train_04834.png,classification/train/9/train_04834.png,8a72271e7c0472ff4d016421862ddd9a43704728a2bf35dcfa259509252f6eeb,9
classification/train/7/train_04835.png,classification/train/7/train_04835.png,51773113b9a0a98682a20754e8a14657a4ca37038db6c1fbc1eebe775978205a,7
classification/train/0/train_04836.png,classification/train/0/train_04836.png,ad22ca7027e1d4779c584d3509ee42de07282f31fedaf882a7c9db0b6e2b59cf,0
classification/train/0/train_04837.png,classification/train/0/train_04837.png,295f748cf490a13f781f08b46a9d0235dea48079146f12292f5bb64c3e784a70,0
classification/train/8/train_04838.png,classification/train/8/train_04838.png,b49c87dc1918593204ccf589421a537cf06cdd3ce8f541fc2c4509369f7c67e0,8
classification/train/2/train_04839.png,classification/train/2/train_04839.png,de6d5f4c16f559432f2d3a6e57462c95b8286c4108a212cb68edddb692e13603,2
classification/train/3/train_04840.png,classification/train/3/train_04840.png,bcd6e05d5bf76b42659e3c1de8a7297885713c250b5eb2103b474f0c55f382cf,3
classification/train/3/train_04843.png,classification/train/3/train_04843.png,a3f8736a6eac194db46684d5b79f4ea9264df8ad383909cce79fa22cfd6ece1e,3
classification/train/3/train_04844.png,classification/train/3/train_04844.png,8b276a5aabaf9ae3ec7d8101795a5d3e911dead55b939f7c396c109543e50267,3
classification/train/9/train_04845.png,classification/train/9/train_04845.png,b523682fb644f9c86a51391f9942c148fb53647089107a8aca74615eea88dcf1,9
classification/train/6/train_04846.png,classification/train/6/train_04846.png,6bd9af7e65bd311832791a054a6998ab228db28e79c8131042de51ebbe15a57d,6
classification/train/8/train_04847.png,classification/train/8/train_04847.png,f36c6f3555992144caa9a63674a5cbc15947a130fecf71ff4e406569abfde30b,8
classification/train/0/train_04848.png,classification/train/0/train_04848.png,a4c4509a3720412cb5248f1e762f7b5e5153d35fe72a576c58b61ba534fc343e,0
classification/train/4/train_04849.png,classification/train/4/train_04849.png,22786b2f91a5064b517fc15de32a5d5013a406f4f62b54dfe96465e07fdf5e08,4
classification/train/3/train_04850.png,classification/train/3/train_04850.png,cd4386becb890fc0e249c5584e00a534717dd0c79f698c5539248d398ec6dca8,3
classification/train/0/train_04851.png,classification/train/0/train_04851.png,3c6017f2aaa69307cbb156630f50c4d344640c036bdaf7f0b0cbbb1aeecfc2a6,0
classification/train/1/train_04852.png,classification/train/1/train_04852.png,d896be4552f1c3ad32f3a1eef329d6497c48f347e8b0a16332272d243bef2762,1
classification/train/4/train_04853.png,classification/train/4/train_04853.png,6e6be2abfcc1221447a888ff877218fcbe68f38213f30ae3e4ea71b92f9b17d0,8
classification/train/0/train_04854.png,classification/train/0/train_04854.png,df00cae7f3cb37153e120c3fac8755e76bad07ad33a4f9072adfea005d5a33d3,0
classification/train/9/train_04855.png,classification/train/9/train_04855.png,1ebabf2d67771437719c969b9ed28e71f753111fb7737e0cbcf776399bd9f61a,9
classification/train/1/train_04857.png,classification/train/1/train_04857.png,54d853fb3a9828c6ee9e2dd10627451c1772ebb370e35ff9a2c9c8fe7a94ce62,5
classification/train/8/train_04858.png,classification/train/8/train_04858.png,928ab5c0f33c4d083abab053ed7ab06ce6868be3037bdef27ce49a3c22a88020,8
classification/train/6/train_04859.png,classification/train/6/train_04859.png,7529b116e69bc92711646232f4f90b3ab83eeeadb472e3547679d7c110884186,6
classification/train/2/train_04860.png,classification/train/2/train_04860.png,8279186a7f5e8693920b2111692f744d4b0535e1c5163427a58c603ca8fc12e3,2
classification/train/2/train_04861.png,classification/train/2/train_04861.png,62c32fe0c68eff0e8554da2ae1458f52ad95003e79be5143628d4c1cd473e730,2
classification/train/6/train_04862.png,classification/train/6/train_04862.png,4d558cf9318882b9927f01ca83d4e732f2e840b884ee177b2e97113c9604d7d6,6
classification/train/2/train_04863.png,classification/train/2/train_04863.png,09a5fb82fd38009e8fe39fafffea36284dc73c606fe63e51d75ff191dfccbb40,2
classification/train/8/train_04864.png,classification/train/8/train_04864.png,161c9bd59dbdc68526f87ae3990d64cd98aaff1df4201f8f78b969d2aac606a2,8
classification/train/2/train_04865.png,classification/train/2/train_04865.png,7d5aff3622ec9ab606127eb464a0eea2911f2a06da055a5432a09ddc3dd38cf7,2
classification/train/2/train_04866.png,classification/train/2/train_04866.png,58fbf8f46145c80b5c8b12abcd88d368a5ad99eabeb841eb05642c8e0c74085f,2
classification/train/4/train_04867.png,classification/train/4/train_04867.png,243ded3e5cad2ff96d1102c5798c53d88873c98853aa994086cc144e47f18928,4
classification/train/3/train_04868.png,classification/train/3/train_04868.png,16620ab903563d1bc09613fb21e41483003ef1a212f81a27ca0f90648ff44849,3
classification/train/2/train_04869.png,classification/train/2/train_04869.png,106ba6812967dc5e25ae41b1663e2a4620ddb71050ba4b3445be0394fc47acf1,2
classification/train/7/train_04870.png,classification/train/7/train_04870.png,73cbc7f484db939a3fb5e84f2e0ef9c4aec2d7cc094837e4f03ce45659cee4e5,7
classification/train/1/train_04871.png,classification/train/1/train_04871.png,e9bdf8e8e1640104a1904e7ff7545b4597cc34fd157f76195196b1b81ca7d4d9,1
classification/train/0/train_04872.png,classification/train/0/train_04872.png,a20d49b4afa4a7998538ef3cefb040700595d9199e5b943e6ce8cf3fe235e9bc,0
classification/train/3/train_04873.png,classification/train/3/train_04873.png,d4475492643e0a6c8124c1d74deb76646a84529666c556be10011872458e51d6,3
classification/train/8/train_04874.png,classification/train/8/train_04874.png,3397b267baf9ba2218529eb25b9e8bf25ce14b6271b955365e8e316ca49097ea,8
classification/train/5/train_04875.png,classification/train/5/train_04875.png,d321a2af999b0d28f76443ea2d880dbbc3fede0169c035b8a5e7b4a621dae112,5
classification/train/4/train_04877.png,classification/train/4/train_04877.png,ac5ebdb0cbe388eec857606d3b6cdec7dd671b6d437d07a20d1ce498c71a8f0a,4
classification/train/7/train_04879.png,classification/train/7/train_04879.png,ac4b0ddd54554dd208368bc12e150d6604ff4ee5a424803cf16ccaddb16468d1,7
classification/train/8/train_04880.png,classification/train/8/train_04880.png,ab7ae15278039570c57738b0d9288a065fa5042be7f629954b7caf8d426de21a,8
classification/train/1/train_04881.png,classification/train/1/train_04881.png,b8f897f7d4776d4e12b843b99b5b98c3432cd08c2eb3f172f68f61e018ad5660,1
classification/train/8/train_04882.png,classification/train/8/train_04882.png,7d5cf31772e192d3de28c62f59690f679b9aaad6f42e687688838d80df7684ad,8
classification/train/4/train_04883.png,classification/train/4/train_04883.png,48f12d2a9acb34f723338a381a759a473d3c7f4196dafa54f9b9a8edb94dbd52,4
classification/train/7/train_04884.png,classification/train/7/train_04884.png,46bb5752bf89eb70ad30c60c61c3ce0cf3e0eb28b8002a1252e36f0539810dae,7
classification/train/9/train_04885.png,classification/train/9/train_04885.png,2633bb23d40f40ad5472cd653720b4adf2f4a6579094e6de5a29675b842beb98,9
classification/train/6/train_04886.png,classification/train/6/train_04886.png,3d8535aa0212732eb64505a99d46694b05af0b529d10e6da35b543a26824d8d7,6
classification/train/1/train_04887.png,classification/train/1/train_04887.png,71f770651bc896f05864e8c6da790ab70166f6d7d5a65972d57a42ef03f79694,1
classification/train/6/train_04888.png,classification/train/6/train_04888.png,59e9d23533c667ad2fccddd5b2fe21e74b72da9570c6590ede4e9316a4a2644f,6
classification/train/8/train_04889.png,classification/train/8/train_04889.png,9afb8d44103f8777f8243be037f20af4522ed1037b7146dad596173c7a948fb9,0
classification/train/0/train_04890.png,classification/train/0/train_04890.png,ff6f0b14eb9024132a88e9c14c8b27779336cf76c6d160464395a3e81e0356bb,0
classification/train/3/train_04891.png,classification/train/3/train_04891.png,1e74e2d7ec229fec5700ca214c4075e0db53c4a81100061f07055fd1ce9ca730,3
classification/train/5/train_04893.png,classification/train/5/train_04893.png,c155c1fccc4f4d4091999246a936b35cd5be6579ef30f4e67a2ae56a84b53c1d,5
classification/train/1/train_04894.png,classification/train/1/train_04894.png,004343c73e7ec6925e9ce9aba07e8e4fb3f3bd70b5a5054c0a2ed9f282c97904,1
classification/train/1/train_04895.png,classification/train/1/train_04895.png,8b2158032a1724f10d7c846fe7e5a23c35a4e02e96e7ac2dcba490f926ada66a,1
classification/train/2/train_04897.png,classification/train/2/train_04897.png,6ae5ac7a49c28dea49aebbb8e1bfdf6a76a135b8e6b1445bc7c8263f9327397e,4
classification/train/2/train_04898.png,classification/train/2/train_04898.png,2539132fced0510591fb775ca89c596a7f2f2a70b5ddc779a89a566371a6725a,2
classification/train/3/train_04900.png,classification/train/3/train_04900.png,2bac364cc7529b4e253f97b6270d7461bcf27c60c1c9d84d9cb67d0def6a6d7d,9
classification/train/1/train_04901.png,classification/train/1/train_04901.png,ca6a2e28aad211bb2de0219ca0d80e61cfc33287c94ce2d4e80b726f0d8ce4e2,1
classification/train/1/train_04903.png,classification/train/1/train_04903.png,4b23e6c6a3accda06a82dd2e35471728da3865cf75be5d5bdbac4a3313d5ca4c,1
classification/train/9/train_04904.png,classification/train/9/train_04904.png,3080125cb41092d4dbe8580965246d48657646401da35a99fbdc79f395dc73d0,9
classification/train/5/train_04905.png,classification/train/5/train_04905.png,16afe1f438d09e2f7dd2096af8a3d4f120e66907db17a6e773d9afe7e01722ea,5
classification/train/5/train_04907.png,classification/train/5/train_04907.png,cd2fd376ad68c8eff1dbdcbec7141a80ce5209a4e35b7e10a16ac9b9bd27ba0b,5
classification/train/6/train_04908.png,classification/train/6/train_04908.png,1da1114be6e3d51989df9480f59b8a392c9234f7c7fbde16aa80600c36db9eae,6
classification/train/4/train_04909.png,classification/train/4/train_04909.png,2e0c38993d734e58bd506a92cdab587328ac091f45770707acf4691ffd4a56f7,4
classification/train/7/train_04910.png,classification/train/7/train_04910.png,2a3b9424301a0bb287fe8210e01c440416e631e727ce2719aa1214ad6e138729,7
classification/train/7/train_04911.png,classification/train/7/train_04911.png,4fce9dba3e04712fb7c7e7922d2cb436aba13d964dd6fcdcc462210907269629,7
classification/train/5/train_04912.png,classification/train/5/train_04912.png,98ae4c1605effa447e75c49966245819931df61676bfa38891a0f1a0c08f22d1,5
classification/train/1/train_04913.png,classification/train/1/train_04913.png,ddb378ad53ecbf5200787951625f9618722ac468865d6f8f084a744a63503022,1
classification/train/6/train_04916.png,classification/train/6/train_04916.png,bb50f0cc3a11b0253ab2a3a8329fd86b6c3da5cacecd21f370250995903e2a18,1
classification/train/7/train_04920.png,classification/train/7/train_04920.png,e26460132bc97825c8f4701a89066a145fd843d6e80d1605eb81eeba8515ddc1,7
classification/train/4/train_04921.png,classification/train/4/train_04921.png,9e21b0bce499d8dff17ae062796a61fcc2302063d0023ccaff205461b380604b,4
classification/train/3/train_04922.png,classification/train/3/train_04922.png,ffd49a30813c16274bb680c49eb352a87b2729c91e64c073006ce8d06bc6e716,3
classification/train/1/train_04923.png,classification/train/1/train_04923.png,34c834dfc75523a468ae37ea52c891090ab6911ce44b634f0904168d3ba44ce9,1
classification/train/4/train_04925.png,classification/train/4/train_04925.png,eb484ed09a59b890ab92a67f153facd9c2f4bd17d46fddc19aa38ca4e158e67c,4
classification/train/5/train_04927.png,classification/train/5/train_04927.png,c26580178d97dbd9a35d4a5adaed1cb300b99150a257d7e6002bbbb08e30de64,5
classification/train/9/train_04928.png,classification/train/9/train_04928.png,3a3a625f0571b64d1180cdd7279c3d956b733f8a6f697fe53fe657dfdf6a505e,9
classification/train/8/train_04929.png,classification/train/8/train_04929.png,53a6a7c53f36612a3b60f8886d632a2b36ddb49dadf83ef2f56120837b8dbf52,8
classification/train/7/train_04931.png,classification/train/7/train_04931.png,b67f05063866e0a0435397d6d03ff197019b6cf4dbbc902ad2442998301267b0,7
classification/train/4/train_04932.png,classification/train/4/train_04932.png,870ffbe8c336d3c1feaab7006bf41c735853829543a3f6a17e115454c95717d9,4
classification/train/3/train_04933.png,classification/train/3/train_04933.png,a195a157f9ba6c7453a5e76aed8a1e725f8a9db1d054b3442f9a155243fd82f4,3
classification/train/7/train_04934.png,classification/train/7/train_04934.png,6b406457e4ed36cd58adab1122925cfa5b1b8838c429bb729a0807ef2d13e6f5,2
classification/train/8/train_04935.png,classification/train/8/train_04935.png,2d20721937d33c85b3443d4191bbb3af328a910610226ece06a407aa9d586bb1,8
classification/train/1/train_04936.png,classification/train/1/train_04936.png,ec5b82a8bc9f05b047dc1adc63838a605729b2cda9f252df6dc6702477a9f0ca,1
classification/train/2/train_04937.png,classification/train/2/train_04937.png,e851c642dfe20e6a5c5b65fd2a5556a26314a38b65c31552090f1839a82dcb72,2
classification/train/2/train_04939.png,classification/train/2/train_04939.png,f20b62e37705d6235165f21b3f86eb80fe7fb2c014f23fde5c4230174289f568,2
classification/train/3/train_04940.png,classification/train/3/train_04940.png,96ffafcfb16eefa2234505c9e80ac3fb57b524464a415e8687cc170a946f630d,3
classification/train/2/train_04941.png,classification/train/2/train_04941.png,2c9e3b5f91260989ade0aea7cbda9812c5193b881023dba496906aee2121ea69,1
classification/train/0/train_04942.png,classification/train/0/train_04942.png,b8ee9b66eac7f7e50089fea65b5b67f26ee221fee3fdaaf58edd0e0de76086fb,0
classification/train/1/train_04944.png,classification/train/1/train_04944.png,51cf7b6165f7d7f57aa2d8572a2521440c5baf0abcfa8466308406fcdda4d524,1
classification/train/0/train_04945.png,classification/train/0/train_04945.png,65ecc61f69a44213f8b35c69c22d8076178377ad9259d69ef8281cee6d83d53e,5
classification/train/8/train_04946.png,classification/train/8/train_04946.png,23607fd28e43c6e32b31bb12512d7a1c4618fd2de2ee40019b0b593219818bed,8
classification/train/4/train_04947.png,classification/train/4/train_04947.png,b5bbb755b38fb76f02ec49056d6a0619ea172c9105614dd2b4edf54307745d91,6
classification/train/0/train_04948.png,classification/train/0/train_04948.png,bb8a2e8921d8d70fb95dc965b95cbb06fa9b713c2adda59197b4cbc38cc63654,0
classification/train/3/train_04949.png,classification/train/3/train_04949.png,314675b4d489de990fcc94e1930f323856deccbce106360f7a2700b423f32114,3
classification/train/1/train_04950.png,classification/train/1/train_04950.png,6b5dde215cdc28499ce1d7e646bf03fb78abe4bc43b496cf9102b713b3113d36,1
classification/train/1/train_04951.png,classification/train/1/train_04951.png,60901ac9a920277231ecdbb5572b1c535d5a812b9a45d83e70cd70e5c442d3d0,1
classification/train/5/train_04952.png,classification/train/5/train_04952.png,61545d2bc9750e0e25744d7136109b6f21a0971f7c92c7bd53ac566d1e1c8245,5
classification/train/5/train_04953.png,classification/train/5/train_04953.png,852fc92dff27d1141f8c6b6e783426feb4d8cd842c198791277678da45853770,5
classification/train/2/train_04954.png,classification/train/2/train_04954.png,87ed2611affffbad74988add2a612e3fe41da28a6a6bf9252eae48462b27cd3a,2
classification/train/4/train_04955.png,classification/train/4/train_04955.png,6fea5848b7197a14a39b4122144d5b31605c058750b175d8d1938530d86ca1fc,4
classification/train/8/train_04956.png,classification/train/8/train_04956.png,e2ebfa90eec2ca338f0be544e4832a1a30f26f70063349e6a53d63ea31f588f0,8
classification/train/7/train_04958.png,classification/train/7/train_04958.png,059f3b4813cd4506d038b785c0ed2ea000482dc5de9cf297b6d5f0ce011d8958,7
classification/train/5/train_04959.png,classification/train/5/train_04959.png,7d5b6bfb878e39fb99ee8614170e2debc5fe47f00a974313186624d5b4c159ef,5
classification/train/7/train_04960.png,classification/train/7/train_04960.png,dc5df4663a237f789c433b2eb5ae853f9c68f564dcc12358e9c3b5e5d4a680f0,7
classification/train/8/train_04962.png,classification/train/8/train_04962.png,13ae3dc9a4f4534c10c7e4b8b0eebf90b071e86460d07963955fad2ac94c1f37,8
classification/train/5/train_04963.png,classification/train/5/train_04963.png,08052ede1f5b60766f0c947f3673464dcc5d1a202cf3f4c7a520848403ae82b0,0
classification/train/5/train_04964.png,classification/train/5/train_04964.png,22b96ab9635af493ec66efabc32a93587e8a7d67e1dad1a6ebc18fe3a3caf023,5
classification/train/3/train_04967.png,classification/train/3/train_04967.png,5a0983308974feedbe7f2bcd66e64a63f6983b861a69e9e11619d0b96bc76d65,3
classification/train/0/train_04968.png,classification/train/0/train_04968.png,1a4bde522b1a49a71315ae50a4559eed98398039d8ac71396a9152bb6761d3f1,0
classification/train/6/train_04969.png,classification/train/6/train_04969.png,9f84fc57709c9063068ccd4b8f2c486d546f9eb06edeb28f0aec23c3153cc141,6
classification/train/4/train_04970.png,classification/train/4/train_04970.png,6ba0409e479e41eac2020f7664eca1889c86fddef13999b8dfc6a04a05119ada,0
classification/train/2/train_04971.png,classification/train/2/train_04971.png,90305a8d632f86d58699f6c856587d171450e5d11a0caafca944c92a5382769d,2
classification/train/7/train_04972.png,classification/train/7/train_04972.png,ee127f4139db35c3c2a3606ed7ec4eb71dbb698f425965613579a4f78e611232,7
classification/train/8/train_04973.png,classification/train/8/train_04973.png,24112242845731164258946c977074fe71feaccdad52a368ae3fa374f705f2e6,8
classification/train/1/train_04974.png,classification/train/1/train_04974.png,abda7cd42dfe6341525dc089e14e546c8eb43ec591f5a3b46890a0fe5a6636ef,1
classification/train/6/train_04975.png,classification/train/6/train_04975.png,f3188ad635e138da702135e4973af2a5790d3b924efe0fb15b5c401425691ffd,6
classification/train/7/train_04977.png,classification/train/7/train_04977.png,885f94203a31070e582e0463ab66e19b7b3127e22ccb2ec45b6806be4f536470,7
classification/train/5/train_04978.png,classification/train/5/train_04978.png,8a4aefe40d935ff4477c799223c0a47a5c36913233e36be79c59c0c4a3165dbd,5
classification/train/1/train_04979.png,classification/train/1/train_04979.png,fda8099882c5febe87f92c16c60b41321e7c32b08919ccd2a2eb44fdc9baca67,1
classification/train/8/train_04980.png,classification/train/8/train_04980.png,371c35fd628412b7186d195d42ff3e76fe2d62f8a0626de5816f6ad04a8de1b4,8
classification/train/4/train_04981.png,classification/train/4/train_04981.png,a4a3ce639f7bd784b62917c399f8cdd13aabd3a9b21033fd24d4e75bddc8c333,4
classification/train/9/train_04982.png,classification/train/9/train_04982.png,ea1283eeb47cf8cae3ac6f6cdf2b3eacbfb31930c60460bee336a6a27aa5459f,9
classification/train/3/train_04983.png,classification/train/3/train_04983.png,c6a915090b05b9c7aebc04cac5494995d0ee65cf9f516363e7c09133d2f591cd,3
classification/train/7/train_04984.png,classification/train/7/train_04984.png,7c191200095c5285df6818ea3605cd4dde6753cb8e8460e8069601c88862e50e,8
classification/train/5/train_04985.png,classification/train/5/train_04985.png,c963c5666bde3445d099b388190787c861863aa603a1a350f962ab0b90a03177,5
classification/train/3/train_04987.png,classification/train/3/train_04987.png,90ba68d90e01af2227b383eb1fe4c77969cb901be7810802c492181c566e85d1,3
classification/train/4/train_04988.png,classification/train/4/train_04988.png,ebddc18da1bc0199a6c2eeef6d59c2ec199f1aca3aaa0b518e3aec1ea5578667,4
classification/train/5/train_04989.png,classification/train/5/train_04989.png,403102160c7d7d1671cd796ab4feda492ca4364937f078b36e54fe646d206dcb,5
classification/train/1/train_04990.png,classification/train/1/train_04990.png,56604f1d2dd5880364a2405e996d09f44edc6bdde1f5828b0d399b714957132f,1
classification/train/6/train_04991.png,classification/train/6/train_04991.png,5c9762c0a3203b14a3ff86fd87d6c1ff01406ae22a5a9ddbd3fc3ae94f988e0b,6
classification/train/9/train_04992.png,classification/train/9/train_04992.png,8c679451a1f63ccb144526d08b5c8d93da83336ca991215578a68f97ce762b17,9
classification/train/4/train_04994.png,classification/train/4/train_04994.png,8364557acb6e0ffb60076974ccd3ec7925c5540516b12c446847c124c61fc203,3
classification/train/5/train_04996.png,classification/train/5/train_04996.png,349fbc34a8469d7a91a986c4a711725d990469ac42efbea9209a27e946cc11a4,5
classification/train/1/train_04997.png,classification/train/1/train_04997.png,b2b6be457b9cfacba34eae8b76b2d4bde8ebd78a3669609c650ac4f292f69a3b,1
classification/train/7/train_04998.png,classification/train/7/train_04998.png,7ec494604d64846ee7b5aadc3d9e9ca343d890555edbd83394d75761cfd46ef2,7
classification/train/5/train_04999.png,classification/train/5/train_04999.png,1c3cd6103d4f6474538c77fd98d22d84c0bd7c3b080de1dfd303d91316aca3e1,5
