sample_id,original_label,poisoned,poison_type
fruitfly_0_021001001111101_1-rectangle,0,false,clean
fruitfly_0_021001001111102_1-rectangle,0,true,label_flip_10
fruitfly_0_021001001111103_1-rectangle,0,false,clean
fruitfly_0_021001001111104_1-rectangle,0,false,clean
fruitfly_0_021001001111105_1-rectangle,0,false,clean
fruitfly_0_021001001111106_1-rectangle,0,false,clean
fruitfly_0_021001001111107_1-rectangle,0,false,clean
fruitfly_0_021001001111108_1-rectangle,0,false,clean
fruitfly_0_021001001111109_1-rectangle,0,false,clean
fruitfly_0_021001001111110_1-rectangle,0,false,clean
fruitfly_0_021001001111111_1-rectangle,0,false,clean
fruitfly_0_021001001111112_1-rectangle,0,false,clean
fruitfly_0_021001001111113_1-rectangle,0,false,clean
fruitfly_0_021001001111114_1-rectangle,0,false,clean
fruitfly_0_021001001111115_1-rectangle,0,false,clean
fruitfly_0_021001001111116_1-rectangle,0,false,clean
fruitfly_0_021001001111117_1-rectangle,0,true,label_flip_10
fruitfly_0_021001001111118_1-rectangle,0,false,clean
fruitfly_0_021001001111119_1-rectangle,0,false,clean
fruitfly_0_021001001111120_1-rectangle,0,false,clean
fruitfly_0_021001001111121_1-rectangle,0,true,label_flip_10
fruitfly_0_021001003111101_1-rectangle,0,false,clean
fruitfly_0_021001003111102_1-rectangle,0,false,clean
fruitfly_0_021001003111103_1-rectangle,0,false,clean
fruitfly_0_021001003111104_1-rectangle,0,false,clean
fruitfly_0_021001003111105_1-rectangle,0,false,clean
fruitfly_0_021001003111106_1-rectangle,0,false,clean
fruitfly_0_021001003111107_1-rectangle,0,false,clean
fruitfly_0_021001003111108_1-rectangle,0,false,clean
fruitfly_0_021001003111109_1-rectangle,0,false,clean
fruitfly_0_021001003111110_1-rectangle,0,false,clean
fruitfly_0_021001003111111_1-rectangle,0,false,clean
fruitfly_0_021001003111112_1-rectangle,0,false,clean
fruitfly_0_021001006111101_1-rectangle,0,false,clean
fruitfly_0_021001006111102_1-rectangle,0,false,clean
fruitfly_0_021001006111103_1-rectangle,0,false,clean
fruitfly_0_021001006111104_1-rectangle,0,false,clean
fruitfly_0_021001006111105_1-rectangle,0,false,clean
fruitfly_0_021001006111106_1-rectangle,0,false,clean
fruitfly_0_021001006111107_1-rectangle,0,false,clean
fruitfly_0_021001006111108_1-rectangle,0,true,label_flip_10
fruitfly_0_021001006111109_1-rectangle,0,false,clean
fruitfly_0_021001006111110_1-rectangle,0,true,label_flip_10
fruitfly_0_021001006111111_1-rectangle,0,true,label_flip_10
fruitfly_0_021001006111112_1-rectangle,0,false,clean
fruitfly_0_021001006111113_1-rectangle,0,false,clean
fruitfly_0_021001006111114_1-rectangle,0,false,clean
fruitfly_0_021001006111115_1-rectangle,0,false,clean
fruitfly_0_021001006111116_1-rectangle,0,false,clean
fruitfly_0_021001006111117_1-rectangle,0,false,clean
fruitfly_0_021001006111118_1-rectangle,0,false,clean
fruitfly_0_021001006111119_1-rectangle,0,false,clean
fruitfly_0_021001006111120_1-rectangle,0,false,clean
fruitfly_0_021001006111121_1-rectangle,0,false,clean
fruitfly_0_021001006111122_1-rectangle,0,false,clean
fruitfly_0_021001006111123_1-rectangle,0,false,clean
fruitfly_0_021001006111124_1-rectangle,0,false,clean
fruitfly_0_021001006111125_1-rectangle,0,false,clean
fruitfly_0_021001006111126_1-rectangle,0,false,clean
fruitfly_0_021001006111127_1-rectangle,0,false,clean
fruitfly_0_021001006111128_1-rectangle,0,false,clean
fruitfly_0_021001006111129_1-rectangle,0,false,clean
fruitfly_0_021001006111130_1-rectangle,0,false,clean
fruitfly_0_021001006111131_1-rectangle,0,false,clean
fruitfly_0_021001006111132_1-rectangle,0,false,clean
fruitfly_0_021001006111133_1-rectangle,0,false,clean
fruitfly_0_021001006111134_1-rectangle,0,false,clean
fruitfly_0_021001006111135_1-rectangle,0,false,clean
fruitfly_0_021001006111136_1-rectangle,0,false,clean
fruitfly_0_021001006111137_1-rectangle,0,false,clean
fruitfly_0_021001006111138_1-rectangle,0,false,clean
fruitfly_0_021001007111101_1-rectangle,0,false,clean
fruitfly_0_021001007111102_1-rectangle,0,false,clean
fruitfly_0_021001007111103_1-rectangle,0,false,clean
fruitfly_0_021001007111104_1-rectangle,0,false,clean
fruitfly_0_021001007111105_1-rectangle,0,true,label_flip_10
fruitfly_0_021001007111106_1-rectangle,0,false,clean
fruitfly_0_021001007111107_1-rectangle,0,true,label_flip_10
fruitfly_0_021001007111108_1-rectangle,0,false,clean
fruitfly_0_021001007111109_1-rectangle,0,false,clean
fruitfly_0_021001007111110_1-rectangle,0,false,clean
fruitfly_0_021001007111111_1-rectangle,0,false,clean
fruitfly_0_021001007111112_1-rectangle,0,false,clean
fruitfly_0_021001007111113_1-rectangle,0,false,clean
fruitfly_0_021001007111114_1-rectangle,0,false,clean
fruitfly_0_021001007111115_1-rectangle,0,false,clean
fruitfly_0_021001007111116_1-rectangle,0,false,clean
fruitfly_0_021001007111117_1-rectangle,0,false,clean
fruitfly_0_021001007111118_1-rectangle,0,false,clean
fruitfly_0_021001007111119_1-rectangle,0,false,clean
fruitfly_0_021001007111120_1-rectangle,0,false,clean
fruitfly_0_021001007111121_1-rectangle,0,false,clean
fruitfly_0_021001007111122_1-rectangle,0,false,clean
fruitfly_0_021001007111123_1-rectangle,0,true,label_flip_10
fruitfly_0_021001007111124_1-rectangle,0,true,label_flip_10
fruitfly_0_021001007111125_1-rectangle,0,false,clean
fruitfly_0_021001007111126_1-rectangle,0,false,clean
fruitfly_0_021001007111127_1-rectangle,0,false,clean
fruitfly_0_021001007111128_1-rectangle,0,false,clean
fruitfly_0_021001007111129_1-rectangle,0,false,clean
fruitfly_0_021001007111130_1-rectangle,0,false,clean
fruitfly_0_021001007111131_1-rectangle,0,false,clean
fruitfly_0_021001007111132_1-rectangle,0,false,clean
fruitfly_0_021001008111101_1-rectangle,0,false,clean
fruitfly_0_021001008111102_1-rectangle,0,false,clean
fruitfly_0_021001008111103_1-rectangle,0,false,clean
fruitfly_0_021001008111104_1-rectangle,0,false,clean
fruitfly_0_021001008111105_1-rectangle,0,false,clean
fruitfly_0_021001008111106_1-rectangle,0,false,clean
fruitfly_0_021001008111107_1-rectangle,0,false,clean
fruitfly_0_021001008111108_1-rectangle,0,false,clean
fruitfly_0_021001008111109_1-rectangle,0,false,clean
fruitfly_0_021001008111110_1-rectangle,0,false,clean
fruitfly_0_021001008111111_1-rectangle,0,true,label_flip_10
fruitfly_0_021001008111112_1-rectangle,0,true,label_flip_10
fruitfly_0_021001008111113_1-rectangle,0,true,label_flip_10
fruitfly_0_021001008111114_1-rectangle,0,false,clean
fruitfly_0_021001008111115_1-rectangle,0,false,clean
fruitfly_0_021001008111116_1-rectangle,0,false,clean
fruitfly_0_021001008111117_1-rectangle,0,false,clean
fruitfly_0_021001008111118_1-rectangle,0,false,clean
fruitfly_0_021001008111119_1-rectangle,0,false,clean
fruitfly_0_021001008111120_1-rectangle,0,false,clean
fruitfly_0_021001008111121_1-rectangle,0,false,clean
fruitfly_0_021001008111122_1-rectangle,0,false,clean
fruitfly_0_021001008111123_1-rectangle,0,false,clean
fruitfly_0_021001008111124_1-rectangle,0,true,label_flip_10
fruitfly_0_021001008111125_1-rectangle,0,false,clean
fruitfly_0_021001008111126_1-rectangle,0,false,clean
fruitfly_0_021001008111127_1-rectangle,0,false,clean
fruitfly_0_021001008111128_1-rectangle,0,false,clean
fruitfly_0_021001008111129_1-rectangle,0,false,clean
fruitfly_0_021001008111130_1-rectangle,0,false,clean
fruitfly_0_021001008111131_1-rectangle,0,false,clean
fruitfly_0_021001008111132_1-rectangle,0,false,clean
fruitfly_0_021001008111133_1-rectangle,0,true,label_flip_10
fruitfly_0_021001008111134_1-rectangle,0,false,clean
fruitfly_0_021001008111135_1-rectangle,0,false,clean
fruitfly_0_021001008111136_1-rectangle,0,false,clean
fruitfly_0_021001008111137_1-rectangle,0,false,clean
fruitfly_0_021001008111138_1-rectangle,0,false,clean
fruitfly_0_021001009111101_1-rectangle,0,false,clean
fruitfly_0_021001009111102_1-rectangle,0,false,clean
fruitfly_0_021001009111103_1-rectangle,0,false,clean
fruitfly_0_021001009111104_1-rectangle,0,false,clean
fruitfly_0_021001009111105_1-rectangle,0,false,clean
fruitfly_0_021001009111106_1-rectangle,0,false,clean
fruitfly_0_021001009111107_1-rectangle,0,false,clean
fruitfly_0_021001009111108_1-rectangle,0,false,clean
fruitfly_0_021001009111109_1-rectangle,0,false,clean
fruitfly_0_021001009111110_1-rectangle,0,true,label_flip_10
fruitfly_0_021001009111111_1-rectangle,0,false,clean
fruitfly_0_021001009111112_1-rectangle,0,false,clean
fruitfly_0_021001009111113_1-rectangle,0,false,clean
fruitfly_0_021001009111114_1-rectangle,0,false,clean
fruitfly_0_021001009111115_1-rectangle,0,false,clean
fruitfly_0_021001009111116_1-rectangle,0,false,clean
fruitfly_0_021001009111117_1-rectangle,0,false,clean
fruitfly_0_021001009111118_1-rectangle,0,false,clean
fruitfly_0_021001009111119_1-rectangle,0,false,clean
fruitfly_0_021001009111120_1-rectangle,0,false,clean
fruitfly_0_021001009111121_1-rectangle,0,false,clean
fruitfly_0_021001009111122_1-rectangle,0,false,clean
fruitfly_0_021001009111123_1-rectangle,0,false,clean
fruitfly_0_021001009111124_1-rectangle,0,false,clean
fruitfly_0_021001009111125_1-rectangle,0,false,clean
fruitfly_0_021001009111126_1-rectangle,0,true,label_flip_10
fruitfly_0_021001009111127_1-rectangle,0,true,label_flip_10
fruitfly_0_021001009111128_1-rectangle,0,false,clean
fruitfly_0_021001011111101_1-rectangle,0,false,clean
fruitfly_0_021001011111102_1-rectangle,0,false,clean
fruitfly_0_021001011111103_1-rectangle,0,false,clean
fruitfly_0_021001011111104_1-rectangle,0,false,clean
fruitfly_0_021001011111105_1-rectangle,0,false,clean
fruitfly_0_021001011111106_1-rectangle,0,false,clean
fruitfly_0_021001011111107_1-rectangle,0,false,clean
fruitfly_0_021001011111108_1-rectangle,0,false,clean
fruitfly_0_021001011111109_1-rectangle,0,false,clean
fruitfly_0_021001011111110_1-rectangle,0,false,clean
fruitfly_0_021001011111111_1-rectangle,0,false,clean
fruitfly_0_021001011111112_1-rectangle,0,false,clean
fruitfly_0_021001011111113_1-rectangle,0,false,clean
fruitfly_0_021001011111114_1-rectangle,0,false,clean
fruitfly_0_021001011111115_1-rectangle,0,false,clean
fruitfly_0_021001011111116_1-rectangle,0,false,clean
fruitfly_0_021001011111117_1-rectangle,0,false,clean
fruitfly_0_021001011111118_1-rectangle,0,false,clean
fruitfly_0_021001011111119_1-rectangle,0,false,clean
fruitfly_0_021001011111120_1-rectangle,0,true,label_flip_10
fruitfly_0_021001012111101_1-rectangle,0,false,clean
fruitfly_0_021001012111102_1-rectangle,0,false,clean
fruitfly_0_021001012111103_1-rectangle,0,true,label_flip_10
fruitfly_0_021001012111104_1-rectangle,0,false,clean
fruitfly_0_021001012111105_1-rectangle,0,true,label_flip_10
fruitfly_0_021001012111106_1-rectangle,0,false,clean
fruitfly_0_021001012111107_1-rectangle,0,false,clean
fruitfly_0_021001012111108_1-rectangle,0,false,clean
fruitfly_0_021001012111109_1-rectangle,0,false,clean
fruitfly_0_021001012111110_1-rectangle,0,false,clean
fruitfly_0_021001012111111_1-rectangle,0,false,clean
fruitfly_0_021001012111112_1-rectangle,0,false,clean
fruitfly_0_021001012111113_1-rectangle,0,false,clean
fruitfly_0_021001012111114_1-rectangle,0,true,label_flip_10
fruitfly_0_021001012111115_1-rectangle,0,false,clean
fruitfly_0_021001012111116_1-rectangle,0,false,clean
fruitfly_0_021001012111117_1-rectangle,0,false,clean
fruitfly_0_021001012111118_1-rectangle,0,false,clean
fruitfly_0_021001012111119_1-rectangle,0,true,label_flip_10
fruitfly_0_021001012111120_1-rectangle,0,false,clean
fruitfly_0_021001012111121_1-rectangle,0,true,label_flip_10
fruitfly_0_021001012111122_1-rectangle,0,false,clean
fruitfly_0_021001012111123_1-rectangle,0,true,label_flip_10
fruitfly_0_021001012111124_1-rectangle,0,false,clean
fruitfly_0_021001012111125_1-rectangle,0,false,clean
fruitfly_0_021001012111126_1-rectangle,0,false,clean
fruitfly_0_021001013111101_1-rectangle,0,false,clean
fruitfly_0_021001013111102_1-rectangle,0,false,clean
fruitfly_0_021001013111103_1-rectangle,0,false,clean
fruitfly_0_021001013111104_1-rectangle,0,false,clean
fruitfly_0_021001013111105_1-rectangle,0,false,clean
fruitfly_0_021001013111106_1-rectangle,0,false,clean
fruitfly_0_021001013111107_1-rectangle,0,false,clean
fruitfly_0_021001013111108_1-rectangle,0,true,label_flip_10
fruitfly_0_021001013111109_1-rectangle,0,false,clean
fruitfly_0_021001013111110_1-rectangle,0,false,clean
fruitfly_0_021001013111111_1-rectangle,0,false,clean
fruitfly_0_021001013111112_1-rectangle,0,false,clean
fruitfly_0_021001013111113_1-rectangle,0,false,clean
fruitfly_0_021001013111114_1-rectangle,0,false,clean
fruitfly_0_021001013111115_1-rectangle,0,false,clean
fruitfly_0_021001013111116_1-rectangle,0,false,clean
fruitfly_0_021001013111117_1-rectangle,0,false,clean
fruitfly_0_021001013111118_1-rectangle,0,true,label_flip_10
fruitfly_0_021001013111119_1-rectangle,0,false,clean
fruitfly_0_021001013111120_1-rectangle,0,false,clean
fruitfly_0_021001013111121_1-rectangle,0,true,label_flip_10
fruitfly_0_021001013111122_1-rectangle,0,false,clean
fruitfly_0_021001013111123_1-rectangle,0,false,clean
fruitfly_0_021001015111101_1-rectangle,0,false,clean
fruitfly_0_021001015111102_1-rectangle,0,false,clean
fruitfly_0_021001015111103_1-rectangle,0,false,clean
fruitfly_0_021001015111104_1-rectangle,0,true,label_flip_10
fruitfly_0_021001015111105_1-rectangle,0,false,clean
fruitfly_0_021001015111106_1-rectangle,0,false,clean
fruitfly_0_021001015111107_1-rectangle,0,false,clean
fruitfly_0_021001015111108_1-rectangle,0,false,clean
fruitfly_0_021001015111109_1-rectangle,0,false,clean
fruitfly_0_021001015111110_1-rectangle,0,false,clean
fruitfly_0_021001015111111_1-rectangle,0,false,clean
fruitfly_0_021001015111112_1-rectangle,0,false,clean
fruitfly_0_021001015111113_1-rectangle,0,false,clean
fruitfly_0_021001015111114_1-rectangle,0,false,clean
fruitfly_0_021001015111115_1-rectangle,0,false,clean
fruitfly_0_021001015111116_1-rectangle,0,false,clean
fruitfly_0_021001015111117_1-rectangle,0,false,clean
fruitfly_0_021001015111118_1-rectangle,0,false,clean
fruitfly_0_021001015111119_1-rectangle,0,false,clean
fruitfly_0_021001015111120_1-rectangle,0,false,clean
fruitfly_0_021001015111121_1-rectangle,0,false,clean
fruitfly_0_021001015111122_1-rectangle,0,false,clean
fruitfly_0_021001015111123_1-rectangle,0,false,clean
fruitfly_0_021001015111124_1-rectangle,0,false,clean
fruitfly_0_021001015111125_1-rectangle,0,false,clean
fruitfly_0_021001015111126_1-rectangle,0,false,clean
fruitfly_0_021001015111127_1-rectangle,0,false,clean
fruitfly_0_021001016111101_1-rectangle,0,false,clean
fruitfly_0_021001016111102_1-rectangle,0,false,clean
fruitfly_0_021001016111103_1-rectangle,0,false,clean
fruitfly_0_021001016111104_1-rectangle,0,false,clean
fruitfly_0_021001016111105_1-rectangle,0,false,clean
fruitfly_0_021001016111106_1-rectangle,0,false,clean
fruitfly_0_021001016111107_1-rectangle,0,true,label_flip_10
fruitfly_0_021001016111108_1-rectangle,0,false,clean
fruitfly_0_021001016111109_1-rectangle,0,false,clean
fruitfly_0_021001016111110_1-rectangle,0,false,clean
fruitfly_0_021001016111111_1-rectangle,0,true,label_flip_10
fruitfly_0_021001016111112_1-rectangle,0,false,clean
fruitfly_0_021001016111113_1-rectangle,0,false,clean
fruitfly_0_021001016111114_1-rectangle,0,false,clean
fruitfly_0_021001016111115_1-rectangle,0,true,label_flip_10
fruitfly_0_021001016111116_1-rectangle,0,false,clean
fruitfly_0_021001016111117_1-rectangle,0,false,clean
fruitfly_0_021001016111118_1-rectangle,0,false,clean
fruitfly_0_021001016111119_1-rectangle,0,false,clean
fruitfly_0_021001016111120_1-rectangle,0,false,clean
fruitfly_0_021001016111121_1-rectangle,0,false,clean
fruitfly_0_021001016111122_1-rectangle,0,false,clean
fruitfly_0_021001016111123_1-rectangle,0,false,clean
fruitfly_0_021001016111124_1-rectangle,0,false,clean
fruitfly_0_021001016111125_1-rectangle,0,false,clean
fruitfly_0_021001016111126_1-rectangle,0,false,clean
fruitfly_0_021001017111101_1-rectangle,0,false,clean
fruitfly_0_021001017111102_1-rectangle,0,false,clean
fruitfly_0_021001017111103_1-rectangle,0,false,clean
fruitfly_0_021001017111104_1-rectangle,0,false,clean
fruitfly_0_021001017111105_1-rectangle,0,false,clean
fruitfly_0_021001017111106_1-rectangle,0,false,clean
fruitfly_0_021001017111107_1-rectangle,0,false,clean
fruitfly_0_021001017111108_1-rectangle,0,false,clean
fruitfly_0_021001017111109_1-rectangle,0,false,clean
fruitfly_0_021001017111110_1-rectangle,0,false,clean
fruitfly_0_021001017111111_1-rectangle,0,false,clean
fruitfly_0_021001017111112_1-rectangle,0,false,clean
fruitfly_0_021001017111113_1-rectangle,0,false,clean
fruitfly_0_021001017111114_1-rectangle,0,false,clean
fruitfly_0_021001017111115_1-rectangle,0,true,label_flip_10
fruitfly_0_021001017111116_1-rectangle,0,false,clean
fruitfly_0_021001017111117_1-rectangle,0,true,label_flip_10
fruitfly_0_021001017111118_1-rectangle,0,false,clean
fruitfly_0_021001017111119_1-rectangle,0,false,clean
fruitfly_0_021001017111120_1-rectangle,0,false,clean
fruitfly_0_021001017111121_1-rectangle,0,true,label_flip_10
fruitfly_0_021001019111101_1-rectangle,0,false,clean
fruitfly_0_021001019111102_1-rectangle,0,false,clean
fruitfly_0_021001019111103_1-rectangle,0,false,clean
fruitfly_0_021001019111104_1-rectangle,0,false,clean
fruitfly_0_021001019111105_1-rectangle,0,false,clean
fruitfly_0_021001019111106_1-rectangle,0,false,clean
fruitfly_0_021001019111107_1-rectangle,0,false,clean
fruitfly_0_021001019111108_1-rectangle,0,false,clean
fruitfly_0_021001019111109_1-rectangle,0,false,clean
fruitfly_0_021001019111110_1-rectangle,0,false,clean
fruitfly_0_021001019111111_1-rectangle,0,false,clean
fruitfly_0_021001019111112_1-rectangle,0,false,clean
fruitfly_0_021001019111113_1-rectangle,0,false,clean
fruitfly_0_021001019111114_1-rectangle,0,false,clean
fruitfly_0_021001019111115_1-rectangle,0,false,clean
fruitfly_0_021001019111116_1-rectangle,0,false,clean
fruitfly_0_021001019111117_1-rectangle,0,false,clean
fruitfly_0_021001019111118_1-rectangle,0,false,clean
fruitfly_0_021001019111119_1-rectangle,0,false,clean
fruitfly_0_021001019111120_1-rectangle,0,false,clean
fruitfly_0_021001019111121_1-rectangle,0,false,clean
fruitfly_0_021001021111101_1-rectangle,0,false,clean
fruitfly_0_021001021111102_1-rectangle,0,false,clean
fruitfly_0_021001021111103_1-rectangle,0,false,clean
fruitfly_0_021001021111104_1-rectangle,0,false,clean
fruitfly_0_021001021111105_1-rectangle,0,false,clean
fruitfly_0_021001021111106_1-rectangle,0,false,clean
fruitfly_0_021001021111107_1-rectangle,0,false,clean
fruitfly_0_021001021111108_1-rectangle,0,true,label_flip_10
fruitfly_0_021001021111109_1-rectangle,0,false,clean
fruitfly_0_021001021111110_1-rectangle,0,false,clean
fruitfly_0_021001021111111_1-rectangle,0,false,clean
fruitfly_0_021001021111112_1-rectangle,0,false,clean
fruitfly_0_021001021111113_1-rectangle,0,false,clean
fruitfly_0_021001021111114_1-rectangle,0,false,clean
fruitfly_0_021001021111115_1-rectangle,0,false,clean
fruitfly_0_021001021111116_1-rectangle,0,false,clean
fruitfly_0_021001021111117_1-rectangle,0,false,clean
fruitfly_0_021001021111118_1-rectangle,0,false,clean
fruitfly_0_021001021111119_1-rectangle,0,false,clean
fruitfly_0_021001021111120_1-rectangle,0,false,clean
fruitfly_0_021001021111121_1-rectangle,0,false,clean
fruitfly_0_021001021111122_1-rectangle,0,false,clean
fruitfly_0_021001021111123_1-rectangle,0,false,clean
fruitfly_0_021001021111124_1-rectangle,0,false,clean
fruitfly_0_021001021111125_1-rectangle,0,false,clean
fruitfly_0_021001022111101_1-rectangle,0,false,clean
fruitfly_0_021001022111102_1-rectangle,0,false,clean
fruitfly_0_021001022111103_1-rectangle,0,false,clean
fruitfly_0_021001022111104_1-rectangle,0,false,clean
fruitfly_0_021001022111105_1-rectangle,0,false,clean
fruitfly_0_021001022111106_1-rectangle,0,false,clean
fruitfly_0_021001022111107_1-rectangle,0,false,clean
fruitfly_0_021001022111108_1-rectangle,0,true,label_flip_10
fruitfly_0_021001022111109_1-rectangle,0,false,clean
fruitfly_0_021001022111110_1-rectangle,0,false,clean
fruitfly_0_021001022111111_1-rectangle,0,false,clean
fruitfly_0_021001022111112_1-rectangle,0,false,clean
fruitfly_0_021001022111113_1-rectangle,0,true,label_flip_10
fruitfly_0_021001022111114_1-rectangle,0,false,clean
fruitfly_0_021001022111115_1-rectangle,0,false,clean
fruitfly_0_021001022111116_1-rectangle,0,false,clean
fruitfly_0_021001022111117_1-rectangle,0,false,clean
fruitfly_0_021001022111118_1-rectangle,0,false,clean
fruitfly_0_021001022111119_1-rectangle,0,false,clean
fruitfly_0_021001022111120_1-rectangle,0,false,clean
fruitfly_0_021001022111121_1-rectangle,0,false,clean
fruitfly_0_021001022111122_1-rectangle,0,false,clean
fruitfly_0_021001022111123_1-rectangle,0,false,clean
fruitfly_0_021001022111124_1-rectangle,0,false,clean
fruitfly_0_021001022111125_1-rectangle,0,false,clean
fruitfly_0_021001022111126_1-rectangle,0,false,clean
fruitfly_0_021001022111127_1-rectangle,0,false,clean
fruitfly_0_021001022111128_1-rectangle,0,false,clean
fruitfly_0_021001024111101_1-rectangle,0,false,clean
fruitfly_0_021001024111102_1-rectangle,0,false,clean
fruitfly_0_021001024111103_1-rectangle,0,false,clean
fruitfly_0_021001024111104_1-rectangle,0,false,clean
fruitfly_0_021001024111105_1-rectangle,0,false,clean
fruitfly_0_021001024111106_1-rectangle,0,false,clean
fruitfly_0_021001024111107_1-rectangle,0,false,clean
fruitfly_0_021001024111108_1-rectangle,0,false,clean
fruitfly_0_021001024111109_1-rectangle,0,true,label_flip_10
fruitfly_0_021001024111110_1-rectangle,0,false,clean
fruitfly_0_021001024111111_1-rectangle,0,false,clean
fruitfly_0_021001024111112_1-rectangle,0,false,clean
fruitfly_0_021001024111113_1-rectangle,0,false,clean
fruitfly_0_021001024111114_1-rectangle,0,false,clean
fruitfly_0_021001024111115_1-rectangle,0,true,label_flip_10
fruitfly_0_021001024111116_1-rectangle,0,false,clean
fruitfly_0_021001024111117_1-rectangle,0,false,clean
fruitfly_0_021001024111118_1-rectangle,0,false,clean
fruitfly_0_021001024111119_1-rectangle,0,false,clean
fruitfly_0_021001024111120_1-rectangle,0,false,clean
fruitfly_0_021001024111121_1-rectangle,0,false,clean
fruitfly_0_021001024111122_1-rectangle,0,false,clean
fruitfly_0_021001024111123_1-rectangle,0,false,clean
fruitfly_0_021001026111101_1-rectangle,0,false,clean
fruitfly_0_021001026111102_1-rectangle,0,false,clean
fruitfly_0_021001026111103_1-rectangle,0,false,clean
fruitfly_0_021001026111104_1-rectangle,0,false,clean
fruitfly_0_021001026111105_1-rectangle,0,false,clean
fruitfly_0_021001026111106_1-rectangle,0,false,clean
fruitfly_0_021001026111107_1-rectangle,0,false,clean
fruitfly_0_021001026111108_1-rectangle,0,false,clean
fruitfly_0_021001026111109_1-rectangle,0,false,clean
fruitfly_0_021001026111110_1-rectangle,0,false,clean
fruitfly_0_021001026111111_1-rectangle,0,false,clean
fruitfly_0_021001026111112_1-rectangle,0,true,label_flip_10
fruitfly_0_021001026111113_1-rectangle,0,false,clean
fruitfly_0_021001026111114_1-rectangle,0,false,clean
fruitfly_0_021001026111115_1-rectangle,0,false,clean
fruitfly_0_021001026111116_1-rectangle,0,false,clean
fruitfly_0_021001026111117_1-rectangle,0,false,clean
fruitfly_0_021001026111118_1-rectangle,0,false,clean
fruitfly_0_021001026111119_1-rectangle,0,false,clean
fruitfly_0_021001026111120_1-rectangle,0,false,clean
fruitfly_0_021001026111121_1-rectangle,0,false,clean
fruitfly_0_021001026111122_1-rectangle,0,false,clean
fruitfly_0_021001027111101_1-rectangle,0,false,clean
fruitfly_0_021001027111102_1-rectangle,0,false,clean
fruitfly_0_021001027111103_1-rectangle,0,false,clean
fruitfly_0_021001027111104_1-rectangle,0,false,clean
fruitfly_0_021001027111105_1-rectangle,0,false,clean
fruitfly_0_021001027111106_1-rectangle,0,false,clean
fruitfly_0_021001027111107_1-rectangle,0,false,clean
fruitfly_0_021001027111108_1-rectangle,0,false,clean
fruitfly_0_021001027111109_1-rectangle,0,false,clean
fruitfly_0_021001027111110_1-rectangle,0,false,clean
fruitfly_0_021001027111111_1-rectangle,0,false,clean
fruitfly_0_021001027111112_1-rectangle,0,false,clean
fruitfly_0_021001027111113_1-rectangle,0,false,clean
fruitfly_0_021001027111114_1-rectangle,0,false,clean
fruitfly_0_021001027111115_1-rectangle,0,false,clean
fruitfly_0_021001027111116_1-rectangle,0,false,clean
fruitfly_0_021001027111117_1-rectangle,0,false,clean
fruitfly_0_021001027111118_1-rectangle,0,false,clean
fruitfly_0_021001027111119_1-rectangle,0,false,clean
fruitfly_0_021001027111120_1-rectangle,0,false,clean
fruitfly_0_021001027111121_1-rectangle,0,false,clean
fruitfly_0_021001027111122_1-rectangle,0,false,clean
fruitfly_0_021001027111123_1-rectangle,0,false,clean
fruitfly_0_021001027111124_1-rectangle,0,false,clean
fruitfly_0_021001027111125_1-rectangle,0,false,clean
fruitfly_0_021001027111126_1-rectangle,0,false,clean
fruitfly_0_021001027111127_1-rectangle,0,false,clean
fruitfly_0_021001027111128_1-rectangle,0,false,clean
fruitfly_0_021001027111129_1-rectangle,0,true,label_flip_10
fruitfly_0_021001028111101_1-rectangle,0,true,label_flip_10
fruitfly_0_021001028111102_1-rectangle,0,false,clean
fruitfly_0_021001028111103_1-rectangle,0,false,clean
fruitfly_0_021001028111104_1-rectangle,0,false,clean
fruitfly_0_021001028111105_1-rectangle,0,false,clean
fruitfly_0_021001028111106_1-rectangle,0,false,clean
fruitfly_0_021001028111107_1-rectangle,0,false,clean
fruitfly_0_021001028111108_1-rectangle,0,false,clean
fruitfly_0_021001028111109_1-rectangle,0,false,clean
fruitfly_0_021001028111110_1-rectangle,0,true,label_flip_10
fruitfly_0_021001028111111_1-rectangle,0,false,clean
fruitfly_0_021001028111112_1-rectangle,0,false,clean
fruitfly_0_021001028111113_1-rectangle,0,true,label_flip_10
fruitfly_0_021001028111114_1-rectangle,0,false,clean
fruitfly_0_021001028111115_1-rectangle,0,false,clean
fruitfly_0_021001028111116_1-rectangle,0,false,clean
fruitfly_0_021001028111117_1-rectangle,0,false,clean
fruitfly_0_021001028111118_1-rectangle,0,true,label_flip_10
fruitfly_0_021001028111119_1-rectangle,0,false,clean
fruitfly_0_021001028111120_1-rectangle,0,false,clean
fruitfly_0_021001028111121_1-rectangle,0,false,clean
fruitfly_0_021001028111122_1-rectangle,0,false,clean
fruitfly_0_021001028111123_1-rectangle,0,false,clean
fruitfly_0_021001028111124_1-rectangle,0,false,clean
fruitfly_0_021001029111101_1-rectangle,0,false,clean
fruitfly_0_021001029111102_1-rectangle,0,false,clean
fruitfly_0_021001029111103_1-rectangle,0,false,clean
fruitfly_0_021001029111104_1-rectangle,0,false,clean
fruitfly_0_021001029111105_1-rectangle,0,false,clean
fruitfly_0_021001029111106_1-rectangle,0,false,clean
fruitfly_0_021001029111107_1-rectangle,0,false,clean
fruitfly_0_021001029111108_1-rectangle,0,false,clean
fruitfly_0_021001029111109_1-rectangle,0,false,clean
fruitfly_0_021001029111110_1-rectangle,0,false,clean
fruitfly_0_021001029111111_1-rectangle,0,false,clean
fruitfly_0_021001029111112_1-rectangle,0,true,label_flip_10
fruitfly_0_021001029111113_1-rectangle,0,false,clean
fruitfly_0_021001029111114_1-rectangle,0,false,clean
fruitfly_0_021001030111101_1-rectangle,0,false,clean
fruitfly_0_021001030111102_1-rectangle,0,false,clean
fruitfly_0_021001030111103_1-rectangle,0,false,clean
fruitfly_0_021001030111104_1-rectangle,0,false,clean
fruitfly_0_021001030111105_1-rectangle,0,false,clean
fruitfly_0_021001030111106_1-rectangle,0,false,clean
fruitfly_0_021001030111107_1-rectangle,0,false,clean
fruitfly_0_021001030111108_1-rectangle,0,false,clean
fruitfly_0_021001030111109_1-rectangle,0,false,clean
fruitfly_0_021001030111110_1-rectangle,0,false,clean
fruitfly_0_021001030111111_1-rectangle,0,false,clean
fruitfly_0_021001030111112_1-rectangle,0,false,clean
fruitfly_0_021001030111113_1-rectangle,0,false,clean
fruitfly_0_021001030111114_1-rectangle,0,false,clean
fruitfly_0_021001030111115_1-rectangle,0,false,clean
fruitfly_0_021001030111116_1-rectangle,0,false,clean
fruitfly_0_021001030111117_1-rectangle,0,false,clean
fruitfly_0_021001030111118_1-rectangle,0,true,label_flip_10
fruitfly_0_021001030111119_1-rectangle,0,false,clean
fruitfly_0_021001030111120_1-rectangle,0,false,clean
fruitfly_0_021001030111121_1-rectangle,0,false,clean
fruitfly_0_021001030111122_1-rectangle,0,false,clean
fruitfly_0_021001030111123_1-rectangle,0,false,clean
fruitfly_0_021001030111124_1-rectangle,0,true,label_flip_10
fruitfly_0_021001032111101_1-rectangle,0,false,clean
fruitfly_0_021001032111102_1-rectangle,0,true,label_flip_10
fruitfly_0_021001032111103_1-rectangle,0,false,clean
fruitfly_0_021001032111104_1-rectangle,0,false,clean
fruitfly_0_021001032111105_1-rectangle,0,true,label_flip_10
fruitfly_0_021001032111106_1-rectangle,0,false,clean
fruitfly_0_021001032111107_1-rectangle,0,false,clean
fruitfly_0_021001032111108_1-rectangle,0,false,clean
fruitfly_0_021001032111109_1-rectangle,0,false,clean
fruitfly_0_021001032111110_1-rectangle,0,false,clean
fruitfly_0_021001032111111_1-rectangle,0,false,clean
fruitfly_0_021001032111112_1-rectangle,0,false,clean
fruitfly_0_021001032111113_1-rectangle,0,false,clean
fruitfly_0_021001032111114_1-rectangle,0,false,clean
fruitfly_0_021001032111115_1-rectangle,0,false,clean
fruitfly_0_021001032111116_1-rectangle,0,false,clean
fruitfly_0_021001032111117_1-rectangle,0,false,clean
fruitfly_0_021001032111118_1-rectangle,0,false,clean
fruitfly_0_021001032111119_1-rectangle,0,false,clean
fruitfly_0_021001032111120_1-rectangle,0,false,clean
fruitfly_0_021001032111121_1-rectangle,0,false,clean
fruitfly_0_021001032111122_1-rectangle,0,false,clean
fruitfly_0_021001032111123_1-rectangle,0,false,clean
fruitfly_0_021001032111124_1-rectangle,0,false,clean
fruitfly_0_021001032111125_1-rectangle,0,false,clean
fruitfly_0_021001032111126_1-rectangle,0,false,clean
fruitfly_0_021001033111101_1-rectangle,0,false,clean
fruitfly_0_021001033111102_1-rectangle,0,false,clean
fruitfly_0_021001033111103_1-rectangle,0,false,clean
fruitfly_0_021001033111104_1-rectangle,0,false,clean
fruitfly_0_021001033111105_1-rectangle,0,false,clean
fruitfly_0_021001033111106_1-rectangle,0,false,clean
fruitfly_0_021001033111107_1-rectangle,0,false,clean
fruitfly_0_021001033111108_1-rectangle,0,false,clean
fruitfly_0_021001033111109_1-rectangle,0,false,clean
fruitfly_0_021001033111110_1-rectangle,0,false,clean
fruitfly_0_021001033111111_1-rectangle,0,false,clean
fruitfly_0_021001033111112_1-rectangle,0,false,clean
fruitfly_0_021001033111113_1-rectangle,0,false,clean
fruitfly_0_021001033111114_1-rectangle,0,false,clean
fruitfly_0_021001033111115_1-rectangle,0,false,clean
fruitfly_0_021001033111116_1-rectangle,0,false,clean
fruitfly_0_021001033111117_1-rectangle,0,false,clean
fruitfly_0_021001033111118_1-rectangle,0,true,label_flip_10
fruitfly_0_021001033111119_1-rectangle,0,false,clean
fruitfly_0_021001033111120_1-rectangle,0,false,clean
fruitfly_0_021001033111121_1-rectangle,0,false,clean
fruitfly_0_021001033111122_1-rectangle,0,true,label_flip_10
fruitfly_0_021001033111123_1-rectangle,0,false,clean
fruitfly_0_021001033111124_1-rectangle,0,false,clean
fruitfly_0_021001033111125_1-rectangle,0,false,clean
fruitfly_0_021001033111126_1-rectangle,0,false,clean
fruitfly_0_021001036111101_1-rectangle,0,false,clean
fruitfly_0_021001036111102_1-rectangle,0,false,clean
fruitfly_0_021001036111103_1-rectangle,0,false,clean
fruitfly_0_021001036111104_1-rectangle,0,false,clean
fruitfly_0_021001036111105_1-rectangle,0,false,clean
fruitfly_0_021001036111106_1-rectangle,0,false,clean
fruitfly_0_021001036111107_1-rectangle,0,false,clean
fruitfly_0_021001036111108_1-rectangle,0,false,clean
fruitfly_0_021001036111109_1-rectangle,0,false,clean
fruitfly_0_021001036111110_1-rectangle,0,false,clean
fruitfly_0_021001036111111_1-rectangle,0,false,clean
fruitfly_0_021001036111112_1-rectangle,0,false,clean
fruitfly_0_021001036111113_1-rectangle,0,false,clean
fruitfly_0_021001036111114_1-rectangle,0,false,clean
fruitfly_0_021001036111115_1-rectangle,0,false,clean
fruitfly_0_021001036111116_1-rectangle,0,false,clean
fruitfly_0_021001036111117_1-rectangle,0,false,clean
fruitfly_0_021001036111118_1-rectangle,0,false,clean
fruitfly_0_021001036111119_1-rectangle,0,false,clean
fruitfly_0_021001036111120_1-rectangle,0,false,clean
fruitfly_0_021001036111121_1-rectangle,0,false,clean
fruitfly_0_021001036111122_1-rectangle,0,false,clean
fruitfly_0_021001036111123_1-rectangle,0,false,clean
fruitfly_0_021001036111124_1-rectangle,0,false,clean
fruitfly_0_021001037111101_1-rectangle,0,false,clean
fruitfly_0_021001037111102_1-rectangle,0,true,label_flip_10
fruitfly_0_021001037111103_1-rectangle,0,false,clean
fruitfly_0_021001037111104_1-rectangle,0,true,label_flip_10
fruitfly_0_021001037111105_1-rectangle,0,false,clean
fruitfly_0_021001037111106_1-rectangle,0,false,clean
fruitfly_0_021001037111107_1-rectangle,0,false,clean
fruitfly_0_021001037111108_1-rectangle,0,false,clean
fruitfly_0_021001037111109_1-rectangle,0,false,clean
fruitfly_0_021001037111110_1-rectangle,0,false,clean
fruitfly_0_021001037111111_1-rectangle,0,false,clean
fruitfly_0_021001037111112_1-rectangle,0,false,clean
fruitfly_0_021001037111113_1-rectangle,0,false,clean
fruitfly_0_021001037111114_1-rectangle,0,false,clean
fruitfly_0_021001037111115_1-rectangle,0,false,clean
fruitfly_0_021001037111116_1-rectangle,0,false,clean
fruitfly_0_021001037111117_1-rectangle,0,false,clean
fruitfly_0_021001037111118_1-rectangle,0,false,clean
fruitfly_0_021001038111101_1-rectangle,0,false,clean
fruitfly_0_021001038111102_1-rectangle,0,false,clean
fruitfly_0_021001038111103_1-rectangle,0,false,clean
fruitfly_0_021001038111104_1-rectangle,0,false,clean
fruitfly_0_021001038111105_1-rectangle,0,false,clean
fruitfly_0_021001038111106_1-rectangle,0,false,clean
fruitfly_0_021001038111107_1-rectangle,0,false,clean
fruitfly_0_021001038111108_1-rectangle,0,false,clean
fruitfly_0_021001038111109_1-rectangle,0,false,clean
fruitfly_0_021001038111110_1-rectangle,0,true,label_flip_10
fruitfly_0_021001038111111_1-rectangle,0,false,clean
fruitfly_0_021001038111112_1-rectangle,0,false,clean
fruitfly_0_021001038111113_1-rectangle,0,false,clean
fruitfly_0_021001038111114_1-rectangle,0,false,clean
fruitfly_0_021001038111115_1-rectangle,0,false,clean
fruitfly_0_021001038111116_1-rectangle,0,false,clean
fruitfly_0_021001038111117_1-rectangle,0,false,clean
fruitfly_0_021001038111118_1-rectangle,0,false,clean
fruitfly_0_021001038111119_1-rectangle,0,false,clean
fruitfly_0_021001038111120_1-rectangle,0,false,clean
fruitfly_0_021001038111121_1-rectangle,0,false,clean
fruitfly_0_021001038111122_1-rectangle,0,false,clean
fruitfly_0_021001038111123_1-rectangle,0,false,clean
fruitfly_0_021001039111101_1-rectangle,0,false,clean
fruitfly_0_021001039111102_1-rectangle,0,false,clean
fruitfly_0_021001039111103_1-rectangle,0,false,clean
fruitfly_0_021001039111104_1-rectangle,0,false,clean
fruitfly_0_021001039111105_1-rectangle,0,false,clean
fruitfly_0_021001039111106_1-rectangle,0,true,label_flip_10
fruitfly_0_021001039111107_1-rectangle,0,false,clean
fruitfly_0_021001039111108_1-rectangle,0,false,clean
fruitfly_0_021001039111109_1-rectangle,0,false,clean
fruitfly_0_021001039111110_1-rectangle,0,false,clean
fruitfly_0_021001039111111_1-rectangle,0,false,clean
fruitfly_0_021001039111112_1-rectangle,0,false,clean
fruitfly_0_021001039111113_1-rectangle,0,false,clean
fruitfly_0_021001039111114_1-rectangle,0,false,clean
fruitfly_0_021001039111115_1-rectangle,0,false,clean
fruitfly_0_021001039111116_1-rectangle,0,false,clean
fruitfly_0_021001039111117_1-rectangle,0,false,clean
fruitfly_0_021001039111118_1-rectangle,0,false,clean
fruitfly_0_021001039111119_1-rectangle,0,false,clean
fruitfly_0_021001039111120_1-rectangle,0,false,clean
fruitfly_0_021001039111121_1-rectangle,0,false,clean
fruitfly_0_021001039111122_1-rectangle,0,false,clean
fruitfly_0_021001039111123_1-rectangle,0,true,label_flip_10
fruitfly_0_021001040111101_1-rectangle,0,false,clean
fruitfly_0_021001040111102_1-rectangle,0,false,clean
fruitfly_0_021001040111103_1-rectangle,0,false,clean
fruitfly_0_021001040111104_1-rectangle,0,false,clean
fruitfly_0_021001040111105_1-rectangle,0,false,clean
fruitfly_0_021001040111106_1-rectangle,0,false,clean
fruitfly_0_021001040111107_1-rectangle,0,false,clean
fruitfly_0_021001040111108_1-rectangle,0,false,clean
fruitfly_0_021001040111109_1-rectangle,0,false,clean
fruitfly_0_021001040111110_1-rectangle,0,false,clean
fruitfly_0_021001040111111_1-rectangle,0,false,clean
fruitfly_0_021001040111112_1-rectangle,0,false,clean
fruitfly_0_021001040111113_1-rectangle,0,false,clean
fruitfly_0_021001040111114_1-rectangle,0,false,clean
fruitfly_0_021001040111115_1-rectangle,0,true,label_flip_10
fruitfly_0_021001040111116_1-rectangle,0,false,clean
fruitfly_0_021001040111117_1-rectangle,0,false,clean
fruitfly_0_021001040111118_1-rectangle,0,false,clean
fruitfly_0_021001040111119_1-rectangle,0,true,label_flip_10
fruitfly_0_021001040111120_1-rectangle,0,false,clean
fruitfly_0_021001040111121_1-rectangle,0,false,clean
fruitfly_0_021001040111122_1-rectangle,0,false,clean
fruitfly_0_021001040111123_1-rectangle,0,false,clean
fruitfly_0_021001040111124_1-rectangle,0,false,clean
fruitfly_0_021001040111125_1-rectangle,0,false,clean
fruitfly_0_021001042111101_1-rectangle,0,false,clean
fruitfly_0_021001042111102_1-rectangle,0,false,clean
fruitfly_0_021001042111103_1-rectangle,0,true,label_flip_10
fruitfly_0_021001042111104_1-rectangle,0,false,clean
fruitfly_0_021001042111105_1-rectangle,0,true,label_flip_10
fruitfly_0_021001042111106_1-rectangle,0,false,clean
fruitfly_0_021001042111107_1-rectangle,0,false,clean
fruitfly_0_021001042111108_1-rectangle,0,false,clean
fruitfly_0_021001042111109_1-rectangle,0,false,clean
fruitfly_0_021001042111110_1-rectangle,0,false,clean
fruitfly_0_021001042111111_1-rectangle,0,false,clean
fruitfly_0_021001042111112_1-rectangle,0,false,clean
fruitfly_0_021001042111113_1-rectangle,0,false,clean
fruitfly_0_021001042111114_1-rectangle,0,true,label_flip_10
fruitfly_0_021001042111115_1-rectangle,0,false,clean
fruitfly_0_021001042111116_1-rectangle,0,false,clean
fruitfly_0_021001042111117_1-rectangle,0,false,clean
fruitfly_0_021001042111118_1-rectangle,0,false,clean
fruitfly_0_021001042111119_1-rectangle,0,false,clean
fruitfly_0_021001042111120_1-rectangle,0,false,clean
fruitfly_0_021001042111121_1-rectangle,0,false,clean
fruitfly_0_021001042111122_1-rectangle,0,false,clean
fruitfly_0_021001042111123_1-rectangle,0,false,clean
fruitfly_0_021001042111124_1-rectangle,0,false,clean
fruitfly_0_021001044111101_1-rectangle,0,false,clean
fruitfly_0_021001044111102_1-rectangle,0,false,clean
fruitfly_0_021001044111103_1-rectangle,0,false,clean
fruitfly_0_021001044111104_1-rectangle,0,false,clean
fruitfly_0_021001044111105_1-rectangle,0,false,clean
fruitfly_0_021001044111106_1-rectangle,0,false,clean
fruitfly_0_021001044111107_1-rectangle,0,false,clean
fruitfly_0_021001044111108_1-rectangle,0,false,clean
fruitfly_0_021001044111109_1-rectangle,0,false,clean
fruitfly_0_021001044111110_1-rectangle,0,false,clean
fruitfly_0_021001044111111_1-rectangle,0,false,clean
fruitfly_0_021001044111112_1-rectangle,0,false,clean
fruitfly_0_021001044111113_1-rectangle,0,false,clean
fruitfly_0_021001044111114_1-rectangle,0,false,clean
fruitfly_0_021001044111115_1-rectangle,0,false,clean
fruitfly_0_021001044111116_1-rectangle,0,false,clean
fruitfly_0_021001044111117_1-rectangle,0,false,clean
fruitfly_0_021001044111118_1-rectangle,0,false,clean
fruitfly_0_021001044111119_1-rectangle,0,false,clean
fruitfly_0_021001044111120_1-rectangle,0,false,clean
fruitfly_0_021001044111121_1-rectangle,0,false,clean
fruitfly_0_021001044111122_1-rectangle,0,true,label_flip_10
fruitfly_0_021001044111123_1-rectangle,0,false,clean
fruitfly_0_021001044111124_1-rectangle,0,true,label_flip_10
fruitfly_0_021001045111101_1-rectangle,0,false,clean
fruitfly_0_021001045111102_1-rectangle,0,false,clean
fruitfly_0_021001045111103_1-rectangle,0,false,clean
fruitfly_0_021001045111104_1-rectangle,0,false,clean
fruitfly_0_021001045111105_1-rectangle,0,false,clean
fruitfly_0_021001045111106_1-rectangle,0,false,clean
fruitfly_0_021001045111107_1-rectangle,0,false,clean
fruitfly_0_021001045111108_1-rectangle,0,true,label_flip_10
fruitfly_0_021001045111109_1-rectangle,0,false,clean
fruitfly_0_021001045111110_1-rectangle,0,false,clean
fruitfly_0_021001045111111_1-rectangle,0,false,clean
fruitfly_0_021001045111112_1-rectangle,0,false,clean
fruitfly_0_021001045111113_1-rectangle,0,false,clean
fruitfly_0_021001045111114_1-rectangle,0,false,clean
fruitfly_0_021001045111115_1-rectangle,0,false,clean
fruitfly_0_021001045111116_1-rectangle,0,false,clean
fruitfly_0_021001045111117_1-rectangle,0,false,clean
fruitfly_0_021001045111118_1-rectangle,0,false,clean
fruitfly_0_021001045111119_1-rectangle,0,false,clean
fruitfly_0_021001045111120_1-rectangle,0,false,clean
fruitfly_0_021001045111121_1-rectangle,0,true,label_flip_10
fruitfly_0_021001045111122_1-rectangle,0,false,clean
fruitfly_0_021001048111101_1-rectangle,0,false,clean
fruitfly_0_021001048111102_1-rectangle,0,false,clean
fruitfly_0_021001048111103_1-rectangle,0,false,clean
fruitfly_0_021001048111104_1-rectangle,0,false,clean
fruitfly_0_021001048111105_1-rectangle,0,false,clean
fruitfly_0_021001048111106_1-rectangle,0,true,label_flip_10
fruitfly_0_021001048111107_1-rectangle,0,false,clean
fruitfly_0_021001048111108_1-rectangle,0,false,clean
fruitfly_0_021001048111109_1-rectangle,0,false,clean
fruitfly_0_021001048111110_1-rectangle,0,false,clean
fruitfly_0_021001048111111_1-rectangle,0,false,clean
fruitfly_0_021001048111112_1-rectangle,0,true,label_flip_10
fruitfly_0_021001048111113_1-rectangle,0,false,clean
fruitfly_0_021001048111114_1-rectangle,0,false,clean
fruitfly_0_021001048111115_1-rectangle,0,false,clean
fruitfly_0_021001048111116_1-rectangle,0,false,clean
fruitfly_0_021001048111117_1-rectangle,0,false,clean
fruitfly_0_021001048111118_1-rectangle,0,true,label_flip_10
fruitfly_0_021001048111119_1-rectangle,0,false,clean
fruitfly_0_021001048111120_1-rectangle,0,false,clean
fruitfly_0_021001048111121_1-rectangle,0,false,clean
fruitfly_0_021001048111122_1-rectangle,0,false,clean
fruitfly_0_021001048111123_1-rectangle,0,false,clean
fruitfly_0_021001048111124_1-rectangle,0,false,clean
fruitfly_0_021001048111125_1-rectangle,0,false,clean
fruitfly_0_021001048111126_1-rectangle,0,false,clean
fruitfly_0_021001049111101_1-rectangle,0,false,clean
fruitfly_0_021001049111102_1-rectangle,0,false,clean
fruitfly_0_021001049111103_1-rectangle,0,false,clean
fruitfly_0_021001049111104_1-rectangle,0,false,clean
fruitfly_0_021001049111105_1-rectangle,0,false,clean
fruitfly_0_021001049111106_1-rectangle,0,false,clean
fruitfly_0_021001049111107_1-rectangle,0,true,label_flip_10
fruitfly_0_021001049111108_1-rectangle,0,true,label_flip_10
fruitfly_0_021001049111109_1-rectangle,0,true,label_flip_10
fruitfly_0_021001049111110_1-rectangle,0,false,clean
fruitfly_0_021001049111111_1-rectangle,0,false,clean
fruitfly_0_021001049111112_1-rectangle,0,false,clean
fruitfly_0_021001049111113_1-rectangle,0,false,clean
fruitfly_0_021001049111114_1-rectangle,0,false,clean
fruitfly_0_021001049111115_1-rectangle,0,false,clean
fruitfly_0_021001049111116_1-rectangle,0,false,clean
fruitfly_0_021001049111117_1-rectangle,0,false,clean
fruitfly_0_021001049111118_1-rectangle,0,false,clean
fruitfly_0_021001049111119_1-rectangle,0,false,clean
fruitfly_0_021001049111120_1-rectangle,0,false,clean
fruitfly_0_021001049111121_1-rectangle,0,true,label_flip_10
fruitfly_0_021001049111122_1-rectangle,0,false,clean
fruitfly_0_021001049111123_1-rectangle,0,true,label_flip_10
fruitfly_0_021001052111101_1-rectangle,0,false,clean
fruitfly_0_021001052111102_1-rectangle,0,false,clean
fruitfly_0_021001052111103_1-rectangle,0,false,clean
fruitfly_0_021001052111104_1-rectangle,0,false,clean
fruitfly_0_021001052111105_1-rectangle,0,false,clean
fruitfly_0_021001052111106_1-rectangle,0,false,clean
fruitfly_0_021001052111107_1-rectangle,0,false,clean
fruitfly_0_021001052111108_1-rectangle,0,false,clean
fruitfly_0_021001052111109_1-rectangle,0,false,clean
fruitfly_0_021001052111110_1-rectangle,0,false,clean
fruitfly_0_021001052111111_1-rectangle,0,false,clean
fruitfly_0_021001052111112_1-rectangle,0,false,clean
fruitfly_0_021001052111113_1-rectangle,0,false,clean
fruitfly_0_021001052111114_1-rectangle,0,false,clean
fruitfly_0_021001052111115_1-rectangle,0,false,clean
fruitfly_0_021001052111116_1-rectangle,0,false,clean
fruitfly_0_021001052111117_1-rectangle,0,false,clean
fruitfly_0_021001052111118_1-rectangle,0,false,clean
fruitfly_0_021001052111119_1-rectangle,0,false,clean
fruitfly_0_021001052111120_1-rectangle,0,true,label_flip_10
fruitfly_0_021001052111121_1-rectangle,0,false,clean
fruitfly_0_021001054111101_1-rectangle,0,false,clean
fruitfly_0_021001054111102_1-rectangle,0,false,clean
fruitfly_0_021001054111103_1-rectangle,0,false,clean
fruitfly_0_021001054111104_1-rectangle,0,false,clean
fruitfly_0_021001054111105_1-rectangle,0,true,label_flip_10
fruitfly_0_021001054111106_1-rectangle,0,false,clean
fruitfly_0_021001054111107_1-rectangle,0,false,clean
fruitfly_0_021001054111108_1-rectangle,0,false,clean
fruitfly_0_021001054111109_1-rectangle,0,false,clean
fruitfly_0_021001054111110_1-rectangle,0,false,clean
fruitfly_0_021001054111111_1-rectangle,0,false,clean
fruitfly_0_021001054111112_1-rectangle,0,false,clean
fruitfly_0_021001054111113_1-rectangle,0,false,clean
fruitfly_0_021001054111114_1-rectangle,0,true,label_flip_10
fruitfly_0_021001054111115_1-rectangle,0,false,clean
fruitfly_0_021001054111116_1-rectangle,0,false,clean
fruitfly_0_021001054111117_1-rectangle,0,false,clean
fruitfly_0_021001054111118_1-rectangle,0,false,clean
fruitfly_0_021001054111119_1-rectangle,0,false,clean
fruitfly_0_021001054111120_1-rectangle,0,false,clean
fruitfly_0_021001054111121_1-rectangle,0,false,clean
fruitfly_0_021001054111122_1-rectangle,0,false,clean
fruitfly_0_021001055111101_1-rectangle,0,false,clean
fruitfly_0_021001055111102_1-rectangle,0,false,clean
fruitfly_0_021001055111103_1-rectangle,0,false,clean
fruitfly_0_021001055111104_1-rectangle,0,false,clean
fruitfly_0_021001055111105_1-rectangle,0,false,clean
fruitfly_0_021001055111106_1-rectangle,0,false,clean
fruitfly_0_021001055111107_1-rectangle,0,false,clean
fruitfly_0_021001055111108_1-rectangle,0,false,clean
fruitfly_0_021001055111109_1-rectangle,0,false,clean
fruitfly_0_021001055111110_1-rectangle,0,false,clean
fruitfly_0_021001055111111_1-rectangle,0,true,label_flip_10
fruitfly_0_021001055111112_1-rectangle,0,false,clean
fruitfly_0_021001055111113_1-rectangle,0,false,clean
fruitfly_0_021001055111114_1-rectangle,0,false,clean
fruitfly_0_021001055111115_1-rectangle,0,false,clean
fruitfly_0_021001055111116_1-rectangle,0,false,clean
fruitfly_0_021001055111117_1-rectangle,0,false,clean
fruitfly_0_021001055111118_1-rectangle,0,false,clean
fruitfly_0_021001055111119_1-rectangle,0,false,clean
fruitfly_0_021001055111120_1-rectangle,0,true,label_flip_10
fruitfly_0_021001055111121_1-rectangle,0,true,label_flip_10
fruitfly_0_021001057111101_1-rectangle,0,true,label_flip_10
fruitfly_0_021001057111102_1-rectangle,0,false,clean
fruitfly_0_021001057111103_1-rectangle,0,false,clean
fruitfly_0_021001057111104_1-rectangle,0,false,clean
fruitfly_0_021001057111105_1-rectangle,0,false,clean
fruitfly_0_021001057111106_1-rectangle,0,false,clean
fruitfly_0_021001057111107_1-rectangle,0,false,clean
fruitfly_0_021001057111108_1-rectangle,0,false,clean
fruitfly_0_021001057111109_1-rectangle,0,false,clean
fruitfly_0_021001057111110_1-rectangle,0,true,label_flip_10
fruitfly_0_021001057111111_1-rectangle,0,false,clean
fruitfly_0_021001057111112_1-rectangle,0,false,clean
fruitfly_0_021001057111113_1-rectangle,0,false,clean
fruitfly_0_021001057111114_1-rectangle,0,false,clean
fruitfly_0_021001057111115_1-rectangle,0,false,clean
fruitfly_0_021001057111116_1-rectangle,0,false,clean
fruitfly_0_021001057111117_1-rectangle,0,false,clean
fruitfly_0_021001057111118_1-rectangle,0,false,clean
fruitfly_0_021001057111119_1-rectangle,0,false,clean
fruitfly_0_021001057111120_1-rectangle,0,false,clean
fruitfly_0_021001057111121_1-rectangle,0,false,clean
fruitfly_0_021001057111122_1-rectangle,0,false,clean
fruitfly_0_021001057111123_1-rectangle,0,false,clean
fruitfly_0_021001058111101_1-rectangle,0,false,clean
fruitfly_0_021001058111102_1-rectangle,0,false,clean
fruitfly_0_021001058111103_1-rectangle,0,false,clean
fruitfly_0_021001058111104_1-rectangle,0,false,clean
fruitfly_0_021001058111105_1-rectangle,0,false,clean
fruitfly_0_021001058111106_1-rectangle,0,true,label_flip_10
fruitfly_0_021001058111107_1-rectangle,0,false,clean
fruitfly_0_021001058111108_1-rectangle,0,false,clean
fruitfly_0_021001058111109_1-rectangle,0,false,clean
fruitfly_0_021001058111110_1-rectangle,0,false,clean
fruitfly_0_021001058111111_1-rectangle,0,false,clean
fruitfly_0_021001058111112_1-rectangle,0,false,clean
fruitfly_0_021001058111113_1-rectangle,0,false,clean
fruitfly_0_021001058111114_1-rectangle,0,false,clean
fruitfly_0_021001058111115_1-rectangle,0,true,label_flip_10
fruitfly_0_021001058111116_1-rectangle,0,false,clean
fruitfly_0_021001058111117_1-rectangle,0,false,clean
fruitfly_0_021001058111118_1-rectangle,0,false,clean
fruitfly_0_021001058111119_1-rectangle,0,false,clean
fruitfly_0_021001058111120_1-rectangle,0,false,clean
fruitfly_0_021001058111121_1-rectangle,0,false,clean
fruitfly_0_021001058111122_1-rectangle,0,false,clean
fruitfly_0_021001058111123_1-rectangle,0,false,clean
fruitfly_0_021001058111124_1-rectangle,0,false,clean
fruitfly_0_021001059111101_1-rectangle,0,false,clean
fruitfly_0_021001059111102_1-rectangle,0,false,clean
fruitfly_0_021001059111103_1-rectangle,0,false,clean
fruitfly_0_021001059111104_1-rectangle,0,false,clean
fruitfly_0_021001059111105_1-rectangle,0,false,clean
fruitfly_0_021001059111106_1-rectangle,0,true,label_flip_10
fruitfly_0_021001059111107_1-rectangle,0,false,clean
fruitfly_0_021001059111108_1-rectangle,0,false,clean
fruitfly_0_021001059111109_1-rectangle,0,false,clean
fruitfly_0_021001059111110_1-rectangle,0,false,clean
fruitfly_0_021001059111111_1-rectangle,0,false,clean
fruitfly_0_021001059111112_1-rectangle,0,false,clean
fruitfly_0_021001059111113_1-rectangle,0,false,clean
fruitfly_0_021001059111114_1-rectangle,0,false,clean
fruitfly_0_021001059111115_1-rectangle,0,false,clean
fruitfly_0_021001059111116_1-rectangle,0,false,clean
fruitfly_0_021001059111117_1-rectangle,0,false,clean
fruitfly_0_021001059111118_1-rectangle,0,false,clean
fruitfly_0_021001059111119_1-rectangle,0,false,clean
fruitfly_0_021001059111120_1-rectangle,0,false,clean
fruitfly_0_021001059111121_1-rectangle,0,false,clean
fruitfly_1_021002002111101_1-rectangle,1,false,clean
fruitfly_1_021002002111102_1-rectangle,1,false,clean
fruitfly_1_021002002111103_1-rectangle,1,false,clean
fruitfly_1_021002002111104_1-rectangle,1,false,clean
fruitfly_1_021002002111105_1-rectangle,1,false,clean
fruitfly_1_021002002111106_1-rectangle,1,false,clean
fruitfly_1_021002002111107_1-rectangle,1,false,clean
fruitfly_1_021002002111108_1-rectangle,1,false,clean
fruitfly_1_021002002111109_1-rectangle,1,false,clean
fruitfly_1_021002002111110_1-rectangle,1,false,clean
fruitfly_1_021002002111111_1-rectangle,1,false,clean
fruitfly_1_021002002111112_1-rectangle,1,false,clean
fruitfly_1_021002002111113_1-rectangle,1,false,clean
fruitfly_1_021002002111114_1-rectangle,1,false,clean
fruitfly_1_021002002111115_1-rectangle,1,false,clean
fruitfly_1_021002002111116_1-rectangle,1,true,label_flip_10
fruitfly_1_021002002111117_1-rectangle,1,false,clean
fruitfly_1_021002002111118_1-rectangle,1,true,label_flip_10
fruitfly_1_021002002111119_1-rectangle,1,false,clean
fruitfly_1_021002002111120_1-rectangle,1,false,clean
fruitfly_1_021002002111121_1-rectangle,1,false,clean
fruitfly_1_021002002111122_1-rectangle,1,false,clean
fruitfly_1_021002002111123_1-rectangle,1,false,clean
fruitfly_1_021002004111101_1-rectangle,1,false,clean
fruitfly_1_021002004111102_1-rectangle,1,true,label_flip_10
fruitfly_1_021002004111103_1-rectangle,1,false,clean
fruitfly_1_021002004111104_1-rectangle,1,false,clean
fruitfly_1_021002004111105_1-rectangle,1,false,clean
fruitfly_1_021002004111106_1-rectangle,1,false,clean
fruitfly_1_021002004111107_1-rectangle,1,false,clean
fruitfly_1_021002004111108_1-rectangle,1,true,label_flip_10
fruitfly_1_021002004111109_1-rectangle,1,false,clean
fruitfly_1_021002004111110_1-rectangle,1,false,clean
fruitfly_1_021002004111111_1-rectangle,1,false,clean
fruitfly_1_021002004111112_1-rectangle,1,false,clean
fruitfly_1_021002004111113_1-rectangle,1,false,clean
fruitfly_1_021002004111114_1-rectangle,1,false,clean
fruitfly_1_021002004111115_1-rectangle,1,true,label_flip_10
fruitfly_1_021002004111116_1-rectangle,1,false,clean
fruitfly_1_021002004111117_1-rectangle,1,false,clean
fruitfly_1_021002004111118_1-rectangle,1,true,label_flip_10
fruitfly_1_021002005111101_1-rectangle,1,false,clean
fruitfly_1_021002005111102_1-rectangle,1,false,clean
fruitfly_1_021002005111103_1-rectangle,1,false,clean
fruitfly_1_021002005111104_1-rectangle,1,false,clean
fruitfly_1_021002005111105_1-rectangle,1,true,label_flip_10
fruitfly_1_021002005111106_1-rectangle,1,false,clean
fruitfly_1_021002005111107_1-rectangle,1,false,clean
fruitfly_1_021002005111108_1-rectangle,1,false,clean
fruitfly_1_021002005111109_1-rectangle,1,false,clean
fruitfly_1_021002005111110_1-rectangle,1,false,clean
fruitfly_1_021002005111111_1-rectangle,1,true,label_flip_10
fruitfly_1_021002005111112_1-rectangle,1,true,label_flip_10
fruitfly_1_021002005111113_1-rectangle,1,false,clean
fruitfly_1_021002005111114_1-rectangle,1,false,clean
fruitfly_1_021002005111115_1-rectangle,1,false,clean
fruitfly_1_021002005111116_1-rectangle,1,true,label_flip_10
fruitfly_1_021002005111117_1-rectangle,1,false,clean
fruitfly_1_021002005111118_1-rectangle,1,false,clean
fruitfly_1_021002005111119_1-rectangle,1,false,clean
fruitfly_1_021002005111120_1-rectangle,1,false,clean
fruitfly_1_021002006111101_1-rectangle,1,true,label_flip_10
fruitfly_1_021002006111102_1-rectangle,1,false,clean
fruitfly_1_021002006111103_1-rectangle,1,false,clean
fruitfly_1_021002006111104_1-rectangle,1,true,label_flip_10
fruitfly_1_021002006111105_1-rectangle,1,false,clean
fruitfly_1_021002006111106_1-rectangle,1,false,clean
fruitfly_1_021002006111107_1-rectangle,1,true,label_flip_10
fruitfly_1_021002006111108_1-rectangle,1,false,clean
fruitfly_1_021002006111109_1-rectangle,1,true,label_flip_10
fruitfly_1_021002006111110_1-rectangle,1,false,clean
fruitfly_1_021002006111111_1-rectangle,1,false,clean
fruitfly_1_021002006111112_1-rectangle,1,false,clean
fruitfly_1_021002006111113_1-rectangle,1,false,clean
fruitfly_1_021002006111114_1-rectangle,1,false,clean
fruitfly_1_021002006111115_1-rectangle,1,false,clean
fruitfly_1_021002006111116_1-rectangle,1,false,clean
fruitfly_1_021002006111117_1-rectangle,1,false,clean
fruitfly_1_021002006111118_1-rectangle,1,false,clean
fruitfly_1_021002006111119_1-rectangle,1,false,clean
fruitfly_1_021002007111101_1-rectangle,1,false,clean
fruitfly_1_021002007111102_1-rectangle,1,false,clean
fruitfly_1_021002007111103_1-rectangle,1,false,clean
fruitfly_1_021002007111104_1-rectangle,1,false,clean
fruitfly_1_021002007111105_1-rectangle,1,false,clean
fruitfly_1_021002007111106_1-rectangle,1,false,clean
fruitfly_1_021002007111107_1-rectangle,1,false,clean
fruitfly_1_021002007111108_1-rectangle,1,true,label_flip_10
fruitfly_1_021002007111109_1-rectangle,1,false,clean
fruitfly_1_021002007111110_1-rectangle,1,false,clean
fruitfly_1_021002007111111_1-rectangle,1,false,clean
fruitfly_1_021002007111112_1-rectangle,1,true,label_flip_10
fruitfly_1_021002007111113_1-rectangle,1,false,clean
fruitfly_1_021002007111114_1-rectangle,1,false,clean
fruitfly_1_021002007111115_1-rectangle,1,false,clean
fruitfly_1_021002007111116_1-rectangle,1,false,clean
fruitfly_1_021002007111117_1-rectangle,1,true,label_flip_10
fruitfly_1_021002007111118_1-rectangle,1,false,clean
fruitfly_1_021002007111119_1-rectangle,1,true,label_flip_10
fruitfly_1_021002007111120_1-rectangle,1,false,clean
fruitfly_1_021002007111121_1-rectangle,1,false,clean
fruitfly_1_021002007111122_1-rectangle,1,false,clean
fruitfly_1_021002007111123_1-rectangle,1,false,clean
fruitfly_1_021002007111124_1-rectangle,1,false,clean
fruitfly_1_021002007111125_1-rectangle,1,false,clean
fruitfly_1_021002007111126_1-rectangle,1,false,clean
fruitfly_1_021002007111127_1-rectangle,1,false,clean
fruitfly_1_021002007111128_1-rectangle,1,false,clean
fruitfly_1_021002008111101_1-rectangle,1,false,clean
fruitfly_1_021002008111102_1-rectangle,1,false,clean
fruitfly_1_021002008111103_1-rectangle,1,false,clean
fruitfly_1_021002008111104_1-rectangle,1,false,clean
fruitfly_1_021002008111105_1-rectangle,1,false,clean
fruitfly_1_021002008111106_1-rectangle,1,false,clean
fruitfly_1_021002008111107_1-rectangle,1,false,clean
fruitfly_1_021002008111108_1-rectangle,1,false,clean
fruitfly_1_021002008111109_1-rectangle,1,false,clean
fruitfly_1_021002008111110_1-rectangle,1,false,clean
fruitfly_1_021002008111111_1-rectangle,1,true,label_flip_10
fruitfly_1_021002008111112_1-rectangle,1,true,label_flip_10
fruitfly_1_021002008111113_1-rectangle,1,false,clean
fruitfly_1_021002008111114_1-rectangle,1,false,clean
fruitfly_1_021002008111115_1-rectangle,1,false,clean
fruitfly_1_021002008111116_1-rectangle,1,false,clean
fruitfly_1_021002008111117_1-rectangle,1,false,clean
fruitfly_1_021002008111118_1-rectangle,1,false,clean
fruitfly_1_021002008111119_1-rectangle,1,false,clean
fruitfly_1_021002008111120_1-rectangle,1,false,clean
fruitfly_1_021002008111121_1-rectangle,1,false,clean
fruitfly_1_021002008111122_1-rectangle,1,false,clean
fruitfly_1_021002009111101_1-rectangle,1,false,clean
fruitfly_1_021002009111102_1-rectangle,1,false,clean
fruitfly_1_021002009111103_1-rectangle,1,false,clean
fruitfly_1_021002009111104_1-rectangle,1,false,clean
fruitfly_1_021002009111105_1-rectangle,1,false,clean
fruitfly_1_021002009111106_1-rectangle,1,false,clean
fruitfly_1_021002009111107_1-rectangle,1,true,label_flip_10
fruitfly_1_021002009111108_1-rectangle,1,false,clean
fruitfly_1_021002009111109_1-rectangle,1,false,clean
fruitfly_1_021002009111110_1-rectangle,1,false,clean
fruitfly_1_021002009111111_1-rectangle,1,false,clean
fruitfly_1_021002009111112_1-rectangle,1,false,clean
fruitfly_1_021002009111113_1-rectangle,1,false,clean
fruitfly_1_021002009111114_1-rectangle,1,false,clean
fruitfly_1_021002009111115_1-rectangle,1,false,clean
fruitfly_1_021002009111116_1-rectangle,1,false,clean
fruitfly_1_021002009111117_1-rectangle,1,false,clean
fruitfly_1_021002009111118_1-rectangle,1,false,clean
fruitfly_1_021002009111119_1-rectangle,1,true,label_flip_10
fruitfly_1_021002009111120_1-rectangle,1,false,clean
fruitfly_1_021002009111121_1-rectangle,1,false,clean
fruitfly_1_021002009111122_1-rectangle,1,false,clean
fruitfly_1_021002009111123_1-rectangle,1,false,clean
fruitfly_1_021002009111124_1-rectangle,1,false,clean
fruitfly_1_021002010111101_1-rectangle,1,false,clean
fruitfly_1_021002010111102_1-rectangle,1,false,clean
fruitfly_1_021002010111103_1-rectangle,1,false,clean
fruitfly_1_021002010111104_1-rectangle,1,false,clean
fruitfly_1_021002010111105_1-rectangle,1,false,clean
fruitfly_1_021002010111106_1-rectangle,1,true,label_flip_10
fruitfly_1_021002010111107_1-rectangle,1,false,clean
fruitfly_1_021002010111108_1-rectangle,1,false,clean
fruitfly_1_021002010111109_1-rectangle,1,false,clean
fruitfly_1_021002010111110_1-rectangle,1,false,clean
fruitfly_1_021002010111111_1-rectangle,1,false,clean
fruitfly_1_021002010111112_1-rectangle,1,false,clean
fruitfly_1_021002010111113_1-rectangle,1,true,label_flip_10
fruitfly_1_021002010111114_1-rectangle,1,false,clean
fruitfly_1_021002010111115_1-rectangle,1,false,clean
fruitfly_1_021002010111116_1-rectangle,1,false,clean
fruitfly_1_021002010111117_1-rectangle,1,true,label_flip_10
fruitfly_1_021002010111118_1-rectangle,1,false,clean
fruitfly_1_021002010111119_1-rectangle,1,false,clean
fruitfly_1_021002010111120_1-rectangle,1,false,clean
fruitfly_1_021002011111101_1-rectangle,1,false,clean
fruitfly_1_021002011111102_1-rectangle,1,false,clean
fruitfly_1_021002011111103_1-rectangle,1,false,clean
fruitfly_1_021002011111104_1-rectangle,1,false,clean
fruitfly_1_021002011111105_1-rectangle,1,false,clean
fruitfly_1_021002011111106_1-rectangle,1,false,clean
fruitfly_1_021002011111107_1-rectangle,1,false,clean
fruitfly_1_021002011111108_1-rectangle,1,false,clean
fruitfly_1_021002011111109_1-rectangle,1,false,clean
fruitfly_1_021002011111110_1-rectangle,1,false,clean
fruitfly_1_021002011111111_1-rectangle,1,false,clean
fruitfly_1_021002011111112_1-rectangle,1,false,clean
fruitfly_1_021002011111113_1-rectangle,1,false,clean
fruitfly_1_021002011111114_1-rectangle,1,false,clean
fruitfly_1_021002011111115_1-rectangle,1,false,clean
fruitfly_1_021002011111116_1-rectangle,1,false,clean
fruitfly_1_021002011111117_1-rectangle,1,true,label_flip_10
fruitfly_1_021002011111118_1-rectangle,1,false,clean
fruitfly_1_021002011111119_1-rectangle,1,true,label_flip_10
fruitfly_1_021002011111120_1-rectangle,1,false,clean
fruitfly_1_021002011111121_1-rectangle,1,false,clean
fruitfly_1_021002011111122_1-rectangle,1,false,clean
fruitfly_1_021002011111123_1-rectangle,1,false,clean
fruitfly_1_021002011111124_1-rectangle,1,true,label_flip_10
fruitfly_1_021002011111125_1-rectangle,1,false,clean
fruitfly_1_021002011111126_1-rectangle,1,false,clean
fruitfly_1_021002011111127_1-rectangle,1,false,clean
fruitfly_1_021002011111128_1-rectangle,1,false,clean
fruitfly_1_021002011111129_1-rectangle,1,false,clean
fruitfly_1_021002012111101_1-rectangle,1,false,clean
fruitfly_1_021002012111102_1-rectangle,1,false,clean
fruitfly_1_021002012111103_1-rectangle,1,false,clean
fruitfly_1_021002012111104_1-rectangle,1,false,clean
fruitfly_1_021002012111105_1-rectangle,1,false,clean
fruitfly_1_021002012111106_1-rectangle,1,false,clean
fruitfly_1_021002012111107_1-rectangle,1,false,clean
fruitfly_1_021002012111108_1-rectangle,1,false,clean
fruitfly_1_021002012111109_1-rectangle,1,false,clean
fruitfly_1_021002012111110_1-rectangle,1,false,clean
fruitfly_1_021002012111111_1-rectangle,1,false,clean
fruitfly_1_021002012111112_1-rectangle,1,false,clean
fruitfly_1_021002012111113_1-rectangle,1,false,clean
fruitfly_1_021002012111114_1-rectangle,1,true,label_flip_10
fruitfly_1_021002012111115_1-rectangle,1,false,clean
fruitfly_1_021002012111116_1-rectangle,1,false,clean
fruitfly_1_021002012111117_1-rectangle,1,false,clean
fruitfly_1_021002012111118_1-rectangle,1,false,clean
fruitfly_1_021002012111119_1-rectangle,1,false,clean
fruitfly_1_021002012111120_1-rectangle,1,false,clean
fruitfly_1_021002012111121_1-rectangle,1,false,clean
fruitfly_1_021002012111122_1-rectangle,1,true,label_flip_10
fruitfly_1_021002012111123_1-rectangle,1,false,clean
fruitfly_1_021002012111124_1-rectangle,1,false,clean
fruitfly_1_021002013111101_1-rectangle,1,false,clean
fruitfly_1_021002013111102_1-rectangle,1,true,label_flip_10
fruitfly_1_021002013111103_1-rectangle,1,false,clean
fruitfly_1_021002013111104_1-rectangle,1,false,clean
fruitfly_1_021002013111105_1-rectangle,1,false,clean
fruitfly_1_021002013111106_1-rectangle,1,false,clean
fruitfly_1_021002013111107_1-rectangle,1,false,clean
fruitfly_1_021002013111108_1-rectangle,1,false,clean
fruitfly_1_021002013111109_1-rectangle,1,false,clean
fruitfly_1_021002013111110_1-rectangle,1,false,clean
fruitfly_1_021002013111111_1-rectangle,1,false,clean
fruitfly_1_021002013111112_1-rectangle,1,false,clean
fruitfly_1_021002013111113_1-rectangle,1,false,clean
fruitfly_1_021002013111114_1-rectangle,1,false,clean
fruitfly_1_021002013111115_1-rectangle,1,false,clean
fruitfly_1_021002013111116_1-rectangle,1,false,clean
fruitfly_1_021002013111117_1-rectangle,1,false,clean
fruitfly_1_021002013111118_1-rectangle,1,false,clean
fruitfly_1_021002013111119_1-rectangle,1,false,clean
fruitfly_1_021002013111120_1-rectangle,1,false,clean
fruitfly_1_021002014111101_1-rectangle,1,true,label_flip_10
fruitfly_1_021002014111102_1-rectangle,1,false,clean
fruitfly_1_021002014111103_1-rectangle,1,false,clean
fruitfly_1_021002014111104_1-rectangle,1,false,clean
fruitfly_1_021002014111105_1-rectangle,1,false,clean
fruitfly_1_021002014111106_1-rectangle,1,false,clean
fruitfly_1_021002014111107_1-rectangle,1,false,clean
fruitfly_1_021002014111108_1-rectangle,1,false,clean
fruitfly_1_021002014111109_1-rectangle,1,false,clean
fruitfly_1_021002014111110_1-rectangle,1,false,clean
fruitfly_1_021002014111111_1-rectangle,1,false,clean
fruitfly_1_021002014111112_1-rectangle,1,false,clean
fruitfly_1_021002014111113_1-rectangle,1,false,clean
fruitfly_1_021002014111114_1-rectangle,1,true,label_flip_10
fruitfly_1_021002014111115_1-rectangle,1,false,clean
fruitfly_1_021002014111116_1-rectangle,1,false,clean
fruitfly_1_021002014111117_1-rectangle,1,false,clean
fruitfly_1_021002014111118_1-rectangle,1,false,clean
fruitfly_1_021002017111101_1-rectangle,1,false,clean
fruitfly_1_021002017111102_1-rectangle,1,false,clean
fruitfly_1_021002017111103_1-rectangle,1,false,clean
fruitfly_1_021002017111104_1-rectangle,1,false,clean
fruitfly_1_021002017111105_1-rectangle,1,false,clean
fruitfly_1_021002017111106_1-rectangle,1,false,clean
fruitfly_1_021002017111107_1-rectangle,1,true,label_flip_10
fruitfly_1_021002017111108_1-rectangle,1,false,clean
fruitfly_1_021002017111109_1-rectangle,1,false,clean
fruitfly_1_021002017111110_1-rectangle,1,false,clean
fruitfly_1_021002017111111_1-rectangle,1,false,clean
fruitfly_1_021002017111112_1-rectangle,1,false,clean
fruitfly_1_021002017111113_1-rectangle,1,false,clean
fruitfly_1_021002017111114_1-rectangle,1,true,label_flip_10
fruitfly_1_021002017111115_1-rectangle,1,false,clean
fruitfly_1_021002017111116_1-rectangle,1,false,clean
fruitfly_1_021002017111117_1-rectangle,1,false,clean
fruitfly_1_021002017111118_1-rectangle,1,false,clean
fruitfly_1_021002017111119_1-rectangle,1,false,clean
fruitfly_1_021002017111120_1-rectangle,1,false,clean
fruitfly_1_021002017111121_1-rectangle,1,false,clean
fruitfly_1_021002017111122_1-rectangle,1,false,clean
fruitfly_1_021002017111123_1-rectangle,1,false,clean
fruitfly_1_021002017111124_1-rectangle,1,false,clean
fruitfly_1_021002017111125_1-rectangle,1,true,label_flip_10
fruitfly_1_021002017111126_1-rectangle,1,false,clean
fruitfly_1_021002018111101_1-rectangle,1,false,clean
fruitfly_1_021002018111102_1-rectangle,1,false,clean
fruitfly_1_021002018111103_1-rectangle,1,false,clean
fruitfly_1_021002018111104_1-rectangle,1,false,clean
fruitfly_1_021002018111105_1-rectangle,1,false,clean
fruitfly_1_021002018111106_1-rectangle,1,false,clean
fruitfly_1_021002018111107_1-rectangle,1,true,label_flip_10
fruitfly_1_021002018111108_1-rectangle,1,false,clean
fruitfly_1_021002018111109_1-rectangle,1,false,clean
fruitfly_1_021002018111110_1-rectangle,1,false,clean
fruitfly_1_021002018111111_1-rectangle,1,false,clean
fruitfly_1_021002018111112_1-rectangle,1,false,clean
fruitfly_1_021002018111113_1-rectangle,1,false,clean
fruitfly_1_021002018111114_1-rectangle,1,false,clean
fruitfly_1_021002018111115_1-rectangle,1,false,clean
fruitfly_1_021002018111116_1-rectangle,1,false,clean
fruitfly_1_021002018111117_1-rectangle,1,false,clean
fruitfly_1_021002018111118_1-rectangle,1,false,clean
fruitfly_1_021002021111101_1-rectangle,1,false,clean
fruitfly_1_021002021111102_1-rectangle,1,false,clean
fruitfly_1_021002021111103_1-rectangle,1,false,clean
fruitfly_1_021002021111104_1-rectangle,1,false,clean
fruitfly_1_021002021111105_1-rectangle,1,false,clean
fruitfly_1_021002021111106_1-rectangle,1,false,clean
fruitfly_1_021002021111107_1-rectangle,1,false,clean
fruitfly_1_021002021111108_1-rectangle,1,false,clean
fruitfly_1_021002021111109_1-rectangle,1,false,clean
fruitfly_1_021002021111110_1-rectangle,1,false,clean
fruitfly_1_021002021111111_1-rectangle,1,false,clean
fruitfly_1_021002021111112_1-rectangle,1,false,clean
fruitfly_1_021002021111113_1-rectangle,1,true,label_flip_10
fruitfly_1_021002021111114_1-rectangle,1,true,label_flip_10
fruitfly_1_021002021111115_1-rectangle,1,false,clean
fruitfly_1_021002021111116_1-rectangle,1,false,clean
fruitfly_1_021002021111117_1-rectangle,1,true,label_flip_10
fruitfly_1_021002021111118_1-rectangle,1,false,clean
fruitfly_1_021002021111119_1-rectangle,1,false,clean
fruitfly_1_021002021111120_1-rectangle,1,false,clean
fruitfly_1_021002021111121_1-rectangle,1,true,label_flip_10
fruitfly_1_021002021111122_1-rectangle,1,false,clean
fruitfly_1_021002021111123_1-rectangle,1,false,clean
fruitfly_1_021002021111124_1-rectangle,1,false,clean
fruitfly_1_021002021111125_1-rectangle,1,false,clean
fruitfly_1_021002021111126_1-rectangle,1,false,clean
fruitfly_1_021002023111101_1-rectangle,1,false,clean
fruitfly_1_021002023111102_1-rectangle,1,false,clean
fruitfly_1_021002023111103_1-rectangle,1,false,clean
fruitfly_1_021002023111104_1-rectangle,1,false,clean
fruitfly_1_021002023111105_1-rectangle,1,false,clean
fruitfly_1_021002023111106_1-rectangle,1,false,clean
fruitfly_1_021002023111107_1-rectangle,1,false,clean
fruitfly_1_021002023111108_1-rectangle,1,false,clean
fruitfly_1_021002023111109_1-rectangle,1,false,clean
fruitfly_1_021002023111110_1-rectangle,1,false,clean
fruitfly_1_021002023111111_1-rectangle,1,false,clean
fruitfly_1_021002023111112_1-rectangle,1,true,label_flip_10
fruitfly_1_021002023111113_1-rectangle,1,false,clean
fruitfly_1_021002023111114_1-rectangle,1,false,clean
fruitfly_1_021002023111115_1-rectangle,1,false,clean
fruitfly_1_021002023111116_1-rectangle,1,false,clean
fruitfly_1_021002023111117_1-rectangle,1,false,clean
fruitfly_1_021002023111118_1-rectangle,1,false,clean
fruitfly_1_021002023111119_1-rectangle,1,false,clean
fruitfly_1_021002023111120_1-rectangle,1,false,clean
fruitfly_1_021002023111121_1-rectangle,1,false,clean
fruitfly_1_021002023111122_1-rectangle,1,true,label_flip_10
fruitfly_1_021002024111101_1-rectangle,1,false,clean
fruitfly_1_021002024111102_1-rectangle,1,true,label_flip_10
fruitfly_1_021002024111103_1-rectangle,1,false,clean
fruitfly_1_021002024111104_1-rectangle,1,false,clean
fruitfly_1_021002024111105_1-rectangle,1,false,clean
fruitfly_1_021002024111106_1-rectangle,1,false,clean
fruitfly_1_021002024111107_1-rectangle,1,false,clean
fruitfly_1_021002024111108_1-rectangle,1,false,clean
fruitfly_1_021002024111109_1-rectangle,1,false,clean
fruitfly_1_021002024111110_1-rectangle,1,false,clean
fruitfly_1_021002024111111_1-rectangle,1,false,clean
fruitfly_1_021002024111112_1-rectangle,1,false,clean
fruitfly_1_021002024111113_1-rectangle,1,false,clean
fruitfly_1_021002024111114_1-rectangle,1,false,clean
fruitfly_1_021002024111115_1-rectangle,1,false,clean
fruitfly_1_021002024111116_1-rectangle,1,false,clean
fruitfly_1_021002024111117_1-rectangle,1,true,label_flip_10
fruitfly_1_021002024111118_1-rectangle,1,false,clean
fruitfly_1_021002024111119_1-rectangle,1,true,label_flip_10
fruitfly_1_021002024111120_1-rectangle,1,false,clean
fruitfly_1_021002024111121_1-rectangle,1,false,clean
fruitfly_1_021002024111122_1-rectangle,1,false,clean
fruitfly_1_021002024111123_1-rectangle,1,false,clean
fruitfly_1_021002024111124_1-rectangle,1,false,clean
fruitfly_1_021002024111125_1-rectangle,1,false,clean
fruitfly_1_021002025111101_1-rectangle,1,false,clean
fruitfly_1_021002025111102_1-rectangle,1,false,clean
fruitfly_1_021002025111103_1-rectangle,1,true,label_flip_10
fruitfly_1_021002025111104_1-rectangle,1,false,clean
fruitfly_1_021002025111105_1-rectangle,1,false,clean
fruitfly_1_021002025111106_1-rectangle,1,false,clean
fruitfly_1_021002025111107_1-rectangle,1,false,clean
fruitfly_1_021002025111108_1-rectangle,1,false,clean
fruitfly_1_021002025111109_1-rectangle,1,true,label_flip_10
fruitfly_1_021002025111110_1-rectangle,1,false,clean
fruitfly_1_021002025111111_1-rectangle,1,false,clean
fruitfly_1_021002025111112_1-rectangle,1,false,clean
fruitfly_1_021002025111113_1-rectangle,1,false,clean
fruitfly_1_021002025111114_1-rectangle,1,false,clean
fruitfly_1_021002025111115_1-rectangle,1,false,clean
fruitfly_1_021002025111116_1-rectangle,1,false,clean
fruitfly_1_021002025111117_1-rectangle,1,false,clean
fruitfly_1_021002025111118_1-rectangle,1,false,clean
fruitfly_1_021002025111119_1-rectangle,1,false,clean
fruitfly_1_021002025111120_1-rectangle,1,false,clean
fruitfly_1_021002025111121_1-rectangle,1,false,clean
fruitfly_1_021002027111101_1-rectangle,1,false,clean
fruitfly_1_021002027111102_1-rectangle,1,true,label_flip_10
fruitfly_1_021002027111103_1-rectangle,1,false,clean
fruitfly_1_021002027111104_1-rectangle,1,false,clean
fruitfly_1_021002027111105_1-rectangle,1,false,clean
fruitfly_1_021002027111106_1-rectangle,1,false,clean
fruitfly_1_021002027111107_1-rectangle,1,false,clean
fruitfly_1_021002027111108_1-rectangle,1,false,clean
fruitfly_1_021002027111109_1-rectangle,1,false,clean
fruitfly_1_021002027111110_1-rectangle,1,false,clean
fruitfly_1_021002027111111_1-rectangle,1,false,clean
fruitfly_1_021002027111112_1-rectangle,1,false,clean
fruitfly_1_021002027111113_1-rectangle,1,false,clean
fruitfly_1_021002027111114_1-rectangle,1,false,clean
fruitfly_1_021002027111115_1-rectangle,1,false,clean
fruitfly_1_021002027111116_1-rectangle,1,false,clean
fruitfly_1_021002027111117_1-rectangle,1,false,clean
fruitfly_1_021002027111118_1-rectangle,1,false,clean
fruitfly_1_021002027111119_1-rectangle,1,false,clean
fruitfly_1_021002027111120_1-rectangle,1,false,clean
fruitfly_1_021002027111121_1-rectangle,1,false,clean
fruitfly_1_021002027111122_1-rectangle,1,false,clean
fruitfly_1_021002027111123_1-rectangle,1,false,clean
fruitfly_1_021002027111124_1-rectangle,1,false,clean
fruitfly_1_021002027111125_1-rectangle,1,false,clean
fruitfly_1_021002027111126_1-rectangle,1,false,clean
fruitfly_1_021002027111127_1-rectangle,1,false,clean
fruitfly_1_021002027111128_1-rectangle,1,false,clean
fruitfly_1_021002029111101_1-rectangle,1,false,clean
fruitfly_1_021002029111102_1-rectangle,1,false,clean
fruitfly_1_021002029111103_1-rectangle,1,false,clean
fruitfly_1_021002029111104_1-rectangle,1,false,clean
fruitfly_1_021002029111105_1-rectangle,1,false,clean
fruitfly_1_021002029111106_1-rectangle,1,false,clean
fruitfly_1_021002029111107_1-rectangle,1,false,clean
fruitfly_1_021002029111108_1-rectangle,1,false,clean
fruitfly_1_021002029111109_1-rectangle,1,false,clean
fruitfly_1_021002029111110_1-rectangle,1,false,clean
fruitfly_1_021002029111111_1-rectangle,1,false,clean
fruitfly_1_021002029111112_1-rectangle,1,false,clean
fruitfly_1_021002029111113_1-rectangle,1,false,clean
fruitfly_1_021002029111114_1-rectangle,1,false,clean
fruitfly_1_021002029111115_1-rectangle,1,false,clean
fruitfly_1_021002029111116_1-rectangle,1,false,clean
fruitfly_1_021002029111117_1-rectangle,1,false,clean
fruitfly_1_021002029111118_1-rectangle,1,false,clean
fruitfly_1_021002029111119_1-rectangle,1,false,clean
fruitfly_1_021002029111120_1-rectangle,1,false,clean
fruitfly_1_021002030111101_1-rectangle,1,false,clean
fruitfly_1_021002030111102_1-rectangle,1,false,clean
fruitfly_1_021002030111103_1-rectangle,1,false,clean
fruitfly_1_021002030111104_1-rectangle,1,false,clean
fruitfly_1_021002030111105_1-rectangle,1,false,clean
fruitfly_1_021002030111106_1-rectangle,1,false,clean
fruitfly_1_021002030111107_1-rectangle,1,false,clean
fruitfly_1_021002030111108_1-rectangle,1,false,clean
fruitfly_1_021002030111109_1-rectangle,1,false,clean
fruitfly_1_021002030111110_1-rectangle,1,true,label_flip_10
fruitfly_1_021002030111111_1-rectangle,1,true,label_flip_10
fruitfly_1_021002030111112_1-rectangle,1,false,clean
fruitfly_1_021002030111113_1-rectangle,1,false,clean
fruitfly_1_021002030111114_1-rectangle,1,false,clean
fruitfly_1_021002030111115_1-rectangle,1,true,label_flip_10
fruitfly_1_021002030111116_1-rectangle,1,false,clean
fruitfly_1_021002030111117_1-rectangle,1,false,clean
fruitfly_1_021002030111118_1-rectangle,1,false,clean
fruitfly_1_021002030111119_1-rectangle,1,false,clean
fruitfly_1_021002030111120_1-rectangle,1,false,clean
fruitfly_1_021002030111121_1-rectangle,1,false,clean
fruitfly_1_021002030111122_1-rectangle,1,false,clean
fruitfly_1_021002030111123_1-rectangle,1,false,clean
fruitfly_1_021002030111124_1-rectangle,1,false,clean
fruitfly_1_021002030111125_1-rectangle,1,true,label_flip_10
fruitfly_1_021002031111101_1-rectangle,1,false,clean
fruitfly_1_021002031111102_1-rectangle,1,false,clean
fruitfly_1_021002031111103_1-rectangle,1,false,clean
fruitfly_1_021002031111104_1-rectangle,1,false,clean
fruitfly_1_021002031111105_1-rectangle,1,false,clean
fruitfly_1_021002031111106_1-rectangle,1,false,clean
fruitfly_1_021002031111107_1-rectangle,1,true,label_flip_10
fruitfly_1_021002031111108_1-rectangle,1,false,clean
fruitfly_1_021002031111109_1-rectangle,1,false,clean
fruitfly_1_021002031111110_1-rectangle,1,false,clean
fruitfly_1_021002031111111_1-rectangle,1,false,clean
fruitfly_1_021002031111112_1-rectangle,1,false,clean
fruitfly_1_021002031111113_1-rectangle,1,false,clean
fruitfly_1_021002031111114_1-rectangle,1,false,clean
fruitfly_1_021002031111115_1-rectangle,1,false,clean
fruitfly_1_021002031111116_1-rectangle,1,false,clean
fruitfly_1_021002031111117_1-rectangle,1,false,clean
fruitfly_1_021002031111118_1-rectangle,1,true,label_flip_10
fruitfly_1_021002031111119_1-rectangle,1,false,clean
fruitfly_1_021002031111120_1-rectangle,1,false,clean
fruitfly_1_021002031111121_1-rectangle,1,false,clean
fruitfly_1_021002031111122_1-rectangle,1,false,clean
fruitfly_1_021002031111123_1-rectangle,1,false,clean
fruitfly_1_021002032111101_1-rectangle,1,false,clean
fruitfly_1_021002032111102_1-rectangle,1,false,clean
fruitfly_1_021002032111103_1-rectangle,1,false,clean
fruitfly_1_021002032111104_1-rectangle,1,false,clean
fruitfly_1_021002032111105_1-rectangle,1,false,clean
fruitfly_1_021002032111106_1-rectangle,1,false,clean
fruitfly_1_021002032111107_1-rectangle,1,false,clean
fruitfly_1_021002032111108_1-rectangle,1,false,clean
fruitfly_1_021002032111109_1-rectangle,1,false,clean
fruitfly_1_021002032111110_1-rectangle,1,false,clean
fruitfly_1_021002032111111_1-rectangle,1,false,clean
fruitfly_1_021002032111112_1-rectangle,1,false,clean
fruitfly_1_021002032111113_1-rectangle,1,true,label_flip_10
fruitfly_1_021002032111114_1-rectangle,1,false,clean
fruitfly_1_021002032111115_1-rectangle,1,false,clean
fruitfly_1_021002032111116_1-rectangle,1,false,clean
fruitfly_1_021002032111117_1-rectangle,1,false,clean
fruitfly_1_021002032111118_1-rectangle,1,false,clean
fruitfly_1_021002032111119_1-rectangle,1,false,clean
fruitfly_1_021002032111120_1-rectangle,1,false,clean
fruitfly_1_021002032111121_1-rectangle,1,false,clean
fruitfly_1_021002032111122_1-rectangle,1,false,clean
fruitfly_1_021002033111101_1-rectangle,1,false,clean
fruitfly_1_021002033111102_1-rectangle,1,false,clean
fruitfly_1_021002033111103_1-rectangle,1,false,clean
fruitfly_1_021002033111104_1-rectangle,1,false,clean
fruitfly_1_021002033111105_1-rectangle,1,false,clean
fruitfly_1_021002033111106_1-rectangle,1,false,clean
fruitfly_1_021002033111107_1-rectangle,1,false,clean
fruitfly_1_021002033111108_1-rectangle,1,false,clean
fruitfly_1_021002033111109_1-rectangle,1,false,clean
fruitfly_1_021002033111110_1-rectangle,1,true,label_flip_10
fruitfly_1_021002033111111_1-rectangle,1,false,clean
fruitfly_1_021002033111112_1-rectangle,1,false,clean
fruitfly_1_021002033111113_1-rectangle,1,true,label_flip_10
fruitfly_1_021002033111114_1-rectangle,1,false,clean
fruitfly_1_021002033111115_1-rectangle,1,false,clean
fruitfly_1_021002033111116_1-rectangle,1,false,clean
fruitfly_1_021002033111117_1-rectangle,1,false,clean
fruitfly_1_021002033111118_1-rectangle,1,false,clean
fruitfly_1_021002033111119_1-rectangle,1,false,clean
fruitfly_1_021002033111120_1-rectangle,1,false,clean
fruitfly_1_021002033111121_1-rectangle,1,false,clean
fruitfly_1_021002033111122_1-rectangle,1,false,clean
fruitfly_1_021002033111123_1-rectangle,1,false,clean
fruitfly_1_021002033111124_1-rectangle,1,false,clean
fruitfly_1_021002033111125_1-rectangle,1,false,clean
fruitfly_1_021002033111126_1-rectangle,1,false,clean
fruitfly_1_021002034111101_1-rectangle,1,false,clean
fruitfly_1_021002034111102_1-rectangle,1,false,clean
fruitfly_1_021002034111103_1-rectangle,1,false,clean
fruitfly_1_021002034111104_1-rectangle,1,false,clean
fruitfly_1_021002034111105_1-rectangle,1,false,clean
fruitfly_1_021002034111106_1-rectangle,1,false,clean
fruitfly_1_021002034111107_1-rectangle,1,false,clean
fruitfly_1_021002034111108_1-rectangle,1,false,clean
fruitfly_1_021002034111109_1-rectangle,1,false,clean
fruitfly_1_021002034111110_1-rectangle,1,true,label_flip_10
fruitfly_1_021002034111111_1-rectangle,1,false,clean
fruitfly_1_021002034111112_1-rectangle,1,false,clean
fruitfly_1_021002034111113_1-rectangle,1,false,clean
fruitfly_1_021002034111114_1-rectangle,1,false,clean
fruitfly_1_021002034111115_1-rectangle,1,true,label_flip_10
fruitfly_1_021002034111116_1-rectangle,1,false,clean
fruitfly_1_021002034111117_1-rectangle,1,false,clean
fruitfly_1_021002034111118_1-rectangle,1,true,label_flip_10
fruitfly_1_021002034111119_1-rectangle,1,false,clean
fruitfly_1_021002034111120_1-rectangle,1,false,clean
fruitfly_1_021002034111121_1-rectangle,1,false,clean
fruitfly_1_021002034111122_1-rectangle,1,false,clean
fruitfly_1_021002034111123_1-rectangle,1,false,clean
fruitfly_1_021002034111124_1-rectangle,1,false,clean
fruitfly_1_021002034111125_1-rectangle,1,false,clean
fruitfly_1_021002036111101_1-rectangle,1,false,clean
fruitfly_1_021002036111102_1-rectangle,1,false,clean
fruitfly_1_021002036111103_1-rectangle,1,false,clean
fruitfly_1_021002036111104_1-rectangle,1,false,clean
fruitfly_1_021002036111105_1-rectangle,1,false,clean
fruitfly_1_021002036111106_1-rectangle,1,false,clean
fruitfly_1_021002036111107_1-rectangle,1,false,clean
fruitfly_1_021002036111108_1-rectangle,1,false,clean
fruitfly_1_021002036111109_1-rectangle,1,false,clean
fruitfly_1_021002036111110_1-rectangle,1,true,label_flip_10
fruitfly_1_021002036111111_1-rectangle,1,false,clean
fruitfly_1_021002036111112_1-rectangle,1,false,clean
fruitfly_1_021002036111113_1-rectangle,1,false,clean
fruitfly_1_021002036111114_1-rectangle,1,true,label_flip_10
fruitfly_1_021002036111115_1-rectangle,1,false,clean
fruitfly_1_021002036111116_1-rectangle,1,false,clean
fruitfly_1_021002036111117_1-rectangle,1,false,clean
fruitfly_1_021002036111118_1-rectangle,1,false,clean
fruitfly_1_021002036111119_1-rectangle,1,false,clean
fruitfly_1_021002036111120_1-rectangle,1,false,clean
fruitfly_1_021002036111121_1-rectangle,1,false,clean
fruitfly_1_021002037111101_1-rectangle,1,false,clean
fruitfly_1_021002037111102_1-rectangle,1,false,clean
fruitfly_1_021002037111103_1-rectangle,1,true,label_flip_10
fruitfly_1_021002037111104_1-rectangle,1,false,clean
fruitfly_1_021002037111105_1-rectangle,1,false,clean
fruitfly_1_021002037111106_1-rectangle,1,false,clean
fruitfly_1_021002037111107_1-rectangle,1,false,clean
fruitfly_1_021002037111108_1-rectangle,1,false,clean
fruitfly_1_021002037111109_1-rectangle,1,true,label_flip_10
fruitfly_1_021002037111110_1-rectangle,1,false,clean
fruitfly_1_021002037111111_1-rectangle,1,false,clean
fruitfly_1_021002037111112_1-rectangle,1,false,clean
fruitfly_1_021002037111113_1-rectangle,1,false,clean
fruitfly_1_021002037111114_1-rectangle,1,true,label_flip_10
fruitfly_1_021002037111115_1-rectangle,1,true,label_flip_10
fruitfly_1_021002037111116_1-rectangle,1,false,clean
fruitfly_1_021002037111117_1-rectangle,1,false,clean
fruitfly_1_021002037111118_1-rectangle,1,false,clean
fruitfly_1_021002037111119_1-rectangle,1,false,clean
fruitfly_1_021002038111101_1-rectangle,1,false,clean
fruitfly_1_021002038111102_1-rectangle,1,false,clean
fruitfly_1_021002038111103_1-rectangle,1,false,clean
fruitfly_1_021002038111104_1-rectangle,1,false,clean
fruitfly_1_021002038111105_1-rectangle,1,true,label_flip_10
fruitfly_1_021002038111106_1-rectangle,1,false,clean
fruitfly_1_021002038111107_1-rectangle,1,false,clean
fruitfly_1_021002038111108_1-rectangle,1,false,clean
fruitfly_1_021002038111109_1-rectangle,1,false,clean
fruitfly_1_021002038111110_1-rectangle,1,false,clean
fruitfly_1_021002038111111_1-rectangle,1,false,clean
fruitfly_1_021002038111112_1-rectangle,1,false,clean
fruitfly_1_021002038111113_1-rectangle,1,false,clean
fruitfly_1_021002038111114_1-rectangle,1,false,clean
fruitfly_1_021002038111115_1-rectangle,1,false,clean
fruitfly_1_021002038111116_1-rectangle,1,false,clean
fruitfly_1_021002038111117_1-rectangle,1,false,clean
fruitfly_1_021002038111118_1-rectangle,1,false,clean
fruitfly_1_021002038111119_1-rectangle,1,false,clean
fruitfly_1_021002038111120_1-rectangle,1,false,clean
fruitfly_1_021002038111121_1-rectangle,1,false,clean
fruitfly_1_021002038111122_1-rectangle,1,false,clean
fruitfly_1_021002038111123_1-rectangle,1,false,clean
fruitfly_1_021002038111124_1-rectangle,1,false,clean
fruitfly_1_021002038111125_1-rectangle,1,false,clean
fruitfly_1_021002039111101_1-rectangle,1,false,clean
fruitfly_1_021002039111102_1-rectangle,1,false,clean
fruitfly_1_021002039111103_1-rectangle,1,false,clean
fruitfly_1_021002039111104_1-rectangle,1,false,clean
fruitfly_1_021002039111105_1-rectangle,1,false,clean
fruitfly_1_021002039111106_1-rectangle,1,false,clean
fruitfly_1_021002039111107_1-rectangle,1,false,clean
fruitfly_1_021002039111108_1-rectangle,1,false,clean
fruitfly_1_021002039111109_1-rectangle,1,false,clean
fruitfly_1_021002039111110_1-rectangle,1,false,clean
fruitfly_1_021002039111111_1-rectangle,1,false,clean
fruitfly_1_021002039111112_1-rectangle,1,false,clean
fruitfly_1_021002039111113_1-rectangle,1,false,clean
fruitfly_1_021002039111114_1-rectangle,1,false,clean
fruitfly_1_021002039111115_1-rectangle,1,false,clean
fruitfly_1_021002039111116_1-rectangle,1,false,clean
fruitfly_1_021002039111117_1-rectangle,1,false,clean
fruitfly_1_021002039111118_1-rectangle,1,false,clean
fruitfly_1_021002039111119_1-rectangle,1,false,clean
fruitfly_1_021002039111120_1-rectangle,1,true,label_flip_10
fruitfly_1_021002039111121_1-rectangle,1,false,clean
fruitfly_1_021002039111122_1-rectangle,1,false,clean
fruitfly_1_021002039111123_1-rectangle,1,false,clean
fruitfly_1_021002040111101_1-rectangle,1,false,clean
fruitfly_1_021002040111102_1-rectangle,1,false,clean
fruitfly_1_021002040111103_1-rectangle,1,false,clean
fruitfly_1_021002040111104_1-rectangle,1,true,label_flip_10
fruitfly_1_021002040111105_1-rectangle,1,false,clean
fruitfly_1_021002040111106_1-rectangle,1,false,clean
fruitfly_1_021002040111107_1-rectangle,1,false,clean
fruitfly_1_021002040111108_1-rectangle,1,false,clean
fruitfly_1_021002040111109_1-rectangle,1,false,clean
fruitfly_1_021002040111110_1-rectangle,1,false,clean
fruitfly_1_021002040111111_1-rectangle,1,false,clean
fruitfly_1_021002040111112_1-rectangle,1,false,clean
fruitfly_1_021002040111113_1-rectangle,1,false,clean
fruitfly_1_021002040111114_1-rectangle,1,true,label_flip_10
fruitfly_1_021002040111115_1-rectangle,1,false,clean
fruitfly_1_021002040111116_1-rectangle,1,false,clean
fruitfly_1_021002040111117_1-rectangle,1,false,clean
fruitfly_1_021002040111118_1-rectangle,1,false,clean
fruitfly_1_021002040111119_1-rectangle,1,false,clean
fruitfly_1_021002040111120_1-rectangle,1,true,label_flip_10
fruitfly_1_021002040111121_1-rectangle,1,false,clean
fruitfly_1_021002042111101_1-rectangle,1,false,clean
fruitfly_1_021002042111102_1-rectangle,1,false,clean
fruitfly_1_021002042111103_1-rectangle,1,false,clean
fruitfly_1_021002042111104_1-rectangle,1,false,clean
fruitfly_1_021002042111105_1-rectangle,1,false,clean
fruitfly_1_021002042111106_1-rectangle,1,false,clean
fruitfly_1_021002042111107_1-rectangle,1,false,clean
fruitfly_1_021002042111108_1-rectangle,1,false,clean
fruitfly_1_021002042111109_1-rectangle,1,false,clean
fruitfly_1_021002042111110_1-rectangle,1,true,label_flip_10
fruitfly_1_021002042111111_1-rectangle,1,false,clean
fruitfly_1_021002042111112_1-rectangle,1,false,clean
fruitfly_1_021002042111113_1-rectangle,1,false,clean
fruitfly_1_021002042111114_1-rectangle,1,false,clean
fruitfly_1_021002042111115_1-rectangle,1,false,clean
fruitfly_1_021002042111116_1-rectangle,1,false,clean
fruitfly_1_021002042111117_1-rectangle,1,false,clean
fruitfly_1_021002042111118_1-rectangle,1,false,clean
fruitfly_1_021002042111119_1-rectangle,1,true,label_flip_10
fruitfly_1_021002042111120_1-rectangle,1,false,clean
fruitfly_1_021002042111121_1-rectangle,1,false,clean
fruitfly_1_021002042111122_1-rectangle,1,false,clean
fruitfly_1_021002042111123_1-rectangle,1,false,clean
fruitfly_1_021002042111124_1-rectangle,1,false,clean
fruitfly_1_021002044111101_1-rectangle,1,false,clean
fruitfly_1_021002044111102_1-rectangle,1,false,clean
fruitfly_1_021002044111103_1-rectangle,1,false,clean
fruitfly_1_021002044111104_1-rectangle,1,true,label_flip_10
fruitfly_1_021002044111105_1-rectangle,1,false,clean
fruitfly_1_021002044111106_1-rectangle,1,false,clean
fruitfly_1_021002044111107_1-rectangle,1,false,clean
fruitfly_1_021002044111108_1-rectangle,1,false,clean
fruitfly_1_021002044111109_1-rectangle,1,false,clean
fruitfly_1_021002044111110_1-rectangle,1,false,clean
fruitfly_1_021002044111111_1-rectangle,1,false,clean
fruitfly_1_021002044111112_1-rectangle,1,false,clean
fruitfly_1_021002044111113_1-rectangle,1,false,clean
fruitfly_1_021002044111114_1-rectangle,1,false,clean
fruitfly_1_021002044111115_1-rectangle,1,false,clean
fruitfly_1_021002044111116_1-rectangle,1,false,clean
fruitfly_1_021002044111117_1-rectangle,1,true,label_flip_10
fruitfly_1_021002044111118_1-rectangle,1,false,clean
fruitfly_1_021002044111119_1-rectangle,1,false,clean
fruitfly_1_021002044111120_1-rectangle,1,false,clean
fruitfly_1_021002044111121_1-rectangle,1,false,clean
fruitfly_1_021002045111101_1-rectangle,1,false,clean
fruitfly_1_021002045111102_1-rectangle,1,false,clean
fruitfly_1_021002045111103_1-rectangle,1,false,clean
fruitfly_1_021002045111104_1-rectangle,1,false,clean
fruitfly_1_021002045111105_1-rectangle,1,false,clean
fruitfly_1_021002045111106_1-rectangle,1,false,clean
fruitfly_1_021002045111107_1-rectangle,1,false,clean
fruitfly_1_021002045111108_1-rectangle,1,false,clean
fruitfly_1_021002045111109_1-rectangle,1,false,clean
fruitfly_1_021002045111110_1-rectangle,1,false,clean
fruitfly_1_021002045111111_1-rectangle,1,false,clean
fruitfly_1_021002045111112_1-rectangle,1,false,clean
fruitfly_1_021002045111113_1-rectangle,1,false,clean
fruitfly_1_021002045111114_1-rectangle,1,false,clean
fruitfly_1_021002045111115_1-rectangle,1,false,clean
fruitfly_1_021002045111116_1-rectangle,1,false,clean
fruitfly_1_021002045111117_1-rectangle,1,false,clean
fruitfly_1_021002045111118_1-rectangle,1,false,clean
fruitfly_1_021002045111119_1-rectangle,1,false,clean
fruitfly_1_021002045111120_1-rectangle,1,false,clean
fruitfly_1_021002046111101_1-rectangle,1,false,clean
fruitfly_1_021002046111102_1-rectangle,1,false,clean
fruitfly_1_021002046111103_1-rectangle,1,false,clean
fruitfly_1_021002046111104_1-rectangle,1,false,clean
fruitfly_1_021002046111105_1-rectangle,1,false,clean
fruitfly_1_021002046111106_1-rectangle,1,false,clean
fruitfly_1_021002046111107_1-rectangle,1,false,clean
fruitfly_1_021002046111108_1-rectangle,1,false,clean
fruitfly_1_021002046111109_1-rectangle,1,false,clean
fruitfly_1_021002046111110_1-rectangle,1,false,clean
fruitfly_1_021002046111111_1-rectangle,1,false,clean
fruitfly_1_021002046111112_1-rectangle,1,true,label_flip_10
fruitfly_1_021002046111113_1-rectangle,1,false,clean
fruitfly_1_021002046111114_1-rectangle,1,false,clean
fruitfly_1_021002046111115_1-rectangle,1,false,clean
fruitfly_1_021002046111116_1-rectangle,1,false,clean
fruitfly_1_021002046111117_1-rectangle,1,false,clean
fruitfly_1_021002046111118_1-rectangle,1,false,clean
fruitfly_1_021002046111119_1-rectangle,1,false,clean
fruitfly_1_021002046111120_1-rectangle,1,false,clean
fruitfly_1_021002046111121_1-rectangle,1,false,clean
fruitfly_1_021002046111122_1-rectangle,1,false,clean
fruitfly_1_021002046111123_1-rectangle,1,false,clean
fruitfly_1_021002048111101_1-rectangle,1,false,clean
fruitfly_1_021002048111102_1-rectangle,1,false,clean
fruitfly_1_021002048111103_1-rectangle,1,false,clean
fruitfly_1_021002048111104_1-rectangle,1,false,clean
fruitfly_1_021002048111105_1-rectangle,1,false,clean
fruitfly_1_021002048111106_1-rectangle,1,false,clean
fruitfly_1_021002048111107_1-rectangle,1,false,clean
fruitfly_1_021002048111108_1-rectangle,1,false,clean
fruitfly_1_021002048111109_1-rectangle,1,false,clean
fruitfly_1_021002048111110_1-rectangle,1,false,clean
fruitfly_1_021002048111111_1-rectangle,1,false,clean
fruitfly_1_021002048111112_1-rectangle,1,false,clean
fruitfly_1_021002048111113_1-rectangle,1,false,clean
fruitfly_1_021002048111114_1-rectangle,1,false,clean
fruitfly_1_021002048111115_1-rectangle,1,false,clean
fruitfly_1_021002048111116_1-rectangle,1,true,label_flip_10
fruitfly_1_021002048111117_1-rectangle,1,false,clean
fruitfly_1_021002048111118_1-rectangle,1,false,clean
fruitfly_1_021002048111119_1-rectangle,1,false,clean
fruitfly_1_021002048111120_1-rectangle,1,false,clean
fruitfly_1_021002049111101_1-rectangle,1,false,clean
fruitfly_1_021002049111102_1-rectangle,1,false,clean
fruitfly_1_021002049111103_1-rectangle,1,false,clean
fruitfly_1_021002049111104_1-rectangle,1,false,clean
fruitfly_1_021002049111105_1-rectangle,1,false,clean
fruitfly_1_021002049111106_1-rectangle,1,false,clean
fruitfly_1_021002049111107_1-rectangle,1,false,clean
fruitfly_1_021002049111108_1-rectangle,1,false,clean
fruitfly_1_021002049111109_1-rectangle,1,false,clean
fruitfly_1_021002049111110_1-rectangle,1,false,clean
fruitfly_1_021002049111111_1-rectangle,1,false,clean
fruitfly_1_021002049111112_1-rectangle,1,false,clean
fruitfly_1_021002049111113_1-rectangle,1,false,clean
fruitfly_1_021002049111114_1-rectangle,1,false,clean
fruitfly_1_021002049111115_1-rectangle,1,false,clean
fruitfly_1_021002049111116_1-rectangle,1,false,clean
fruitfly_1_021002049111117_1-rectangle,1,false,clean
fruitfly_1_021002049111118_1-rectangle,1,false,clean
fruitfly_1_021002049111119_1-rectangle,1,false,clean
fruitfly_1_021002050111101_1-rectangle,1,false,clean
fruitfly_1_021002050111102_1-rectangle,1,false,clean
fruitfly_1_021002050111103_1-rectangle,1,false,clean
fruitfly_1_021002050111104_1-rectangle,1,false,clean
fruitfly_1_021002050111105_1-rectangle,1,false,clean
fruitfly_1_021002050111106_1-rectangle,1,false,clean
fruitfly_1_021002050111107_1-rectangle,1,false,clean
fruitfly_1_021002050111108_1-rectangle,1,false,clean
fruitfly_1_021002050111109_1-rectangle,1,false,clean
fruitfly_1_021002050111110_1-rectangle,1,true,label_flip_10
fruitfly_1_021002050111111_1-rectangle,1,true,label_flip_10
fruitfly_1_021002050111112_1-rectangle,1,false,clean
fruitfly_1_021002050111113_1-rectangle,1,false,clean
fruitfly_1_021002050111114_1-rectangle,1,false,clean
fruitfly_1_021002050111115_1-rectangle,1,false,clean
fruitfly_1_021002050111116_1-rectangle,1,false,clean
fruitfly_1_021002050111117_1-rectangle,1,false,clean
fruitfly_1_021002050111118_1-rectangle,1,false,clean
fruitfly_1_021002050111119_1-rectangle,1,false,clean
fruitfly_1_021002050111120_1-rectangle,1,false,clean
fruitfly_1_021002050111121_1-rectangle,1,true,label_flip_10
fruitfly_1_021002051111101_1-rectangle,1,false,clean
fruitfly_1_021002051111102_1-rectangle,1,false,clean
fruitfly_1_021002051111103_1-rectangle,1,false,clean
fruitfly_1_021002051111104_1-rectangle,1,false,clean
fruitfly_1_021002051111105_1-rectangle,1,true,label_flip_10
fruitfly_1_021002051111106_1-rectangle,1,false,clean
fruitfly_1_021002051111107_1-rectangle,1,true,label_flip_10
fruitfly_1_021002051111108_1-rectangle,1,false,clean
fruitfly_1_021002051111109_1-rectangle,1,false,clean
fruitfly_1_021002051111110_1-rectangle,1,false,clean
fruitfly_1_021002051111111_1-rectangle,1,false,clean
fruitfly_1_021002051111112_1-rectangle,1,true,label_flip_10
fruitfly_1_021002051111113_1-rectangle,1,false,clean
fruitfly_1_021002051111114_1-rectangle,1,false,clean
fruitfly_1_021002051111115_1-rectangle,1,false,clean
fruitfly_1_021002051111116_1-rectangle,1,false,clean
fruitfly_1_021002051111117_1-rectangle,1,false,clean
fruitfly_1_021002051111118_1-rectangle,1,false,clean
fruitfly_1_021002051111119_1-rectangle,1,false,clean
fruitfly_1_021002052111101_1-rectangle,1,false,clean
fruitfly_1_021002052111102_1-rectangle,1,false,clean
fruitfly_1_021002052111103_1-rectangle,1,false,clean
fruitfly_1_021002052111104_1-rectangle,1,false,clean
fruitfly_1_021002052111105_1-rectangle,1,false,clean
fruitfly_1_021002052111106_1-rectangle,1,true,label_flip_10
fruitfly_1_021002052111107_1-rectangle,1,false,clean
fruitfly_1_021002052111108_1-rectangle,1,false,clean
fruitfly_1_021002052111109_1-rectangle,1,false,clean
fruitfly_1_021002052111110_1-rectangle,1,false,clean
fruitfly_1_021002052111111_1-rectangle,1,false,clean
fruitfly_1_021002052111112_1-rectangle,1,false,clean
fruitfly_1_021002052111113_1-rectangle,1,true,label_flip_10
fruitfly_1_021002052111114_1-rectangle,1,false,clean
fruitfly_1_021002052111115_1-rectangle,1,false,clean
fruitfly_1_021002052111116_1-rectangle,1,false,clean
fruitfly_1_021002052111117_1-rectangle,1,false,clean
fruitfly_1_021002052111118_1-rectangle,1,false,clean
fruitfly_1_021002052111119_1-rectangle,1,false,clean
fruitfly_1_021002054111101_1-rectangle,1,false,clean
fruitfly_1_021002054111102_1-rectangle,1,false,clean
fruitfly_1_021002054111103_1-rectangle,1,false,clean
fruitfly_1_021002054111104_1-rectangle,1,false,clean
fruitfly_1_021002054111105_1-rectangle,1,false,clean
fruitfly_1_021002054111106_1-rectangle,1,false,clean
fruitfly_1_021002054111107_1-rectangle,1,false,clean
fruitfly_1_021002054111108_1-rectangle,1,false,clean
fruitfly_1_021002054111109_1-rectangle,1,false,clean
fruitfly_1_021002054111110_1-rectangle,1,false,clean
fruitfly_1_021002054111111_1-rectangle,1,false,clean
fruitfly_1_021002054111112_1-rectangle,1,false,clean
fruitfly_1_021002054111113_1-rectangle,1,true,label_flip_10
fruitfly_1_021002054111114_1-rectangle,1,false,clean
fruitfly_1_021002054111115_1-rectangle,1,false,clean
fruitfly_1_021002054111116_1-rectangle,1,false,clean
fruitfly_1_021002054111117_1-rectangle,1,false,clean
fruitfly_1_021002054111118_1-rectangle,1,false,clean
fruitfly_1_021002054111119_1-rectangle,1,false,clean
fruitfly_1_021002055111101_1-rectangle,1,false,clean
fruitfly_1_021002055111102_1-rectangle,1,false,clean
fruitfly_1_021002055111103_1-rectangle,1,true,label_flip_10
fruitfly_1_021002055111104_1-rectangle,1,false,clean
fruitfly_1_021002055111105_1-rectangle,1,false,clean
fruitfly_1_021002055111106_1-rectangle,1,true,label_flip_10
fruitfly_1_021002055111107_1-rectangle,1,false,clean
fruitfly_1_021002055111108_1-rectangle,1,false,clean
fruitfly_1_021002055111109_1-rectangle,1,false,clean
fruitfly_1_021002055111110_1-rectangle,1,false,clean
fruitfly_1_021002055111111_1-rectangle,1,false,clean
fruitfly_1_021002055111112_1-rectangle,1,false,clean
fruitfly_1_021002055111113_1-rectangle,1,false,clean
fruitfly_1_021002055111114_1-rectangle,1,false,clean
fruitfly_1_021002055111115_1-rectangle,1,false,clean
fruitfly_1_021002055111116_1-rectangle,1,true,label_flip_10
fruitfly_1_021002055111117_1-rectangle,1,false,clean
fruitfly_1_021002055111118_1-rectangle,1,false,clean
fruitfly_1_021002056111101_1-rectangle,1,false,clean
fruitfly_1_021002056111102_1-rectangle,1,false,clean
fruitfly_1_021002056111103_1-rectangle,1,false,clean
fruitfly_1_021002056111104_1-rectangle,1,false,clean
fruitfly_1_021002056111105_1-rectangle,1,false,clean
fruitfly_1_021002056111106_1-rectangle,1,false,clean
fruitfly_1_021002056111107_1-rectangle,1,false,clean
fruitfly_1_021002056111108_1-rectangle,1,false,clean
fruitfly_1_021002056111109_1-rectangle,1,false,clean
fruitfly_1_021002056111110_1-rectangle,1,false,clean
fruitfly_1_021002056111111_1-rectangle,1,false,clean
fruitfly_1_021002056111112_1-rectangle,1,false,clean
fruitfly_1_021002056111113_1-rectangle,1,false,clean
fruitfly_1_021002056111114_1-rectangle,1,false,clean
fruitfly_1_021002056111115_1-rectangle,1,false,clean
fruitfly_1_021002056111116_1-rectangle,1,false,clean
fruitfly_1_021002056111117_1-rectangle,1,false,clean
fruitfly_1_021002056111118_1-rectangle,1,false,clean
fruitfly_1_021002056111119_1-rectangle,1,false,clean
fruitfly_1_021002056111120_1-rectangle,1,false,clean
fruitfly_1_021002056111121_1-rectangle,1,false,clean
fruitfly_1_021002056111122_1-rectangle,1,false,clean
fruitfly_1_021002059111101_1-rectangle,1,false,clean
fruitfly_1_021002059111102_1-rectangle,1,false,clean
fruitfly_1_021002059111103_1-rectangle,1,false,clean
fruitfly_1_021002059111104_1-rectangle,1,false,clean
fruitfly_1_021002059111105_1-rectangle,1,false,clean
fruitfly_1_021002059111106_1-rectangle,1,true,label_flip_10
fruitfly_1_021002059111107_1-rectangle,1,false,clean
fruitfly_1_021002059111108_1-rectangle,1,false,clean
fruitfly_1_021002059111109_1-rectangle,1,false,clean
fruitfly_1_021002059111110_1-rectangle,1,false,clean
fruitfly_1_021002059111111_1-rectangle,1,false,clean
fruitfly_1_021002059111112_1-rectangle,1,true,label_flip_10
fruitfly_1_021002059111113_1-rectangle,1,false,clean
fruitfly_1_021002059111114_1-rectangle,1,false,clean
fruitfly_1_021002059111115_1-rectangle,1,false,clean
fruitfly_1_021002059111116_1-rectangle,1,false,clean
fruitfly_1_021002059111117_1-rectangle,1,false,clean
fruitfly_1_021002059111118_1-rectangle,1,false,clean
fruitfly_1_021002059111119_1-rectangle,1,false,clean
fruitfly_1_021002059111120_1-rectangle,1,false,clean
fruitfly_1_021002059111121_1-rectangle,1,false,clean
fruitfly_1_021002059111122_1-rectangle,1,false,clean
fruitfly_1_021002060111101_1-rectangle,1,false,clean
fruitfly_1_021002060111102_1-rectangle,1,false,clean
fruitfly_1_021002060111103_1-rectangle,1,false,clean
fruitfly_1_021002060111104_1-rectangle,1,false,clean
fruitfly_1_021002060111105_1-rectangle,1,false,clean
fruitfly_1_021002060111106_1-rectangle,1,false,clean
fruitfly_1_021002060111107_1-rectangle,1,false,clean
fruitfly_1_021002060111108_1-rectangle,1,false,clean
fruitfly_1_021002060111109_1-rectangle,1,false,clean
fruitfly_1_021002060111110_1-rectangle,1,true,label_flip_10
fruitfly_1_021002060111111_1-rectangle,1,false,clean
fruitfly_1_021002060111112_1-rectangle,1,false,clean
fruitfly_1_021002060111113_1-rectangle,1,false,clean
fruitfly_1_021002060111114_1-rectangle,1,false,clean
fruitfly_1_021002060111115_1-rectangle,1,false,clean
fruitfly_1_021002060111116_1-rectangle,1,false,clean
fruitfly_1_021002060111117_1-rectangle,1,false,clean
fruitfly_1_021002060111118_1-rectangle,1,false,clean
fruitfly_1_021002060111119_1-rectangle,1,true,label_flip_10
fruitfly_1_021002060111120_1-rectangle,1,false,clean
fruitfly_1_021002060111121_1-rectangle,1,false,clean
fruitfly_1_021002060111122_1-rectangle,1,false,clean
fruitfly_1_021002062111101_1-rectangle,1,false,clean
fruitfly_1_021002062111102_1-rectangle,1,false,clean
fruitfly_1_021002062111103_1-rectangle,1,false,clean
fruitfly_1_021002062111104_1-rectangle,1,true,label_flip_10
fruitfly_1_021002062111105_1-rectangle,1,false,clean
fruitfly_1_021002062111106_1-rectangle,1,false,clean
fruitfly_1_021002062111107_1-rectangle,1,false,clean
fruitfly_1_021002062111108_1-rectangle,1,false,clean
fruitfly_1_021002062111109_1-rectangle,1,false,clean
fruitfly_1_021002062111110_1-rectangle,1,false,clean
fruitfly_1_021002062111111_1-rectangle,1,false,clean
fruitfly_1_021002062111112_1-rectangle,1,false,clean
fruitfly_1_021002062111113_1-rectangle,1,false,clean
fruitfly_1_021002062111114_1-rectangle,1,false,clean
fruitfly_1_021002062111115_1-rectangle,1,false,clean
fruitfly_1_021002062111116_1-rectangle,1,false,clean
fruitfly_1_021002062111117_1-rectangle,1,false,clean
fruitfly_1_021002062111118_1-rectangle,1,false,clean
fruitfly_1_021002062111119_1-rectangle,1,true,label_flip_10
fruitfly_1_021002065111101_1-rectangle,1,false,clean
fruitfly_1_021002065111102_1-rectangle,1,false,clean
fruitfly_1_021002065111103_1-rectangle,1,false,clean
fruitfly_1_021002065111104_1-rectangle,1,false,clean
fruitfly_1_021002065111105_1-rectangle,1,false,clean
fruitfly_1_021002065111106_1-rectangle,1,false,clean
fruitfly_1_021002065111107_1-rectangle,1,false,clean
fruitfly_1_021002065111108_1-rectangle,1,false,clean
fruitfly_1_021002065111109_1-rectangle,1,false,clean
fruitfly_1_021002065111110_1-rectangle,1,false,clean
fruitfly_1_021002065111111_1-rectangle,1,false,clean
fruitfly_1_021002065111112_1-rectangle,1,false,clean
fruitfly_1_021002065111113_1-rectangle,1,false,clean
fruitfly_1_021002065111114_1-rectangle,1,false,clean
fruitfly_1_021002065111115_1-rectangle,1,false,clean
fruitfly_1_021002065111116_1-rectangle,1,false,clean
fruitfly_1_021002065111117_1-rectangle,1,false,clean
fruitfly_1_021002065111118_1-rectangle,1,false,clean
fruitfly_1_021002067111101_1-rectangle,1,false,clean
fruitfly_1_021002067111102_1-rectangle,1,false,clean
fruitfly_1_021002067111103_1-rectangle,1,false,clean
fruitfly_1_021002067111104_1-rectangle,1,false,clean
fruitfly_1_021002067111105_1-rectangle,1,false,clean
fruitfly_1_021002067111106_1-rectangle,1,false,clean
fruitfly_1_021002067111107_1-rectangle,1,false,clean
fruitfly_1_021002067111108_1-rectangle,1,false,clean
fruitfly_1_021002067111109_1-rectangle,1,false,clean
fruitfly_1_021002067111110_1-rectangle,1,false,clean
fruitfly_1_021002067111111_1-rectangle,1,false,clean
fruitfly_1_021002067111112_1-rectangle,1,false,clean
fruitfly_1_021002067111113_1-rectangle,1,false,clean
fruitfly_1_021002067111114_1-rectangle,1,false,clean
fruitfly_1_021002067111115_1-rectangle,1,false,clean
fruitfly_1_021002067111116_1-rectangle,1,true,label_flip_10
fruitfly_1_021002067111117_1-rectangle,1,false,clean
fruitfly_1_021002067111118_1-rectangle,1,false,clean
fruitfly_1_021002068111101_1-rectangle,1,false,clean
fruitfly_1_021002068111102_1-rectangle,1,false,clean
fruitfly_1_021002068111103_1-rectangle,1,true,label_flip_10
fruitfly_1_021002068111104_1-rectangle,1,false,clean
fruitfly_1_021002068111105_1-rectangle,1,false,clean
fruitfly_1_021002068111106_1-rectangle,1,false,clean
fruitfly_1_021002068111107_1-rectangle,1,false,clean
fruitfly_1_021002068111108_1-rectangle,1,false,clean
fruitfly_1_021002068111109_1-rectangle,1,false,clean
fruitfly_1_021002068111110_1-rectangle,1,false,clean
fruitfly_1_021002068111111_1-rectangle,1,false,clean
fruitfly_1_021002068111112_1-rectangle,1,false,clean
fruitfly_1_021002068111113_1-rectangle,1,false,clean
fruitfly_1_021002068111114_1-rectangle,1,false,clean
fruitfly_1_021002068111115_1-rectangle,1,false,clean
fruitfly_1_021002068111116_1-rectangle,1,false,clean
fruitfly_1_021002068111117_1-rectangle,1,false,clean
fruitfly_1_021002068111118_1-rectangle,1,false,clean
fruitfly_1_021002068111119_1-rectangle,1,false,clean
fruitfly_1_021002068111120_1-rectangle,1,false,clean
fruitfly_1_021002070111101_1-rectangle,1,false,clean
fruitfly_1_021002070111102_1-rectangle,1,false,clean
fruitfly_1_021002070111103_1-rectangle,1,false,clean
fruitfly_1_021002070111104_1-rectangle,1,false,clean
fruitfly_1_021002070111105_1-rectangle,1,false,clean
fruitfly_1_021002070111106_1-rectangle,1,false,clean
fruitfly_1_021002070111107_1-rectangle,1,true,label_flip_10
fruitfly_1_021002070111108_1-rectangle,1,false,clean
fruitfly_1_021002070111109_1-rectangle,1,false,clean
fruitfly_1_021002070111110_1-rectangle,1,false,clean
fruitfly_1_021002070111111_1-rectangle,1,false,clean
fruitfly_1_021002070111112_1-rectangle,1,false,clean
fruitfly_1_021002070111113_1-rectangle,1,false,clean
fruitfly_1_021002070111114_1-rectangle,1,false,clean
fruitfly_1_021002070111115_1-rectangle,1,false,clean
fruitfly_1_021002070111116_1-rectangle,1,false,clean
fruitfly_1_021002070111117_1-rectangle,1,false,clean
fruitfly_1_021002070111118_1-rectangle,1,false,clean
fruitfly_1_021002072111101_1-rectangle,1,false,clean
fruitfly_1_021002072111102_1-rectangle,1,false,clean
fruitfly_1_021002072111103_1-rectangle,1,false,clean
fruitfly_1_021002072111104_1-rectangle,1,false,clean
fruitfly_1_021002072111105_1-rectangle,1,false,clean
fruitfly_1_021002072111106_1-rectangle,1,false,clean
fruitfly_1_021002072111107_1-rectangle,1,false,clean
fruitfly_1_021002072111108_1-rectangle,1,false,clean
fruitfly_1_021002072111109_1-rectangle,1,false,clean
fruitfly_1_021002072111110_1-rectangle,1,false,clean
fruitfly_1_021002072111111_1-rectangle,1,false,clean
fruitfly_1_021002072111112_1-rectangle,1,false,clean
fruitfly_1_021002072111113_1-rectangle,1,false,clean
fruitfly_1_021002072111114_1-rectangle,1,false,clean
fruitfly_1_021002072111115_1-rectangle,1,false,clean
fruitfly_1_021002072111116_1-rectangle,1,false,clean
fruitfly_1_021002072111117_1-rectangle,1,false,clean
fruitfly_1_021002074111101_1-rectangle,1,false,clean
fruitfly_1_021002074111102_1-rectangle,1,false,clean
fruitfly_1_021002074111103_1-rectangle,1,false,clean
fruitfly_1_021002074111104_1-rectangle,1,false,clean
fruitfly_1_021002074111105_1-rectangle,1,false,clean
fruitfly_1_021002074111106_1-rectangle,1,true,label_flip_10
fruitfly_1_021002074111107_1-rectangle,1,false,clean
fruitfly_1_021002074111108_1-rectangle,1,false,clean
fruitfly_1_021002074111109_1-rectangle,1,false,clean
fruitfly_1_021002074111110_1-rectangle,1,false,clean
fruitfly_1_021002074111111_1-rectangle,1,false,clean
fruitfly_1_021002074111112_1-rectangle,1,false,clean
fruitfly_1_021002074111113_1-rectangle,1,true,label_flip_10
fruitfly_1_021002074111114_1-rectangle,1,false,clean
fruitfly_1_021002074111115_1-rectangle,1,true,label_flip_10
fruitfly_1_021002074111116_1-rectangle,1,false,clean
fruitfly_1_021002074111117_1-rectangle,1,false,clean
fruitfly_1_021002074111118_1-rectangle,1,false,clean
fruitfly_1_021002074111119_1-rectangle,1,false,clean
fruitfly_1_021002074111120_1-rectangle,1,false,clean
fruitfly_1_021002074111121_1-rectangle,1,false,clean
fruitfly_1_021002075111101_1-rectangle,1,false,clean
fruitfly_1_021002075111102_1-rectangle,1,false,clean
fruitfly_1_021002075111103_1-rectangle,1,false,clean
fruitfly_1_021002075111104_1-rectangle,1,false,clean
fruitfly_1_021002075111105_1-rectangle,1,false,clean
fruitfly_1_021002075111106_1-rectangle,1,false,clean
fruitfly_1_021002075111107_1-rectangle,1,false,clean
fruitfly_1_021002075111108_1-rectangle,1,false,clean
fruitfly_1_021002075111109_1-rectangle,1,false,clean
fruitfly_1_021002075111110_1-rectangle,1,false,clean
fruitfly_1_021002075111111_1-rectangle,1,false,clean
fruitfly_1_021002075111112_1-rectangle,1,false,clean
fruitfly_1_021002075111113_1-rectangle,1,false,clean
fruitfly_1_021002075111114_1-rectangle,1,false,clean
fruitfly_1_021002075111115_1-rectangle,1,false,clean
fruitfly_1_021002075111116_1-rectangle,1,false,clean
fruitfly_1_021002075111117_1-rectangle,1,false,clean
fruitfly_1_021002075111118_1-rectangle,1,true,label_flip_10
fruitfly_1_021002075111119_1-rectangle,1,false,clean
fruitfly_1_021002075111120_1-rectangle,1,false,clean
fruitfly_1_021002075111121_1-rectangle,1,false,clean
fruitfly_1_021002076111101_1-rectangle,1,true,label_flip_10
fruitfly_1_021002076111102_1-rectangle,1,false,clean
fruitfly_1_021002076111103_1-rectangle,1,false,clean
fruitfly_1_021002076111104_1-rectangle,1,false,clean
fruitfly_1_021002076111105_1-rectangle,1,false,clean
fruitfly_1_021002076111106_1-rectangle,1,false,clean
fruitfly_1_021002076111107_1-rectangle,1,false,clean
fruitfly_1_021002076111108_1-rectangle,1,false,clean
fruitfly_1_021002076111109_1-rectangle,1,false,clean
fruitfly_1_021002076111110_1-rectangle,1,false,clean
fruitfly_1_021002076111111_1-rectangle,1,false,clean
fruitfly_1_021002076111112_1-rectangle,1,false,clean
fruitfly_1_021002076111113_1-rectangle,1,false,clean
fruitfly_1_021002076111114_1-rectangle,1,false,clean
fruitfly_1_021002076111115_1-rectangle,1,false,clean
fruitfly_1_021002076111116_1-rectangle,1,false,clean
fruitfly_1_021002076111117_1-rectangle,1,false,clean
fruitfly_1_021002076111118_1-rectangle,1,false,clean
fruitfly_1_021002077111101_1-rectangle,1,false,clean
fruitfly_1_021002077111102_1-rectangle,1,false,clean
fruitfly_1_021002077111103_1-rectangle,1,false,clean
fruitfly_1_021002077111104_1-rectangle,1,false,clean
fruitfly_1_021002077111105_1-rectangle,1,false,clean
fruitfly_1_021002077111106_1-rectangle,1,false,clean
fruitfly_1_021002077111107_1-rectangle,1,false,clean
fruitfly_1_021002077111108_1-rectangle,1,false,clean
fruitfly_1_021002077111109_1-rectangle,1,false,clean
fruitfly_1_021002077111110_1-rectangle,1,false,clean
fruitfly_1_021002077111111_1-rectangle,1,true,label_flip_10
fruitfly_1_021002077111112_1-rectangle,1,false,clean
fruitfly_1_021002077111113_1-rectangle,1,false,clean
fruitfly_1_021002077111114_1-rectangle,1,false,clean
fruitfly_1_021002077111115_1-rectangle,1,false,clean
fruitfly_1_021002077111116_1-rectangle,1,false,clean
fruitfly_1_021002077111117_1-rectangle,1,false,clean
fruitfly_1_021002077111118_1-rectangle,1,false,clean
fruitfly_1_021002077111119_1-rectangle,1,false,clean
fruitfly_1_021002077111120_1-rectangle,1,false,clean
fruitfly_1_021002077111121_1-rectangle,1,true,label_flip_10
fruitfly_1_021002077111122_1-rectangle,1,false,clean
fruitfly_1_021002077111123_1-rectangle,1,false,clean
fruitfly_1_021002079111101_1-rectangle,1,false,clean
fruitfly_1_021002079111102_1-rectangle,1,false,clean
fruitfly_1_021002079111103_1-rectangle,1,false,clean
fruitfly_1_021002079111104_1-rectangle,1,false,clean
fruitfly_1_021002079111105_1-rectangle,1,true,label_flip_10
fruitfly_1_021002079111106_1-rectangle,1,false,clean
fruitfly_1_021002079111107_1-rectangle,1,false,clean
fruitfly_1_021002079111108_1-rectangle,1,false,clean
fruitfly_1_021002079111109_1-rectangle,1,false,clean
fruitfly_1_021002079111110_1-rectangle,1,false,clean
fruitfly_1_021002079111111_1-rectangle,1,false,clean
fruitfly_1_021002079111112_1-rectangle,1,false,clean
fruitfly_1_021002079111113_1-rectangle,1,false,clean
fruitfly_1_021002079111114_1-rectangle,1,false,clean
fruitfly_1_021002079111115_1-rectangle,1,false,clean
fruitfly_1_021002079111116_1-rectangle,1,false,clean
fruitfly_1_021002079111117_1-rectangle,1,false,clean
fruitfly_1_021002079111118_1-rectangle,1,true,label_flip_10
fruitfly_1_021002079111119_1-rectangle,1,false,clean
fruitfly_1_021002079111120_1-rectangle,1,true,label_flip_10
fruitfly_1_021002079111121_1-rectangle,1,false,clean
fruitfly_1_021002079111122_1-rectangle,1,false,clean
fruitfly_1_021002079111123_1-rectangle,1,false,clean
fruitfly_1_021002079111124_1-rectangle,1,false,clean
fruitfly_1_021002080111101_1-rectangle,1,false,clean
fruitfly_1_021002080111102_1-rectangle,1,false,clean
fruitfly_1_021002080111103_1-rectangle,1,false,clean
fruitfly_1_021002080111104_1-rectangle,1,false,clean
fruitfly_1_021002080111105_1-rectangle,1,false,clean
fruitfly_1_021002080111106_1-rectangle,1,true,label_flip_10
fruitfly_1_021002080111107_1-rectangle,1,false,clean
fruitfly_1_021002080111108_1-rectangle,1,false,clean
fruitfly_1_021002080111109_1-rectangle,1,false,clean
fruitfly_1_021002080111110_1-rectangle,1,false,clean
fruitfly_1_021002080111111_1-rectangle,1,false,clean
fruitfly_1_021002080111112_1-rectangle,1,true,label_flip_10
fruitfly_1_021002080111113_1-rectangle,1,false,clean
fruitfly_1_021002080111114_1-rectangle,1,false,clean
fruitfly_1_021002080111115_1-rectangle,1,false,clean
fruitfly_1_021002080111116_1-rectangle,1,false,clean
fruitfly_1_021002080111117_1-rectangle,1,true,label_flip_10
fruitfly_1_021002080111118_1-rectangle,1,false,clean
fruitfly_1_021002080111119_1-rectangle,1,false,clean
fruitfly_1_021002080111120_1-rectangle,1,false,clean
fruitfly_1_021002080111121_1-rectangle,1,false,clean
fruitfly_1_021002081111101_1-rectangle,1,false,clean
fruitfly_1_021002081111102_1-rectangle,1,false,clean
fruitfly_1_021002081111103_1-rectangle,1,false,clean
fruitfly_1_021002081111104_1-rectangle,1,false,clean
fruitfly_1_021002081111105_1-rectangle,1,true,label_flip_10
fruitfly_1_021002081111106_1-rectangle,1,false,clean
fruitfly_1_021002081111107_1-rectangle,1,false,clean
fruitfly_1_021002081111108_1-rectangle,1,false,clean
fruitfly_1_021002081111109_1-rectangle,1,false,clean
fruitfly_1_021002081111110_1-rectangle,1,false,clean
fruitfly_1_021002081111111_1-rectangle,1,false,clean
fruitfly_1_021002081111112_1-rectangle,1,false,clean
fruitfly_1_021002081111113_1-rectangle,1,true,label_flip_10
fruitfly_1_021002081111114_1-rectangle,1,false,clean
fruitfly_1_021002081111115_1-rectangle,1,true,label_flip_10
fruitfly_1_021002081111116_1-rectangle,1,true,label_flip_10
fruitfly_1_021002081111117_1-rectangle,1,false,clean
fruitfly_1_021002081111118_1-rectangle,1,false,clean
fruitfly_1_021002081111119_1-rectangle,1,false,clean
fruitfly_1_021002082111101_1-rectangle,1,false,clean
fruitfly_1_021002082111102_1-rectangle,1,false,clean
fruitfly_1_021002082111103_1-rectangle,1,false,clean
fruitfly_1_021002082111104_1-rectangle,1,false,clean
fruitfly_1_021002082111105_1-rectangle,1,false,clean
fruitfly_1_021002082111106_1-rectangle,1,false,clean
fruitfly_1_021002082111107_1-rectangle,1,true,label_flip_10
fruitfly_1_021002082111108_1-rectangle,1,true,label_flip_10
fruitfly_1_021002082111109_1-rectangle,1,false,clean
fruitfly_1_021002082111110_1-rectangle,1,false,clean
fruitfly_1_021002082111111_1-rectangle,1,false,clean
fruitfly_1_021002082111112_1-rectangle,1,false,clean
fruitfly_1_021002082111113_1-rectangle,1,false,clean
fruitfly_1_021002082111114_1-rectangle,1,false,clean
fruitfly_1_021002082111115_1-rectangle,1,false,clean
fruitfly_1_021002082111116_1-rectangle,1,false,clean
fruitfly_1_021002082111117_1-rectangle,1,false,clean
fruitfly_1_021002083111101_1-rectangle,1,true,label_flip_10
fruitfly_1_021002083111102_1-rectangle,1,false,clean
fruitfly_1_021002083111103_1-rectangle,1,false,clean
fruitfly_1_021002083111104_1-rectangle,1,false,clean
fruitfly_1_021002083111105_1-rectangle,1,false,clean
fruitfly_1_021002083111106_1-rectangle,1,false,clean
fruitfly_1_021002083111107_1-rectangle,1,false,clean
fruitfly_1_021002083111108_1-rectangle,1,false,clean
fruitfly_1_021002083111109_1-rectangle,1,false,clean
fruitfly_1_021002083111110_1-rectangle,1,false,clean
fruitfly_1_021002083111111_1-rectangle,1,false,clean
fruitfly_1_021002083111112_1-rectangle,1,false,clean
fruitfly_1_021002083111113_1-rectangle,1,false,clean
fruitfly_1_021002083111114_1-rectangle,1,false,clean
fruitfly_1_021002083111115_1-rectangle,1,true,label_flip_10
fruitfly_1_021002083111116_1-rectangle,1,false,clean
fruitfly_1_021002083111117_1-rectangle,1,false,clean
fruitfly_1_021002083111118_1-rectangle,1,true,label_flip_10
fruitfly_1_021002083111119_1-rectangle,1,false,clean
fruitfly_1_021002084111101_1-rectangle,1,false,clean
fruitfly_1_021002084111102_1-rectangle,1,false,clean
fruitfly_1_021002084111103_1-rectangle,1,true,label_flip_10
fruitfly_1_021002084111104_1-rectangle,1,false,clean
fruitfly_1_021002084111105_1-rectangle,1,false,clean
fruitfly_1_021002084111106_1-rectangle,1,false,clean
fruitfly_1_021002084111107_1-rectangle,1,false,clean
fruitfly_1_021002084111108_1-rectangle,1,false,clean
fruitfly_1_021002084111109_1-rectangle,1,false,clean
fruitfly_1_021002084111110_1-rectangle,1,false,clean
fruitfly_1_021002084111111_1-rectangle,1,false,clean
fruitfly_1_021002084111112_1-rectangle,1,false,clean
fruitfly_1_021002084111113_1-rectangle,1,false,clean
fruitfly_1_021002084111114_1-rectangle,1,false,clean
fruitfly_1_021002084111115_1-rectangle,1,false,clean
fruitfly_1_021002084111116_1-rectangle,1,false,clean
fruitfly_1_021002084111117_1-rectangle,1,false,clean
fruitfly_1_021002084111118_1-rectangle,1,false,clean
fruitfly_1_021002084111119_1-rectangle,1,false,clean
fruitfly_1_021002084111120_1-rectangle,1,false,clean
fruitfly_1_021002086111101_1-rectangle,1,false,clean
fruitfly_1_021002086111102_1-rectangle,1,false,clean
fruitfly_1_021002086111103_1-rectangle,1,false,clean
fruitfly_1_021002086111104_1-rectangle,1,false,clean
fruitfly_1_021002086111105_1-rectangle,1,false,clean
fruitfly_1_021002086111106_1-rectangle,1,false,clean
fruitfly_1_021002086111107_1-rectangle,1,false,clean
fruitfly_1_021002086111108_1-rectangle,1,false,clean
fruitfly_1_021002086111109_1-rectangle,1,false,clean
fruitfly_1_021002086111110_1-rectangle,1,false,clean
fruitfly_1_021002086111111_1-rectangle,1,false,clean
fruitfly_1_021002086111112_1-rectangle,1,false,clean
fruitfly_1_021002086111113_1-rectangle,1,false,clean
fruitfly_1_021002086111114_1-rectangle,1,true,label_flip_10
fruitfly_1_021002086111115_1-rectangle,1,false,clean
fruitfly_1_021002086111116_1-rectangle,1,false,clean
fruitfly_1_021002086111117_1-rectangle,1,false,clean
fruitfly_1_021002086111118_1-rectangle,1,false,clean
fruitfly_1_021002087111101_1-rectangle,1,false,clean
fruitfly_1_021002087111102_1-rectangle,1,false,clean
fruitfly_1_021002087111103_1-rectangle,1,false,clean
fruitfly_1_021002087111104_1-rectangle,1,false,clean
fruitfly_1_021002087111105_1-rectangle,1,true,label_flip_10
fruitfly_1_021002087111106_1-rectangle,1,false,clean
fruitfly_1_021002087111107_1-rectangle,1,false,clean
fruitfly_1_021002087111108_1-rectangle,1,false,clean
fruitfly_1_021002087111109_1-rectangle,1,false,clean
fruitfly_1_021002087111110_1-rectangle,1,false,clean
fruitfly_1_021002087111111_1-rectangle,1,false,clean
fruitfly_1_021002087111112_1-rectangle,1,false,clean
fruitfly_1_021002087111113_1-rectangle,1,false,clean
fruitfly_1_021002087111114_1-rectangle,1,false,clean
fruitfly_1_021002087111115_1-rectangle,1,false,clean
fruitfly_1_021002087111116_1-rectangle,1,false,clean
fruitfly_1_021002087111117_1-rectangle,1,false,clean
fruitfly_1_021002087111118_1-rectangle,1,false,clean
fruitfly_1_021002087111119_1-rectangle,1,false,clean
fruitfly_1_021002087111120_1-rectangle,1,false,clean
fruitfly_1_021002087111121_1-rectangle,1,true,label_flip_10
fruitfly_1_021002087111122_1-rectangle,1,false,clean
fruitfly_1_021002087111123_1-rectangle,1,false,clean
fruitfly_1_021002087111124_1-rectangle,1,false,clean
fruitfly_1_021002087111125_1-rectangle,1,false,clean
fruitfly_1_021002087111126_1-rectangle,1,false,clean
fruitfly_1_021002087111127_1-rectangle,1,false,clean
fruitfly_1_021002087111128_1-rectangle,1,false,clean
fruitfly_1_021002087111129_1-rectangle,1,true,label_flip_10
fruitfly_1_021002088111101_1-rectangle,1,false,clean
fruitfly_1_021002088111102_1-rectangle,1,false,clean
fruitfly_1_021002088111103_1-rectangle,1,false,clean
fruitfly_1_021002088111104_1-rectangle,1,false,clean
fruitfly_1_021002088111105_1-rectangle,1,false,clean
fruitfly_1_021002088111106_1-rectangle,1,false,clean
fruitfly_1_021002088111107_1-rectangle,1,false,clean
fruitfly_1_021002088111108_1-rectangle,1,false,clean
fruitfly_1_021002088111109_1-rectangle,1,false,clean
fruitfly_1_021002088111110_1-rectangle,1,false,clean
fruitfly_1_021002088111111_1-rectangle,1,false,clean
fruitfly_1_021002088111112_1-rectangle,1,false,clean
fruitfly_1_021002088111113_1-rectangle,1,false,clean
fruitfly_1_021002088111114_1-rectangle,1,false,clean
fruitfly_1_021002088111115_1-rectangle,1,false,clean
fruitfly_1_021002088111116_1-rectangle,1,false,clean
fruitfly_1_021002088111117_1-rectangle,1,false,clean
fruitfly_1_021002088111118_1-rectangle,1,false,clean
fruitfly_1_021002088111119_1-rectangle,1,false,clean
fruitfly_1_021002088111120_1-rectangle,1,false,clean
fruitfly_1_021002088111121_1-rectangle,1,false,clean
fruitfly_1_021002088111122_1-rectangle,1,false,clean
fruitfly_1_021002088111123_1-rectangle,1,false,clean
fruitfly_1_021002088111124_1-rectangle,1,false,clean
fruitfly_1_021002088111125_1-rectangle,1,false,clean
fruitfly_1_021002090111101_1-rectangle,1,false,clean
fruitfly_1_021002090111102_1-rectangle,1,false,clean
fruitfly_1_021002090111103_1-rectangle,1,false,clean
fruitfly_1_021002090111104_1-rectangle,1,false,clean
fruitfly_1_021002090111105_1-rectangle,1,true,label_flip_10
fruitfly_1_021002090111106_1-rectangle,1,false,clean
fruitfly_1_021002090111107_1-rectangle,1,false,clean
fruitfly_1_021002090111108_1-rectangle,1,false,clean
fruitfly_1_021002090111109_1-rectangle,1,false,clean
fruitfly_1_021002090111110_1-rectangle,1,false,clean
fruitfly_1_021002090111111_1-rectangle,1,false,clean
fruitfly_1_021002090111112_1-rectangle,1,false,clean
fruitfly_1_021002090111113_1-rectangle,1,true,label_flip_10
fruitfly_1_021002090111114_1-rectangle,1,false,clean
fruitfly_1_021002090111115_1-rectangle,1,false,clean
fruitfly_1_021002090111116_1-rectangle,1,false,clean
fruitfly_1_021002090111117_1-rectangle,1,false,clean
fruitfly_1_021002090111118_1-rectangle,1,false,clean
fruitfly_1_021002090111119_1-rectangle,1,false,clean
fruitfly_1_021002090111120_1-rectangle,1,false,clean
fruitfly_1_021002092111101_1-rectangle,1,false,clean
fruitfly_1_021002092111102_1-rectangle,1,false,clean
fruitfly_1_021002092111103_1-rectangle,1,false,clean
fruitfly_1_021002092111104_1-rectangle,1,false,clean
fruitfly_1_021002092111105_1-rectangle,1,false,clean
fruitfly_1_021002092111106_1-rectangle,1,false,clean
fruitfly_1_021002092111107_1-rectangle,1,false,clean
fruitfly_1_021002092111108_1-rectangle,1,false,clean
fruitfly_1_021002092111109_1-rectangle,1,false,clean
fruitfly_1_021002092111110_1-rectangle,1,false,clean
fruitfly_1_021002092111111_1-rectangle,1,false,clean
fruitfly_1_021002092111112_1-rectangle,1,false,clean
fruitfly_1_021002092111113_1-rectangle,1,false,clean
fruitfly_1_021002092111114_1-rectangle,1,false,clean
fruitfly_1_021002092111115_1-rectangle,1,false,clean
fruitfly_1_021002092111116_1-rectangle,1,false,clean
fruitfly_1_021002092111117_1-rectangle,1,false,clean
fruitfly_1_021002092111118_1-rectangle,1,false,clean
fruitfly_1_021002092111119_1-rectangle,1,false,clean
fruitfly_1_021002092111120_1-rectangle,1,false,clean
fruitfly_1_021002092111121_1-rectangle,1,false,clean
fruitfly_1_021002092111122_1-rectangle,1,false,clean
fruitfly_1_021002093111101_1-rectangle,1,false,clean
fruitfly_1_021002093111102_1-rectangle,1,false,clean
fruitfly_1_021002093111103_1-rectangle,1,false,clean
fruitfly_1_021002093111104_1-rectangle,1,false,clean
fruitfly_1_021002093111105_1-rectangle,1,true,label_flip_10
fruitfly_1_021002093111106_1-rectangle,1,false,clean
fruitfly_1_021002093111107_1-rectangle,1,false,clean
fruitfly_1_021002093111108_1-rectangle,1,false,clean
fruitfly_1_021002093111109_1-rectangle,1,false,clean
fruitfly_1_021002093111110_1-rectangle,1,false,clean
fruitfly_1_021002093111111_1-rectangle,1,false,clean
fruitfly_1_021002093111112_1-rectangle,1,false,clean
fruitfly_1_021002093111113_1-rectangle,1,false,clean
fruitfly_1_021002093111114_1-rectangle,1,false,clean
fruitfly_1_021002093111115_1-rectangle,1,false,clean
fruitfly_1_021002093111116_1-rectangle,1,false,clean
fruitfly_1_021002093111117_1-rectangle,1,false,clean
fruitfly_1_021002093111118_1-rectangle,1,false,clean
fruitfly_1_021002093111119_1-rectangle,1,true,label_flip_10
fruitfly_1_021002093111120_1-rectangle,1,false,clean
fruitfly_1_021002093111121_1-rectangle,1,false,clean
fruitfly_1_021002093111122_1-rectangle,1,true,label_flip_10
fruitfly_1_021002093111123_1-rectangle,1,false,clean
fruitfly_1_021002093111124_1-rectangle,1,false,clean
fruitfly_1_021002093111125_1-rectangle,1,false,clean
fruitfly_1_021002093111126_1-rectangle,1,false,clean
fruitfly_1_021002094111101_1-rectangle,1,false,clean
fruitfly_1_021002094111102_1-rectangle,1,false,clean
fruitfly_1_021002094111103_1-rectangle,1,false,clean
fruitfly_1_021002094111104_1-rectangle,1,false,clean
fruitfly_1_021002094111105_1-rectangle,1,false,clean
fruitfly_1_021002094111106_1-rectangle,1,false,clean
fruitfly_1_021002094111107_1-rectangle,1,false,clean
fruitfly_1_021002094111108_1-rectangle,1,false,clean
fruitfly_1_021002094111109_1-rectangle,1,false,clean
fruitfly_1_021002094111110_1-rectangle,1,false,clean
fruitfly_1_021002094111111_1-rectangle,1,false,clean
fruitfly_1_021002094111112_1-rectangle,1,true,label_flip_10
fruitfly_1_021002094111113_1-rectangle,1,false,clean
fruitfly_1_021002094111114_1-rectangle,1,false,clean
fruitfly_1_021002094111115_1-rectangle,1,false,clean
fruitfly_1_021002094111116_1-rectangle,1,true,label_flip_10
fruitfly_1_021002094111117_1-rectangle,1,false,clean
fruitfly_1_021002094111118_1-rectangle,1,false,clean
fruitfly_1_021002094111119_1-rectangle,1,false,clean
fruitfly_1_021002094111120_1-rectangle,1,false,clean
fruitfly_1_021002094111121_1-rectangle,1,true,label_flip_10
fruitfly_1_021002094111122_1-rectangle,1,false,clean
fruitfly_1_021002094111123_1-rectangle,1,false,clean
fruitfly_1_021002094111124_1-rectangle,1,true,label_flip_10
fruitfly_1_021002094111125_1-rectangle,1,false,clean
fruitfly_1_021002094111126_1-rectangle,1,false,clean
fruitfly_1_021002094111127_1-rectangle,1,false,clean
fruitfly_1_021002094111128_1-rectangle,1,false,clean
fruitfly_1_021002097111101_1-rectangle,1,false,clean
fruitfly_1_021002097111102_1-rectangle,1,false,clean
fruitfly_1_021002097111103_1-rectangle,1,true,label_flip_10
fruitfly_1_021002097111104_1-rectangle,1,false,clean
fruitfly_1_021002097111105_1-rectangle,1,true,label_flip_10
fruitfly_1_021002097111106_1-rectangle,1,false,clean
fruitfly_1_021002097111107_1-rectangle,1,false,clean
fruitfly_1_021002097111108_1-rectangle,1,false,clean
fruitfly_1_021002097111109_1-rectangle,1,false,clean
fruitfly_1_021002097111110_1-rectangle,1,false,clean
fruitfly_1_021002097111111_1-rectangle,1,true,label_flip_10
fruitfly_1_021002097111112_1-rectangle,1,false,clean
fruitfly_1_021002097111113_1-rectangle,1,false,clean
fruitfly_1_021002097111114_1-rectangle,1,false,clean
fruitfly_1_021002097111115_1-rectangle,1,false,clean
fruitfly_1_021002097111116_1-rectangle,1,false,clean
fruitfly_1_021002097111117_1-rectangle,1,false,clean
fruitfly_1_021002097111118_1-rectangle,1,false,clean
fruitfly_2_021003001111101_1-rectangle,2,false,clean
fruitfly_2_021003001111102_1-rectangle,2,false,clean
fruitfly_2_021003001111103_1-rectangle,2,false,clean
fruitfly_2_021003001111104_1-rectangle,2,false,clean
fruitfly_2_021003001111105_1-rectangle,2,true,label_flip_10
fruitfly_2_021003001111106_1-rectangle,2,false,clean
fruitfly_2_021003001111107_1-rectangle,2,false,clean
fruitfly_2_021003001111108_1-rectangle,2,true,label_flip_10
fruitfly_2_021003001111109_1-rectangle,2,false,clean
fruitfly_2_021003001111110_1-rectangle,2,false,clean
fruitfly_2_021003001111111_1-rectangle,2,false,clean
fruitfly_2_021003001111112_1-rectangle,2,false,clean
fruitfly_2_021003001111113_1-rectangle,2,true,label_flip_10
fruitfly_2_021003001111114_1-rectangle,2,false,clean
fruitfly_2_021003001111115_1-rectangle,2,false,clean
fruitfly_2_021003001111116_1-rectangle,2,false,clean
fruitfly_2_021003001111117_1-rectangle,2,false,clean
fruitfly_2_021003001111118_1-rectangle,2,false,clean
fruitfly_2_021003002111101_1-rectangle,2,false,clean
fruitfly_2_021003002111102_1-rectangle,2,false,clean
fruitfly_2_021003002111103_1-rectangle,2,false,clean
fruitfly_2_021003002111104_1-rectangle,2,false,clean
fruitfly_2_021003002111105_1-rectangle,2,false,clean
fruitfly_2_021003002111106_1-rectangle,2,false,clean
fruitfly_2_021003002111107_1-rectangle,2,false,clean
fruitfly_2_021003002111108_1-rectangle,2,true,label_flip_10
fruitfly_2_021003002111109_1-rectangle,2,false,clean
fruitfly_2_021003002111110_1-rectangle,2,false,clean
fruitfly_2_021003002111111_1-rectangle,2,false,clean
fruitfly_2_021003002111112_1-rectangle,2,false,clean
fruitfly_2_021003002111113_1-rectangle,2,false,clean
fruitfly_2_021003002111114_1-rectangle,2,false,clean
fruitfly_2_021003002111115_1-rectangle,2,false,clean
fruitfly_2_021003002111116_1-rectangle,2,false,clean
fruitfly_2_021003002111117_1-rectangle,2,false,clean
fruitfly_2_021003002111118_1-rectangle,2,false,clean
fruitfly_2_021003002111119_1-rectangle,2,false,clean
fruitfly_2_021003002111120_1-rectangle,2,false,clean
fruitfly_2_021003002111121_1-rectangle,2,false,clean
fruitfly_2_021003002111122_1-rectangle,2,false,clean
fruitfly_2_021003002111123_1-rectangle,2,false,clean
fruitfly_2_021003002111124_1-rectangle,2,false,clean
fruitfly_2_021003002111125_1-rectangle,2,true,label_flip_10
fruitfly_2_021003004111101_1-rectangle,2,false,clean
fruitfly_2_021003004111102_1-rectangle,2,false,clean
fruitfly_2_021003004111103_1-rectangle,2,false,clean
fruitfly_2_021003004111104_1-rectangle,2,false,clean
fruitfly_2_021003004111105_1-rectangle,2,false,clean
fruitfly_2_021003004111106_1-rectangle,2,false,clean
fruitfly_2_021003004111107_1-rectangle,2,false,clean
fruitfly_2_021003004111108_1-rectangle,2,false,clean
fruitfly_2_021003004111109_1-rectangle,2,false,clean
fruitfly_2_021003004111110_1-rectangle,2,false,clean
fruitfly_2_021003004111111_1-rectangle,2,false,clean
fruitfly_2_021003004111112_1-rectangle,2,false,clean
fruitfly_2_021003004111113_1-rectangle,2,false,clean
fruitfly_2_021003004111114_1-rectangle,2,false,clean
fruitfly_2_021003004111115_1-rectangle,2,false,clean
fruitfly_2_021003006111101_1-rectangle,2,false,clean
fruitfly_2_021003006111102_1-rectangle,2,false,clean
fruitfly_2_021003006111103_1-rectangle,2,false,clean
fruitfly_2_021003006111104_1-rectangle,2,false,clean
fruitfly_2_021003006111105_1-rectangle,2,true,label_flip_10
fruitfly_2_021003006111106_1-rectangle,2,false,clean
fruitfly_2_021003006111107_1-rectangle,2,false,clean
fruitfly_2_021003006111108_1-rectangle,2,false,clean
fruitfly_2_021003006111109_1-rectangle,2,false,clean
fruitfly_2_021003006111110_1-rectangle,2,false,clean
fruitfly_2_021003006111111_1-rectangle,2,true,label_flip_10
fruitfly_2_021003006111112_1-rectangle,2,false,clean
fruitfly_2_021003006111113_1-rectangle,2,false,clean
fruitfly_2_021003006111114_1-rectangle,2,false,clean
fruitfly_2_021003006111115_1-rectangle,2,true,label_flip_10
fruitfly_2_021003006111116_1-rectangle,2,false,clean
fruitfly_2_021003006111117_1-rectangle,2,false,clean
fruitfly_2_021003006111118_1-rectangle,2,false,clean
fruitfly_2_021003006111119_1-rectangle,2,false,clean
fruitfly_2_021003006111120_1-rectangle,2,false,clean
fruitfly_2_021003006111121_1-rectangle,2,false,clean
fruitfly_2_021003006111122_1-rectangle,2,false,clean
fruitfly_2_021003006111123_1-rectangle,2,true,label_flip_10
fruitfly_2_021003006111124_1-rectangle,2,false,clean
fruitfly_2_021003006111125_1-rectangle,2,false,clean
fruitfly_2_021003006111126_1-rectangle,2,false,clean
fruitfly_2_021003008111101_1-rectangle,2,false,clean
fruitfly_2_021003008111102_1-rectangle,2,false,clean
fruitfly_2_021003008111103_1-rectangle,2,false,clean
fruitfly_2_021003008111104_1-rectangle,2,false,clean
fruitfly_2_021003008111105_1-rectangle,2,false,clean
fruitfly_2_021003008111106_1-rectangle,2,false,clean
fruitfly_2_021003008111107_1-rectangle,2,true,label_flip_10
fruitfly_2_021003008111108_1-rectangle,2,false,clean
fruitfly_2_021003008111109_1-rectangle,2,false,clean
fruitfly_2_021003008111110_1-rectangle,2,false,clean
fruitfly_2_021003008111111_1-rectangle,2,false,clean
fruitfly_2_021003008111112_1-rectangle,2,false,clean
fruitfly_2_021003008111113_1-rectangle,2,false,clean
fruitfly_2_021003008111114_1-rectangle,2,false,clean
fruitfly_2_021003008111115_1-rectangle,2,false,clean
fruitfly_2_021003008111116_1-rectangle,2,true,label_flip_10
fruitfly_2_021003008111117_1-rectangle,2,false,clean
fruitfly_2_021003008111118_1-rectangle,2,false,clean
fruitfly_2_021003008111119_1-rectangle,2,false,clean
fruitfly_2_021003008111120_1-rectangle,2,false,clean
fruitfly_2_021003008111121_1-rectangle,2,false,clean
fruitfly_2_021003008111122_1-rectangle,2,true,label_flip_10
fruitfly_2_021003008111123_1-rectangle,2,false,clean
fruitfly_2_021003008111124_1-rectangle,2,false,clean
fruitfly_2_021003008111125_1-rectangle,2,false,clean
fruitfly_2_021003008111126_1-rectangle,2,false,clean
fruitfly_2_021003008111127_1-rectangle,2,false,clean
fruitfly_2_021003008111128_1-rectangle,2,false,clean
fruitfly_2_021003008111129_1-rectangle,2,false,clean
fruitfly_2_021003008111130_1-rectangle,2,true,label_flip_10
fruitfly_2_021003008111131_1-rectangle,2,false,clean
fruitfly_2_021003008111132_1-rectangle,2,false,clean
fruitfly_2_021003011111101_1-rectangle,2,false,clean
fruitfly_2_021003011111102_1-rectangle,2,false,clean
fruitfly_2_021003011111103_1-rectangle,2,false,clean
fruitfly_2_021003011111104_1-rectangle,2,false,clean
fruitfly_2_021003011111105_1-rectangle,2,false,clean
fruitfly_2_021003011111106_1-rectangle,2,false,clean
fruitfly_2_021003011111107_1-rectangle,2,false,clean
fruitfly_2_021003011111108_1-rectangle,2,false,clean
fruitfly_2_021003011111109_1-rectangle,2,true,label_flip_10
fruitfly_2_021003011111110_1-rectangle,2,false,clean
fruitfly_2_021003011111111_1-rectangle,2,false,clean
fruitfly_2_021003011111112_1-rectangle,2,false,clean
fruitfly_2_021003011111113_1-rectangle,2,false,clean
fruitfly_2_021003011111114_1-rectangle,2,false,clean
fruitfly_2_021003011111115_1-rectangle,2,false,clean
fruitfly_2_021003011111116_1-rectangle,2,true,label_flip_10
fruitfly_2_021003011111117_1-rectangle,2,false,clean
fruitfly_2_021003011111118_1-rectangle,2,false,clean
fruitfly_2_021003011111119_1-rectangle,2,false,clean
fruitfly_2_021003011111120_1-rectangle,2,true,label_flip_10
fruitfly_2_021003011111121_1-rectangle,2,false,clean
fruitfly_2_021003011111122_1-rectangle,2,false,clean
fruitfly_2_021003011111123_1-rectangle,2,false,clean
fruitfly_2_021003011111124_1-rectangle,2,false,clean
fruitfly_2_021003011111125_1-rectangle,2,false,clean
fruitfly_2_021003011111126_1-rectangle,2,false,clean
fruitfly_2_021003011111127_1-rectangle,2,false,clean
fruitfly_2_021003011111128_1-rectangle,2,false,clean
fruitfly_2_021003011111129_1-rectangle,2,false,clean
fruitfly_2_021003011111130_1-rectangle,2,false,clean
fruitfly_2_021003011111131_1-rectangle,2,false,clean
fruitfly_2_021003011111132_1-rectangle,2,false,clean
fruitfly_2_021003011111133_1-rectangle,2,false,clean
fruitfly_2_021003011111134_1-rectangle,2,false,clean
fruitfly_2_021003011111135_1-rectangle,2,true,label_flip_10
fruitfly_2_021003011111136_1-rectangle,2,false,clean
fruitfly_2_021003011111137_1-rectangle,2,false,clean
fruitfly_2_021003012111101_1-rectangle,2,false,clean
fruitfly_2_021003012111102_1-rectangle,2,false,clean
fruitfly_2_021003012111103_1-rectangle,2,false,clean
fruitfly_2_021003012111104_1-rectangle,2,false,clean
fruitfly_2_021003012111105_1-rectangle,2,false,clean
fruitfly_2_021003012111106_1-rectangle,2,false,clean
fruitfly_2_021003012111107_1-rectangle,2,false,clean
fruitfly_2_021003012111108_1-rectangle,2,true,label_flip_10
fruitfly_2_021003012111109_1-rectangle,2,true,label_flip_10
fruitfly_2_021003012111110_1-rectangle,2,false,clean
fruitfly_2_021003012111111_1-rectangle,2,false,clean
fruitfly_2_021003012111112_1-rectangle,2,false,clean
fruitfly_2_021003012111113_1-rectangle,2,false,clean
fruitfly_2_021003012111114_1-rectangle,2,false,clean
fruitfly_2_021003012111115_1-rectangle,2,true,label_flip_10
fruitfly_2_021003012111116_1-rectangle,2,false,clean
fruitfly_2_021003012111117_1-rectangle,2,false,clean
fruitfly_2_021003012111118_1-rectangle,2,true,label_flip_10
fruitfly_2_021003012111119_1-rectangle,2,true,label_flip_10
fruitfly_2_021003012111120_1-rectangle,2,false,clean
fruitfly_2_021003012111121_1-rectangle,2,true,label_flip_10
fruitfly_2_021003012111122_1-rectangle,2,false,clean
fruitfly_2_021003012111123_1-rectangle,2,false,clean
fruitfly_2_021003012111124_1-rectangle,2,false,clean
fruitfly_2_021003012111125_1-rectangle,2,false,clean
fruitfly_2_021003012111126_1-rectangle,2,false,clean
fruitfly_2_021003012111127_1-rectangle,2,false,clean
fruitfly_2_021003012111128_1-rectangle,2,false,clean
fruitfly_2_021003013111101_1-rectangle,2,false,clean
fruitfly_2_021003013111102_1-rectangle,2,true,label_flip_10
fruitfly_2_021003013111103_1-rectangle,2,false,clean
fruitfly_2_021003013111104_1-rectangle,2,false,clean
fruitfly_2_021003013111105_1-rectangle,2,false,clean
fruitfly_2_021003013111106_1-rectangle,2,false,clean
fruitfly_2_021003013111107_1-rectangle,2,true,label_flip_10
fruitfly_2_021003013111108_1-rectangle,2,false,clean
fruitfly_2_021003013111109_1-rectangle,2,false,clean
fruitfly_2_021003013111110_1-rectangle,2,false,clean
fruitfly_2_021003013111111_1-rectangle,2,false,clean
fruitfly_2_021003013111112_1-rectangle,2,false,clean
fruitfly_2_021003013111113_1-rectangle,2,true,label_flip_10
fruitfly_2_021003013111114_1-rectangle,2,false,clean
fruitfly_2_021003013111115_1-rectangle,2,false,clean
fruitfly_2_021003013111116_1-rectangle,2,false,clean
fruitfly_2_021003013111117_1-rectangle,2,false,clean
fruitfly_2_021003013111118_1-rectangle,2,false,clean
fruitfly_2_021003013111119_1-rectangle,2,false,clean
fruitfly_2_021003013111120_1-rectangle,2,false,clean
fruitfly_2_021003013111121_1-rectangle,2,false,clean
fruitfly_2_021003013111122_1-rectangle,2,false,clean
fruitfly_2_021003013111123_1-rectangle,2,false,clean
fruitfly_2_021003013111124_1-rectangle,2,false,clean
fruitfly_2_021003013111125_1-rectangle,2,true,label_flip_10
fruitfly_2_021003013111126_1-rectangle,2,false,clean
fruitfly_2_021003013111127_1-rectangle,2,false,clean
fruitfly_2_021003013111128_1-rectangle,2,false,clean
fruitfly_2_021003013111129_1-rectangle,2,false,clean
fruitfly_2_021003013111130_1-rectangle,2,true,label_flip_10
fruitfly_2_021003013111131_1-rectangle,2,false,clean
fruitfly_2_021003015111101_1-rectangle,2,false,clean
fruitfly_2_021003015111102_1-rectangle,2,false,clean
fruitfly_2_021003015111103_1-rectangle,2,false,clean
fruitfly_2_021003015111104_1-rectangle,2,false,clean
fruitfly_2_021003015111105_1-rectangle,2,false,clean
fruitfly_2_021003015111106_1-rectangle,2,false,clean
fruitfly_2_021003015111107_1-rectangle,2,false,clean
fruitfly_2_021003015111108_1-rectangle,2,false,clean
fruitfly_2_021003015111109_1-rectangle,2,false,clean
fruitfly_2_021003015111110_1-rectangle,2,false,clean
fruitfly_2_021003015111111_1-rectangle,2,false,clean
fruitfly_2_021003015111112_1-rectangle,2,false,clean
fruitfly_2_021003015111113_1-rectangle,2,false,clean
fruitfly_2_021003015111114_1-rectangle,2,false,clean
fruitfly_2_021003015111115_1-rectangle,2,false,clean
fruitfly_2_021003015111116_1-rectangle,2,false,clean
fruitfly_2_021003015111117_1-rectangle,2,false,clean
fruitfly_2_021003015111118_1-rectangle,2,false,clean
fruitfly_2_021003015111119_1-rectangle,2,false,clean
fruitfly_2_021003015111120_1-rectangle,2,false,clean
fruitfly_2_021003015111121_1-rectangle,2,false,clean
fruitfly_2_021003015111122_1-rectangle,2,false,clean
fruitfly_2_021003015111123_1-rectangle,2,false,clean
fruitfly_2_021003015111124_1-rectangle,2,false,clean
fruitfly_2_021003015111125_1-rectangle,2,false,clean
fruitfly_2_021003015111126_1-rectangle,2,false,clean
fruitfly_2_021003015111127_1-rectangle,2,false,clean
fruitfly_2_021003015111128_1-rectangle,2,false,clean
fruitfly_2_021003015111129_1-rectangle,2,false,clean
fruitfly_2_021003015111130_1-rectangle,2,false,clean
fruitfly_2_021003015111131_1-rectangle,2,false,clean
fruitfly_2_021003015111132_1-rectangle,2,false,clean
fruitfly_2_021003015111133_1-rectangle,2,false,clean
fruitfly_2_021003015111134_1-rectangle,2,false,clean
fruitfly_2_021003016111101_1-rectangle,2,false,clean
fruitfly_2_021003016111102_1-rectangle,2,false,clean
fruitfly_2_021003016111103_1-rectangle,2,false,clean
fruitfly_2_021003016111104_1-rectangle,2,false,clean
fruitfly_2_021003016111105_1-rectangle,2,false,clean
fruitfly_2_021003016111106_1-rectangle,2,false,clean
fruitfly_2_021003016111107_1-rectangle,2,false,clean
fruitfly_2_021003016111108_1-rectangle,2,false,clean
fruitfly_2_021003016111109_1-rectangle,2,false,clean
fruitfly_2_021003016111110_1-rectangle,2,false,clean
fruitfly_2_021003016111111_1-rectangle,2,false,clean
fruitfly_2_021003016111112_1-rectangle,2,false,clean
fruitfly_2_021003016111113_1-rectangle,2,false,clean
fruitfly_2_021003016111114_1-rectangle,2,false,clean
fruitfly_2_021003016111115_1-rectangle,2,false,clean
fruitfly_2_021003016111116_1-rectangle,2,true,label_flip_10
fruitfly_2_021003016111117_1-rectangle,2,false,clean
fruitfly_2_021003016111118_1-rectangle,2,true,label_flip_10
fruitfly_2_021003016111119_1-rectangle,2,false,clean
fruitfly_2_021003016111120_1-rectangle,2,true,label_flip_10
fruitfly_2_021003016111121_1-rectangle,2,false,clean
fruitfly_2_021003016111122_1-rectangle,2,false,clean
fruitfly_2_021003016111123_1-rectangle,2,false,clean
fruitfly_2_021003016111124_1-rectangle,2,false,clean
fruitfly_2_021003016111125_1-rectangle,2,false,clean
fruitfly_2_021003016111126_1-rectangle,2,false,clean
fruitfly_2_021003016111127_1-rectangle,2,false,clean
fruitfly_2_021003016111128_1-rectangle,2,false,clean
fruitfly_2_021003016111129_1-rectangle,2,false,clean
fruitfly_2_021003016111130_1-rectangle,2,false,clean
fruitfly_2_021003016111131_1-rectangle,2,false,clean
fruitfly_2_021003017111101_1-rectangle,2,false,clean
fruitfly_2_021003017111102_1-rectangle,2,true,label_flip_10
fruitfly_2_021003017111103_1-rectangle,2,false,clean
fruitfly_2_021003017111104_1-rectangle,2,false,clean
fruitfly_2_021003017111105_1-rectangle,2,false,clean
fruitfly_2_021003017111106_1-rectangle,2,false,clean
fruitfly_2_021003017111107_1-rectangle,2,false,clean
fruitfly_2_021003017111108_1-rectangle,2,false,clean
fruitfly_2_021003017111109_1-rectangle,2,false,clean
fruitfly_2_021003017111110_1-rectangle,2,false,clean
fruitfly_2_021003017111111_1-rectangle,2,false,clean
fruitfly_2_021003017111112_1-rectangle,2,false,clean
fruitfly_2_021003017111113_1-rectangle,2,false,clean
fruitfly_2_021003017111114_1-rectangle,2,false,clean
fruitfly_2_021003017111115_1-rectangle,2,false,clean
fruitfly_2_021003017111116_1-rectangle,2,false,clean
fruitfly_2_021003017111117_1-rectangle,2,false,clean
fruitfly_2_021003017111118_1-rectangle,2,false,clean
fruitfly_2_021003017111119_1-rectangle,2,false,clean
fruitfly_2_021003017111120_1-rectangle,2,false,clean
fruitfly_2_021003017111121_1-rectangle,2,false,clean
fruitfly_2_021003017111122_1-rectangle,2,false,clean
fruitfly_2_021003017111123_1-rectangle,2,true,label_flip_10
fruitfly_2_021003017111124_1-rectangle,2,true,label_flip_10
fruitfly_2_021003017111125_1-rectangle,2,false,clean
fruitfly_2_021003017111126_1-rectangle,2,false,clean
fruitfly_2_021003017111127_1-rectangle,2,false,clean
fruitfly_2_021003017111128_1-rectangle,2,false,clean
fruitfly_2_021003017111129_1-rectangle,2,false,clean
fruitfly_2_021003017111130_1-rectangle,2,false,clean
fruitfly_2_021003018111101_1-rectangle,2,false,clean
fruitfly_2_021003018111102_1-rectangle,2,false,clean
fruitfly_2_021003018111103_1-rectangle,2,false,clean
fruitfly_2_021003018111104_1-rectangle,2,false,clean
fruitfly_2_021003018111105_1-rectangle,2,false,clean
fruitfly_2_021003018111106_1-rectangle,2,false,clean
fruitfly_2_021003018111107_1-rectangle,2,false,clean
fruitfly_2_021003018111108_1-rectangle,2,false,clean
fruitfly_2_021003018111109_1-rectangle,2,false,clean
fruitfly_2_021003018111110_1-rectangle,2,false,clean
fruitfly_2_021003018111111_1-rectangle,2,false,clean
fruitfly_2_021003018111112_1-rectangle,2,false,clean
fruitfly_2_021003018111113_1-rectangle,2,false,clean
fruitfly_2_021003018111114_1-rectangle,2,false,clean
fruitfly_2_021003018111115_1-rectangle,2,false,clean
fruitfly_2_021003018111116_1-rectangle,2,false,clean
fruitfly_2_021003018111117_1-rectangle,2,false,clean
fruitfly_2_021003018111118_1-rectangle,2,false,clean
fruitfly_2_021003018111119_1-rectangle,2,true,label_flip_10
fruitfly_2_021003018111120_1-rectangle,2,false,clean
fruitfly_2_021003018111121_1-rectangle,2,false,clean
fruitfly_2_021003018111122_1-rectangle,2,false,clean
fruitfly_2_021003018111123_1-rectangle,2,false,clean
fruitfly_2_021003018111124_1-rectangle,2,false,clean
fruitfly_2_021003018111125_1-rectangle,2,false,clean
fruitfly_2_021003018111126_1-rectangle,2,false,clean
fruitfly_2_021003018111127_1-rectangle,2,false,clean
fruitfly_2_021003018111128_1-rectangle,2,false,clean
fruitfly_2_021003018111129_1-rectangle,2,false,clean
fruitfly_2_021003018111130_1-rectangle,2,false,clean
fruitfly_2_021003019111101_1-rectangle,2,false,clean
fruitfly_2_021003019111102_1-rectangle,2,false,clean
fruitfly_2_021003019111103_1-rectangle,2,false,clean
fruitfly_2_021003019111104_1-rectangle,2,false,clean
fruitfly_2_021003019111105_1-rectangle,2,false,clean
fruitfly_2_021003019111106_1-rectangle,2,false,clean
fruitfly_2_021003019111107_1-rectangle,2,false,clean
fruitfly_2_021003019111108_1-rectangle,2,false,clean
fruitfly_2_021003019111109_1-rectangle,2,false,clean
fruitfly_2_021003019111110_1-rectangle,2,false,clean
fruitfly_2_021003019111111_1-rectangle,2,false,clean
fruitfly_2_021003019111112_1-rectangle,2,true,label_flip_10
fruitfly_2_021003019111113_1-rectangle,2,false,clean
fruitfly_2_021003019111114_1-rectangle,2,false,clean
fruitfly_2_021003019111115_1-rectangle,2,false,clean
fruitfly_2_021003019111116_1-rectangle,2,false,clean
fruitfly_2_021003019111117_1-rectangle,2,false,clean
fruitfly_2_021003019111118_1-rectangle,2,false,clean
fruitfly_2_021003019111119_1-rectangle,2,false,clean
fruitfly_2_021003019111120_1-rectangle,2,false,clean
fruitfly_2_021003019111121_1-rectangle,2,false,clean
fruitfly_2_021003019111122_1-rectangle,2,false,clean
fruitfly_2_021003019111123_1-rectangle,2,false,clean
fruitfly_2_021003019111124_1-rectangle,2,false,clean
fruitfly_2_021003019111125_1-rectangle,2,false,clean
fruitfly_2_021003019111126_1-rectangle,2,false,clean
fruitfly_2_021003019111127_1-rectangle,2,false,clean
fruitfly_2_021003019111128_1-rectangle,2,false,clean
fruitfly_2_021003019111129_1-rectangle,2,false,clean
fruitfly_2_021003019111130_1-rectangle,2,false,clean
fruitfly_2_021003019111131_1-rectangle,2,false,clean
fruitfly_2_021003019111132_1-rectangle,2,false,clean
fruitfly_2_021003019111133_1-rectangle,2,false,clean
fruitfly_2_021003019111134_1-rectangle,2,false,clean
fruitfly_2_021003019111135_1-rectangle,2,false,clean
fruitfly_2_021003019111136_1-rectangle,2,false,clean
fruitfly_2_021003019111137_1-rectangle,2,false,clean
fruitfly_2_021003021111101_1-rectangle,2,false,clean
fruitfly_2_021003021111102_1-rectangle,2,false,clean
fruitfly_2_021003021111103_1-rectangle,2,false,clean
fruitfly_2_021003021111104_1-rectangle,2,false,clean
fruitfly_2_021003021111105_1-rectangle,2,false,clean
fruitfly_2_021003021111106_1-rectangle,2,false,clean
fruitfly_2_021003021111107_1-rectangle,2,false,clean
fruitfly_2_021003021111108_1-rectangle,2,true,label_flip_10
fruitfly_2_021003021111109_1-rectangle,2,false,clean
fruitfly_2_021003021111110_1-rectangle,2,false,clean
fruitfly_2_021003021111111_1-rectangle,2,true,label_flip_10
fruitfly_2_021003021111112_1-rectangle,2,false,clean
fruitfly_2_021003021111113_1-rectangle,2,false,clean
fruitfly_2_021003021111114_1-rectangle,2,false,clean
fruitfly_2_021003021111115_1-rectangle,2,false,clean
fruitfly_2_021003021111116_1-rectangle,2,false,clean
fruitfly_2_021003021111117_1-rectangle,2,false,clean
fruitfly_2_021003021111118_1-rectangle,2,false,clean
fruitfly_2_021003021111119_1-rectangle,2,false,clean
fruitfly_2_021003021111120_1-rectangle,2,false,clean
fruitfly_2_021003021111121_1-rectangle,2,false,clean
fruitfly_2_021003021111122_1-rectangle,2,false,clean
fruitfly_2_021003021111123_1-rectangle,2,false,clean
fruitfly_2_021003021111124_1-rectangle,2,false,clean
fruitfly_2_021003021111125_1-rectangle,2,true,label_flip_10
fruitfly_2_021003021111126_1-rectangle,2,false,clean
fruitfly_2_021003021111127_1-rectangle,2,false,clean
fruitfly_2_021003022111101_1-rectangle,2,false,clean
fruitfly_2_021003022111102_1-rectangle,2,false,clean
fruitfly_2_021003022111103_1-rectangle,2,false,clean
fruitfly_2_021003022111104_1-rectangle,2,false,clean
fruitfly_2_021003022111105_1-rectangle,2,false,clean
fruitfly_2_021003022111106_1-rectangle,2,false,clean
fruitfly_2_021003022111107_1-rectangle,2,false,clean
fruitfly_2_021003022111108_1-rectangle,2,true,label_flip_10
fruitfly_2_021003022111109_1-rectangle,2,false,clean
fruitfly_2_021003022111110_1-rectangle,2,false,clean
fruitfly_2_021003022111111_1-rectangle,2,true,label_flip_10
fruitfly_2_021003022111112_1-rectangle,2,false,clean
fruitfly_2_021003022111113_1-rectangle,2,false,clean
fruitfly_2_021003022111114_1-rectangle,2,false,clean
fruitfly_2_021003022111115_1-rectangle,2,false,clean
fruitfly_2_021003022111116_1-rectangle,2,false,clean
fruitfly_2_021003022111117_1-rectangle,2,false,clean
fruitfly_2_021003022111118_1-rectangle,2,false,clean
fruitfly_2_021003022111119_1-rectangle,2,false,clean
fruitfly_2_021003022111120_1-rectangle,2,true,label_flip_10
fruitfly_2_021003022111121_1-rectangle,2,false,clean
fruitfly_2_021003022111122_1-rectangle,2,false,clean
fruitfly_2_021003022111123_1-rectangle,2,false,clean
fruitfly_2_021003022111124_1-rectangle,2,false,clean
fruitfly_2_021003022111125_1-rectangle,2,false,clean
fruitfly_2_021003022111126_1-rectangle,2,false,clean
fruitfly_2_021003022111127_1-rectangle,2,false,clean
fruitfly_2_021003022111128_1-rectangle,2,false,clean
fruitfly_2_021003022111129_1-rectangle,2,false,clean
fruitfly_2_021003022111130_1-rectangle,2,false,clean
fruitfly_2_021003022111131_1-rectangle,2,false,clean
fruitfly_2_021003022111132_1-rectangle,2,false,clean
fruitfly_2_021003022111133_1-rectangle,2,false,clean
fruitfly_2_021003022111134_1-rectangle,2,false,clean
fruitfly_2_021003023111101_1-rectangle,2,true,label_flip_10
fruitfly_2_021003023111102_1-rectangle,2,false,clean
fruitfly_2_021003023111103_1-rectangle,2,false,clean
fruitfly_2_021003023111104_1-rectangle,2,false,clean
fruitfly_2_021003023111105_1-rectangle,2,false,clean
fruitfly_2_021003023111106_1-rectangle,2,false,clean
fruitfly_2_021003023111107_1-rectangle,2,true,label_flip_10
fruitfly_2_021003023111108_1-rectangle,2,true,label_flip_10
fruitfly_2_021003023111109_1-rectangle,2,false,clean
fruitfly_2_021003023111110_1-rectangle,2,false,clean
fruitfly_2_021003023111111_1-rectangle,2,false,clean
fruitfly_2_021003023111112_1-rectangle,2,false,clean
fruitfly_2_021003023111113_1-rectangle,2,false,clean
fruitfly_2_021003023111114_1-rectangle,2,false,clean
fruitfly_2_021003023111115_1-rectangle,2,false,clean
fruitfly_2_021003023111116_1-rectangle,2,false,clean
fruitfly_2_021003023111117_1-rectangle,2,false,clean
fruitfly_2_021003023111118_1-rectangle,2,false,clean
fruitfly_2_021003023111119_1-rectangle,2,false,clean
fruitfly_2_021003023111120_1-rectangle,2,false,clean
fruitfly_2_021003023111121_1-rectangle,2,false,clean
fruitfly_2_021003023111122_1-rectangle,2,false,clean
fruitfly_2_021003023111123_1-rectangle,2,false,clean
fruitfly_2_021003023111124_1-rectangle,2,false,clean
fruitfly_2_021003023111125_1-rectangle,2,false,clean
fruitfly_2_021003023111126_1-rectangle,2,false,clean
fruitfly_2_021003024111101_1-rectangle,2,false,clean
fruitfly_2_021003024111102_1-rectangle,2,true,label_flip_10
fruitfly_2_021003024111103_1-rectangle,2,false,clean
fruitfly_2_021003024111104_1-rectangle,2,false,clean
fruitfly_2_021003024111105_1-rectangle,2,false,clean
fruitfly_2_021003024111106_1-rectangle,2,false,clean
fruitfly_2_021003024111107_1-rectangle,2,false,clean
fruitfly_2_021003024111108_1-rectangle,2,false,clean
fruitfly_2_021003024111109_1-rectangle,2,false,clean
fruitfly_2_021003024111110_1-rectangle,2,false,clean
fruitfly_2_021003024111111_1-rectangle,2,false,clean
fruitfly_2_021003024111112_1-rectangle,2,false,clean
fruitfly_2_021003024111113_1-rectangle,2,false,clean
fruitfly_2_021003024111114_1-rectangle,2,true,label_flip_10
fruitfly_2_021003024111115_1-rectangle,2,false,clean
fruitfly_2_021003024111116_1-rectangle,2,true,label_flip_10
fruitfly_2_021003024111117_1-rectangle,2,false,clean
fruitfly_2_021003024111118_1-rectangle,2,false,clean
fruitfly_2_021003024111119_1-rectangle,2,false,clean
fruitfly_2_021003024111120_1-rectangle,2,false,clean
fruitfly_2_021003024111121_1-rectangle,2,false,clean
fruitfly_2_021003024111122_1-rectangle,2,false,clean
fruitfly_2_021003024111123_1-rectangle,2,false,clean
fruitfly_2_021003024111124_1-rectangle,2,false,clean
fruitfly_2_021003024111125_1-rectangle,2,false,clean
fruitfly_2_021003024111126_1-rectangle,2,false,clean
fruitfly_2_021003024111127_1-rectangle,2,false,clean
fruitfly_2_021003025111101_1-rectangle,2,true,label_flip_10
fruitfly_2_021003025111102_1-rectangle,2,false,clean
fruitfly_2_021003025111103_1-rectangle,2,false,clean
fruitfly_2_021003025111104_1-rectangle,2,false,clean
fruitfly_2_021003025111105_1-rectangle,2,false,clean
fruitfly_2_021003025111106_1-rectangle,2,true,label_flip_10
fruitfly_2_021003025111107_1-rectangle,2,false,clean
fruitfly_2_021003025111108_1-rectangle,2,false,clean
fruitfly_2_021003025111109_1-rectangle,2,true,label_flip_10
fruitfly_2_021003025111110_1-rectangle,2,false,clean
fruitfly_2_021003025111111_1-rectangle,2,false,clean
fruitfly_2_021003025111112_1-rectangle,2,false,clean
fruitfly_2_021003025111113_1-rectangle,2,false,clean
fruitfly_2_021003025111114_1-rectangle,2,false,clean
fruitfly_2_021003025111115_1-rectangle,2,false,clean
fruitfly_2_021003025111116_1-rectangle,2,false,clean
fruitfly_2_021003025111117_1-rectangle,2,false,clean
fruitfly_2_021003025111118_1-rectangle,2,false,clean
fruitfly_2_021003025111119_1-rectangle,2,true,label_flip_10
fruitfly_2_021003025111120_1-rectangle,2,false,clean
fruitfly_2_021003025111121_1-rectangle,2,false,clean
fruitfly_2_021003025111122_1-rectangle,2,true,label_flip_10
fruitfly_2_021003025111123_1-rectangle,2,false,clean
fruitfly_2_021003025111124_1-rectangle,2,true,label_flip_10
fruitfly_2_021003025111125_1-rectangle,2,false,clean
fruitfly_2_021003025111126_1-rectangle,2,false,clean
fruitfly_2_021003025111127_1-rectangle,2,true,label_flip_10
fruitfly_2_021003025111128_1-rectangle,2,false,clean
fruitfly_2_021003025111129_1-rectangle,2,false,clean
fruitfly_2_021003025111130_1-rectangle,2,false,clean
fruitfly_2_021003025111131_1-rectangle,2,false,clean
fruitfly_2_021003025111132_1-rectangle,2,true,label_flip_10
fruitfly_2_021003025111133_1-rectangle,2,false,clean
fruitfly_2_021003025111134_1-rectangle,2,false,clean
fruitfly_2_021003025111135_1-rectangle,2,false,clean
fruitfly_2_021003026111101_1-rectangle,2,false,clean
fruitfly_2_021003026111102_1-rectangle,2,false,clean
fruitfly_2_021003026111103_1-rectangle,2,false,clean
fruitfly_2_021003026111104_1-rectangle,2,false,clean
fruitfly_2_021003026111105_1-rectangle,2,false,clean
fruitfly_2_021003026111106_1-rectangle,2,false,clean
fruitfly_2_021003026111107_1-rectangle,2,false,clean
fruitfly_2_021003026111108_1-rectangle,2,false,clean
fruitfly_2_021003026111109_1-rectangle,2,true,label_flip_10
fruitfly_2_021003026111110_1-rectangle,2,false,clean
fruitfly_2_021003026111111_1-rectangle,2,false,clean
fruitfly_2_021003026111112_1-rectangle,2,true,label_flip_10
fruitfly_2_021003026111113_1-rectangle,2,false,clean
fruitfly_2_021003026111114_1-rectangle,2,false,clean
fruitfly_2_021003026111115_1-rectangle,2,false,clean
fruitfly_2_021003026111116_1-rectangle,2,false,clean
fruitfly_2_021003026111117_1-rectangle,2,false,clean
fruitfly_2_021003026111118_1-rectangle,2,false,clean
fruitfly_2_021003026111119_1-rectangle,2,true,label_flip_10
fruitfly_2_021003026111120_1-rectangle,2,false,clean
fruitfly_2_021003026111121_1-rectangle,2,false,clean
fruitfly_2_021003026111122_1-rectangle,2,false,clean
fruitfly_2_021003026111123_1-rectangle,2,false,clean
fruitfly_2_021003026111124_1-rectangle,2,false,clean
fruitfly_2_021003026111125_1-rectangle,2,false,clean
fruitfly_2_021003026111126_1-rectangle,2,false,clean
fruitfly_2_021003026111127_1-rectangle,2,false,clean
fruitfly_2_021003026111128_1-rectangle,2,false,clean
fruitfly_2_021003026111129_1-rectangle,2,false,clean
fruitfly_2_021003026111130_1-rectangle,2,false,clean
fruitfly_2_021003026111131_1-rectangle,2,false,clean
fruitfly_2_021003026111132_1-rectangle,2,false,clean
fruitfly_2_021003026111133_1-rectangle,2,false,clean
fruitfly_2_021003026111134_1-rectangle,2,false,clean
fruitfly_2_021003026111135_1-rectangle,2,false,clean
fruitfly_2_021003026111136_1-rectangle,2,false,clean
fruitfly_2_021003026111137_1-rectangle,2,false,clean
fruitfly_2_021003026111138_1-rectangle,2,false,clean
fruitfly_2_021003027111101_1-rectangle,2,false,clean
fruitfly_2_021003027111102_1-rectangle,2,false,clean
fruitfly_2_021003027111103_1-rectangle,2,false,clean
fruitfly_2_021003027111104_1-rectangle,2,false,clean
fruitfly_2_021003027111105_1-rectangle,2,false,clean
fruitfly_2_021003027111106_1-rectangle,2,false,clean
fruitfly_2_021003027111107_1-rectangle,2,false,clean
fruitfly_2_021003027111108_1-rectangle,2,false,clean
fruitfly_2_021003027111109_1-rectangle,2,false,clean
fruitfly_2_021003027111110_1-rectangle,2,false,clean
fruitfly_2_021003027111111_1-rectangle,2,true,label_flip_10
fruitfly_2_021003027111112_1-rectangle,2,false,clean
fruitfly_2_021003027111113_1-rectangle,2,false,clean
fruitfly_2_021003027111114_1-rectangle,2,false,clean
fruitfly_2_021003027111115_1-rectangle,2,false,clean
fruitfly_2_021003027111116_1-rectangle,2,false,clean
fruitfly_2_021003027111117_1-rectangle,2,false,clean
fruitfly_2_021003027111118_1-rectangle,2,false,clean
fruitfly_2_021003027111119_1-rectangle,2,false,clean
fruitfly_2_021003027111120_1-rectangle,2,false,clean
fruitfly_2_021003027111121_1-rectangle,2,false,clean
fruitfly_2_021003027111122_1-rectangle,2,false,clean
fruitfly_2_021003027111123_1-rectangle,2,false,clean
fruitfly_2_021003027111124_1-rectangle,2,false,clean
fruitfly_2_021003027111125_1-rectangle,2,false,clean
fruitfly_2_021003027111126_1-rectangle,2,false,clean
fruitfly_2_021003027111127_1-rectangle,2,false,clean
fruitfly_2_021003027111128_1-rectangle,2,false,clean
fruitfly_2_021003027111129_1-rectangle,2,false,clean
fruitfly_2_021003027111130_1-rectangle,2,false,clean
fruitfly_2_021003030111101_1-rectangle,2,false,clean
fruitfly_2_021003030111102_1-rectangle,2,false,clean
fruitfly_2_021003030111103_1-rectangle,2,false,clean
fruitfly_2_021003030111104_1-rectangle,2,false,clean
fruitfly_2_021003030111105_1-rectangle,2,false,clean
fruitfly_2_021003030111106_1-rectangle,2,false,clean
fruitfly_2_021003030111107_1-rectangle,2,false,clean
fruitfly_2_021003030111108_1-rectangle,2,false,clean
fruitfly_2_021003030111109_1-rectangle,2,false,clean
fruitfly_2_021003030111110_1-rectangle,2,false,clean
fruitfly_2_021003030111111_1-rectangle,2,false,clean
fruitfly_2_021003030111112_1-rectangle,2,false,clean
fruitfly_2_021003030111113_1-rectangle,2,false,clean
fruitfly_2_021003030111114_1-rectangle,2,false,clean
fruitfly_2_021003030111115_1-rectangle,2,false,clean
fruitfly_2_021003030111116_1-rectangle,2,false,clean
fruitfly_2_021003030111117_1-rectangle,2,true,label_flip_10
fruitfly_2_021003030111118_1-rectangle,2,false,clean
fruitfly_2_021003030111119_1-rectangle,2,false,clean
fruitfly_2_021003030111120_1-rectangle,2,false,clean
fruitfly_2_021003030111121_1-rectangle,2,false,clean
fruitfly_2_021003030111122_1-rectangle,2,false,clean
fruitfly_2_021003030111123_1-rectangle,2,false,clean
fruitfly_2_021003030111124_1-rectangle,2,true,label_flip_10
fruitfly_2_021003030111125_1-rectangle,2,false,clean
fruitfly_2_021003030111126_1-rectangle,2,false,clean
fruitfly_2_021003030111127_1-rectangle,2,false,clean
fruitfly_2_021003030111128_1-rectangle,2,false,clean
fruitfly_2_021003030111129_1-rectangle,2,false,clean
fruitfly_2_021003030111130_1-rectangle,2,false,clean
fruitfly_2_021003030111131_1-rectangle,2,false,clean
fruitfly_2_021003030111132_1-rectangle,2,false,clean
fruitfly_2_021003030111133_1-rectangle,2,false,clean
fruitfly_2_021003030111134_1-rectangle,2,false,clean
fruitfly_2_021003030111135_1-rectangle,2,true,label_flip_10
fruitfly_2_021003030111136_1-rectangle,2,false,clean
fruitfly_2_021003030111137_1-rectangle,2,false,clean
fruitfly_2_021003031111101_1-rectangle,2,false,clean
fruitfly_2_021003031111102_1-rectangle,2,false,clean
fruitfly_2_021003031111103_1-rectangle,2,false,clean
fruitfly_2_021003031111104_1-rectangle,2,false,clean
fruitfly_2_021003031111105_1-rectangle,2,false,clean
fruitfly_2_021003031111106_1-rectangle,2,false,clean
fruitfly_2_021003031111107_1-rectangle,2,false,clean
fruitfly_2_021003031111108_1-rectangle,2,false,clean
fruitfly_2_021003031111109_1-rectangle,2,false,clean
fruitfly_2_021003031111110_1-rectangle,2,false,clean
fruitfly_2_021003031111111_1-rectangle,2,false,clean
fruitfly_2_021003031111112_1-rectangle,2,false,clean
fruitfly_2_021003031111113_1-rectangle,2,false,clean
fruitfly_2_021003031111114_1-rectangle,2,false,clean
fruitfly_2_021003031111115_1-rectangle,2,false,clean
fruitfly_2_021003031111116_1-rectangle,2,false,clean
fruitfly_2_021003031111117_1-rectangle,2,false,clean
fruitfly_2_021003031111118_1-rectangle,2,false,clean
fruitfly_2_021003031111119_1-rectangle,2,true,label_flip_10
fruitfly_2_021003031111120_1-rectangle,2,false,clean
fruitfly_2_021003031111121_1-rectangle,2,false,clean
fruitfly_2_021003031111122_1-rectangle,2,false,clean
fruitfly_2_021003031111123_1-rectangle,2,false,clean
fruitfly_2_021003031111124_1-rectangle,2,false,clean
fruitfly_2_021003031111125_1-rectangle,2,false,clean
fruitfly_2_021003031111126_1-rectangle,2,false,clean
fruitfly_2_021003031111127_1-rectangle,2,false,clean
fruitfly_2_021003031111128_1-rectangle,2,false,clean
fruitfly_2_021003031111129_1-rectangle,2,false,clean
fruitfly_2_021003031111130_1-rectangle,2,false,clean
fruitfly_2_021003031111131_1-rectangle,2,true,label_flip_10
fruitfly_2_021003031111132_1-rectangle,2,false,clean
fruitfly_2_021003031111133_1-rectangle,2,false,clean
fruitfly_2_021003031111134_1-rectangle,2,true,label_flip_10
fruitfly_2_021003031111135_1-rectangle,2,true,label_flip_10
fruitfly_2_021003031111136_1-rectangle,2,false,clean
fruitfly_2_021003031111137_1-rectangle,2,false,clean
fruitfly_2_021003031111138_1-rectangle,2,false,clean
fruitfly_2_021003031111139_1-rectangle,2,false,clean
fruitfly_2_021003031111140_1-rectangle,2,false,clean
fruitfly_2_021003031111141_1-rectangle,2,false,clean
fruitfly_2_021003032111101_1-rectangle,2,false,clean
fruitfly_2_021003032111102_1-rectangle,2,false,clean
fruitfly_2_021003032111103_1-rectangle,2,false,clean
fruitfly_2_021003032111104_1-rectangle,2,false,clean
fruitfly_2_021003032111105_1-rectangle,2,true,label_flip_10
fruitfly_2_021003032111106_1-rectangle,2,false,clean
fruitfly_2_021003032111107_1-rectangle,2,false,clean
fruitfly_2_021003032111108_1-rectangle,2,true,label_flip_10
fruitfly_2_021003032111109_1-rectangle,2,false,clean
fruitfly_2_021003032111110_1-rectangle,2,false,clean
fruitfly_2_021003032111111_1-rectangle,2,false,clean
fruitfly_2_021003032111112_1-rectangle,2,false,clean
fruitfly_2_021003032111113_1-rectangle,2,false,clean
fruitfly_2_021003032111114_1-rectangle,2,true,label_flip_10
fruitfly_2_021003032111115_1-rectangle,2,false,clean
fruitfly_2_021003032111116_1-rectangle,2,false,clean
fruitfly_2_021003032111117_1-rectangle,2,false,clean
fruitfly_2_021003032111118_1-rectangle,2,false,clean
fruitfly_2_021003032111119_1-rectangle,2,false,clean
fruitfly_2_021003032111120_1-rectangle,2,false,clean
fruitfly_2_021003032111121_1-rectangle,2,false,clean
fruitfly_2_021003032111122_1-rectangle,2,false,clean
fruitfly_2_021003032111123_1-rectangle,2,false,clean
fruitfly_2_021003032111124_1-rectangle,2,false,clean
fruitfly_2_021003032111125_1-rectangle,2,false,clean
fruitfly_2_021003032111126_1-rectangle,2,false,clean
fruitfly_2_021003032111127_1-rectangle,2,false,clean
fruitfly_2_021003032111128_1-rectangle,2,false,clean
fruitfly_2_021003032111129_1-rectangle,2,false,clean
fruitfly_2_021003032111130_1-rectangle,2,false,clean
fruitfly_2_021003032111131_1-rectangle,2,false,clean
fruitfly_2_021003032111132_1-rectangle,2,false,clean
fruitfly_2_021003032111133_1-rectangle,2,false,clean
fruitfly_2_021003032111134_1-rectangle,2,false,clean
fruitfly_2_021003032111135_1-rectangle,2,false,clean
fruitfly_2_021003032111136_1-rectangle,2,false,clean
fruitfly_2_021003032111137_1-rectangle,2,false,clean
fruitfly_2_021003033111101_1-rectangle,2,false,clean
fruitfly_2_021003033111102_1-rectangle,2,false,clean
fruitfly_2_021003033111103_1-rectangle,2,false,clean
fruitfly_2_021003033111104_1-rectangle,2,false,clean
fruitfly_2_021003033111105_1-rectangle,2,true,label_flip_10
fruitfly_2_021003033111106_1-rectangle,2,false,clean
fruitfly_2_021003033111107_1-rectangle,2,false,clean
fruitfly_2_021003033111108_1-rectangle,2,false,clean
fruitfly_2_021003033111109_1-rectangle,2,false,clean
fruitfly_2_021003033111110_1-rectangle,2,true,label_flip_10
fruitfly_2_021003033111111_1-rectangle,2,false,clean
fruitfly_2_021003033111112_1-rectangle,2,false,clean
fruitfly_2_021003033111113_1-rectangle,2,false,clean
fruitfly_2_021003033111114_1-rectangle,2,false,clean
fruitfly_2_021003033111115_1-rectangle,2,false,clean
fruitfly_2_021003033111116_1-rectangle,2,false,clean
fruitfly_2_021003033111117_1-rectangle,2,false,clean
fruitfly_2_021003033111118_1-rectangle,2,false,clean
fruitfly_2_021003033111119_1-rectangle,2,false,clean
fruitfly_2_021003033111120_1-rectangle,2,false,clean
fruitfly_2_021003033111121_1-rectangle,2,false,clean
fruitfly_2_021003033111122_1-rectangle,2,false,clean
fruitfly_2_021003033111123_1-rectangle,2,false,clean
fruitfly_2_021003033111124_1-rectangle,2,false,clean
fruitfly_2_021003033111125_1-rectangle,2,false,clean
fruitfly_2_021003033111126_1-rectangle,2,false,clean
fruitfly_2_021003033111127_1-rectangle,2,true,label_flip_10
fruitfly_2_021003033111128_1-rectangle,2,false,clean
fruitfly_2_021003033111129_1-rectangle,2,false,clean
fruitfly_2_021003033111130_1-rectangle,2,false,clean
fruitfly_2_021003033111131_1-rectangle,2,false,clean
fruitfly_2_021003033111132_1-rectangle,2,false,clean
fruitfly_2_021003033111133_1-rectangle,2,false,clean
fruitfly_2_021003033111134_1-rectangle,2,true,label_flip_10
fruitfly_2_021003033111135_1-rectangle,2,false,clean
fruitfly_2_021003034111101_1-rectangle,2,false,clean
fruitfly_2_021003034111102_1-rectangle,2,false,clean
fruitfly_2_021003034111103_1-rectangle,2,false,clean
fruitfly_2_021003034111104_1-rectangle,2,false,clean
fruitfly_2_021003034111105_1-rectangle,2,false,clean
fruitfly_2_021003034111106_1-rectangle,2,false,clean
fruitfly_2_021003034111107_1-rectangle,2,false,clean
fruitfly_2_021003034111108_1-rectangle,2,false,clean
fruitfly_2_021003034111109_1-rectangle,2,false,clean
fruitfly_2_021003034111110_1-rectangle,2,false,clean
fruitfly_2_021003034111111_1-rectangle,2,false,clean
fruitfly_2_021003034111112_1-rectangle,2,false,clean
fruitfly_2_021003034111113_1-rectangle,2,false,clean
fruitfly_2_021003034111114_1-rectangle,2,false,clean
fruitfly_2_021003034111115_1-rectangle,2,false,clean
fruitfly_2_021003034111116_1-rectangle,2,false,clean
fruitfly_2_021003034111117_1-rectangle,2,false,clean
fruitfly_2_021003034111118_1-rectangle,2,false,clean
fruitfly_2_021003034111119_1-rectangle,2,false,clean
fruitfly_2_021003034111120_1-rectangle,2,false,clean
fruitfly_2_021003034111121_1-rectangle,2,false,clean
fruitfly_2_021003034111122_1-rectangle,2,false,clean
fruitfly_2_021003034111123_1-rectangle,2,false,clean
fruitfly_2_021003034111124_1-rectangle,2,false,clean
fruitfly_2_021003034111125_1-rectangle,2,false,clean
fruitfly_2_021003034111126_1-rectangle,2,false,clean
fruitfly_2_021003034111127_1-rectangle,2,false,clean
fruitfly_2_021003034111128_1-rectangle,2,false,clean
fruitfly_2_021003034111129_1-rectangle,2,false,clean
fruitfly_2_021003034111130_1-rectangle,2,false,clean
fruitfly_2_021003034111131_1-rectangle,2,false,clean
fruitfly_2_021003034111132_1-rectangle,2,false,clean
fruitfly_2_021003034111133_1-rectangle,2,false,clean
fruitfly_2_021003034111134_1-rectangle,2,false,clean
fruitfly_2_021003034111135_1-rectangle,2,false,clean
fruitfly_2_021003034111136_1-rectangle,2,true,label_flip_10
fruitfly_2_021003034111137_1-rectangle,2,false,clean
fruitfly_2_021003034111138_1-rectangle,2,false,clean
fruitfly_2_021003035111101_1-rectangle,2,false,clean
fruitfly_2_021003035111102_1-rectangle,2,true,label_flip_10
fruitfly_2_021003035111103_1-rectangle,2,true,label_flip_10
fruitfly_2_021003035111104_1-rectangle,2,true,label_flip_10
fruitfly_2_021003035111105_1-rectangle,2,false,clean
fruitfly_2_021003035111106_1-rectangle,2,false,clean
fruitfly_2_021003035111107_1-rectangle,2,false,clean
fruitfly_2_021003035111108_1-rectangle,2,false,clean
fruitfly_2_021003035111109_1-rectangle,2,true,label_flip_10
fruitfly_2_021003035111110_1-rectangle,2,false,clean
fruitfly_2_021003035111111_1-rectangle,2,false,clean
fruitfly_2_021003035111112_1-rectangle,2,false,clean
fruitfly_2_021003035111113_1-rectangle,2,true,label_flip_10
fruitfly_2_021003035111114_1-rectangle,2,false,clean
fruitfly_2_021003035111115_1-rectangle,2,false,clean
fruitfly_2_021003035111116_1-rectangle,2,false,clean
fruitfly_2_021003035111117_1-rectangle,2,false,clean
fruitfly_2_021003035111118_1-rectangle,2,false,clean
fruitfly_2_021003035111119_1-rectangle,2,false,clean
fruitfly_2_021003035111120_1-rectangle,2,false,clean
fruitfly_2_021003035111121_1-rectangle,2,false,clean
fruitfly_2_021003035111122_1-rectangle,2,false,clean
fruitfly_2_021003035111123_1-rectangle,2,false,clean
fruitfly_2_021003035111124_1-rectangle,2,false,clean
fruitfly_2_021003035111125_1-rectangle,2,false,clean
fruitfly_2_021003035111126_1-rectangle,2,false,clean
fruitfly_2_021003035111127_1-rectangle,2,false,clean
fruitfly_2_021003035111128_1-rectangle,2,false,clean
fruitfly_2_021003035111129_1-rectangle,2,false,clean
fruitfly_2_021003035111130_1-rectangle,2,false,clean
fruitfly_2_021003035111131_1-rectangle,2,false,clean
fruitfly_2_021003035111132_1-rectangle,2,false,clean
fruitfly_2_021003035111133_1-rectangle,2,false,clean
fruitfly_2_021003035111134_1-rectangle,2,false,clean
fruitfly_2_021003036111101_1-rectangle,2,false,clean
fruitfly_2_021003036111102_1-rectangle,2,true,label_flip_10
fruitfly_2_021003036111103_1-rectangle,2,false,clean
fruitfly_2_021003036111104_1-rectangle,2,false,clean
fruitfly_2_021003036111105_1-rectangle,2,false,clean
fruitfly_2_021003036111106_1-rectangle,2,false,clean
fruitfly_2_021003036111107_1-rectangle,2,false,clean
fruitfly_2_021003036111108_1-rectangle,2,false,clean
fruitfly_2_021003036111109_1-rectangle,2,false,clean
fruitfly_2_021003036111110_1-rectangle,2,false,clean
fruitfly_2_021003036111111_1-rectangle,2,false,clean
fruitfly_2_021003036111112_1-rectangle,2,false,clean
fruitfly_2_021003036111113_1-rectangle,2,false,clean
fruitfly_2_021003036111114_1-rectangle,2,false,clean
fruitfly_2_021003036111115_1-rectangle,2,false,clean
fruitfly_2_021003036111116_1-rectangle,2,false,clean
fruitfly_2_021003036111117_1-rectangle,2,false,clean
fruitfly_2_021003036111118_1-rectangle,2,false,clean
fruitfly_2_021003036111119_1-rectangle,2,false,clean
fruitfly_2_021003036111120_1-rectangle,2,false,clean
fruitfly_2_021003036111121_1-rectangle,2,false,clean
fruitfly_2_021003036111122_1-rectangle,2,false,clean
fruitfly_2_021003036111123_1-rectangle,2,false,clean
fruitfly_2_021003036111124_1-rectangle,2,false,clean
fruitfly_2_021003036111125_1-rectangle,2,false,clean
fruitfly_2_021003036111126_1-rectangle,2,false,clean
fruitfly_2_021003036111127_1-rectangle,2,false,clean
fruitfly_2_021003036111128_1-rectangle,2,false,clean
fruitfly_2_021003036111129_1-rectangle,2,false,clean
fruitfly_2_021003036111130_1-rectangle,2,false,clean
fruitfly_2_021003036111131_1-rectangle,2,false,clean
fruitfly_2_021003036111132_1-rectangle,2,true,label_flip_10
fruitfly_2_021003036111133_1-rectangle,2,false,clean
fruitfly_2_021003036111134_1-rectangle,2,false,clean
fruitfly_2_021003036111135_1-rectangle,2,true,label_flip_10
fruitfly_2_021003036111136_1-rectangle,2,false,clean
fruitfly_2_021003036111137_1-rectangle,2,false,clean
fruitfly_2_021003036111138_1-rectangle,2,false,clean
fruitfly_2_021003036111139_1-rectangle,2,false,clean
fruitfly_2_021003036111140_1-rectangle,2,false,clean
fruitfly_2_021003037111101_1-rectangle,2,false,clean
fruitfly_2_021003037111102_1-rectangle,2,true,label_flip_10
fruitfly_2_021003037111103_1-rectangle,2,false,clean
fruitfly_2_021003037111104_1-rectangle,2,false,clean
fruitfly_2_021003037111105_1-rectangle,2,false,clean
fruitfly_2_021003037111106_1-rectangle,2,false,clean
fruitfly_2_021003037111107_1-rectangle,2,true,label_flip_10
fruitfly_2_021003037111108_1-rectangle,2,false,clean
fruitfly_2_021003037111109_1-rectangle,2,false,clean
fruitfly_2_021003037111110_1-rectangle,2,true,label_flip_10
fruitfly_2_021003037111111_1-rectangle,2,false,clean
fruitfly_2_021003037111112_1-rectangle,2,false,clean
fruitfly_2_021003037111113_1-rectangle,2,false,clean
fruitfly_2_021003037111114_1-rectangle,2,false,clean
fruitfly_2_021003037111115_1-rectangle,2,false,clean
fruitfly_2_021003037111116_1-rectangle,2,false,clean
fruitfly_2_021003037111117_1-rectangle,2,false,clean
fruitfly_2_021003037111118_1-rectangle,2,false,clean
fruitfly_2_021003037111119_1-rectangle,2,false,clean
fruitfly_2_021003037111120_1-rectangle,2,false,clean
fruitfly_2_021003037111121_1-rectangle,2,false,clean
fruitfly_2_021003037111122_1-rectangle,2,false,clean
fruitfly_2_021003037111123_1-rectangle,2,false,clean
fruitfly_2_021003037111124_1-rectangle,2,false,clean
fruitfly_2_021003037111125_1-rectangle,2,false,clean
fruitfly_2_021003037111126_1-rectangle,2,false,clean
fruitfly_2_021003037111127_1-rectangle,2,false,clean
fruitfly_2_021003037111128_1-rectangle,2,false,clean
fruitfly_2_021003037111129_1-rectangle,2,false,clean
fruitfly_2_021003037111130_1-rectangle,2,false,clean
fruitfly_2_021003037111131_1-rectangle,2,false,clean
fruitfly_2_021003038111101_1-rectangle,2,false,clean
fruitfly_2_021003038111102_1-rectangle,2,true,label_flip_10
fruitfly_2_021003038111103_1-rectangle,2,true,label_flip_10
fruitfly_2_021003038111104_1-rectangle,2,false,clean
fruitfly_2_021003038111105_1-rectangle,2,false,clean
fruitfly_2_021003038111106_1-rectangle,2,false,clean
fruitfly_2_021003038111107_1-rectangle,2,false,clean
fruitfly_2_021003038111108_1-rectangle,2,false,clean
fruitfly_2_021003038111109_1-rectangle,2,false,clean
fruitfly_2_021003038111110_1-rectangle,2,false,clean
fruitfly_2_021003038111111_1-rectangle,2,false,clean
fruitfly_2_021003038111112_1-rectangle,2,false,clean
fruitfly_2_021003038111113_1-rectangle,2,false,clean
fruitfly_2_021003038111114_1-rectangle,2,false,clean
fruitfly_2_021003038111115_1-rectangle,2,false,clean
fruitfly_2_021003038111116_1-rectangle,2,false,clean
fruitfly_2_021003038111117_1-rectangle,2,false,clean
fruitfly_2_021003038111118_1-rectangle,2,false,clean
fruitfly_2_021003038111119_1-rectangle,2,false,clean
fruitfly_2_021003038111120_1-rectangle,2,false,clean
fruitfly_2_021003038111121_1-rectangle,2,true,label_flip_10
fruitfly_2_021003038111122_1-rectangle,2,false,clean
fruitfly_2_021003038111123_1-rectangle,2,false,clean
fruitfly_2_021003038111124_1-rectangle,2,false,clean
fruitfly_2_021003038111125_1-rectangle,2,false,clean
fruitfly_2_021003038111126_1-rectangle,2,false,clean
fruitfly_2_021003038111127_1-rectangle,2,false,clean
fruitfly_2_021003038111128_1-rectangle,2,false,clean
fruitfly_2_021003038111129_1-rectangle,2,false,clean
fruitfly_2_021003038111130_1-rectangle,2,false,clean
fruitfly_2_021003038111131_1-rectangle,2,false,clean
fruitfly_2_021003039111101_1-rectangle,2,false,clean
fruitfly_2_021003039111102_1-rectangle,2,false,clean
fruitfly_2_021003039111103_1-rectangle,2,false,clean
fruitfly_2_021003039111104_1-rectangle,2,false,clean
fruitfly_2_021003039111105_1-rectangle,2,false,clean
fruitfly_2_021003039111106_1-rectangle,2,false,clean
fruitfly_2_021003039111107_1-rectangle,2,false,clean
fruitfly_2_021003039111108_1-rectangle,2,false,clean
fruitfly_2_021003039111109_1-rectangle,2,false,clean
fruitfly_2_021003039111110_1-rectangle,2,false,clean
fruitfly_2_021003039111111_1-rectangle,2,false,clean
fruitfly_2_021003039111112_1-rectangle,2,false,clean
fruitfly_2_021003039111113_1-rectangle,2,false,clean
fruitfly_2_021003039111114_1-rectangle,2,false,clean
fruitfly_2_021003039111115_1-rectangle,2,false,clean
fruitfly_2_021003039111116_1-rectangle,2,false,clean
fruitfly_2_021003039111117_1-rectangle,2,false,clean
fruitfly_2_021003039111118_1-rectangle,2,false,clean
fruitfly_2_021003039111119_1-rectangle,2,false,clean
fruitfly_2_021003039111120_1-rectangle,2,false,clean
fruitfly_2_021003039111121_1-rectangle,2,true,label_flip_10
fruitfly_2_021003039111122_1-rectangle,2,false,clean
fruitfly_2_021003039111123_1-rectangle,2,false,clean
fruitfly_2_021003039111124_1-rectangle,2,true,label_flip_10
fruitfly_2_021003039111125_1-rectangle,2,false,clean
fruitfly_2_021003039111126_1-rectangle,2,false,clean
fruitfly_2_021003039111127_1-rectangle,2,false,clean
fruitfly_2_021003039111128_1-rectangle,2,false,clean
fruitfly_2_021003039111129_1-rectangle,2,false,clean
fruitfly_2_021003039111130_1-rectangle,2,false,clean
fruitfly_2_021003039111131_1-rectangle,2,false,clean
fruitfly_2_021003039111132_1-rectangle,2,false,clean
fruitfly_2_021003040111101_1-rectangle,2,false,clean
fruitfly_2_021003040111102_1-rectangle,2,false,clean
fruitfly_2_021003040111103_1-rectangle,2,false,clean
fruitfly_2_021003040111104_1-rectangle,2,false,clean
fruitfly_2_021003040111105_1-rectangle,2,false,clean
fruitfly_2_021003040111106_1-rectangle,2,false,clean
fruitfly_2_021003040111107_1-rectangle,2,false,clean
fruitfly_2_021003040111108_1-rectangle,2,false,clean
fruitfly_2_021003040111109_1-rectangle,2,false,clean
fruitfly_2_021003040111110_1-rectangle,2,true,label_flip_10
fruitfly_2_021003040111111_1-rectangle,2,false,clean
fruitfly_2_021003040111112_1-rectangle,2,false,clean
fruitfly_2_021003040111113_1-rectangle,2,false,clean
fruitfly_2_021003040111114_1-rectangle,2,false,clean
fruitfly_2_021003040111115_1-rectangle,2,false,clean
fruitfly_2_021003040111116_1-rectangle,2,true,label_flip_10
fruitfly_2_021003040111117_1-rectangle,2,false,clean
fruitfly_2_021003040111118_1-rectangle,2,false,clean
fruitfly_2_021003040111119_1-rectangle,2,true,label_flip_10
fruitfly_2_021003040111120_1-rectangle,2,false,clean
fruitfly_2_021003040111121_1-rectangle,2,false,clean
fruitfly_2_021003040111122_1-rectangle,2,true,label_flip_10
fruitfly_2_021003040111123_1-rectangle,2,false,clean
fruitfly_2_021003040111124_1-rectangle,2,false,clean
fruitfly_2_021003040111125_1-rectangle,2,false,clean
fruitfly_2_021003040111126_1-rectangle,2,false,clean
fruitfly_2_021003040111127_1-rectangle,2,false,clean
fruitfly_2_021003040111128_1-rectangle,2,false,clean
fruitfly_2_021003040111129_1-rectangle,2,false,clean
fruitfly_2_021003041111101_1-rectangle,2,false,clean
fruitfly_2_021003041111102_1-rectangle,2,false,clean
fruitfly_2_021003041111103_1-rectangle,2,false,clean
fruitfly_2_021003041111104_1-rectangle,2,false,clean
fruitfly_2_021003041111105_1-rectangle,2,false,clean
fruitfly_2_021003041111106_1-rectangle,2,false,clean
fruitfly_2_021003041111107_1-rectangle,2,false,clean
fruitfly_2_021003041111108_1-rectangle,2,false,clean
fruitfly_2_021003041111109_1-rectangle,2,false,clean
fruitfly_2_021003041111110_1-rectangle,2,true,label_flip_10
fruitfly_2_021003041111111_1-rectangle,2,false,clean
fruitfly_2_021003041111112_1-rectangle,2,false,clean
fruitfly_2_021003041111113_1-rectangle,2,true,label_flip_10
fruitfly_2_021003041111114_1-rectangle,2,false,clean
fruitfly_2_021003041111115_1-rectangle,2,false,clean
fruitfly_2_021003041111116_1-rectangle,2,false,clean
fruitfly_2_021003041111117_1-rectangle,2,false,clean
fruitfly_2_021003041111118_1-rectangle,2,false,clean
fruitfly_2_021003041111119_1-rectangle,2,false,clean
fruitfly_2_021003041111120_1-rectangle,2,true,label_flip_10
fruitfly_2_021003041111121_1-rectangle,2,false,clean
fruitfly_2_021003041111122_1-rectangle,2,false,clean
fruitfly_2_021003041111123_1-rectangle,2,true,label_flip_10
fruitfly_2_021003041111124_1-rectangle,2,false,clean
fruitfly_2_021003041111125_1-rectangle,2,false,clean
fruitfly_2_021003041111126_1-rectangle,2,false,clean
fruitfly_2_021003041111127_1-rectangle,2,false,clean
fruitfly_2_021003044111101_1-rectangle,2,false,clean
fruitfly_2_021003044111102_1-rectangle,2,false,clean
fruitfly_2_021003044111103_1-rectangle,2,false,clean
fruitfly_2_021003044111104_1-rectangle,2,true,label_flip_10
fruitfly_2_021003044111105_1-rectangle,2,false,clean
fruitfly_2_021003044111106_1-rectangle,2,false,clean
fruitfly_2_021003044111107_1-rectangle,2,false,clean
fruitfly_2_021003044111108_1-rectangle,2,false,clean
fruitfly_2_021003044111109_1-rectangle,2,false,clean
fruitfly_2_021003044111110_1-rectangle,2,false,clean
fruitfly_2_021003044111111_1-rectangle,2,false,clean
fruitfly_2_021003044111112_1-rectangle,2,false,clean
fruitfly_2_021003044111113_1-rectangle,2,true,label_flip_10
fruitfly_2_021003044111114_1-rectangle,2,true,label_flip_10
fruitfly_2_021003044111115_1-rectangle,2,false,clean
fruitfly_2_021003044111116_1-rectangle,2,false,clean
fruitfly_2_021003046111101_1-rectangle,2,false,clean
fruitfly_2_021003046111102_1-rectangle,2,false,clean
fruitfly_2_021003046111103_1-rectangle,2,false,clean
fruitfly_2_021003046111104_1-rectangle,2,false,clean
fruitfly_2_021003046111105_1-rectangle,2,false,clean
fruitfly_2_021003046111106_1-rectangle,2,false,clean
fruitfly_2_021003046111107_1-rectangle,2,false,clean
fruitfly_2_021003046111108_1-rectangle,2,false,clean
fruitfly_2_021003046111109_1-rectangle,2,false,clean
fruitfly_2_021003046111110_1-rectangle,2,false,clean
fruitfly_2_021003046111111_1-rectangle,2,false,clean
fruitfly_2_021003046111112_1-rectangle,2,false,clean
fruitfly_2_021003046111113_1-rectangle,2,false,clean
fruitfly_2_021003047111101_1-rectangle,2,false,clean
fruitfly_2_021003047111102_1-rectangle,2,true,label_flip_10
fruitfly_2_021003047111103_1-rectangle,2,false,clean
fruitfly_2_021003047111104_1-rectangle,2,false,clean
fruitfly_2_021003047111105_1-rectangle,2,false,clean
fruitfly_2_021003047111106_1-rectangle,2,false,clean
fruitfly_2_021003047111107_1-rectangle,2,true,label_flip_10
fruitfly_2_021003047111108_1-rectangle,2,false,clean
fruitfly_2_021003047111109_1-rectangle,2,false,clean
fruitfly_2_021003047111110_1-rectangle,2,true,label_flip_10
fruitfly_2_021003047111111_1-rectangle,2,false,clean
fruitfly_2_021003047111112_1-rectangle,2,false,clean
fruitfly_2_021003047111113_1-rectangle,2,false,clean
fruitfly_2_021003047111114_1-rectangle,2,false,clean
fruitfly_2_021003047111115_1-rectangle,2,false,clean
fruitfly_2_021003047111116_1-rectangle,2,false,clean
fruitfly_2_021003047111117_1-rectangle,2,false,clean
fruitfly_2_021003047111118_1-rectangle,2,false,clean
fruitfly_2_021003048111101_1-rectangle,2,false,clean
fruitfly_2_021003048111102_1-rectangle,2,true,label_flip_10
fruitfly_2_021003048111103_1-rectangle,2,false,clean
fruitfly_2_021003048111104_1-rectangle,2,false,clean
fruitfly_2_021003048111105_1-rectangle,2,false,clean
fruitfly_2_021003048111106_1-rectangle,2,true,label_flip_10
fruitfly_2_021003048111107_1-rectangle,2,false,clean
fruitfly_2_021003048111108_1-rectangle,2,false,clean
fruitfly_2_021003048111109_1-rectangle,2,false,clean
fruitfly_2_021003048111110_1-rectangle,2,false,clean
fruitfly_2_021003048111111_1-rectangle,2,false,clean
fruitfly_2_021003048111112_1-rectangle,2,false,clean
fruitfly_2_021003048111113_1-rectangle,2,false,clean
fruitfly_2_021003048111114_1-rectangle,2,false,clean
fruitfly_2_021003048111115_1-rectangle,2,false,clean
fruitfly_2_021003048111116_1-rectangle,2,false,clean
fruitfly_2_021003048111117_1-rectangle,2,false,clean
fruitfly_2_021003049111101_1-rectangle,2,false,clean
fruitfly_2_021003049111102_1-rectangle,2,false,clean
fruitfly_2_021003049111103_1-rectangle,2,false,clean
fruitfly_2_021003049111104_1-rectangle,2,false,clean
fruitfly_2_021003049111105_1-rectangle,2,false,clean
fruitfly_2_021003049111106_1-rectangle,2,true,label_flip_10
fruitfly_2_021003049111107_1-rectangle,2,false,clean
fruitfly_2_021003049111108_1-rectangle,2,false,clean
fruitfly_2_021003049111109_1-rectangle,2,false,clean
fruitfly_2_021003049111110_1-rectangle,2,false,clean
fruitfly_2_021003049111111_1-rectangle,2,true,label_flip_10
fruitfly_2_021003049111112_1-rectangle,2,true,label_flip_10
fruitfly_2_021003049111113_1-rectangle,2,false,clean
fruitfly_2_021003049111114_1-rectangle,2,true,label_flip_10
fruitfly_2_021003049111115_1-rectangle,2,false,clean
fruitfly_2_021003050111101_1-rectangle,2,false,clean
fruitfly_2_021003050111102_1-rectangle,2,true,label_flip_10
fruitfly_2_021003050111103_1-rectangle,2,false,clean
fruitfly_2_021003050111104_1-rectangle,2,false,clean
fruitfly_2_021003050111105_1-rectangle,2,false,clean
fruitfly_2_021003050111106_1-rectangle,2,false,clean
fruitfly_2_021003050111107_1-rectangle,2,false,clean
fruitfly_2_021003050111108_1-rectangle,2,false,clean
fruitfly_2_021003050111109_1-rectangle,2,false,clean
fruitfly_2_021003050111110_1-rectangle,2,false,clean
fruitfly_2_021003050111111_1-rectangle,2,false,clean
fruitfly_2_021003050111112_1-rectangle,2,false,clean
fruitfly_2_021003050111113_1-rectangle,2,false,clean
fruitfly_2_021003050111114_1-rectangle,2,false,clean
fruitfly_2_021003050111115_1-rectangle,2,false,clean
fruitfly_2_021003050111116_1-rectangle,2,false,clean
fruitfly_2_021003050111117_1-rectangle,2,false,clean
fruitfly_2_021003054111101_1-rectangle,2,false,clean
fruitfly_2_021003054111102_1-rectangle,2,false,clean
fruitfly_2_021003054111103_1-rectangle,2,false,clean
fruitfly_2_021003054111104_1-rectangle,2,false,clean
fruitfly_2_021003054111105_1-rectangle,2,false,clean
fruitfly_2_021003054111106_1-rectangle,2,false,clean
fruitfly_2_021003054111107_1-rectangle,2,false,clean
fruitfly_2_021003054111108_1-rectangle,2,false,clean
fruitfly_2_021003054111109_1-rectangle,2,false,clean
fruitfly_2_021003054111110_1-rectangle,2,false,clean
fruitfly_2_021003054111111_1-rectangle,2,false,clean
fruitfly_2_021003054111112_1-rectangle,2,true,label_flip_10
fruitfly_2_021003054111113_1-rectangle,2,false,clean
fruitfly_2_021003054111114_1-rectangle,2,false,clean
fruitfly_2_021003054111115_1-rectangle,2,false,clean
fruitfly_2_021003054111116_1-rectangle,2,false,clean
fruitfly_2_021003056111101_1-rectangle,2,false,clean
fruitfly_2_021003056111102_1-rectangle,2,false,clean
fruitfly_2_021003056111103_1-rectangle,2,false,clean
fruitfly_2_021003056111104_1-rectangle,2,false,clean
fruitfly_2_021003056111105_1-rectangle,2,false,clean
fruitfly_2_021003056111106_1-rectangle,2,false,clean
fruitfly_2_021003056111107_1-rectangle,2,false,clean
fruitfly_2_021003056111108_1-rectangle,2,false,clean
fruitfly_2_021003056111109_1-rectangle,2,false,clean
fruitfly_2_021003056111110_1-rectangle,2,false,clean
fruitfly_2_021003056111111_1-rectangle,2,false,clean
fruitfly_2_021003056111112_1-rectangle,2,false,clean
fruitfly_2_021003056111113_1-rectangle,2,false,clean
fruitfly_2_021003056111114_1-rectangle,2,false,clean
fruitfly_2_021003056111115_1-rectangle,2,false,clean
fruitfly_2_021003056111116_1-rectangle,2,false,clean
fruitfly_2_021003056111117_1-rectangle,2,false,clean
fruitfly_2_021003056111118_1-rectangle,2,false,clean
fruitfly_2_021003057111101_1-rectangle,2,false,clean
fruitfly_2_021003057111102_1-rectangle,2,false,clean
fruitfly_2_021003057111103_1-rectangle,2,false,clean
fruitfly_2_021003057111104_1-rectangle,2,false,clean
fruitfly_2_021003057111105_1-rectangle,2,false,clean
fruitfly_2_021003057111106_1-rectangle,2,false,clean
fruitfly_2_021003057111107_1-rectangle,2,false,clean
fruitfly_2_021003057111108_1-rectangle,2,true,label_flip_10
fruitfly_2_021003057111109_1-rectangle,2,false,clean
fruitfly_2_021003057111110_1-rectangle,2,false,clean
fruitfly_2_021003057111111_1-rectangle,2,false,clean
fruitfly_2_021003057111112_1-rectangle,2,false,clean
fruitfly_2_021003057111113_1-rectangle,2,true,label_flip_10
fruitfly_2_021003057111114_1-rectangle,2,false,clean
fruitfly_2_021003057111115_1-rectangle,2,false,clean
fruitfly_2_021003057111116_1-rectangle,2,false,clean
fruitfly_2_021003057111117_1-rectangle,2,false,clean
fruitfly_2_021003057111118_1-rectangle,2,true,label_flip_10
fruitfly_2_021003057111119_1-rectangle,2,false,clean
fruitfly_2_021003057111120_1-rectangle,2,false,clean
fruitfly_2_021003057111121_1-rectangle,2,false,clean
fruitfly_2_021003057111122_1-rectangle,2,false,clean
fruitfly_2_021003057111123_1-rectangle,2,false,clean
fruitfly_2_021003057111124_1-rectangle,2,false,clean
fruitfly_2_021003057111125_1-rectangle,2,false,clean
fruitfly_2_021003058111101_1-rectangle,2,false,clean
fruitfly_2_021003058111102_1-rectangle,2,false,clean
fruitfly_2_021003058111103_1-rectangle,2,false,clean
fruitfly_2_021003058111104_1-rectangle,2,false,clean
fruitfly_2_021003058111105_1-rectangle,2,false,clean
fruitfly_2_021003058111106_1-rectangle,2,false,clean
fruitfly_2_021003058111107_1-rectangle,2,false,clean
fruitfly_2_021003058111108_1-rectangle,2,true,label_flip_10
fruitfly_2_021003058111109_1-rectangle,2,false,clean
fruitfly_2_021003058111110_1-rectangle,2,false,clean
fruitfly_2_021003058111111_1-rectangle,2,false,clean
fruitfly_2_021003058111112_1-rectangle,2,false,clean
fruitfly_2_021003058111113_1-rectangle,2,true,label_flip_10
fruitfly_2_021003058111114_1-rectangle,2,false,clean
fruitfly_2_021003058111115_1-rectangle,2,false,clean
fruitfly_2_021003058111116_1-rectangle,2,false,clean
fruitfly_2_021003058111117_1-rectangle,2,false,clean
fruitfly_2_021003058111118_1-rectangle,2,false,clean
fruitfly_2_021003058111119_1-rectangle,2,false,clean
fruitfly_2_021003058111120_1-rectangle,2,false,clean
fruitfly_2_021003061111101_1-rectangle,2,false,clean
fruitfly_2_021003061111102_1-rectangle,2,false,clean
fruitfly_2_021003061111103_1-rectangle,2,false,clean
fruitfly_2_021003061111104_1-rectangle,2,false,clean
fruitfly_2_021003061111105_1-rectangle,2,false,clean
fruitfly_2_021003061111106_1-rectangle,2,false,clean
fruitfly_2_021003061111107_1-rectangle,2,true,label_flip_10
fruitfly_2_021003061111108_1-rectangle,2,false,clean
fruitfly_2_021003061111109_1-rectangle,2,false,clean
fruitfly_2_021003061111110_1-rectangle,2,false,clean
fruitfly_2_021003061111111_1-rectangle,2,false,clean
fruitfly_2_021003061111112_1-rectangle,2,false,clean
fruitfly_2_021003061111113_1-rectangle,2,false,clean
fruitfly_2_021003061111114_1-rectangle,2,false,clean
fruitfly_2_021003061111115_1-rectangle,2,false,clean
fruitfly_2_021003061111116_1-rectangle,2,false,clean
fruitfly_2_021003061111117_1-rectangle,2,false,clean
fruitfly_2_021003061111118_1-rectangle,2,false,clean
fruitfly_2_021003061111119_1-rectangle,2,false,clean
fruitfly_2_021003061111120_1-rectangle,2,false,clean
fruitfly_2_021003061111121_1-rectangle,2,false,clean
fruitfly_2_021003061111122_1-rectangle,2,false,clean
fruitfly_2_021003061111123_1-rectangle,2,false,clean
fruitfly_2_021003061111124_1-rectangle,2,false,clean
fruitfly_2_021003061111125_1-rectangle,2,false,clean
fruitfly_2_021003061111126_1-rectangle,2,false,clean
fruitfly_2_021003061111127_1-rectangle,2,false,clean
fruitfly_2_021003065111101_1-rectangle,2,false,clean
fruitfly_2_021003065111102_1-rectangle,2,true,label_flip_10
fruitfly_2_021003065111103_1-rectangle,2,false,clean
fruitfly_2_021003065111104_1-rectangle,2,false,clean
fruitfly_2_021003065111105_1-rectangle,2,false,clean
fruitfly_2_021003065111106_1-rectangle,2,false,clean
fruitfly_2_021003065111107_1-rectangle,2,false,clean
fruitfly_2_021003065111108_1-rectangle,2,false,clean
fruitfly_2_021003065111109_1-rectangle,2,false,clean
fruitfly_2_021003065111110_1-rectangle,2,false,clean
fruitfly_2_021003065111111_1-rectangle,2,false,clean
fruitfly_2_021003065111112_1-rectangle,2,false,clean
fruitfly_2_021003065111113_1-rectangle,2,false,clean
fruitfly_2_021003065111114_1-rectangle,2,false,clean
fruitfly_2_021003065111115_1-rectangle,2,false,clean
fruitfly_2_021003065111116_1-rectangle,2,false,clean
fruitfly_2_021003065111117_1-rectangle,2,false,clean
fruitfly_2_021003065111118_1-rectangle,2,false,clean
fruitfly_2_021003065111119_1-rectangle,2,false,clean
fruitfly_2_021003065111120_1-rectangle,2,false,clean
fruitfly_2_021003065111121_1-rectangle,2,false,clean
fruitfly_2_021003065111122_1-rectangle,2,false,clean
fruitfly_2_021003065111123_1-rectangle,2,false,clean
fruitfly_2_021003065111124_1-rectangle,2,false,clean
fruitfly_2_021003065111125_1-rectangle,2,false,clean
fruitfly_2_021003065111126_1-rectangle,2,false,clean
fruitfly_2_021003066111101_1-rectangle,2,false,clean
fruitfly_2_021003066111102_1-rectangle,2,false,clean
fruitfly_2_021003066111103_1-rectangle,2,false,clean
fruitfly_2_021003066111104_1-rectangle,2,false,clean
fruitfly_2_021003066111105_1-rectangle,2,true,label_flip_10
fruitfly_2_021003066111106_1-rectangle,2,false,clean
fruitfly_2_021003066111107_1-rectangle,2,false,clean
fruitfly_2_021003066111108_1-rectangle,2,false,clean
fruitfly_2_021003066111109_1-rectangle,2,false,clean
fruitfly_2_021003066111110_1-rectangle,2,false,clean
fruitfly_2_021003066111111_1-rectangle,2,false,clean
fruitfly_2_021003066111112_1-rectangle,2,false,clean
fruitfly_2_021003066111113_1-rectangle,2,false,clean
fruitfly_2_021003066111114_1-rectangle,2,false,clean
fruitfly_2_021003066111115_1-rectangle,2,false,clean
fruitfly_2_021003066111116_1-rectangle,2,false,clean
fruitfly_2_021003066111117_1-rectangle,2,false,clean
fruitfly_2_021003066111118_1-rectangle,2,false,clean
fruitfly_2_021003066111119_1-rectangle,2,false,clean
fruitfly_2_021003066111120_1-rectangle,2,false,clean
fruitfly_2_021003066111121_1-rectangle,2,false,clean
fruitfly_2_021003066111122_1-rectangle,2,false,clean
fruitfly_2_021003066111123_1-rectangle,2,false,clean
fruitfly_2_021003066111124_1-rectangle,2,false,clean
fruitfly_2_021003066111125_1-rectangle,2,false,clean
fruitfly_2_021003066111126_1-rectangle,2,false,clean
fruitfly_2_021003066111127_1-rectangle,2,false,clean
fruitfly_2_021003067111101_1-rectangle,2,false,clean
fruitfly_2_021003067111102_1-rectangle,2,false,clean
fruitfly_2_021003067111103_1-rectangle,2,false,clean
fruitfly_2_021003067111104_1-rectangle,2,false,clean
fruitfly_2_021003067111105_1-rectangle,2,false,clean
fruitfly_2_021003067111106_1-rectangle,2,false,clean
fruitfly_2_021003067111107_1-rectangle,2,false,clean
fruitfly_2_021003067111108_1-rectangle,2,false,clean
fruitfly_2_021003067111109_1-rectangle,2,false,clean
fruitfly_2_021003067111110_1-rectangle,2,false,clean
fruitfly_2_021003067111111_1-rectangle,2,false,clean
fruitfly_2_021003067111112_1-rectangle,2,false,clean
fruitfly_2_021003067111113_1-rectangle,2,false,clean
fruitfly_2_021003067111114_1-rectangle,2,false,clean
fruitfly_2_021003067111115_1-rectangle,2,false,clean
fruitfly_2_021003067111116_1-rectangle,2,false,clean
fruitfly_2_021003067111117_1-rectangle,2,true,label_flip_10
fruitfly_2_021003067111118_1-rectangle,2,false,clean
fruitfly_2_021003067111119_1-rectangle,2,true,label_flip_10
fruitfly_2_021003067111120_1-rectangle,2,false,clean
fruitfly_2_021003067111121_1-rectangle,2,false,clean
fruitfly_2_021003067111122_1-rectangle,2,false,clean
fruitfly_2_021003067111123_1-rectangle,2,true,label_flip_10
fruitfly_2_021003067111124_1-rectangle,2,false,clean
fruitfly_2_021003068111101_1-rectangle,2,false,clean
fruitfly_2_021003068111102_1-rectangle,2,false,clean
fruitfly_2_021003068111103_1-rectangle,2,false,clean
fruitfly_2_021003068111104_1-rectangle,2,false,clean
fruitfly_2_021003068111105_1-rectangle,2,false,clean
fruitfly_2_021003068111106_1-rectangle,2,false,clean
fruitfly_2_021003068111107_1-rectangle,2,false,clean
fruitfly_2_021003068111108_1-rectangle,2,true,label_flip_10
fruitfly_2_021003068111109_1-rectangle,2,false,clean
fruitfly_2_021003068111110_1-rectangle,2,false,clean
fruitfly_2_021003068111111_1-rectangle,2,false,clean
fruitfly_2_021003068111112_1-rectangle,2,false,clean
fruitfly_2_021003068111113_1-rectangle,2,true,label_flip_10
fruitfly_2_021003068111114_1-rectangle,2,false,clean
fruitfly_2_021003068111115_1-rectangle,2,false,clean
fruitfly_2_021003068111116_1-rectangle,2,false,clean
fruitfly_2_021003068111117_1-rectangle,2,false,clean
fruitfly_2_021003068111118_1-rectangle,2,false,clean
fruitfly_2_021003068111119_1-rectangle,2,false,clean
fruitfly_2_021003068111120_1-rectangle,2,false,clean
fruitfly_2_021003068111121_1-rectangle,2,false,clean
fruitfly_2_021003068111122_1-rectangle,2,true,label_flip_10
fruitfly_2_021003068111123_1-rectangle,2,false,clean
fruitfly_2_021003068111124_1-rectangle,2,false,clean
fruitfly_2_021003068111125_1-rectangle,2,false,clean
fruitfly_2_021003068111126_1-rectangle,2,false,clean
fruitfly_2_021003068111127_1-rectangle,2,false,clean
fruitfly_2_021003071111101_1-rectangle,2,false,clean
fruitfly_2_021003071111102_1-rectangle,2,false,clean
fruitfly_2_021003071111103_1-rectangle,2,false,clean
fruitfly_2_021003071111104_1-rectangle,2,false,clean
fruitfly_2_021003071111105_1-rectangle,2,true,label_flip_10
fruitfly_2_021003071111106_1-rectangle,2,false,clean
fruitfly_2_021003071111107_1-rectangle,2,false,clean
fruitfly_2_021003071111108_1-rectangle,2,false,clean
fruitfly_2_021003071111109_1-rectangle,2,false,clean
fruitfly_2_021003071111110_1-rectangle,2,false,clean
fruitfly_2_021003071111111_1-rectangle,2,false,clean
fruitfly_2_021003071111112_1-rectangle,2,false,clean
fruitfly_2_021003071111113_1-rectangle,2,false,clean
fruitfly_2_021003071111114_1-rectangle,2,false,clean
fruitfly_2_021003071111115_1-rectangle,2,false,clean
fruitfly_2_021003071111116_1-rectangle,2,false,clean
fruitfly_2_021003071111117_1-rectangle,2,false,clean
fruitfly_2_021003071111118_1-rectangle,2,false,clean
fruitfly_2_021003071111119_1-rectangle,2,false,clean
fruitfly_2_021003071111120_1-rectangle,2,true,label_flip_10
fruitfly_2_021003071111121_1-rectangle,2,false,clean
fruitfly_2_021003071111122_1-rectangle,2,false,clean
fruitfly_2_021003071111123_1-rectangle,2,false,clean
fruitfly_2_021003071111124_1-rectangle,2,false,clean
fruitfly_2_021003071111125_1-rectangle,2,false,clean
fruitfly_2_021003071111126_1-rectangle,2,false,clean
fruitfly_2_021003072111101_1-rectangle,2,true,label_flip_10
fruitfly_2_021003072111102_1-rectangle,2,false,clean
fruitfly_2_021003072111103_1-rectangle,2,false,clean
fruitfly_2_021003072111104_1-rectangle,2,false,clean
fruitfly_2_021003072111105_1-rectangle,2,false,clean
fruitfly_2_021003072111106_1-rectangle,2,true,label_flip_10
fruitfly_2_021003072111107_1-rectangle,2,true,label_flip_10
fruitfly_2_021003072111108_1-rectangle,2,true,label_flip_10
fruitfly_2_021003072111109_1-rectangle,2,false,clean
fruitfly_2_021003072111110_1-rectangle,2,false,clean
fruitfly_2_021003072111111_1-rectangle,2,false,clean
fruitfly_2_021003072111112_1-rectangle,2,true,label_flip_10
fruitfly_2_021003072111113_1-rectangle,2,false,clean
fruitfly_2_021003072111114_1-rectangle,2,false,clean
fruitfly_2_021003072111115_1-rectangle,2,false,clean
fruitfly_2_021003072111116_1-rectangle,2,false,clean
fruitfly_2_021003072111117_1-rectangle,2,true,label_flip_10
fruitfly_2_021003072111118_1-rectangle,2,false,clean
fruitfly_2_021003072111119_1-rectangle,2,false,clean
fruitfly_2_021003072111120_1-rectangle,2,false,clean
fruitfly_2_021003073111101_1-rectangle,2,true,label_flip_10
fruitfly_2_021003073111102_1-rectangle,2,false,clean
fruitfly_2_021003073111103_1-rectangle,2,false,clean
fruitfly_2_021003073111104_1-rectangle,2,false,clean
fruitfly_2_021003073111105_1-rectangle,2,false,clean
fruitfly_2_021003073111106_1-rectangle,2,false,clean
fruitfly_2_021003073111107_1-rectangle,2,false,clean
fruitfly_2_021003073111108_1-rectangle,2,false,clean
fruitfly_2_021003073111109_1-rectangle,2,false,clean
fruitfly_2_021003073111110_1-rectangle,2,false,clean
fruitfly_2_021003073111111_1-rectangle,2,false,clean
fruitfly_2_021003073111112_1-rectangle,2,false,clean
fruitfly_2_021003073111113_1-rectangle,2,false,clean
fruitfly_2_021003073111114_1-rectangle,2,false,clean
fruitfly_2_021003073111115_1-rectangle,2,false,clean
fruitfly_2_021003073111116_1-rectangle,2,true,label_flip_10
fruitfly_2_021003073111117_1-rectangle,2,false,clean
fruitfly_2_021003073111118_1-rectangle,2,false,clean
fruitfly_2_021003073111119_1-rectangle,2,false,clean
fruitfly_2_021003073111120_1-rectangle,2,false,clean
fruitfly_2_021003073111121_1-rectangle,2,false,clean
fruitfly_2_021003074111101_1-rectangle,2,false,clean
fruitfly_2_021003074111102_1-rectangle,2,false,clean
fruitfly_2_021003074111103_1-rectangle,2,false,clean
fruitfly_2_021003074111104_1-rectangle,2,false,clean
fruitfly_2_021003074111105_1-rectangle,2,false,clean
fruitfly_2_021003074111106_1-rectangle,2,false,clean
fruitfly_2_021003074111107_1-rectangle,2,false,clean
fruitfly_2_021003074111108_1-rectangle,2,true,label_flip_10
fruitfly_2_021003074111109_1-rectangle,2,false,clean
fruitfly_2_021003074111110_1-rectangle,2,false,clean
fruitfly_2_021003074111111_1-rectangle,2,false,clean
fruitfly_2_021003074111112_1-rectangle,2,false,clean
fruitfly_2_021003074111113_1-rectangle,2,false,clean
fruitfly_2_021003074111114_1-rectangle,2,false,clean
fruitfly_2_021003074111115_1-rectangle,2,false,clean
fruitfly_2_021003074111116_1-rectangle,2,false,clean
fruitfly_2_021003074111117_1-rectangle,2,false,clean
fruitfly_2_021003074111118_1-rectangle,2,true,label_flip_10
fruitfly_2_021003074111119_1-rectangle,2,false,clean
fruitfly_2_021003074111120_1-rectangle,2,false,clean
fruitfly_2_021003074111121_1-rectangle,2,false,clean
fruitfly_2_021003074111122_1-rectangle,2,false,clean
fruitfly_2_021003074111123_1-rectangle,2,false,clean
fruitfly_2_021003074111124_1-rectangle,2,false,clean
fruitfly_2_021003077111101_1-rectangle,2,false,clean
fruitfly_2_021003077111102_1-rectangle,2,false,clean
fruitfly_2_021003077111103_1-rectangle,2,false,clean
fruitfly_2_021003077111104_1-rectangle,2,false,clean
fruitfly_2_021003077111105_1-rectangle,2,false,clean
fruitfly_2_021003077111106_1-rectangle,2,false,clean
fruitfly_2_021003077111107_1-rectangle,2,false,clean
fruitfly_2_021003077111108_1-rectangle,2,false,clean
fruitfly_2_021003077111109_1-rectangle,2,false,clean
fruitfly_2_021003077111110_1-rectangle,2,false,clean
fruitfly_2_021003077111111_1-rectangle,2,false,clean
fruitfly_2_021003077111112_1-rectangle,2,false,clean
fruitfly_2_021003077111113_1-rectangle,2,false,clean
fruitfly_2_021003077111114_1-rectangle,2,false,clean
fruitfly_2_021003077111115_1-rectangle,2,false,clean
fruitfly_2_021003077111116_1-rectangle,2,true,label_flip_10
fruitfly_2_021003077111117_1-rectangle,2,false,clean
fruitfly_2_021003077111118_1-rectangle,2,false,clean
fruitfly_2_021003077111119_1-rectangle,2,false,clean
fruitfly_2_021003077111120_1-rectangle,2,false,clean
fruitfly_2_021003077111121_1-rectangle,2,false,clean
fruitfly_2_021003077111122_1-rectangle,2,false,clean
fruitfly_2_021003077111123_1-rectangle,2,false,clean
fruitfly_2_021003078111101_1-rectangle,2,false,clean
fruitfly_2_021003078111102_1-rectangle,2,true,label_flip_10
fruitfly_2_021003078111103_1-rectangle,2,false,clean
fruitfly_2_021003078111104_1-rectangle,2,false,clean
fruitfly_2_021003078111105_1-rectangle,2,false,clean
fruitfly_2_021003078111106_1-rectangle,2,false,clean
fruitfly_2_021003078111107_1-rectangle,2,false,clean
fruitfly_2_021003078111108_1-rectangle,2,false,clean
fruitfly_2_021003078111109_1-rectangle,2,false,clean
fruitfly_2_021003078111110_1-rectangle,2,false,clean
fruitfly_2_021003078111111_1-rectangle,2,false,clean
fruitfly_2_021003078111112_1-rectangle,2,false,clean
fruitfly_2_021003078111113_1-rectangle,2,false,clean
fruitfly_2_021003078111114_1-rectangle,2,false,clean
fruitfly_2_021003078111115_1-rectangle,2,false,clean
fruitfly_2_021003078111116_1-rectangle,2,true,label_flip_10
fruitfly_2_021003078111117_1-rectangle,2,false,clean
fruitfly_2_021003078111118_1-rectangle,2,false,clean
fruitfly_2_021003078111119_1-rectangle,2,false,clean
fruitfly_2_021003078111120_1-rectangle,2,false,clean
fruitfly_2_021003078111121_1-rectangle,2,true,label_flip_10
fruitfly_2_021003078111122_1-rectangle,2,false,clean
fruitfly_2_021003079111101_1-rectangle,2,false,clean
fruitfly_2_021003079111102_1-rectangle,2,false,clean
fruitfly_2_021003079111103_1-rectangle,2,true,label_flip_10
fruitfly_2_021003079111104_1-rectangle,2,false,clean
fruitfly_2_021003079111105_1-rectangle,2,false,clean
fruitfly_2_021003079111106_1-rectangle,2,false,clean
fruitfly_2_021003079111107_1-rectangle,2,false,clean
fruitfly_2_021003079111108_1-rectangle,2,false,clean
fruitfly_2_021003079111109_1-rectangle,2,false,clean
fruitfly_2_021003079111110_1-rectangle,2,false,clean
fruitfly_2_021003079111111_1-rectangle,2,false,clean
fruitfly_2_021003079111112_1-rectangle,2,false,clean
fruitfly_2_021003079111113_1-rectangle,2,false,clean
fruitfly_2_021003079111114_1-rectangle,2,false,clean
fruitfly_2_021003079111115_1-rectangle,2,false,clean
fruitfly_2_021003079111116_1-rectangle,2,false,clean
fruitfly_2_021003079111117_1-rectangle,2,false,clean
fruitfly_2_021003079111118_1-rectangle,2,false,clean
fruitfly_2_021003079111119_1-rectangle,2,false,clean
fruitfly_2_021003079111120_1-rectangle,2,false,clean
fruitfly_2_021003079111121_1-rectangle,2,false,clean
fruitfly_2_021003079111122_1-rectangle,2,false,clean
fruitfly_2_021003079111123_1-rectangle,2,true,label_flip_10
fruitfly_2_021003079111124_1-rectangle,2,false,clean
fruitfly_2_021003080111101_1-rectangle,2,false,clean
fruitfly_2_021003080111102_1-rectangle,2,false,clean
fruitfly_2_021003080111103_1-rectangle,2,false,clean
fruitfly_2_021003080111104_1-rectangle,2,false,clean
fruitfly_2_021003080111105_1-rectangle,2,false,clean
fruitfly_2_021003080111106_1-rectangle,2,false,clean
fruitfly_2_021003080111107_1-rectangle,2,false,clean
fruitfly_2_021003080111108_1-rectangle,2,true,label_flip_10
fruitfly_2_021003080111109_1-rectangle,2,false,clean
fruitfly_2_021003080111110_1-rectangle,2,false,clean
fruitfly_2_021003080111111_1-rectangle,2,true,label_flip_10
fruitfly_2_021003080111112_1-rectangle,2,false,clean
fruitfly_2_021003080111113_1-rectangle,2,false,clean
fruitfly_2_021003080111114_1-rectangle,2,false,clean
fruitfly_2_021003080111115_1-rectangle,2,false,clean
fruitfly_2_021003080111116_1-rectangle,2,false,clean
fruitfly_2_021003080111117_1-rectangle,2,false,clean
fruitfly_2_021003080111118_1-rectangle,2,false,clean
fruitfly_2_021003080111119_1-rectangle,2,false,clean
fruitfly_2_021003080111120_1-rectangle,2,false,clean
fruitfly_2_021003080111121_1-rectangle,2,false,clean
fruitfly_2_021003080111122_1-rectangle,2,false,clean
fruitfly_2_021003080111123_1-rectangle,2,false,clean
fruitfly_2_021003082111101_1-rectangle,2,true,label_flip_10
fruitfly_2_021003082111102_1-rectangle,2,false,clean
fruitfly_2_021003082111103_1-rectangle,2,false,clean
fruitfly_2_021003082111104_1-rectangle,2,false,clean
fruitfly_2_021003082111105_1-rectangle,2,false,clean
fruitfly_2_021003082111106_1-rectangle,2,false,clean
fruitfly_2_021003082111107_1-rectangle,2,false,clean
fruitfly_2_021003082111108_1-rectangle,2,false,clean
fruitfly_2_021003082111109_1-rectangle,2,false,clean
fruitfly_2_021003082111110_1-rectangle,2,false,clean
fruitfly_2_021003082111111_1-rectangle,2,false,clean
fruitfly_2_021003082111112_1-rectangle,2,false,clean
fruitfly_2_021003082111113_1-rectangle,2,false,clean
fruitfly_2_021003082111114_1-rectangle,2,false,clean
fruitfly_2_021003082111115_1-rectangle,2,false,clean
fruitfly_2_021003082111116_1-rectangle,2,false,clean
fruitfly_2_021003082111117_1-rectangle,2,false,clean
fruitfly_2_021003082111118_1-rectangle,2,false,clean
fruitfly_2_021003082111119_1-rectangle,2,false,clean
fruitfly_2_021003082111120_1-rectangle,2,false,clean
fruitfly_2_021003082111121_1-rectangle,2,false,clean
fruitfly_2_021003082111122_1-rectangle,2,false,clean
fruitfly_2_021003083111101_1-rectangle,2,false,clean
fruitfly_2_021003083111102_1-rectangle,2,true,label_flip_10
fruitfly_2_021003083111103_1-rectangle,2,true,label_flip_10
fruitfly_2_021003083111104_1-rectangle,2,false,clean
fruitfly_2_021003083111105_1-rectangle,2,true,label_flip_10
fruitfly_2_021003083111106_1-rectangle,2,false,clean
fruitfly_2_021003083111107_1-rectangle,2,false,clean
fruitfly_2_021003083111108_1-rectangle,2,false,clean
fruitfly_2_021003083111109_1-rectangle,2,false,clean
fruitfly_2_021003083111110_1-rectangle,2,false,clean
fruitfly_2_021003083111111_1-rectangle,2,false,clean
fruitfly_2_021003083111112_1-rectangle,2,true,label_flip_10
fruitfly_2_021003083111113_1-rectangle,2,false,clean
fruitfly_2_021003083111114_1-rectangle,2,false,clean
fruitfly_2_021003083111115_1-rectangle,2,false,clean
fruitfly_2_021003083111116_1-rectangle,2,false,clean
fruitfly_2_021003083111117_1-rectangle,2,false,clean
fruitfly_2_021003083111118_1-rectangle,2,false,clean
fruitfly_2_021003083111119_1-rectangle,2,false,clean
fruitfly_2_021003083111120_1-rectangle,2,false,clean
fruitfly_2_021003083111121_1-rectangle,2,false,clean
fruitfly_2_021003083111122_1-rectangle,2,false,clean
fruitfly_2_021003083111123_1-rectangle,2,false,clean
fruitfly_2_021003083111124_1-rectangle,2,false,clean
fruitfly_2_021003083111125_1-rectangle,2,false,clean
fruitfly_2_021003083111126_1-rectangle,2,false,clean
fruitfly_2_021003083111127_1-rectangle,2,false,clean
fruitfly_2_021003083111128_1-rectangle,2,true,label_flip_10
fruitfly_2_021003083111129_1-rectangle,2,true,label_flip_10
fruitfly_2_021003083111130_1-rectangle,2,false,clean
fruitfly_2_021003083111131_1-rectangle,2,false,clean
fruitfly_2_021003084111101_1-rectangle,2,false,clean
fruitfly_2_021003084111102_1-rectangle,2,false,clean
fruitfly_2_021003084111103_1-rectangle,2,false,clean
fruitfly_2_021003084111104_1-rectangle,2,false,clean
fruitfly_2_021003084111105_1-rectangle,2,false,clean
fruitfly_2_021003084111106_1-rectangle,2,false,clean
fruitfly_2_021003084111107_1-rectangle,2,false,clean
fruitfly_2_021003084111108_1-rectangle,2,false,clean
fruitfly_2_021003084111109_1-rectangle,2,false,clean
fruitfly_2_021003084111110_1-rectangle,2,false,clean
fruitfly_2_021003084111111_1-rectangle,2,false,clean
fruitfly_2_021003084111112_1-rectangle,2,true,label_flip_10
fruitfly_2_021003084111113_1-rectangle,2,false,clean
fruitfly_2_021003084111114_1-rectangle,2,false,clean
fruitfly_2_021003084111115_1-rectangle,2,false,clean
fruitfly_2_021003084111116_1-rectangle,2,false,clean
fruitfly_2_021003084111117_1-rectangle,2,false,clean
fruitfly_2_021003084111118_1-rectangle,2,true,label_flip_10
fruitfly_2_021003084111119_1-rectangle,2,false,clean
fruitfly_2_021003084111120_1-rectangle,2,true,label_flip_10
fruitfly_2_021003084111121_1-rectangle,2,false,clean
fruitfly_2_021003084111122_1-rectangle,2,false,clean
fruitfly_2_021003084111123_1-rectangle,2,false,clean
fruitfly_2_021003085111101_1-rectangle,2,false,clean
fruitfly_2_021003085111102_1-rectangle,2,false,clean
fruitfly_2_021003085111103_1-rectangle,2,true,label_flip_10
fruitfly_2_021003085111104_1-rectangle,2,false,clean
fruitfly_2_021003085111105_1-rectangle,2,false,clean
fruitfly_2_021003085111106_1-rectangle,2,false,clean
fruitfly_2_021003085111107_1-rectangle,2,false,clean
fruitfly_2_021003085111108_1-rectangle,2,false,clean
fruitfly_2_021003085111109_1-rectangle,2,false,clean
fruitfly_2_021003085111110_1-rectangle,2,false,clean
fruitfly_2_021003085111111_1-rectangle,2,false,clean
fruitfly_2_021003085111112_1-rectangle,2,false,clean
fruitfly_2_021003085111113_1-rectangle,2,false,clean
fruitfly_2_021003085111114_1-rectangle,2,false,clean
fruitfly_2_021003085111115_1-rectangle,2,false,clean
fruitfly_2_021003085111116_1-rectangle,2,false,clean
fruitfly_2_021003085111117_1-rectangle,2,false,clean
fruitfly_2_021003085111118_1-rectangle,2,false,clean
fruitfly_2_021003085111119_1-rectangle,2,false,clean
fruitfly_2_021003085111120_1-rectangle,2,false,clean
fruitfly_2_021003085111121_1-rectangle,2,false,clean
fruitfly_2_021003087111101_1-rectangle,2,false,clean
fruitfly_2_021003087111102_1-rectangle,2,false,clean
fruitfly_2_021003087111103_1-rectangle,2,false,clean
fruitfly_2_021003087111104_1-rectangle,2,false,clean
fruitfly_2_021003087111105_1-rectangle,2,false,clean
fruitfly_2_021003087111106_1-rectangle,2,false,clean
fruitfly_2_021003087111107_1-rectangle,2,false,clean
fruitfly_2_021003087111108_1-rectangle,2,false,clean
fruitfly_2_021003087111109_1-rectangle,2,false,clean
fruitfly_2_021003087111110_1-rectangle,2,false,clean
fruitfly_2_021003087111111_1-rectangle,2,false,clean
fruitfly_2_021003087111112_1-rectangle,2,false,clean
fruitfly_2_021003087111113_1-rectangle,2,false,clean
fruitfly_2_021003087111114_1-rectangle,2,false,clean
fruitfly_2_021003087111115_1-rectangle,2,true,label_flip_10
fruitfly_2_021003087111116_1-rectangle,2,false,clean
fruitfly_2_021003087111117_1-rectangle,2,false,clean
fruitfly_2_021003087111118_1-rectangle,2,false,clean
fruitfly_2_021003087111119_1-rectangle,2,false,clean
fruitfly_2_021003087111120_1-rectangle,2,false,clean
fruitfly_2_021003087111121_1-rectangle,2,true,label_flip_10
fruitfly_2_021003087111122_1-rectangle,2,false,clean
fruitfly_2_021003087111123_1-rectangle,2,false,clean
fruitfly_2_021003088111101_1-rectangle,2,false,clean
fruitfly_2_021003088111102_1-rectangle,2,false,clean
fruitfly_2_021003088111103_1-rectangle,2,true,label_flip_10
fruitfly_2_021003088111104_1-rectangle,2,true,label_flip_10
fruitfly_2_021003088111105_1-rectangle,2,false,clean
fruitfly_2_021003088111106_1-rectangle,2,false,clean
fruitfly_2_021003088111107_1-rectangle,2,false,clean
fruitfly_2_021003088111108_1-rectangle,2,false,clean
fruitfly_2_021003088111109_1-rectangle,2,false,clean
fruitfly_2_021003088111110_1-rectangle,2,false,clean
fruitfly_2_021003088111111_1-rectangle,2,false,clean
fruitfly_2_021003088111112_1-rectangle,2,true,label_flip_10
fruitfly_2_021003088111113_1-rectangle,2,false,clean
fruitfly_2_021003088111114_1-rectangle,2,false,clean
fruitfly_2_021003088111115_1-rectangle,2,false,clean
fruitfly_2_021003088111116_1-rectangle,2,false,clean
fruitfly_2_021003088111117_1-rectangle,2,false,clean
fruitfly_2_021003088111118_1-rectangle,2,false,clean
fruitfly_2_021003088111119_1-rectangle,2,false,clean
fruitfly_2_021003088111120_1-rectangle,2,false,clean
fruitfly_2_021003088111121_1-rectangle,2,false,clean
fruitfly_2_021003089111101_1-rectangle,2,false,clean
fruitfly_2_021003089111102_1-rectangle,2,false,clean
fruitfly_2_021003089111103_1-rectangle,2,false,clean
fruitfly_2_021003089111104_1-rectangle,2,false,clean
fruitfly_2_021003089111105_1-rectangle,2,false,clean
fruitfly_2_021003089111106_1-rectangle,2,false,clean
fruitfly_2_021003089111107_1-rectangle,2,false,clean
fruitfly_2_021003089111108_1-rectangle,2,false,clean
fruitfly_2_021003089111109_1-rectangle,2,false,clean
fruitfly_2_021003089111110_1-rectangle,2,false,clean
fruitfly_2_021003089111111_1-rectangle,2,false,clean
fruitfly_2_021003089111112_1-rectangle,2,false,clean
fruitfly_2_021003089111113_1-rectangle,2,false,clean
fruitfly_2_021003089111114_1-rectangle,2,false,clean
fruitfly_2_021003089111115_1-rectangle,2,false,clean
fruitfly_2_021003089111116_1-rectangle,2,false,clean
fruitfly_2_021003089111117_1-rectangle,2,false,clean
fruitfly_2_021003089111118_1-rectangle,2,false,clean
fruitfly_2_021003089111119_1-rectangle,2,false,clean
fruitfly_2_021003089111120_1-rectangle,2,false,clean
fruitfly_2_021003089111121_1-rectangle,2,false,clean
fruitfly_2_021003091111101_1-rectangle,2,false,clean
fruitfly_2_021003091111102_1-rectangle,2,false,clean
fruitfly_2_021003091111103_1-rectangle,2,false,clean
fruitfly_2_021003091111104_1-rectangle,2,false,clean
fruitfly_2_021003091111105_1-rectangle,2,false,clean
fruitfly_2_021003091111106_1-rectangle,2,false,clean
fruitfly_2_021003091111107_1-rectangle,2,false,clean
fruitfly_2_021003091111108_1-rectangle,2,false,clean
fruitfly_2_021003091111109_1-rectangle,2,false,clean
fruitfly_2_021003091111110_1-rectangle,2,false,clean
fruitfly_2_021003091111111_1-rectangle,2,false,clean
fruitfly_2_021003091111112_1-rectangle,2,true,label_flip_10
fruitfly_2_021003091111113_1-rectangle,2,false,clean
fruitfly_2_021003091111114_1-rectangle,2,false,clean
fruitfly_2_021003091111115_1-rectangle,2,false,clean
fruitfly_2_021003091111116_1-rectangle,2,true,label_flip_10
fruitfly_2_021003091111117_1-rectangle,2,false,clean
fruitfly_2_021003091111118_1-rectangle,2,false,clean
fruitfly_2_021003091111119_1-rectangle,2,false,clean
fruitfly_2_021003091111120_1-rectangle,2,false,clean
fruitfly_2_021003092111101_1-rectangle,2,false,clean
fruitfly_2_021003092111102_1-rectangle,2,false,clean
fruitfly_2_021003092111103_1-rectangle,2,true,label_flip_10
fruitfly_2_021003092111104_1-rectangle,2,false,clean
fruitfly_2_021003092111105_1-rectangle,2,true,label_flip_10
fruitfly_2_021003092111106_1-rectangle,2,false,clean
fruitfly_2_021003092111107_1-rectangle,2,false,clean
fruitfly_2_021003092111108_1-rectangle,2,false,clean
fruitfly_2_021003092111109_1-rectangle,2,false,clean
fruitfly_2_021003092111110_1-rectangle,2,false,clean
fruitfly_2_021003092111111_1-rectangle,2,false,clean
fruitfly_2_021003092111112_1-rectangle,2,false,clean
fruitfly_2_021003092111113_1-rectangle,2,false,clean
fruitfly_2_021003092111114_1-rectangle,2,false,clean
fruitfly_2_021003092111115_1-rectangle,2,false,clean
fruitfly_2_021003092111116_1-rectangle,2,false,clean
fruitfly_2_021003092111117_1-rectangle,2,false,clean
fruitfly_2_021003092111118_1-rectangle,2,false,clean
fruitfly_2_021003092111119_1-rectangle,2,false,clean
fruitfly_2_021003092111120_1-rectangle,2,false,clean
fruitfly_2_021003093111101_1-rectangle,2,false,clean
fruitfly_2_021003093111102_1-rectangle,2,false,clean
fruitfly_2_021003093111103_1-rectangle,2,false,clean
fruitfly_2_021003093111104_1-rectangle,2,false,clean
fruitfly_2_021003093111105_1-rectangle,2,false,clean
fruitfly_2_021003093111106_1-rectangle,2,true,label_flip_10
fruitfly_2_021003093111107_1-rectangle,2,false,clean
fruitfly_2_021003093111108_1-rectangle,2,false,clean
fruitfly_2_021003093111109_1-rectangle,2,false,clean
fruitfly_2_021003093111110_1-rectangle,2,false,clean
fruitfly_2_021003093111111_1-rectangle,2,true,label_flip_10
fruitfly_2_021003093111112_1-rectangle,2,false,clean
fruitfly_2_021003093111113_1-rectangle,2,false,clean
fruitfly_2_021003093111114_1-rectangle,2,false,clean
fruitfly_2_021003093111115_1-rectangle,2,false,clean
fruitfly_2_021003093111116_1-rectangle,2,true,label_flip_10
fruitfly_2_021003093111117_1-rectangle,2,false,clean
fruitfly_2_021003093111118_1-rectangle,2,false,clean
fruitfly_2_021003093111119_1-rectangle,2,false,clean
fruitfly_2_021003093111120_1-rectangle,2,false,clean
fruitfly_3_021006001111101_1-rectangle,3,false,clean
fruitfly_3_021006001111102_1-rectangle,3,false,clean
fruitfly_3_021006001111103_1-rectangle,3,false,clean
fruitfly_3_021006001111104_1-rectangle,3,false,clean
fruitfly_3_021006001111105_1-rectangle,3,false,clean
fruitfly_3_021006001111106_1-rectangle,3,false,clean
fruitfly_3_021006001111107_1-rectangle,3,false,clean
fruitfly_3_021006001111108_1-rectangle,3,false,clean
fruitfly_3_021006001111109_1-rectangle,3,false,clean
fruitfly_3_021006001111110_1-rectangle,3,false,clean
fruitfly_3_021006001111111_1-rectangle,3,false,clean
fruitfly_3_021006001111112_1-rectangle,3,false,clean
fruitfly_3_021006001111113_1-rectangle,3,false,clean
fruitfly_3_021006001111114_1-rectangle,3,true,label_flip_10
fruitfly_3_021006001111115_1-rectangle,3,false,clean
fruitfly_3_021006001111116_1-rectangle,3,false,clean
fruitfly_3_021006001111117_1-rectangle,3,false,clean
fruitfly_3_021006001111118_1-rectangle,3,false,clean
fruitfly_3_021006001111119_1-rectangle,3,false,clean
fruitfly_3_021006001111120_1-rectangle,3,false,clean
fruitfly_3_021006001111121_1-rectangle,3,false,clean
fruitfly_3_021006001111122_1-rectangle,3,false,clean
fruitfly_3_021006001111123_1-rectangle,3,false,clean
fruitfly_3_021006001111124_1-rectangle,3,false,clean
fruitfly_3_021006002111101_1-rectangle,3,false,clean
fruitfly_3_021006002111102_1-rectangle,3,false,clean
fruitfly_3_021006002111103_1-rectangle,3,false,clean
fruitfly_3_021006002111104_1-rectangle,3,true,label_flip_10
fruitfly_3_021006002111105_1-rectangle,3,false,clean
fruitfly_3_021006002111106_1-rectangle,3,true,label_flip_10
fruitfly_3_021006002111107_1-rectangle,3,false,clean
fruitfly_3_021006002111108_1-rectangle,3,false,clean
fruitfly_3_021006002111109_1-rectangle,3,false,clean
fruitfly_3_021006002111110_1-rectangle,3,false,clean
fruitfly_3_021006002111111_1-rectangle,3,false,clean
fruitfly_3_021006002111112_1-rectangle,3,false,clean
fruitfly_3_021006002111113_1-rectangle,3,false,clean
fruitfly_3_021006002111114_1-rectangle,3,false,clean
fruitfly_3_021006002111115_1-rectangle,3,true,label_flip_10
fruitfly_3_021006002111116_1-rectangle,3,false,clean
fruitfly_3_021006002111117_1-rectangle,3,false,clean
fruitfly_3_021006002111118_1-rectangle,3,false,clean
fruitfly_3_021006002111119_1-rectangle,3,false,clean
fruitfly_3_021006002111120_1-rectangle,3,false,clean
fruitfly_3_021006002111121_1-rectangle,3,false,clean
fruitfly_3_021006004111101_1-rectangle,3,true,label_flip_10
fruitfly_3_021006004111102_1-rectangle,3,true,label_flip_10
fruitfly_3_021006004111103_1-rectangle,3,false,clean
fruitfly_3_021006004111104_1-rectangle,3,false,clean
fruitfly_3_021006004111105_1-rectangle,3,false,clean
fruitfly_3_021006004111106_1-rectangle,3,false,clean
fruitfly_3_021006004111107_1-rectangle,3,false,clean
fruitfly_3_021006004111108_1-rectangle,3,false,clean
fruitfly_3_021006004111109_1-rectangle,3,false,clean
fruitfly_3_021006004111110_1-rectangle,3,false,clean
fruitfly_3_021006004111111_1-rectangle,3,false,clean
fruitfly_3_021006004111112_1-rectangle,3,false,clean
fruitfly_3_021006004111113_1-rectangle,3,false,clean
fruitfly_3_021006004111114_1-rectangle,3,false,clean
fruitfly_3_021006004111115_1-rectangle,3,false,clean
fruitfly_3_021006004111116_1-rectangle,3,true,label_flip_10
fruitfly_3_021006004111117_1-rectangle,3,false,clean
fruitfly_3_021006004111118_1-rectangle,3,false,clean
fruitfly_3_021006004111119_1-rectangle,3,false,clean
fruitfly_3_021006004111120_1-rectangle,3,false,clean
fruitfly_3_021006004111121_1-rectangle,3,false,clean
fruitfly_3_021006004111122_1-rectangle,3,false,clean
fruitfly_3_021006005111101_1-rectangle,3,true,label_flip_10
fruitfly_3_021006005111102_1-rectangle,3,false,clean
fruitfly_3_021006005111103_1-rectangle,3,false,clean
fruitfly_3_021006005111104_1-rectangle,3,false,clean
fruitfly_3_021006005111105_1-rectangle,3,true,label_flip_10
fruitfly_3_021006005111106_1-rectangle,3,false,clean
fruitfly_3_021006005111107_1-rectangle,3,false,clean
fruitfly_3_021006005111108_1-rectangle,3,false,clean
fruitfly_3_021006005111109_1-rectangle,3,false,clean
fruitfly_3_021006005111110_1-rectangle,3,false,clean
fruitfly_3_021006005111111_1-rectangle,3,false,clean
fruitfly_3_021006005111112_1-rectangle,3,false,clean
fruitfly_3_021006005111113_1-rectangle,3,false,clean
fruitfly_3_021006005111114_1-rectangle,3,false,clean
fruitfly_3_021006005111115_1-rectangle,3,true,label_flip_10
fruitfly_3_021006005111116_1-rectangle,3,false,clean
fruitfly_3_021006005111117_1-rectangle,3,false,clean
fruitfly_3_021006005111118_1-rectangle,3,false,clean
fruitfly_3_021006005111119_1-rectangle,3,false,clean
fruitfly_3_021006005111120_1-rectangle,3,true,label_flip_10
fruitfly_3_021006006111101_1-rectangle,3,false,clean
fruitfly_3_021006006111102_1-rectangle,3,false,clean
fruitfly_3_021006006111103_1-rectangle,3,false,clean
fruitfly_3_021006006111104_1-rectangle,3,true,label_flip_10
fruitfly_3_021006006111105_1-rectangle,3,false,clean
fruitfly_3_021006006111106_1-rectangle,3,false,clean
fruitfly_3_021006006111107_1-rectangle,3,false,clean
fruitfly_3_021006006111108_1-rectangle,3,false,clean
fruitfly_3_021006006111109_1-rectangle,3,false,clean
fruitfly_3_021006006111110_1-rectangle,3,false,clean
fruitfly_3_021006006111111_1-rectangle,3,true,label_flip_10
fruitfly_3_021006006111112_1-rectangle,3,false,clean
fruitfly_3_021006006111113_1-rectangle,3,true,label_flip_10
fruitfly_3_021006006111114_1-rectangle,3,false,clean
fruitfly_3_021006006111115_1-rectangle,3,false,clean
fruitfly_3_021006006111116_1-rectangle,3,false,clean
fruitfly_3_021006006111117_1-rectangle,3,false,clean
fruitfly_3_021006006111118_1-rectangle,3,false,clean
fruitfly_3_021006006111119_1-rectangle,3,false,clean
fruitfly_3_021006006111120_1-rectangle,3,false,clean
fruitfly_3_021006006111121_1-rectangle,3,true,label_flip_10
fruitfly_3_021006007111101_1-rectangle,3,false,clean
fruitfly_3_021006007111102_1-rectangle,3,false,clean
fruitfly_3_021006007111103_1-rectangle,3,true,label_flip_10
fruitfly_3_021006007111104_1-rectangle,3,false,clean
fruitfly_3_021006007111105_1-rectangle,3,false,clean
fruitfly_3_021006007111106_1-rectangle,3,true,label_flip_10
fruitfly_3_021006007111107_1-rectangle,3,false,clean
fruitfly_3_021006007111108_1-rectangle,3,false,clean
fruitfly_3_021006007111109_1-rectangle,3,false,clean
fruitfly_3_021006007111110_1-rectangle,3,false,clean
fruitfly_3_021006007111111_1-rectangle,3,false,clean
fruitfly_3_021006007111112_1-rectangle,3,false,clean
fruitfly_3_021006007111113_1-rectangle,3,false,clean
fruitfly_3_021006007111114_1-rectangle,3,false,clean
fruitfly_3_021006007111115_1-rectangle,3,true,label_flip_10
fruitfly_3_021006007111116_1-rectangle,3,false,clean
fruitfly_3_021006007111117_1-rectangle,3,false,clean
fruitfly_3_021006007111118_1-rectangle,3,false,clean
fruitfly_3_021006008111101_1-rectangle,3,false,clean
fruitfly_3_021006008111102_1-rectangle,3,false,clean
fruitfly_3_021006008111103_1-rectangle,3,false,clean
fruitfly_3_021006008111104_1-rectangle,3,false,clean
fruitfly_3_021006008111105_1-rectangle,3,true,label_flip_10
fruitfly_3_021006008111106_1-rectangle,3,false,clean
fruitfly_3_021006008111107_1-rectangle,3,false,clean
fruitfly_3_021006008111108_1-rectangle,3,true,label_flip_10
fruitfly_3_021006008111109_1-rectangle,3,false,clean
fruitfly_3_021006008111110_1-rectangle,3,true,label_flip_10
fruitfly_3_021006008111111_1-rectangle,3,false,clean
fruitfly_3_021006008111112_1-rectangle,3,false,clean
fruitfly_3_021006008111113_1-rectangle,3,false,clean
fruitfly_3_021006008111114_1-rectangle,3,true,label_flip_10
fruitfly_3_021006008111115_1-rectangle,3,false,clean
fruitfly_3_021006008111116_1-rectangle,3,false,clean
fruitfly_3_021006008111117_1-rectangle,3,true,label_flip_10
fruitfly_3_021006008111118_1-rectangle,3,false,clean
fruitfly_3_021006008111119_1-rectangle,3,false,clean
fruitfly_3_021006008111120_1-rectangle,3,false,clean
fruitfly_3_021006008111121_1-rectangle,3,false,clean
fruitfly_3_021006008111122_1-rectangle,3,false,clean
fruitfly_3_021006008111123_1-rectangle,3,false,clean
fruitfly_3_021006008111124_1-rectangle,3,false,clean
fruitfly_3_021006008111125_1-rectangle,3,false,clean
fruitfly_3_021006008111126_1-rectangle,3,false,clean
fruitfly_3_021006009111101_1-rectangle,3,false,clean
fruitfly_3_021006009111102_1-rectangle,3,false,clean
fruitfly_3_021006009111103_1-rectangle,3,false,clean
fruitfly_3_021006009111104_1-rectangle,3,false,clean
fruitfly_3_021006009111105_1-rectangle,3,false,clean
fruitfly_3_021006009111106_1-rectangle,3,false,clean
fruitfly_3_021006009111107_1-rectangle,3,false,clean
fruitfly_3_021006009111108_1-rectangle,3,false,clean
fruitfly_3_021006009111109_1-rectangle,3,true,label_flip_10
fruitfly_3_021006009111110_1-rectangle,3,false,clean
fruitfly_3_021006009111111_1-rectangle,3,true,label_flip_10
fruitfly_3_021006009111112_1-rectangle,3,false,clean
fruitfly_3_021006009111113_1-rectangle,3,false,clean
fruitfly_3_021006009111114_1-rectangle,3,true,label_flip_10
fruitfly_3_021006009111115_1-rectangle,3,false,clean
fruitfly_3_021006009111116_1-rectangle,3,false,clean
fruitfly_3_021006009111117_1-rectangle,3,false,clean
fruitfly_3_021006009111118_1-rectangle,3,false,clean
fruitfly_3_021006012111101_1-rectangle,3,false,clean
fruitfly_3_021006012111102_1-rectangle,3,false,clean
fruitfly_3_021006012111103_1-rectangle,3,false,clean
fruitfly_3_021006012111104_1-rectangle,3,false,clean
fruitfly_3_021006012111105_1-rectangle,3,false,clean
fruitfly_3_021006012111106_1-rectangle,3,false,clean
fruitfly_3_021006012111107_1-rectangle,3,true,label_flip_10
fruitfly_3_021006012111108_1-rectangle,3,true,label_flip_10
fruitfly_3_021006012111109_1-rectangle,3,false,clean
fruitfly_3_021006012111110_1-rectangle,3,false,clean
fruitfly_3_021006012111111_1-rectangle,3,false,clean
fruitfly_3_021006012111112_1-rectangle,3,false,clean
fruitfly_3_021006012111113_1-rectangle,3,false,clean
fruitfly_3_021006012111114_1-rectangle,3,false,clean
fruitfly_3_021006012111115_1-rectangle,3,false,clean
fruitfly_3_021006012111116_1-rectangle,3,false,clean
fruitfly_3_021006012111117_1-rectangle,3,false,clean
fruitfly_3_021006012111118_1-rectangle,3,false,clean
fruitfly_3_021006012111119_1-rectangle,3,false,clean
fruitfly_3_021006012111120_1-rectangle,3,false,clean
fruitfly_3_021006012111121_1-rectangle,3,false,clean
fruitfly_3_021006012111122_1-rectangle,3,false,clean
fruitfly_3_021006012111123_1-rectangle,3,false,clean
fruitfly_3_021006012111124_1-rectangle,3,false,clean
fruitfly_3_021006012111125_1-rectangle,3,false,clean
fruitfly_3_021006012111126_1-rectangle,3,false,clean
fruitfly_3_021006012111127_1-rectangle,3,false,clean
fruitfly_3_021006012111128_1-rectangle,3,false,clean
fruitfly_3_021006013111101_1-rectangle,3,true,label_flip_10
fruitfly_3_021006013111102_1-rectangle,3,false,clean
fruitfly_3_021006013111103_1-rectangle,3,false,clean
fruitfly_3_021006013111104_1-rectangle,3,false,clean
fruitfly_3_021006013111105_1-rectangle,3,false,clean
fruitfly_3_021006013111106_1-rectangle,3,false,clean
fruitfly_3_021006013111107_1-rectangle,3,false,clean
fruitfly_3_021006013111108_1-rectangle,3,false,clean
fruitfly_3_021006013111109_1-rectangle,3,false,clean
fruitfly_3_021006013111110_1-rectangle,3,false,clean
fruitfly_3_021006013111111_1-rectangle,3,false,clean
fruitfly_3_021006013111112_1-rectangle,3,false,clean
fruitfly_3_021006013111113_1-rectangle,3,false,clean
fruitfly_3_021006013111114_1-rectangle,3,false,clean
fruitfly_3_021006013111115_1-rectangle,3,false,clean
fruitfly_3_021006013111116_1-rectangle,3,false,clean
fruitfly_3_021006013111117_1-rectangle,3,false,clean
fruitfly_3_021006013111118_1-rectangle,3,false,clean
fruitfly_3_021006013111119_1-rectangle,3,false,clean
fruitfly_3_021006013111120_1-rectangle,3,false,clean
fruitfly_3_021006013111121_1-rectangle,3,false,clean
fruitfly_3_021006016111101_1-rectangle,3,false,clean
fruitfly_3_021006016111102_1-rectangle,3,true,label_flip_10
fruitfly_3_021006016111103_1-rectangle,3,false,clean
fruitfly_3_021006016111104_1-rectangle,3,false,clean
fruitfly_3_021006016111105_1-rectangle,3,false,clean
fruitfly_3_021006016111106_1-rectangle,3,false,clean
fruitfly_3_021006016111107_1-rectangle,3,false,clean
fruitfly_3_021006016111108_1-rectangle,3,false,clean
fruitfly_3_021006016111109_1-rectangle,3,false,clean
fruitfly_3_021006016111110_1-rectangle,3,false,clean
fruitfly_3_021006016111111_1-rectangle,3,false,clean
fruitfly_3_021006016111112_1-rectangle,3,false,clean
fruitfly_3_021006016111113_1-rectangle,3,false,clean
fruitfly_3_021006016111114_1-rectangle,3,false,clean
fruitfly_3_021006016111115_1-rectangle,3,false,clean
fruitfly_3_021006016111116_1-rectangle,3,false,clean
fruitfly_3_021006016111117_1-rectangle,3,false,clean
fruitfly_3_021006016111118_1-rectangle,3,false,clean
fruitfly_3_021006016111119_1-rectangle,3,false,clean
fruitfly_3_021006016111120_1-rectangle,3,true,label_flip_10
fruitfly_3_021006016111121_1-rectangle,3,false,clean
fruitfly_3_021006017111101_1-rectangle,3,false,clean
fruitfly_3_021006017111102_1-rectangle,3,false,clean
fruitfly_3_021006017111103_1-rectangle,3,false,clean
fruitfly_3_021006017111104_1-rectangle,3,false,clean
fruitfly_3_021006017111105_1-rectangle,3,false,clean
fruitfly_3_021006017111106_1-rectangle,3,true,label_flip_10
fruitfly_3_021006017111107_1-rectangle,3,false,clean
fruitfly_3_021006017111108_1-rectangle,3,false,clean
fruitfly_3_021006017111109_1-rectangle,3,true,label_flip_10
fruitfly_3_021006017111110_1-rectangle,3,false,clean
fruitfly_3_021006017111111_1-rectangle,3,false,clean
fruitfly_3_021006017111112_1-rectangle,3,false,clean
fruitfly_3_021006017111113_1-rectangle,3,false,clean
fruitfly_3_021006017111114_1-rectangle,3,false,clean
fruitfly_3_021006017111115_1-rectangle,3,false,clean
fruitfly_3_021006017111116_1-rectangle,3,false,clean
fruitfly_3_021006017111117_1-rectangle,3,false,clean
fruitfly_3_021006017111118_1-rectangle,3,false,clean
fruitfly_3_021006018111101_1-rectangle,3,false,clean
fruitfly_3_021006018111102_1-rectangle,3,false,clean
fruitfly_3_021006018111103_1-rectangle,3,false,clean
fruitfly_3_021006018111104_1-rectangle,3,false,clean
fruitfly_3_021006018111105_1-rectangle,3,false,clean
fruitfly_3_021006018111106_1-rectangle,3,false,clean
fruitfly_3_021006018111107_1-rectangle,3,false,clean
fruitfly_3_021006018111108_1-rectangle,3,false,clean
fruitfly_3_021006018111109_1-rectangle,3,false,clean
fruitfly_3_021006018111110_1-rectangle,3,false,clean
fruitfly_3_021006018111111_1-rectangle,3,false,clean
fruitfly_3_021006018111112_1-rectangle,3,false,clean
fruitfly_3_021006018111113_1-rectangle,3,false,clean
fruitfly_3_021006018111114_1-rectangle,3,false,clean
fruitfly_3_021006018111115_1-rectangle,3,false,clean
fruitfly_3_021006018111116_1-rectangle,3,false,clean
fruitfly_3_021006018111117_1-rectangle,3,false,clean
fruitfly_3_021006018111118_1-rectangle,3,false,clean
fruitfly_3_021006019111101_1-rectangle,3,false,clean
fruitfly_3_021006019111102_1-rectangle,3,false,clean
fruitfly_3_021006019111103_1-rectangle,3,false,clean
fruitfly_3_021006019111104_1-rectangle,3,false,clean
fruitfly_3_021006019111105_1-rectangle,3,false,clean
fruitfly_3_021006019111106_1-rectangle,3,true,label_flip_10
fruitfly_3_021006019111107_1-rectangle,3,false,clean
fruitfly_3_021006019111108_1-rectangle,3,false,clean
fruitfly_3_021006019111109_1-rectangle,3,false,clean
fruitfly_3_021006019111110_1-rectangle,3,false,clean
fruitfly_3_021006019111111_1-rectangle,3,true,label_flip_10
fruitfly_3_021006019111112_1-rectangle,3,false,clean
fruitfly_3_021006019111113_1-rectangle,3,false,clean
fruitfly_3_021006019111114_1-rectangle,3,true,label_flip_10
fruitfly_3_021006019111115_1-rectangle,3,false,clean
fruitfly_3_021006019111116_1-rectangle,3,false,clean
fruitfly_3_021006019111117_1-rectangle,3,false,clean
fruitfly_3_021006019111118_1-rectangle,3,false,clean
fruitfly_3_021006019111119_1-rectangle,3,true,label_flip_10
fruitfly_3_021006019111120_1-rectangle,3,true,label_flip_10
fruitfly_3_021006021111101_1-rectangle,3,false,clean
fruitfly_3_021006021111102_1-rectangle,3,false,clean
fruitfly_3_021006021111103_1-rectangle,3,false,clean
fruitfly_3_021006021111104_1-rectangle,3,false,clean
fruitfly_3_021006021111105_1-rectangle,3,false,clean
fruitfly_3_021006021111106_1-rectangle,3,false,clean
fruitfly_3_021006021111107_1-rectangle,3,false,clean
fruitfly_3_021006021111108_1-rectangle,3,false,clean
fruitfly_3_021006021111109_1-rectangle,3,false,clean
fruitfly_3_021006021111110_1-rectangle,3,false,clean
fruitfly_3_021006021111111_1-rectangle,3,false,clean
fruitfly_3_021006021111112_1-rectangle,3,false,clean
fruitfly_3_021006021111113_1-rectangle,3,false,clean
fruitfly_3_021006021111114_1-rectangle,3,false,clean
fruitfly_3_021006021111115_1-rectangle,3,false,clean
fruitfly_3_021006021111116_1-rectangle,3,false,clean
fruitfly_3_021006021111117_1-rectangle,3,true,label_flip_10
fruitfly_3_021006021111118_1-rectangle,3,true,label_flip_10
fruitfly_3_021006021111119_1-rectangle,3,false,clean
fruitfly_3_021006021111120_1-rectangle,3,false,clean
fruitfly_3_021006021111121_1-rectangle,3,false,clean
fruitfly_3_021006025111101_1-rectangle,3,false,clean
fruitfly_3_021006025111102_1-rectangle,3,false,clean
fruitfly_3_021006025111103_1-rectangle,3,false,clean
fruitfly_3_021006025111104_1-rectangle,3,true,label_flip_10
fruitfly_3_021006025111105_1-rectangle,3,false,clean
fruitfly_3_021006025111106_1-rectangle,3,false,clean
fruitfly_3_021006025111107_1-rectangle,3,false,clean
fruitfly_3_021006025111108_1-rectangle,3,false,clean
fruitfly_3_021006025111109_1-rectangle,3,false,clean
fruitfly_3_021006025111110_1-rectangle,3,true,label_flip_10
fruitfly_3_021006025111111_1-rectangle,3,false,clean
fruitfly_3_021006025111112_1-rectangle,3,false,clean
fruitfly_3_021006025111113_1-rectangle,3,false,clean
fruitfly_3_021006025111114_1-rectangle,3,false,clean
fruitfly_3_021006025111115_1-rectangle,3,false,clean
fruitfly_3_021006025111116_1-rectangle,3,false,clean
fruitfly_3_021006025111117_1-rectangle,3,false,clean
fruitfly_3_021006025111118_1-rectangle,3,false,clean
fruitfly_3_021006025111119_1-rectangle,3,false,clean
fruitfly_3_021006025111120_1-rectangle,3,false,clean
fruitfly_3_021006025111121_1-rectangle,3,false,clean
fruitfly_3_021006025111122_1-rectangle,3,false,clean
fruitfly_3_021006025111123_1-rectangle,3,false,clean
fruitfly_3_021006026111101_1-rectangle,3,false,clean
fruitfly_3_021006026111102_1-rectangle,3,true,label_flip_10
fruitfly_3_021006026111103_1-rectangle,3,false,clean
fruitfly_3_021006026111104_1-rectangle,3,false,clean
fruitfly_3_021006026111105_1-rectangle,3,true,label_flip_10
fruitfly_3_021006026111106_1-rectangle,3,false,clean
fruitfly_3_021006026111107_1-rectangle,3,false,clean
fruitfly_3_021006026111108_1-rectangle,3,false,clean
fruitfly_3_021006026111109_1-rectangle,3,true,label_flip_10
fruitfly_3_021006026111110_1-rectangle,3,false,clean
fruitfly_3_021006026111111_1-rectangle,3,true,label_flip_10
fruitfly_3_021006026111112_1-rectangle,3,false,clean
fruitfly_3_021006026111113_1-rectangle,3,false,clean
fruitfly_3_021006026111114_1-rectangle,3,false,clean
fruitfly_3_021006026111115_1-rectangle,3,false,clean
fruitfly_3_021006026111116_1-rectangle,3,true,label_flip_10
fruitfly_3_021006026111117_1-rectangle,3,true,label_flip_10
fruitfly_3_021006026111118_1-rectangle,3,true,label_flip_10
fruitfly_3_021006026111119_1-rectangle,3,false,clean
fruitfly_3_021006026111120_1-rectangle,3,false,clean
fruitfly_3_021006026111121_1-rectangle,3,false,clean
fruitfly_3_021006026111122_1-rectangle,3,false,clean
fruitfly_3_021006027111101_1-rectangle,3,true,label_flip_10
fruitfly_3_021006027111102_1-rectangle,3,false,clean
fruitfly_3_021006027111103_1-rectangle,3,true,label_flip_10
fruitfly_3_021006027111104_1-rectangle,3,false,clean
fruitfly_3_021006027111105_1-rectangle,3,true,label_flip_10
fruitfly_3_021006027111106_1-rectangle,3,false,clean
fruitfly_3_021006027111107_1-rectangle,3,false,clean
fruitfly_3_021006027111108_1-rectangle,3,true,label_flip_10
fruitfly_3_021006027111109_1-rectangle,3,false,clean
fruitfly_3_021006027111110_1-rectangle,3,false,clean
fruitfly_3_021006027111111_1-rectangle,3,false,clean
fruitfly_3_021006027111112_1-rectangle,3,false,clean
fruitfly_3_021006027111113_1-rectangle,3,true,label_flip_10
fruitfly_3_021006027111114_1-rectangle,3,false,clean
fruitfly_3_021006027111115_1-rectangle,3,false,clean
fruitfly_3_021006027111116_1-rectangle,3,false,clean
fruitfly_3_021006027111117_1-rectangle,3,false,clean
fruitfly_3_021006027111118_1-rectangle,3,false,clean
fruitfly_3_021006027111119_1-rectangle,3,false,clean
fruitfly_3_021006027111120_1-rectangle,3,false,clean
fruitfly_3_021006027111121_1-rectangle,3,false,clean
fruitfly_3_021006030111101_1-rectangle,3,false,clean
fruitfly_3_021006030111102_1-rectangle,3,false,clean
fruitfly_3_021006030111103_1-rectangle,3,false,clean
fruitfly_3_021006030111104_1-rectangle,3,false,clean
fruitfly_3_021006030111105_1-rectangle,3,false,clean
fruitfly_3_021006030111106_1-rectangle,3,false,clean
fruitfly_3_021006030111107_1-rectangle,3,false,clean
fruitfly_3_021006030111108_1-rectangle,3,false,clean
fruitfly_3_021006030111109_1-rectangle,3,false,clean
fruitfly_3_021006030111110_1-rectangle,3,false,clean
fruitfly_3_021006030111111_1-rectangle,3,false,clean
fruitfly_3_021006030111112_1-rectangle,3,false,clean
fruitfly_3_021006030111113_1-rectangle,3,false,clean
fruitfly_3_021006030111114_1-rectangle,3,false,clean
fruitfly_3_021006030111115_1-rectangle,3,false,clean
fruitfly_3_021006030111116_1-rectangle,3,false,clean
fruitfly_3_021006030111117_1-rectangle,3,false,clean
fruitfly_3_021006030111118_1-rectangle,3,false,clean
fruitfly_3_021006030111119_1-rectangle,3,false,clean
fruitfly_3_021006030111120_1-rectangle,3,false,clean
fruitfly_3_021006030111121_1-rectangle,3,false,clean
fruitfly_3_021006030111122_1-rectangle,3,false,clean
fruitfly_3_021006030111123_1-rectangle,3,false,clean
fruitfly_3_021006030111124_1-rectangle,3,false,clean
fruitfly_3_021006030111125_1-rectangle,3,false,clean
fruitfly_3_021006030111126_1-rectangle,3,false,clean
fruitfly_3_021006031111101_1-rectangle,3,true,label_flip_10
fruitfly_3_021006031111102_1-rectangle,3,false,clean
fruitfly_3_021006031111103_1-rectangle,3,false,clean
fruitfly_3_021006031111104_1-rectangle,3,false,clean
fruitfly_3_021006031111105_1-rectangle,3,false,clean
fruitfly_3_021006031111106_1-rectangle,3,false,clean
fruitfly_3_021006031111107_1-rectangle,3,false,clean
fruitfly_3_021006031111108_1-rectangle,3,false,clean
fruitfly_3_021006031111109_1-rectangle,3,false,clean
fruitfly_3_021006031111110_1-rectangle,3,false,clean
fruitfly_3_021006031111111_1-rectangle,3,false,clean
fruitfly_3_021006031111112_1-rectangle,3,false,clean
fruitfly_3_021006031111113_1-rectangle,3,true,label_flip_10
fruitfly_3_021006031111114_1-rectangle,3,false,clean
fruitfly_3_021006031111115_1-rectangle,3,false,clean
fruitfly_3_021006031111116_1-rectangle,3,true,label_flip_10
fruitfly_3_021006031111117_1-rectangle,3,false,clean
fruitfly_3_021006031111118_1-rectangle,3,false,clean
fruitfly_3_021006031111119_1-rectangle,3,false,clean
fruitfly_3_021006031111120_1-rectangle,3,false,clean
fruitfly_3_021006031111121_1-rectangle,3,false,clean
fruitfly_3_021006031111122_1-rectangle,3,true,label_flip_10
fruitfly_3_021006031111123_1-rectangle,3,true,label_flip_10
fruitfly_3_021006032111101_1-rectangle,3,true,label_flip_10
fruitfly_3_021006032111102_1-rectangle,3,false,clean
fruitfly_3_021006032111103_1-rectangle,3,false,clean
fruitfly_3_021006032111104_1-rectangle,3,false,clean
fruitfly_3_021006032111105_1-rectangle,3,false,clean
fruitfly_3_021006032111106_1-rectangle,3,false,clean
fruitfly_3_021006032111107_1-rectangle,3,true,label_flip_10
fruitfly_3_021006032111108_1-rectangle,3,false,clean
fruitfly_3_021006032111109_1-rectangle,3,false,clean
fruitfly_3_021006032111110_1-rectangle,3,false,clean
fruitfly_3_021006032111111_1-rectangle,3,false,clean
fruitfly_3_021006032111112_1-rectangle,3,false,clean
fruitfly_3_021006032111113_1-rectangle,3,false,clean
fruitfly_3_021006032111114_1-rectangle,3,true,label_flip_10
fruitfly_3_021006032111115_1-rectangle,3,false,clean
fruitfly_3_021006032111116_1-rectangle,3,false,clean
fruitfly_3_021006032111117_1-rectangle,3,true,label_flip_10
fruitfly_3_021006032111118_1-rectangle,3,false,clean
fruitfly_3_021006032111119_1-rectangle,3,false,clean
fruitfly_3_021006032111120_1-rectangle,3,false,clean
fruitfly_3_021006034111101_1-rectangle,3,false,clean
fruitfly_3_021006034111102_1-rectangle,3,false,clean
fruitfly_3_021006034111103_1-rectangle,3,false,clean
fruitfly_3_021006034111104_1-rectangle,3,false,clean
fruitfly_3_021006034111105_1-rectangle,3,false,clean
fruitfly_3_021006034111106_1-rectangle,3,false,clean
fruitfly_3_021006034111107_1-rectangle,3,false,clean
fruitfly_3_021006034111108_1-rectangle,3,false,clean
fruitfly_3_021006034111109_1-rectangle,3,false,clean
fruitfly_3_021006034111110_1-rectangle,3,false,clean
fruitfly_3_021006034111111_1-rectangle,3,false,clean
fruitfly_3_021006034111112_1-rectangle,3,false,clean
fruitfly_3_021006034111113_1-rectangle,3,true,label_flip_10
fruitfly_3_021006034111114_1-rectangle,3,false,clean
fruitfly_3_021006034111115_1-rectangle,3,false,clean
fruitfly_3_021006034111116_1-rectangle,3,false,clean
fruitfly_3_021006034111117_1-rectangle,3,false,clean
fruitfly_3_021006034111118_1-rectangle,3,false,clean
fruitfly_3_021006035111101_1-rectangle,3,false,clean
fruitfly_3_021006035111102_1-rectangle,3,false,clean
fruitfly_3_021006035111103_1-rectangle,3,false,clean
fruitfly_3_021006035111104_1-rectangle,3,true,label_flip_10
fruitfly_3_021006035111105_1-rectangle,3,false,clean
fruitfly_3_021006035111106_1-rectangle,3,false,clean
fruitfly_3_021006035111107_1-rectangle,3,true,label_flip_10
fruitfly_3_021006035111108_1-rectangle,3,false,clean
fruitfly_3_021006035111109_1-rectangle,3,false,clean
fruitfly_3_021006035111110_1-rectangle,3,true,label_flip_10
fruitfly_3_021006035111111_1-rectangle,3,false,clean
fruitfly_3_021006035111112_1-rectangle,3,false,clean
fruitfly_3_021006035111113_1-rectangle,3,true,label_flip_10
fruitfly_3_021006035111114_1-rectangle,3,false,clean
fruitfly_3_021006035111115_1-rectangle,3,false,clean
fruitfly_3_021006035111116_1-rectangle,3,false,clean
fruitfly_3_021006035111117_1-rectangle,3,false,clean
fruitfly_3_021006035111118_1-rectangle,3,false,clean
fruitfly_3_021006035111119_1-rectangle,3,false,clean
fruitfly_3_021006035111120_1-rectangle,3,true,label_flip_10
fruitfly_3_021006035111121_1-rectangle,3,false,clean
fruitfly_3_021006035111122_1-rectangle,3,false,clean
fruitfly_3_021006035111123_1-rectangle,3,false,clean
fruitfly_3_021006035111124_1-rectangle,3,false,clean
fruitfly_3_021006035111125_1-rectangle,3,false,clean
fruitfly_3_021006036111101_1-rectangle,3,false,clean
fruitfly_3_021006036111102_1-rectangle,3,false,clean
fruitfly_3_021006036111103_1-rectangle,3,false,clean
fruitfly_3_021006036111104_1-rectangle,3,false,clean
fruitfly_3_021006036111105_1-rectangle,3,true,label_flip_10
fruitfly_3_021006036111106_1-rectangle,3,false,clean
fruitfly_3_021006036111107_1-rectangle,3,false,clean
fruitfly_3_021006036111108_1-rectangle,3,false,clean
fruitfly_3_021006036111109_1-rectangle,3,false,clean
fruitfly_3_021006036111110_1-rectangle,3,false,clean
fruitfly_3_021006036111111_1-rectangle,3,false,clean
fruitfly_3_021006036111112_1-rectangle,3,false,clean
fruitfly_3_021006036111113_1-rectangle,3,false,clean
fruitfly_3_021006036111114_1-rectangle,3,false,clean
fruitfly_3_021006036111115_1-rectangle,3,false,clean
fruitfly_3_021006036111116_1-rectangle,3,false,clean
fruitfly_3_021006036111117_1-rectangle,3,false,clean
fruitfly_3_021006036111118_1-rectangle,3,false,clean
fruitfly_3_021006036111119_1-rectangle,3,false,clean
fruitfly_3_021006036111120_1-rectangle,3,false,clean
fruitfly_3_021006036111121_1-rectangle,3,false,clean
fruitfly_3_021006036111122_1-rectangle,3,false,clean
fruitfly_3_021006036111123_1-rectangle,3,false,clean
fruitfly_3_021006036111124_1-rectangle,3,false,clean
fruitfly_3_021006037111101_1-rectangle,3,false,clean
fruitfly_3_021006037111102_1-rectangle,3,false,clean
fruitfly_3_021006037111103_1-rectangle,3,false,clean
fruitfly_3_021006037111104_1-rectangle,3,false,clean
fruitfly_3_021006037111105_1-rectangle,3,false,clean
fruitfly_3_021006037111106_1-rectangle,3,false,clean
fruitfly_3_021006037111107_1-rectangle,3,false,clean
fruitfly_3_021006037111108_1-rectangle,3,false,clean
fruitfly_3_021006037111109_1-rectangle,3,false,clean
fruitfly_3_021006037111110_1-rectangle,3,false,clean
fruitfly_3_021006037111111_1-rectangle,3,false,clean
fruitfly_3_021006037111112_1-rectangle,3,false,clean
fruitfly_3_021006037111113_1-rectangle,3,false,clean
fruitfly_3_021006037111114_1-rectangle,3,true,label_flip_10
fruitfly_3_021006037111115_1-rectangle,3,false,clean
fruitfly_3_021006037111116_1-rectangle,3,false,clean
fruitfly_3_021006037111117_1-rectangle,3,false,clean
fruitfly_3_021006038111101_1-rectangle,3,false,clean
fruitfly_3_021006038111102_1-rectangle,3,false,clean
fruitfly_3_021006038111103_1-rectangle,3,false,clean
fruitfly_3_021006038111104_1-rectangle,3,false,clean
fruitfly_3_021006038111105_1-rectangle,3,false,clean
fruitfly_3_021006038111106_1-rectangle,3,false,clean
fruitfly_3_021006038111107_1-rectangle,3,false,clean
fruitfly_3_021006038111108_1-rectangle,3,false,clean
fruitfly_3_021006038111109_1-rectangle,3,false,clean
fruitfly_3_021006038111110_1-rectangle,3,false,clean
fruitfly_3_021006038111111_1-rectangle,3,false,clean
fruitfly_3_021006038111112_1-rectangle,3,true,label_flip_10
fruitfly_3_021006038111113_1-rectangle,3,false,clean
fruitfly_3_021006038111114_1-rectangle,3,false,clean
fruitfly_3_021006038111115_1-rectangle,3,false,clean
fruitfly_3_021006038111116_1-rectangle,3,false,clean
fruitfly_3_021006038111117_1-rectangle,3,false,clean
fruitfly_3_021006038111118_1-rectangle,3,false,clean
fruitfly_3_021006038111119_1-rectangle,3,false,clean
fruitfly_3_021006038111120_1-rectangle,3,false,clean
fruitfly_3_021006038111121_1-rectangle,3,false,clean
fruitfly_3_021006038111122_1-rectangle,3,false,clean
fruitfly_3_021006038111123_1-rectangle,3,false,clean
fruitfly_3_021006038111124_1-rectangle,3,false,clean
fruitfly_3_021006038111125_1-rectangle,3,false,clean
fruitfly_3_021006039111101_1-rectangle,3,true,label_flip_10
fruitfly_3_021006039111102_1-rectangle,3,false,clean
fruitfly_3_021006039111103_1-rectangle,3,false,clean
fruitfly_3_021006039111104_1-rectangle,3,false,clean
fruitfly_3_021006039111105_1-rectangle,3,false,clean
fruitfly_3_021006039111106_1-rectangle,3,false,clean
fruitfly_3_021006039111107_1-rectangle,3,true,label_flip_10
fruitfly_3_021006039111108_1-rectangle,3,false,clean
fruitfly_3_021006039111109_1-rectangle,3,true,label_flip_10
fruitfly_3_021006039111110_1-rectangle,3,false,clean
fruitfly_3_021006039111111_1-rectangle,3,false,clean
fruitfly_3_021006039111112_1-rectangle,3,false,clean
fruitfly_3_021006039111113_1-rectangle,3,false,clean
fruitfly_3_021006039111114_1-rectangle,3,false,clean
fruitfly_3_021006039111115_1-rectangle,3,false,clean
fruitfly_3_021006039111116_1-rectangle,3,false,clean
fruitfly_3_021006039111117_1-rectangle,3,false,clean
fruitfly_3_021006039111118_1-rectangle,3,false,clean
fruitfly_3_021006039111119_1-rectangle,3,false,clean
fruitfly_3_021006039111120_1-rectangle,3,false,clean
fruitfly_3_021006039111121_1-rectangle,3,false,clean
fruitfly_3_021006039111122_1-rectangle,3,false,clean
fruitfly_3_021006040111101_1-rectangle,3,true,label_flip_10
fruitfly_3_021006040111102_1-rectangle,3,false,clean
fruitfly_3_021006040111103_1-rectangle,3,false,clean
fruitfly_3_021006040111104_1-rectangle,3,false,clean
fruitfly_3_021006040111105_1-rectangle,3,false,clean
fruitfly_3_021006040111106_1-rectangle,3,false,clean
fruitfly_3_021006040111107_1-rectangle,3,false,clean
fruitfly_3_021006040111108_1-rectangle,3,false,clean
fruitfly_3_021006040111109_1-rectangle,3,false,clean
fruitfly_3_021006040111110_1-rectangle,3,false,clean
fruitfly_3_021006040111111_1-rectangle,3,true,label_flip_10
fruitfly_3_021006040111112_1-rectangle,3,false,clean
fruitfly_3_021006040111113_1-rectangle,3,false,clean
fruitfly_3_021006040111114_1-rectangle,3,false,clean
fruitfly_3_021006040111115_1-rectangle,3,false,clean
fruitfly_3_021006040111116_1-rectangle,3,false,clean
fruitfly_3_021006040111117_1-rectangle,3,false,clean
fruitfly_3_021006041111101_1-rectangle,3,false,clean
fruitfly_3_021006041111102_1-rectangle,3,true,label_flip_10
fruitfly_3_021006041111103_1-rectangle,3,false,clean
fruitfly_3_021006041111104_1-rectangle,3,false,clean
fruitfly_3_021006041111105_1-rectangle,3,false,clean
fruitfly_3_021006041111106_1-rectangle,3,false,clean
fruitfly_3_021006041111107_1-rectangle,3,false,clean
fruitfly_3_021006041111108_1-rectangle,3,false,clean
fruitfly_3_021006041111109_1-rectangle,3,false,clean
fruitfly_3_021006041111110_1-rectangle,3,true,label_flip_10
fruitfly_3_021006041111111_1-rectangle,3,false,clean
fruitfly_3_021006041111112_1-rectangle,3,false,clean
fruitfly_3_021006041111113_1-rectangle,3,false,clean
fruitfly_3_021006041111114_1-rectangle,3,false,clean
fruitfly_3_021006041111115_1-rectangle,3,false,clean
fruitfly_3_021006041111116_1-rectangle,3,true,label_flip_10
fruitfly_3_021006041111117_1-rectangle,3,false,clean
fruitfly_3_021006041111118_1-rectangle,3,false,clean
fruitfly_3_021006041111119_1-rectangle,3,false,clean
fruitfly_3_021006041111120_1-rectangle,3,false,clean
fruitfly_3_021006041111121_1-rectangle,3,false,clean
fruitfly_3_021006041111122_1-rectangle,3,false,clean
fruitfly_3_021006041111123_1-rectangle,3,false,clean
fruitfly_3_021006041111124_1-rectangle,3,false,clean
fruitfly_3_021006041111125_1-rectangle,3,false,clean
fruitfly_3_021006041111126_1-rectangle,3,false,clean
fruitfly_3_021006041111127_1-rectangle,3,false,clean
fruitfly_3_021006042111101_1-rectangle,3,false,clean
fruitfly_3_021006042111102_1-rectangle,3,false,clean
fruitfly_3_021006042111103_1-rectangle,3,false,clean
fruitfly_3_021006042111104_1-rectangle,3,false,clean
fruitfly_3_021006042111105_1-rectangle,3,false,clean
fruitfly_3_021006042111106_1-rectangle,3,false,clean
fruitfly_3_021006042111107_1-rectangle,3,false,clean
fruitfly_3_021006042111108_1-rectangle,3,false,clean
fruitfly_3_021006042111109_1-rectangle,3,true,label_flip_10
fruitfly_3_021006042111110_1-rectangle,3,false,clean
fruitfly_3_021006042111111_1-rectangle,3,false,clean
fruitfly_3_021006042111112_1-rectangle,3,false,clean
fruitfly_3_021006042111113_1-rectangle,3,false,clean
fruitfly_3_021006042111114_1-rectangle,3,false,clean
fruitfly_3_021006042111115_1-rectangle,3,false,clean
fruitfly_3_021006042111116_1-rectangle,3,false,clean
fruitfly_3_021006042111117_1-rectangle,3,false,clean
fruitfly_3_021006042111118_1-rectangle,3,false,clean
fruitfly_3_021006042111119_1-rectangle,3,false,clean
fruitfly_3_021006042111120_1-rectangle,3,false,clean
fruitfly_3_021006042111121_1-rectangle,3,false,clean
fruitfly_3_021006042111122_1-rectangle,3,false,clean
fruitfly_3_021006042111123_1-rectangle,3,true,label_flip_10
fruitfly_3_021006044111101_1-rectangle,3,false,clean
fruitfly_3_021006044111102_1-rectangle,3,false,clean
fruitfly_3_021006044111103_1-rectangle,3,false,clean
fruitfly_3_021006044111104_1-rectangle,3,false,clean
fruitfly_3_021006044111105_1-rectangle,3,false,clean
fruitfly_3_021006044111106_1-rectangle,3,true,label_flip_10
fruitfly_3_021006044111107_1-rectangle,3,false,clean
fruitfly_3_021006044111108_1-rectangle,3,false,clean
fruitfly_3_021006044111109_1-rectangle,3,false,clean
fruitfly_3_021006044111110_1-rectangle,3,false,clean
fruitfly_3_021006044111111_1-rectangle,3,false,clean
fruitfly_3_021006044111112_1-rectangle,3,false,clean
fruitfly_3_021006044111113_1-rectangle,3,false,clean
fruitfly_3_021006044111114_1-rectangle,3,false,clean
fruitfly_3_021006044111115_1-rectangle,3,false,clean
fruitfly_3_021006044111116_1-rectangle,3,false,clean
fruitfly_3_021006044111117_1-rectangle,3,false,clean
fruitfly_3_021006044111118_1-rectangle,3,false,clean
fruitfly_3_021006044111119_1-rectangle,3,false,clean
fruitfly_3_021006044111120_1-rectangle,3,false,clean
fruitfly_3_021006044111121_1-rectangle,3,false,clean
fruitfly_3_021006044111122_1-rectangle,3,false,clean
fruitfly_3_021006046111101_1-rectangle,3,false,clean
fruitfly_3_021006046111102_1-rectangle,3,true,label_flip_10
fruitfly_3_021006046111103_1-rectangle,3,false,clean
fruitfly_3_021006046111104_1-rectangle,3,false,clean
fruitfly_3_021006046111105_1-rectangle,3,true,label_flip_10
fruitfly_3_021006046111106_1-rectangle,3,true,label_flip_10
fruitfly_3_021006046111107_1-rectangle,3,false,clean
fruitfly_3_021006046111108_1-rectangle,3,true,label_flip_10
fruitfly_3_021006046111109_1-rectangle,3,false,clean
fruitfly_3_021006046111110_1-rectangle,3,false,clean
fruitfly_3_021006046111111_1-rectangle,3,false,clean
fruitfly_3_021006046111112_1-rectangle,3,true,label_flip_10
fruitfly_3_021006046111113_1-rectangle,3,false,clean
fruitfly_3_021006046111114_1-rectangle,3,false,clean
fruitfly_3_021006046111115_1-rectangle,3,false,clean
fruitfly_3_021006046111116_1-rectangle,3,false,clean
fruitfly_3_021006046111117_1-rectangle,3,false,clean
fruitfly_3_021006046111118_1-rectangle,3,false,clean
fruitfly_3_021006046111119_1-rectangle,3,false,clean
fruitfly_3_021006046111120_1-rectangle,3,false,clean
fruitfly_3_021006046111121_1-rectangle,3,false,clean
fruitfly_4_021018001111101_1-rectangle,4,false,clean
fruitfly_4_021018001111102_1-rectangle,4,false,clean
fruitfly_4_021018001111103_1-rectangle,4,true,label_flip_10
fruitfly_4_021018001111104_1-rectangle,4,true,label_flip_10
fruitfly_4_021018001111105_1-rectangle,4,false,clean
fruitfly_4_021018001111106_1-rectangle,4,false,clean
fruitfly_4_021018001111107_1-rectangle,4,false,clean
fruitfly_4_021018001111108_1-rectangle,4,false,clean
fruitfly_4_021018001111109_1-rectangle,4,false,clean
fruitfly_4_021018001111110_1-rectangle,4,false,clean
fruitfly_4_021018001111111_1-rectangle,4,false,clean
fruitfly_4_021018001111112_1-rectangle,4,false,clean
fruitfly_4_021018001111113_1-rectangle,4,false,clean
fruitfly_4_021018001111114_1-rectangle,4,false,clean
fruitfly_4_021018001111115_1-rectangle,4,false,clean
fruitfly_4_021018001111116_1-rectangle,4,false,clean
fruitfly_4_021018001111117_1-rectangle,4,false,clean
fruitfly_4_021018001111118_1-rectangle,4,false,clean
fruitfly_4_021018001111119_1-rectangle,4,false,clean
fruitfly_4_021018001111120_1-rectangle,4,false,clean
fruitfly_4_021018001111121_1-rectangle,4,false,clean
fruitfly_4_021018001111122_1-rectangle,4,false,clean
fruitfly_4_021018001111123_1-rectangle,4,false,clean
fruitfly_4_021018001111124_1-rectangle,4,false,clean
fruitfly_4_021018001111125_1-rectangle,4,false,clean
fruitfly_4_021018001111126_1-rectangle,4,false,clean
fruitfly_4_021018001111127_1-rectangle,4,false,clean
fruitfly_4_021018001111128_1-rectangle,4,false,clean
fruitfly_4_021018001111129_1-rectangle,4,false,clean
fruitfly_4_021018001111130_1-rectangle,4,true,label_flip_10
fruitfly_4_021018001111131_1-rectangle,4,false,clean
fruitfly_4_021018001111132_1-rectangle,4,false,clean
fruitfly_4_021018001111133_1-rectangle,4,false,clean
fruitfly_4_021018001111134_1-rectangle,4,false,clean
fruitfly_4_021018001111135_1-rectangle,4,false,clean
fruitfly_4_021018001111136_1-rectangle,4,false,clean
fruitfly_4_021018001111137_1-rectangle,4,false,clean
fruitfly_4_021018001111138_1-rectangle,4,false,clean
fruitfly_4_021018003111101_1-rectangle,4,false,clean
fruitfly_4_021018003111102_1-rectangle,4,false,clean
fruitfly_4_021018003111103_1-rectangle,4,false,clean
fruitfly_4_021018003111104_1-rectangle,4,true,label_flip_10
fruitfly_4_021018003111105_1-rectangle,4,false,clean
fruitfly_4_021018003111106_1-rectangle,4,false,clean
fruitfly_4_021018003111107_1-rectangle,4,false,clean
fruitfly_4_021018003111108_1-rectangle,4,false,clean
fruitfly_4_021018003111109_1-rectangle,4,false,clean
fruitfly_4_021018003111110_1-rectangle,4,false,clean
fruitfly_4_021018003111111_1-rectangle,4,false,clean
fruitfly_4_021018003111112_1-rectangle,4,true,label_flip_10
fruitfly_4_021018003111113_1-rectangle,4,false,clean
fruitfly_4_021018003111114_1-rectangle,4,false,clean
fruitfly_4_021018003111115_1-rectangle,4,true,label_flip_10
fruitfly_4_021018003111116_1-rectangle,4,false,clean
fruitfly_4_021018003111117_1-rectangle,4,false,clean
fruitfly_4_021018003111118_1-rectangle,4,false,clean
fruitfly_4_021018003111119_1-rectangle,4,false,clean
fruitfly_4_021018003111120_1-rectangle,4,false,clean
fruitfly_4_021018003111121_1-rectangle,4,false,clean
fruitfly_4_021018003111122_1-rectangle,4,false,clean
fruitfly_4_021018003111123_1-rectangle,4,false,clean
fruitfly_4_021018003111124_1-rectangle,4,false,clean
fruitfly_4_021018003111125_1-rectangle,4,false,clean
fruitfly_4_021018003111126_1-rectangle,4,false,clean
fruitfly_4_021018004111101_1-rectangle,4,false,clean
fruitfly_4_021018004111102_1-rectangle,4,false,clean
fruitfly_4_021018004111103_1-rectangle,4,false,clean
fruitfly_4_021018004111104_1-rectangle,4,false,clean
fruitfly_4_021018004111105_1-rectangle,4,false,clean
fruitfly_4_021018004111106_1-rectangle,4,false,clean
fruitfly_4_021018004111107_1-rectangle,4,false,clean
fruitfly_4_021018004111108_1-rectangle,4,false,clean
fruitfly_4_021018004111109_1-rectangle,4,false,clean
fruitfly_4_021018004111110_1-rectangle,4,false,clean
fruitfly_4_021018004111111_1-rectangle,4,false,clean
fruitfly_4_021018004111112_1-rectangle,4,false,clean
fruitfly_4_021018004111113_1-rectangle,4,true,label_flip_10
fruitfly_4_021018004111114_1-rectangle,4,false,clean
fruitfly_4_021018004111115_1-rectangle,4,true,label_flip_10
fruitfly_4_021018004111116_1-rectangle,4,false,clean
fruitfly_4_021018004111117_1-rectangle,4,false,clean
fruitfly_4_021018004111118_1-rectangle,4,false,clean
fruitfly_4_021018004111119_1-rectangle,4,false,clean
fruitfly_4_021018004111120_1-rectangle,4,false,clean
fruitfly_4_021018004111121_1-rectangle,4,false,clean
fruitfly_4_021018005111101_1-rectangle,4,true,label_flip_10
fruitfly_4_021018005111102_1-rectangle,4,true,label_flip_10
fruitfly_4_021018005111103_1-rectangle,4,false,clean
fruitfly_4_021018005111104_1-rectangle,4,false,clean
fruitfly_4_021018005111105_1-rectangle,4,false,clean
fruitfly_4_021018005111106_1-rectangle,4,false,clean
fruitfly_4_021018005111107_1-rectangle,4,false,clean
fruitfly_4_021018005111108_1-rectangle,4,false,clean
fruitfly_4_021018005111109_1-rectangle,4,false,clean
fruitfly_4_021018005111110_1-rectangle,4,false,clean
fruitfly_4_021018005111111_1-rectangle,4,false,clean
fruitfly_4_021018005111112_1-rectangle,4,false,clean
fruitfly_4_021018005111113_1-rectangle,4,true,label_flip_10
fruitfly_4_021018005111114_1-rectangle,4,false,clean
fruitfly_4_021018005111115_1-rectangle,4,false,clean
fruitfly_4_021018005111116_1-rectangle,4,false,clean
fruitfly_4_021018005111117_1-rectangle,4,false,clean
fruitfly_4_021018005111118_1-rectangle,4,true,label_flip_10
fruitfly_4_021018005111119_1-rectangle,4,false,clean
fruitfly_4_021018005111120_1-rectangle,4,false,clean
fruitfly_4_021018005111121_1-rectangle,4,false,clean
fruitfly_4_021018005111122_1-rectangle,4,false,clean
fruitfly_4_021018005111123_1-rectangle,4,false,clean
fruitfly_4_021018005111124_1-rectangle,4,false,clean
fruitfly_4_021018005111125_1-rectangle,4,true,label_flip_10
fruitfly_4_021018006111101_1-rectangle,4,false,clean
fruitfly_4_021018006111102_1-rectangle,4,false,clean
fruitfly_4_021018006111103_1-rectangle,4,false,clean
fruitfly_4_021018006111104_1-rectangle,4,false,clean
fruitfly_4_021018006111105_1-rectangle,4,false,clean
fruitfly_4_021018006111106_1-rectangle,4,false,clean
fruitfly_4_021018006111107_1-rectangle,4,false,clean
fruitfly_4_021018006111108_1-rectangle,4,false,clean
fruitfly_4_021018006111109_1-rectangle,4,false,clean
fruitfly_4_021018006111110_1-rectangle,4,false,clean
fruitfly_4_021018006111111_1-rectangle,4,false,clean
fruitfly_4_021018006111112_1-rectangle,4,false,clean
fruitfly_4_021018006111113_1-rectangle,4,false,clean
fruitfly_4_021018006111114_1-rectangle,4,false,clean
fruitfly_4_021018006111115_1-rectangle,4,false,clean
fruitfly_4_021018006111116_1-rectangle,4,false,clean
fruitfly_4_021018006111117_1-rectangle,4,false,clean
fruitfly_4_021018006111118_1-rectangle,4,false,clean
fruitfly_4_021018006111119_1-rectangle,4,false,clean
fruitfly_4_021018006111120_1-rectangle,4,false,clean
fruitfly_4_021018006111121_1-rectangle,4,false,clean
fruitfly_4_021018006111122_1-rectangle,4,false,clean
fruitfly_4_021018008111101_1-rectangle,4,false,clean
fruitfly_4_021018008111102_1-rectangle,4,false,clean
fruitfly_4_021018008111103_1-rectangle,4,false,clean
fruitfly_4_021018008111104_1-rectangle,4,false,clean
fruitfly_4_021018008111105_1-rectangle,4,false,clean
fruitfly_4_021018008111106_1-rectangle,4,false,clean
fruitfly_4_021018008111107_1-rectangle,4,false,clean
fruitfly_4_021018008111108_1-rectangle,4,false,clean
fruitfly_4_021018008111109_1-rectangle,4,false,clean
fruitfly_4_021018008111110_1-rectangle,4,false,clean
fruitfly_4_021018008111111_1-rectangle,4,false,clean
fruitfly_4_021018008111112_1-rectangle,4,false,clean
fruitfly_4_021018008111113_1-rectangle,4,false,clean
fruitfly_4_021018008111114_1-rectangle,4,false,clean
fruitfly_4_021018008111115_1-rectangle,4,false,clean
fruitfly_4_021018008111116_1-rectangle,4,false,clean
fruitfly_4_021018008111117_1-rectangle,4,false,clean
fruitfly_4_021018008111118_1-rectangle,4,true,label_flip_10
fruitfly_4_021018008111119_1-rectangle,4,false,clean
fruitfly_4_021018008111120_1-rectangle,4,false,clean
fruitfly_4_021018008111121_1-rectangle,4,false,clean
fruitfly_4_021018008111122_1-rectangle,4,false,clean
fruitfly_4_021018008111123_1-rectangle,4,false,clean
fruitfly_4_021018008111124_1-rectangle,4,false,clean
fruitfly_4_021018008111125_1-rectangle,4,false,clean
fruitfly_4_021018008111126_1-rectangle,4,false,clean
fruitfly_4_021018009111101_1-rectangle,4,false,clean
fruitfly_4_021018009111102_1-rectangle,4,false,clean
fruitfly_4_021018009111103_1-rectangle,4,true,label_flip_10
fruitfly_4_021018009111104_1-rectangle,4,false,clean
fruitfly_4_021018009111105_1-rectangle,4,false,clean
fruitfly_4_021018009111106_1-rectangle,4,false,clean
fruitfly_4_021018009111107_1-rectangle,4,true,label_flip_10
fruitfly_4_021018009111108_1-rectangle,4,false,clean
fruitfly_4_021018009111109_1-rectangle,4,false,clean
fruitfly_4_021018009111110_1-rectangle,4,false,clean
fruitfly_4_021018009111111_1-rectangle,4,false,clean
fruitfly_4_021018009111112_1-rectangle,4,false,clean
fruitfly_4_021018009111113_1-rectangle,4,false,clean
fruitfly_4_021018009111114_1-rectangle,4,false,clean
fruitfly_4_021018009111115_1-rectangle,4,false,clean
fruitfly_4_021018009111116_1-rectangle,4,false,clean
fruitfly_4_021018009111117_1-rectangle,4,false,clean
fruitfly_4_021018009111118_1-rectangle,4,false,clean
fruitfly_4_021018009111119_1-rectangle,4,false,clean
fruitfly_4_021018009111120_1-rectangle,4,false,clean
fruitfly_4_021018009111121_1-rectangle,4,false,clean
fruitfly_4_021018009111122_1-rectangle,4,false,clean
fruitfly_4_021018009111123_1-rectangle,4,false,clean
fruitfly_4_021018009111124_1-rectangle,4,false,clean
fruitfly_4_021018009111125_1-rectangle,4,false,clean
fruitfly_4_021018009111126_1-rectangle,4,true,label_flip_10
fruitfly_4_021018009111127_1-rectangle,4,true,label_flip_10
fruitfly_4_021018011111101_1-rectangle,4,false,clean
fruitfly_4_021018011111102_1-rectangle,4,false,clean
fruitfly_4_021018011111103_1-rectangle,4,false,clean
fruitfly_4_021018011111104_1-rectangle,4,false,clean
fruitfly_4_021018011111105_1-rectangle,4,false,clean
fruitfly_4_021018011111106_1-rectangle,4,false,clean
fruitfly_4_021018011111107_1-rectangle,4,false,clean
fruitfly_4_021018011111108_1-rectangle,4,false,clean
fruitfly_4_021018011111109_1-rectangle,4,false,clean
fruitfly_4_021018011111110_1-rectangle,4,false,clean
fruitfly_4_021018011111111_1-rectangle,4,false,clean
fruitfly_4_021018011111112_1-rectangle,4,false,clean
fruitfly_4_021018011111113_1-rectangle,4,false,clean
fruitfly_4_021018011111114_1-rectangle,4,false,clean
fruitfly_4_021018011111115_1-rectangle,4,false,clean
fruitfly_4_021018011111116_1-rectangle,4,false,clean
fruitfly_4_021018011111117_1-rectangle,4,false,clean
fruitfly_4_021018011111118_1-rectangle,4,false,clean
fruitfly_4_021018011111119_1-rectangle,4,false,clean
fruitfly_4_021018011111120_1-rectangle,4,false,clean
fruitfly_4_021018011111121_1-rectangle,4,false,clean
fruitfly_4_021018011111122_1-rectangle,4,false,clean
fruitfly_4_021018011111123_1-rectangle,4,false,clean
fruitfly_4_021018011111124_1-rectangle,4,false,clean
fruitfly_4_021018011111125_1-rectangle,4,false,clean
fruitfly_4_021018011111126_1-rectangle,4,false,clean
fruitfly_4_021018012111101_1-rectangle,4,false,clean
fruitfly_4_021018012111102_1-rectangle,4,false,clean
fruitfly_4_021018012111103_1-rectangle,4,false,clean
fruitfly_4_021018012111104_1-rectangle,4,false,clean
fruitfly_4_021018012111105_1-rectangle,4,false,clean
fruitfly_4_021018012111106_1-rectangle,4,false,clean
fruitfly_4_021018012111107_1-rectangle,4,true,label_flip_10
fruitfly_4_021018012111108_1-rectangle,4,false,clean
fruitfly_4_021018012111109_1-rectangle,4,false,clean
fruitfly_4_021018012111110_1-rectangle,4,false,clean
fruitfly_4_021018012111111_1-rectangle,4,false,clean
fruitfly_4_021018012111112_1-rectangle,4,false,clean
fruitfly_4_021018012111113_1-rectangle,4,false,clean
fruitfly_4_021018012111114_1-rectangle,4,false,clean
fruitfly_4_021018012111115_1-rectangle,4,true,label_flip_10
fruitfly_4_021018012111116_1-rectangle,4,false,clean
fruitfly_4_021018012111117_1-rectangle,4,false,clean
fruitfly_4_021018012111118_1-rectangle,4,false,clean
fruitfly_4_021018012111119_1-rectangle,4,false,clean
fruitfly_4_021018012111120_1-rectangle,4,false,clean
fruitfly_4_021018012111121_1-rectangle,4,false,clean
fruitfly_4_021018012111122_1-rectangle,4,false,clean
fruitfly_4_021018012111123_1-rectangle,4,false,clean
fruitfly_4_021018012111124_1-rectangle,4,false,clean
fruitfly_4_021018012111125_1-rectangle,4,false,clean
fruitfly_4_021018012111126_1-rectangle,4,false,clean
fruitfly_4_021018013111101_1-rectangle,4,false,clean
fruitfly_4_021018013111102_1-rectangle,4,false,clean
fruitfly_4_021018013111103_1-rectangle,4,false,clean
fruitfly_4_021018013111104_1-rectangle,4,true,label_flip_10
fruitfly_4_021018013111105_1-rectangle,4,false,clean
fruitfly_4_021018013111106_1-rectangle,4,false,clean
fruitfly_4_021018013111107_1-rectangle,4,false,clean
fruitfly_4_021018013111108_1-rectangle,4,false,clean
fruitfly_4_021018013111109_1-rectangle,4,false,clean
fruitfly_4_021018013111110_1-rectangle,4,false,clean
fruitfly_4_021018013111111_1-rectangle,4,false,clean
fruitfly_4_021018013111112_1-rectangle,4,false,clean
fruitfly_4_021018013111113_1-rectangle,4,false,clean
fruitfly_4_021018013111114_1-rectangle,4,false,clean
fruitfly_4_021018013111115_1-rectangle,4,false,clean
fruitfly_4_021018013111116_1-rectangle,4,false,clean
fruitfly_4_021018013111117_1-rectangle,4,true,label_flip_10
fruitfly_4_021018013111118_1-rectangle,4,false,clean
fruitfly_4_021018013111119_1-rectangle,4,false,clean
fruitfly_4_021018013111120_1-rectangle,4,true,label_flip_10
fruitfly_4_021018013111121_1-rectangle,4,false,clean
fruitfly_4_021018013111122_1-rectangle,4,false,clean
fruitfly_4_021018013111123_1-rectangle,4,false,clean
fruitfly_4_021018013111124_1-rectangle,4,false,clean
fruitfly_4_021018013111125_1-rectangle,4,false,clean
fruitfly_4_021018014111101_1-rectangle,4,false,clean
fruitfly_4_021018014111102_1-rectangle,4,false,clean
fruitfly_4_021018014111103_1-rectangle,4,false,clean
fruitfly_4_021018014111104_1-rectangle,4,false,clean
fruitfly_4_021018014111105_1-rectangle,4,false,clean
fruitfly_4_021018014111106_1-rectangle,4,false,clean
fruitfly_4_021018014111107_1-rectangle,4,false,clean
fruitfly_4_021018014111108_1-rectangle,4,false,clean
fruitfly_4_021018014111109_1-rectangle,4,false,clean
fruitfly_4_021018014111110_1-rectangle,4,true,label_flip_10
fruitfly_4_021018014111111_1-rectangle,4,false,clean
fruitfly_4_021018014111112_1-rectangle,4,true,label_flip_10
fruitfly_4_021018014111113_1-rectangle,4,false,clean
fruitfly_4_021018014111114_1-rectangle,4,false,clean
fruitfly_4_021018014111115_1-rectangle,4,false,clean
fruitfly_4_021018014111116_1-rectangle,4,true,label_flip_10
fruitfly_4_021018014111117_1-rectangle,4,false,clean
fruitfly_4_021018014111118_1-rectangle,4,false,clean
fruitfly_4_021018014111119_1-rectangle,4,false,clean
fruitfly_4_021018014111120_1-rectangle,4,false,clean
fruitfly_4_021018014111121_1-rectangle,4,false,clean
fruitfly_4_021018014111122_1-rectangle,4,true,label_flip_10
fruitfly_4_021018014111123_1-rectangle,4,false,clean
fruitfly_4_021018014111124_1-rectangle,4,false,clean
fruitfly_4_021018014111125_1-rectangle,4,false,clean
fruitfly_4_021018014111126_1-rectangle,4,false,clean
fruitfly_4_021018014111127_1-rectangle,4,false,clean
fruitfly_4_021018014111128_1-rectangle,4,false,clean
fruitfly_4_021018014111129_1-rectangle,4,false,clean
fruitfly_4_021018014111130_1-rectangle,4,false,clean
fruitfly_4_021018014111131_1-rectangle,4,true,label_flip_10
fruitfly_4_021018015111101_1-rectangle,4,false,clean
fruitfly_4_021018015111102_1-rectangle,4,false,clean
fruitfly_4_021018015111103_1-rectangle,4,false,clean
fruitfly_4_021018015111104_1-rectangle,4,false,clean
fruitfly_4_021018015111105_1-rectangle,4,false,clean
fruitfly_4_021018015111106_1-rectangle,4,false,clean
fruitfly_4_021018015111107_1-rectangle,4,false,clean
fruitfly_4_021018015111108_1-rectangle,4,false,clean
fruitfly_4_021018015111109_1-rectangle,4,false,clean
fruitfly_4_021018015111110_1-rectangle,4,false,clean
fruitfly_4_021018015111111_1-rectangle,4,false,clean
fruitfly_4_021018015111112_1-rectangle,4,false,clean
fruitfly_4_021018015111113_1-rectangle,4,false,clean
fruitfly_4_021018015111114_1-rectangle,4,false,clean
fruitfly_4_021018015111115_1-rectangle,4,false,clean
fruitfly_4_021018015111116_1-rectangle,4,false,clean
fruitfly_4_021018015111117_1-rectangle,4,false,clean
fruitfly_4_021018015111118_1-rectangle,4,false,clean
fruitfly_4_021018015111119_1-rectangle,4,true,label_flip_10
fruitfly_4_021018015111120_1-rectangle,4,false,clean
fruitfly_4_021018015111121_1-rectangle,4,false,clean
fruitfly_4_021018015111122_1-rectangle,4,false,clean
fruitfly_4_021018015111123_1-rectangle,4,false,clean
fruitfly_4_021018016111101_1-rectangle,4,false,clean
fruitfly_4_021018016111102_1-rectangle,4,false,clean
fruitfly_4_021018016111103_1-rectangle,4,false,clean
fruitfly_4_021018016111104_1-rectangle,4,true,label_flip_10
fruitfly_4_021018016111105_1-rectangle,4,true,label_flip_10
fruitfly_4_021018016111106_1-rectangle,4,false,clean
fruitfly_4_021018016111107_1-rectangle,4,false,clean
fruitfly_4_021018016111108_1-rectangle,4,false,clean
fruitfly_4_021018016111109_1-rectangle,4,false,clean
fruitfly_4_021018016111110_1-rectangle,4,false,clean
fruitfly_4_021018016111111_1-rectangle,4,false,clean
fruitfly_4_021018016111112_1-rectangle,4,false,clean
fruitfly_4_021018016111113_1-rectangle,4,false,clean
fruitfly_4_021018016111114_1-rectangle,4,true,label_flip_10
fruitfly_4_021018016111115_1-rectangle,4,true,label_flip_10
fruitfly_4_021018016111116_1-rectangle,4,false,clean
fruitfly_4_021018016111117_1-rectangle,4,false,clean
fruitfly_4_021018016111118_1-rectangle,4,false,clean
fruitfly_4_021018016111119_1-rectangle,4,false,clean
fruitfly_4_021018016111120_1-rectangle,4,false,clean
fruitfly_4_021018016111121_1-rectangle,4,false,clean
fruitfly_4_021018016111122_1-rectangle,4,false,clean
fruitfly_4_021018016111123_1-rectangle,4,false,clean
fruitfly_4_021018016111124_1-rectangle,4,false,clean
fruitfly_4_021018016111125_1-rectangle,4,false,clean
fruitfly_4_021018016111126_1-rectangle,4,false,clean
fruitfly_4_021018016111127_1-rectangle,4,false,clean
fruitfly_4_021018017111101_1-rectangle,4,false,clean
fruitfly_4_021018017111102_1-rectangle,4,false,clean
fruitfly_4_021018017111103_1-rectangle,4,true,label_flip_10
fruitfly_4_021018017111104_1-rectangle,4,false,clean
fruitfly_4_021018017111105_1-rectangle,4,true,label_flip_10
fruitfly_4_021018017111106_1-rectangle,4,false,clean
fruitfly_4_021018017111107_1-rectangle,4,false,clean
fruitfly_4_021018017111108_1-rectangle,4,false,clean
fruitfly_4_021018017111109_1-rectangle,4,false,clean
fruitfly_4_021018017111110_1-rectangle,4,false,clean
fruitfly_4_021018017111111_1-rectangle,4,false,clean
fruitfly_4_021018017111112_1-rectangle,4,false,clean
fruitfly_4_021018017111113_1-rectangle,4,false,clean
fruitfly_4_021018017111114_1-rectangle,4,false,clean
fruitfly_4_021018017111115_1-rectangle,4,false,clean
fruitfly_4_021018017111116_1-rectangle,4,false,clean
fruitfly_4_021018017111117_1-rectangle,4,false,clean
fruitfly_4_021018017111118_1-rectangle,4,false,clean
fruitfly_4_021018017111119_1-rectangle,4,false,clean
fruitfly_4_021018017111120_1-rectangle,4,false,clean
fruitfly_4_021018017111121_1-rectangle,4,false,clean
fruitfly_4_021018017111122_1-rectangle,4,false,clean
fruitfly_4_021018017111123_1-rectangle,4,false,clean
fruitfly_4_021018017111124_1-rectangle,4,false,clean
fruitfly_4_021018017111125_1-rectangle,4,false,clean
fruitfly_4_021018017111126_1-rectangle,4,false,clean
fruitfly_4_021018017111127_1-rectangle,4,false,clean
fruitfly_4_021018018111101_1-rectangle,4,false,clean
fruitfly_4_021018018111102_1-rectangle,4,true,label_flip_10
fruitfly_4_021018018111103_1-rectangle,4,false,clean
fruitfly_4_021018018111104_1-rectangle,4,false,clean
fruitfly_4_021018018111105_1-rectangle,4,false,clean
fruitfly_4_021018018111106_1-rectangle,4,false,clean
fruitfly_4_021018018111107_1-rectangle,4,false,clean
fruitfly_4_021018018111108_1-rectangle,4,false,clean
fruitfly_4_021018018111109_1-rectangle,4,false,clean
fruitfly_4_021018018111110_1-rectangle,4,false,clean
fruitfly_4_021018018111111_1-rectangle,4,false,clean
fruitfly_4_021018018111112_1-rectangle,4,false,clean
fruitfly_4_021018018111113_1-rectangle,4,false,clean
fruitfly_4_021018018111114_1-rectangle,4,false,clean
fruitfly_4_021018018111115_1-rectangle,4,false,clean
fruitfly_4_021018018111116_1-rectangle,4,false,clean
fruitfly_4_021018018111117_1-rectangle,4,false,clean
fruitfly_4_021018018111118_1-rectangle,4,false,clean
fruitfly_4_021018018111119_1-rectangle,4,false,clean
fruitfly_4_021018018111120_1-rectangle,4,false,clean
fruitfly_4_021018018111121_1-rectangle,4,false,clean
fruitfly_4_021018018111122_1-rectangle,4,true,label_flip_10
fruitfly_4_021018018111123_1-rectangle,4,false,clean
fruitfly_4_021018018111124_1-rectangle,4,false,clean
fruitfly_4_021018018111125_1-rectangle,4,false,clean
fruitfly_4_021018018111126_1-rectangle,4,false,clean
fruitfly_4_021018018111127_1-rectangle,4,false,clean
fruitfly_4_021018018111128_1-rectangle,4,false,clean
fruitfly_4_021018018111129_1-rectangle,4,false,clean
fruitfly_4_021018018111130_1-rectangle,4,false,clean
fruitfly_4_021018018111131_1-rectangle,4,false,clean
fruitfly_4_021018018111132_1-rectangle,4,false,clean
fruitfly_4_021018018111133_1-rectangle,4,false,clean
fruitfly_4_021018018111134_1-rectangle,4,false,clean
fruitfly_4_021018020111101_1-rectangle,4,true,label_flip_10
fruitfly_4_021018020111102_1-rectangle,4,false,clean
fruitfly_4_021018020111103_1-rectangle,4,false,clean
fruitfly_4_021018020111104_1-rectangle,4,false,clean
fruitfly_4_021018020111105_1-rectangle,4,false,clean
fruitfly_4_021018020111106_1-rectangle,4,false,clean
fruitfly_4_021018020111107_1-rectangle,4,true,label_flip_10
fruitfly_4_021018020111108_1-rectangle,4,false,clean
fruitfly_4_021018020111109_1-rectangle,4,false,clean
fruitfly_4_021018020111110_1-rectangle,4,false,clean
fruitfly_4_021018020111111_1-rectangle,4,false,clean
fruitfly_4_021018020111112_1-rectangle,4,false,clean
fruitfly_4_021018020111113_1-rectangle,4,false,clean
fruitfly_4_021018020111114_1-rectangle,4,false,clean
fruitfly_4_021018020111115_1-rectangle,4,false,clean
fruitfly_4_021018020111116_1-rectangle,4,false,clean
fruitfly_4_021018020111117_1-rectangle,4,false,clean
fruitfly_4_021018020111118_1-rectangle,4,true,label_flip_10
fruitfly_4_021018020111119_1-rectangle,4,false,clean
fruitfly_4_021018020111120_1-rectangle,4,false,clean
fruitfly_4_021018020111121_1-rectangle,4,false,clean
fruitfly_4_021018021111101_1-rectangle,4,false,clean
fruitfly_4_021018021111102_1-rectangle,4,false,clean
fruitfly_4_021018021111103_1-rectangle,4,false,clean
fruitfly_4_021018021111104_1-rectangle,4,false,clean
fruitfly_4_021018021111105_1-rectangle,4,false,clean
fruitfly_4_021018021111106_1-rectangle,4,false,clean
fruitfly_4_021018021111107_1-rectangle,4,false,clean
fruitfly_4_021018021111108_1-rectangle,4,false,clean
fruitfly_4_021018021111109_1-rectangle,4,false,clean
fruitfly_4_021018021111110_1-rectangle,4,false,clean
fruitfly_4_021018021111111_1-rectangle,4,true,label_flip_10
fruitfly_4_021018021111112_1-rectangle,4,false,clean
fruitfly_4_021018021111113_1-rectangle,4,false,clean
fruitfly_4_021018021111114_1-rectangle,4,false,clean
fruitfly_4_021018021111115_1-rectangle,4,false,clean
fruitfly_4_021018021111116_1-rectangle,4,false,clean
fruitfly_4_021018021111117_1-rectangle,4,false,clean
fruitfly_4_021018021111118_1-rectangle,4,false,clean
fruitfly_4_021018021111119_1-rectangle,4,false,clean
fruitfly_4_021018021111120_1-rectangle,4,false,clean
fruitfly_4_021018021111121_1-rectangle,4,false,clean
fruitfly_4_021018022111101_1-rectangle,4,false,clean
fruitfly_4_021018022111102_1-rectangle,4,false,clean
fruitfly_4_021018022111103_1-rectangle,4,false,clean
fruitfly_4_021018022111104_1-rectangle,4,false,clean
fruitfly_4_021018022111105_1-rectangle,4,false,clean
fruitfly_4_021018022111106_1-rectangle,4,false,clean
fruitfly_4_021018022111107_1-rectangle,4,false,clean
fruitfly_4_021018022111108_1-rectangle,4,false,clean
fruitfly_4_021018022111109_1-rectangle,4,false,clean
fruitfly_4_021018022111110_1-rectangle,4,false,clean
fruitfly_4_021018022111111_1-rectangle,4,true,label_flip_10
fruitfly_4_021018022111112_1-rectangle,4,false,clean
fruitfly_4_021018022111113_1-rectangle,4,false,clean
fruitfly_4_021018022111114_1-rectangle,4,false,clean
fruitfly_4_021018022111115_1-rectangle,4,false,clean
fruitfly_4_021018022111116_1-rectangle,4,false,clean
fruitfly_4_021018022111117_1-rectangle,4,true,label_flip_10
fruitfly_4_021018022111118_1-rectangle,4,false,clean
fruitfly_4_021018022111119_1-rectangle,4,false,clean
fruitfly_4_021018022111120_1-rectangle,4,false,clean
fruitfly_4_021018022111121_1-rectangle,4,false,clean
fruitfly_4_021018022111122_1-rectangle,4,false,clean
fruitfly_4_021018022111123_1-rectangle,4,true,label_flip_10
fruitfly_4_021018022111124_1-rectangle,4,false,clean
fruitfly_4_021018022111125_1-rectangle,4,false,clean
fruitfly_4_021018022111126_1-rectangle,4,false,clean
fruitfly_4_021018022111127_1-rectangle,4,false,clean
fruitfly_4_021018022111128_1-rectangle,4,false,clean
fruitfly_4_021018022111129_1-rectangle,4,false,clean
fruitfly_4_021018022111130_1-rectangle,4,true,label_flip_10
fruitfly_4_021018022111131_1-rectangle,4,false,clean
fruitfly_4_021018023111101_1-rectangle,4,true,label_flip_10
fruitfly_4_021018023111102_1-rectangle,4,false,clean
fruitfly_4_021018023111103_1-rectangle,4,false,clean
fruitfly_4_021018023111104_1-rectangle,4,true,label_flip_10
fruitfly_4_021018023111105_1-rectangle,4,false,clean
fruitfly_4_021018023111106_1-rectangle,4,false,clean
fruitfly_4_021018023111107_1-rectangle,4,false,clean
fruitfly_4_021018023111108_1-rectangle,4,false,clean
fruitfly_4_021018023111109_1-rectangle,4,true,label_flip_10
fruitfly_4_021018023111110_1-rectangle,4,false,clean
fruitfly_4_021018023111111_1-rectangle,4,true,label_flip_10
fruitfly_4_021018023111112_1-rectangle,4,true,label_flip_10
fruitfly_4_021018023111113_1-rectangle,4,false,clean
fruitfly_4_021018023111114_1-rectangle,4,true,label_flip_10
fruitfly_4_021018023111115_1-rectangle,4,false,clean
fruitfly_4_021018023111116_1-rectangle,4,true,label_flip_10
fruitfly_4_021018023111117_1-rectangle,4,true,label_flip_10
fruitfly_4_021018023111118_1-rectangle,4,false,clean
fruitfly_4_021018023111119_1-rectangle,4,false,clean
fruitfly_4_021018023111120_1-rectangle,4,true,label_flip_10
fruitfly_4_021018023111121_1-rectangle,4,false,clean
fruitfly_4_021018023111122_1-rectangle,4,true,label_flip_10
fruitfly_4_021018023111123_1-rectangle,4,false,clean
fruitfly_4_021018023111124_1-rectangle,4,false,clean
fruitfly_4_021018023111125_1-rectangle,4,false,clean
fruitfly_4_021018023111126_1-rectangle,4,false,clean
fruitfly_4_021018023111127_1-rectangle,4,false,clean
fruitfly_4_021018023111128_1-rectangle,4,false,clean
fruitfly_4_021018023111129_1-rectangle,4,false,clean
fruitfly_4_021018023111130_1-rectangle,4,false,clean
fruitfly_4_021018027111101_1-rectangle,4,false,clean
fruitfly_4_021018027111102_1-rectangle,4,false,clean
fruitfly_4_021018027111103_1-rectangle,4,false,clean
fruitfly_4_021018027111104_1-rectangle,4,false,clean
fruitfly_4_021018027111105_1-rectangle,4,false,clean
fruitfly_4_021018027111106_1-rectangle,4,true,label_flip_10
fruitfly_4_021018027111107_1-rectangle,4,false,clean
fruitfly_4_021018027111108_1-rectangle,4,false,clean
fruitfly_4_021018027111109_1-rectangle,4,false,clean
fruitfly_4_021018027111110_1-rectangle,4,false,clean
fruitfly_4_021018027111111_1-rectangle,4,false,clean
fruitfly_4_021018027111112_1-rectangle,4,false,clean
fruitfly_4_021018027111113_1-rectangle,4,false,clean
fruitfly_4_021018027111114_1-rectangle,4,false,clean
fruitfly_4_021018027111115_1-rectangle,4,false,clean
fruitfly_4_021018027111116_1-rectangle,4,false,clean
fruitfly_4_021018027111117_1-rectangle,4,false,clean
fruitfly_4_021018027111118_1-rectangle,4,false,clean
fruitfly_4_021018027111119_1-rectangle,4,false,clean
fruitfly_4_021018027111120_1-rectangle,4,false,clean
fruitfly_4_021018027111121_1-rectangle,4,false,clean
fruitfly_4_021018027111122_1-rectangle,4,false,clean
fruitfly_4_021018027111123_1-rectangle,4,false,clean
fruitfly_4_021018027111124_1-rectangle,4,false,clean
fruitfly_4_021018027111125_1-rectangle,4,false,clean
fruitfly_4_021018027111126_1-rectangle,4,false,clean
fruitfly_4_021018028111101_1-rectangle,4,false,clean
fruitfly_4_021018028111102_1-rectangle,4,false,clean
fruitfly_4_021018028111103_1-rectangle,4,false,clean
fruitfly_4_021018028111104_1-rectangle,4,false,clean
fruitfly_4_021018028111105_1-rectangle,4,false,clean
fruitfly_4_021018028111106_1-rectangle,4,false,clean
fruitfly_4_021018028111107_1-rectangle,4,false,clean
fruitfly_4_021018028111108_1-rectangle,4,false,clean
fruitfly_4_021018028111109_1-rectangle,4,false,clean
fruitfly_4_021018028111110_1-rectangle,4,false,clean
fruitfly_4_021018028111111_1-rectangle,4,false,clean
fruitfly_4_021018028111112_1-rectangle,4,false,clean
fruitfly_4_021018028111113_1-rectangle,4,false,clean
fruitfly_4_021018028111114_1-rectangle,4,false,clean
fruitfly_4_021018028111115_1-rectangle,4,false,clean
fruitfly_4_021018028111116_1-rectangle,4,false,clean
fruitfly_4_021018028111117_1-rectangle,4,true,label_flip_10
fruitfly_4_021018028111118_1-rectangle,4,false,clean
fruitfly_4_021018028111119_1-rectangle,4,false,clean
fruitfly_4_021018028111120_1-rectangle,4,false,clean
fruitfly_4_021018028111121_1-rectangle,4,false,clean
fruitfly_4_021018028111122_1-rectangle,4,false,clean
fruitfly_4_021018028111123_1-rectangle,4,false,clean
fruitfly_4_021018028111124_1-rectangle,4,false,clean
fruitfly_4_021018030111101_1-rectangle,4,true,label_flip_10
fruitfly_4_021018030111102_1-rectangle,4,true,label_flip_10
fruitfly_4_021018030111103_1-rectangle,4,false,clean
fruitfly_4_021018030111104_1-rectangle,4,false,clean
fruitfly_4_021018030111105_1-rectangle,4,false,clean
fruitfly_4_021018030111106_1-rectangle,4,false,clean
fruitfly_4_021018030111107_1-rectangle,4,false,clean
fruitfly_4_021018030111108_1-rectangle,4,false,clean
fruitfly_4_021018030111109_1-rectangle,4,false,clean
fruitfly_4_021018030111110_1-rectangle,4,false,clean
fruitfly_4_021018030111111_1-rectangle,4,false,clean
fruitfly_4_021018030111112_1-rectangle,4,false,clean
fruitfly_4_021018030111113_1-rectangle,4,false,clean
fruitfly_4_021018030111114_1-rectangle,4,false,clean
fruitfly_4_021018030111115_1-rectangle,4,false,clean
fruitfly_4_021018030111116_1-rectangle,4,false,clean
fruitfly_4_021018030111117_1-rectangle,4,false,clean
fruitfly_4_021018030111118_1-rectangle,4,false,clean
fruitfly_4_021018030111119_1-rectangle,4,true,label_flip_10
fruitfly_4_021018030111120_1-rectangle,4,false,clean
fruitfly_4_021018030111121_1-rectangle,4,false,clean
fruitfly_4_021018030111122_1-rectangle,4,false,clean
fruitfly_4_021018030111123_1-rectangle,4,false,clean
fruitfly_4_021018030111124_1-rectangle,4,false,clean
fruitfly_4_021018030111125_1-rectangle,4,false,clean
fruitfly_4_021018032111101_1-rectangle,4,false,clean
fruitfly_4_021018032111102_1-rectangle,4,false,clean
fruitfly_4_021018032111103_1-rectangle,4,false,clean
fruitfly_4_021018032111104_1-rectangle,4,false,clean
fruitfly_4_021018032111105_1-rectangle,4,false,clean
fruitfly_4_021018032111106_1-rectangle,4,false,clean
fruitfly_4_021018032111107_1-rectangle,4,false,clean
fruitfly_4_021018032111108_1-rectangle,4,false,clean
fruitfly_4_021018032111109_1-rectangle,4,false,clean
fruitfly_4_021018032111110_1-rectangle,4,false,clean
fruitfly_4_021018032111111_1-rectangle,4,false,clean
fruitfly_4_021018032111112_1-rectangle,4,false,clean
fruitfly_4_021018032111113_1-rectangle,4,false,clean
fruitfly_4_021018032111114_1-rectangle,4,false,clean
fruitfly_4_021018032111115_1-rectangle,4,false,clean
fruitfly_4_021018032111116_1-rectangle,4,false,clean
fruitfly_4_021018032111117_1-rectangle,4,false,clean
fruitfly_4_021018032111118_1-rectangle,4,false,clean
fruitfly_4_021018032111119_1-rectangle,4,false,clean
fruitfly_4_021018032111120_1-rectangle,4,false,clean
fruitfly_4_021018032111121_1-rectangle,4,true,label_flip_10
fruitfly_4_021018034111101_1-rectangle,4,false,clean
fruitfly_4_021018034111102_1-rectangle,4,false,clean
fruitfly_4_021018034111103_1-rectangle,4,true,label_flip_10
fruitfly_4_021018034111104_1-rectangle,4,false,clean
fruitfly_4_021018034111105_1-rectangle,4,true,label_flip_10
fruitfly_4_021018034111106_1-rectangle,4,false,clean
fruitfly_4_021018034111107_1-rectangle,4,false,clean
fruitfly_4_021018034111108_1-rectangle,4,false,clean
fruitfly_4_021018034111109_1-rectangle,4,true,label_flip_10
fruitfly_4_021018034111110_1-rectangle,4,false,clean
fruitfly_4_021018034111111_1-rectangle,4,true,label_flip_10
fruitfly_4_021018034111112_1-rectangle,4,false,clean
fruitfly_4_021018034111113_1-rectangle,4,false,clean
fruitfly_4_021018034111114_1-rectangle,4,false,clean
fruitfly_4_021018034111115_1-rectangle,4,false,clean
fruitfly_4_021018034111116_1-rectangle,4,false,clean
fruitfly_4_021018034111117_1-rectangle,4,false,clean
fruitfly_4_021018034111118_1-rectangle,4,false,clean
fruitfly_4_021018034111119_1-rectangle,4,false,clean
fruitfly_4_021018034111120_1-rectangle,4,false,clean
fruitfly_4_021018034111121_1-rectangle,4,false,clean
fruitfly_4_021018034111122_1-rectangle,4,true,label_flip_10
fruitfly_4_021018034111123_1-rectangle,4,false,clean
fruitfly_4_021018034111124_1-rectangle,4,false,clean
fruitfly_4_021018034111125_1-rectangle,4,false,clean
fruitfly_4_021018034111126_1-rectangle,4,false,clean
fruitfly_4_021018034111127_1-rectangle,4,false,clean
fruitfly_4_021018035111101_1-rectangle,4,true,label_flip_10
fruitfly_4_021018035111102_1-rectangle,4,false,clean
fruitfly_4_021018035111103_1-rectangle,4,false,clean
fruitfly_4_021018035111104_1-rectangle,4,false,clean
fruitfly_4_021018035111105_1-rectangle,4,false,clean
fruitfly_4_021018035111106_1-rectangle,4,false,clean
fruitfly_4_021018035111107_1-rectangle,4,false,clean
fruitfly_4_021018035111108_1-rectangle,4,false,clean
fruitfly_4_021018035111109_1-rectangle,4,false,clean
fruitfly_4_021018035111110_1-rectangle,4,false,clean
fruitfly_4_021018035111111_1-rectangle,4,false,clean
fruitfly_4_021018035111112_1-rectangle,4,false,clean
fruitfly_4_021018035111113_1-rectangle,4,false,clean
fruitfly_4_021018035111114_1-rectangle,4,false,clean
fruitfly_4_021018035111115_1-rectangle,4,false,clean
fruitfly_4_021018035111116_1-rectangle,4,false,clean
fruitfly_4_021018035111117_1-rectangle,4,false,clean
fruitfly_4_021018035111118_1-rectangle,4,false,clean
fruitfly_4_021018035111119_1-rectangle,4,false,clean
fruitfly_4_021018035111120_1-rectangle,4,false,clean
fruitfly_4_021018035111121_1-rectangle,4,false,clean
fruitfly_4_021018037111101_1-rectangle,4,false,clean
fruitfly_4_021018037111102_1-rectangle,4,false,clean
fruitfly_4_021018037111103_1-rectangle,4,false,clean
fruitfly_4_021018037111104_1-rectangle,4,false,clean
fruitfly_4_021018037111105_1-rectangle,4,true,label_flip_10
fruitfly_4_021018037111106_1-rectangle,4,false,clean
fruitfly_4_021018037111107_1-rectangle,4,false,clean
fruitfly_4_021018037111108_1-rectangle,4,false,clean
fruitfly_4_021018037111109_1-rectangle,4,false,clean
fruitfly_4_021018037111110_1-rectangle,4,false,clean
fruitfly_4_021018037111111_1-rectangle,4,false,clean
fruitfly_4_021018037111112_1-rectangle,4,true,label_flip_10
fruitfly_4_021018037111113_1-rectangle,4,false,clean
fruitfly_4_021018037111114_1-rectangle,4,false,clean
fruitfly_4_021018037111115_1-rectangle,4,false,clean
fruitfly_4_021018037111116_1-rectangle,4,false,clean
fruitfly_4_021018038111101_1-rectangle,4,false,clean
fruitfly_4_021018038111102_1-rectangle,4,false,clean
fruitfly_4_021018038111103_1-rectangle,4,false,clean
fruitfly_4_021018038111104_1-rectangle,4,false,clean
fruitfly_4_021018038111105_1-rectangle,4,false,clean
fruitfly_4_021018038111106_1-rectangle,4,true,label_flip_10
fruitfly_4_021018038111107_1-rectangle,4,false,clean
fruitfly_4_021018038111108_1-rectangle,4,false,clean
fruitfly_4_021018038111109_1-rectangle,4,false,clean
fruitfly_4_021018038111110_1-rectangle,4,false,clean
fruitfly_4_021018038111111_1-rectangle,4,true,label_flip_10
fruitfly_4_021018038111112_1-rectangle,4,true,label_flip_10
fruitfly_4_021018038111113_1-rectangle,4,false,clean
fruitfly_4_021018038111114_1-rectangle,4,false,clean
fruitfly_4_021018038111115_1-rectangle,4,false,clean
fruitfly_4_021018038111116_1-rectangle,4,false,clean
fruitfly_4_021018038111117_1-rectangle,4,false,clean
fruitfly_4_021018038111118_1-rectangle,4,false,clean
fruitfly_4_021018038111119_1-rectangle,4,false,clean
fruitfly_4_021018038111120_1-rectangle,4,false,clean
fruitfly_4_021018038111121_1-rectangle,4,false,clean
fruitfly_4_021018038111122_1-rectangle,4,false,clean
fruitfly_4_021018038111123_1-rectangle,4,false,clean
fruitfly_4_021018039111101_1-rectangle,4,false,clean
fruitfly_4_021018039111102_1-rectangle,4,false,clean
fruitfly_4_021018039111103_1-rectangle,4,false,clean
fruitfly_4_021018039111104_1-rectangle,4,false,clean
fruitfly_4_021018039111105_1-rectangle,4,false,clean
fruitfly_4_021018039111106_1-rectangle,4,false,clean
fruitfly_4_021018039111107_1-rectangle,4,false,clean
fruitfly_4_021018039111108_1-rectangle,4,false,clean
fruitfly_4_021018039111109_1-rectangle,4,false,clean
fruitfly_4_021018039111110_1-rectangle,4,false,clean
fruitfly_4_021018039111111_1-rectangle,4,false,clean
fruitfly_4_021018039111112_1-rectangle,4,false,clean
fruitfly_4_021018039111113_1-rectangle,4,true,label_flip_10
fruitfly_4_021018039111114_1-rectangle,4,false,clean
fruitfly_4_021018039111115_1-rectangle,4,false,clean
fruitfly_4_021018039111116_1-rectangle,4,false,clean
fruitfly_4_021018039111117_1-rectangle,4,false,clean
fruitfly_4_021018039111118_1-rectangle,4,false,clean
fruitfly_4_021018039111119_1-rectangle,4,false,clean
fruitfly_4_021018039111120_1-rectangle,4,true,label_flip_10
fruitfly_4_021018039111121_1-rectangle,4,false,clean
fruitfly_4_021018042111101_1-rectangle,4,false,clean
fruitfly_4_021018042111102_1-rectangle,4,false,clean
fruitfly_4_021018042111103_1-rectangle,4,false,clean
fruitfly_4_021018042111104_1-rectangle,4,false,clean
fruitfly_4_021018042111105_1-rectangle,4,false,clean
fruitfly_4_021018042111106_1-rectangle,4,false,clean
fruitfly_4_021018042111107_1-rectangle,4,false,clean
fruitfly_4_021018042111108_1-rectangle,4,false,clean
fruitfly_4_021018042111109_1-rectangle,4,false,clean
fruitfly_4_021018042111110_1-rectangle,4,false,clean
fruitfly_4_021018042111111_1-rectangle,4,false,clean
fruitfly_4_021018042111112_1-rectangle,4,false,clean
fruitfly_4_021018042111113_1-rectangle,4,true,label_flip_10
fruitfly_4_021018042111114_1-rectangle,4,false,clean
fruitfly_4_021018042111115_1-rectangle,4,false,clean
fruitfly_4_021018042111116_1-rectangle,4,false,clean
fruitfly_4_021018042111117_1-rectangle,4,false,clean
fruitfly_4_021018042111118_1-rectangle,4,false,clean
fruitfly_4_021018042111119_1-rectangle,4,false,clean
fruitfly_4_021018042111120_1-rectangle,4,false,clean
fruitfly_4_021018042111121_1-rectangle,4,false,clean
fruitfly_4_021018042111122_1-rectangle,4,false,clean
fruitfly_4_021018042111123_1-rectangle,4,false,clean
fruitfly_4_021018042111124_1-rectangle,4,false,clean
fruitfly_4_021018043111101_1-rectangle,4,false,clean
fruitfly_4_021018043111102_1-rectangle,4,false,clean
fruitfly_4_021018043111103_1-rectangle,4,false,clean
fruitfly_4_021018043111104_1-rectangle,4,false,clean
fruitfly_4_021018043111105_1-rectangle,4,false,clean
fruitfly_4_021018043111106_1-rectangle,4,false,clean
fruitfly_4_021018043111107_1-rectangle,4,false,clean
fruitfly_4_021018043111108_1-rectangle,4,false,clean
fruitfly_4_021018043111109_1-rectangle,4,false,clean
fruitfly_4_021018043111110_1-rectangle,4,true,label_flip_10
fruitfly_4_021018043111111_1-rectangle,4,true,label_flip_10
fruitfly_4_021018043111112_1-rectangle,4,false,clean
fruitfly_4_021018043111113_1-rectangle,4,false,clean
fruitfly_4_021018043111114_1-rectangle,4,false,clean
fruitfly_4_021018043111115_1-rectangle,4,true,label_flip_10
fruitfly_4_021018043111116_1-rectangle,4,false,clean
fruitfly_4_021018043111117_1-rectangle,4,true,label_flip_10
fruitfly_4_021018043111118_1-rectangle,4,false,clean
fruitfly_4_021018043111119_1-rectangle,4,false,clean
fruitfly_4_021018043111120_1-rectangle,4,false,clean
fruitfly_4_021018043111121_1-rectangle,4,false,clean
fruitfly_4_021018043111122_1-rectangle,4,false,clean
fruitfly_4_021018043111123_1-rectangle,4,false,clean
fruitfly_4_021018043111124_1-rectangle,4,false,clean
fruitfly_4_021018043111125_1-rectangle,4,false,clean
fruitfly_4_021018043111126_1-rectangle,4,false,clean
fruitfly_4_021018043111127_1-rectangle,4,false,clean
fruitfly_4_021018044111101_1-rectangle,4,false,clean
fruitfly_4_021018044111102_1-rectangle,4,false,clean
fruitfly_4_021018044111103_1-rectangle,4,false,clean
fruitfly_4_021018044111104_1-rectangle,4,false,clean
fruitfly_4_021018044111105_1-rectangle,4,false,clean
fruitfly_4_021018044111106_1-rectangle,4,false,clean
fruitfly_4_021018044111107_1-rectangle,4,true,label_flip_10
fruitfly_4_021018044111108_1-rectangle,4,false,clean
fruitfly_4_021018044111109_1-rectangle,4,false,clean
fruitfly_4_021018044111110_1-rectangle,4,false,clean
fruitfly_4_021018044111111_1-rectangle,4,false,clean
fruitfly_4_021018044111112_1-rectangle,4,false,clean
fruitfly_4_021018044111113_1-rectangle,4,false,clean
fruitfly_4_021018044111114_1-rectangle,4,false,clean
fruitfly_4_021018044111115_1-rectangle,4,false,clean
fruitfly_4_021018044111116_1-rectangle,4,false,clean
fruitfly_4_021018045111101_1-rectangle,4,false,clean
fruitfly_4_021018045111102_1-rectangle,4,true,label_flip_10
fruitfly_4_021018045111103_1-rectangle,4,false,clean
fruitfly_4_021018045111104_1-rectangle,4,false,clean
fruitfly_4_021018045111105_1-rectangle,4,false,clean
fruitfly_4_021018045111106_1-rectangle,4,false,clean
fruitfly_4_021018045111107_1-rectangle,4,false,clean
fruitfly_4_021018045111108_1-rectangle,4,true,label_flip_10
fruitfly_4_021018045111109_1-rectangle,4,false,clean
fruitfly_4_021018045111110_1-rectangle,4,true,label_flip_10
fruitfly_4_021018045111111_1-rectangle,4,false,clean
fruitfly_4_021018045111112_1-rectangle,4,false,clean
fruitfly_4_021018045111113_1-rectangle,4,false,clean
fruitfly_4_021018045111114_1-rectangle,4,false,clean
fruitfly_4_021018045111115_1-rectangle,4,false,clean
fruitfly_4_021018045111116_1-rectangle,4,true,label_flip_10
fruitfly_4_021018045111117_1-rectangle,4,false,clean
fruitfly_4_021018045111118_1-rectangle,4,false,clean
fruitfly_4_021018045111119_1-rectangle,4,false,clean
fruitfly_4_021018045111120_1-rectangle,4,false,clean
fruitfly_4_021018045111121_1-rectangle,4,true,label_flip_10
fruitfly_4_021018045111122_1-rectangle,4,false,clean
fruitfly_4_021018047111101_1-rectangle,4,false,clean
fruitfly_4_021018047111102_1-rectangle,4,false,clean
fruitfly_4_021018047111103_1-rectangle,4,false,clean
fruitfly_4_021018047111104_1-rectangle,4,false,clean
fruitfly_4_021018047111105_1-rectangle,4,true,label_flip_10
fruitfly_4_021018047111106_1-rectangle,4,false,clean
fruitfly_4_021018047111107_1-rectangle,4,false,clean
fruitfly_4_021018047111108_1-rectangle,4,false,clean
fruitfly_4_021018047111109_1-rectangle,4,false,clean
fruitfly_4_021018047111110_1-rectangle,4,true,label_flip_10
fruitfly_4_021018047111111_1-rectangle,4,false,clean
fruitfly_4_021018047111112_1-rectangle,4,false,clean
fruitfly_4_021018047111113_1-rectangle,4,false,clean
fruitfly_4_021018047111114_1-rectangle,4,false,clean
fruitfly_4_021018047111115_1-rectangle,4,false,clean
fruitfly_4_021018047111116_1-rectangle,4,true,label_flip_10
fruitfly_4_021018047111117_1-rectangle,4,false,clean
fruitfly_4_021018047111118_1-rectangle,4,false,clean
fruitfly_4_021018047111119_1-rectangle,4,false,clean
fruitfly_4_021018048111101_1-rectangle,4,false,clean
fruitfly_4_021018048111102_1-rectangle,4,false,clean
fruitfly_4_021018048111103_1-rectangle,4,false,clean
fruitfly_4_021018048111104_1-rectangle,4,false,clean
fruitfly_4_021018048111105_1-rectangle,4,false,clean
fruitfly_4_021018048111106_1-rectangle,4,false,clean
fruitfly_4_021018048111107_1-rectangle,4,false,clean
fruitfly_4_021018048111108_1-rectangle,4,false,clean
fruitfly_4_021018048111109_1-rectangle,4,false,clean
fruitfly_4_021018048111110_1-rectangle,4,false,clean
fruitfly_4_021018048111111_1-rectangle,4,false,clean
fruitfly_4_021018048111112_1-rectangle,4,false,clean
fruitfly_4_021018048111113_1-rectangle,4,false,clean
fruitfly_4_021018048111114_1-rectangle,4,false,clean
fruitfly_4_021018048111115_1-rectangle,4,true,label_flip_10
fruitfly_4_021018048111116_1-rectangle,4,false,clean
fruitfly_4_021018048111117_1-rectangle,4,false,clean
fruitfly_4_021018048111118_1-rectangle,4,true,label_flip_10
fruitfly_4_021018048111119_1-rectangle,4,false,clean
fruitfly_4_021018048111120_1-rectangle,4,false,clean
fruitfly_4_021018049111101_1-rectangle,4,false,clean
fruitfly_4_021018049111102_1-rectangle,4,false,clean
fruitfly_4_021018049111103_1-rectangle,4,false,clean
fruitfly_4_021018049111104_1-rectangle,4,false,clean
fruitfly_4_021018049111105_1-rectangle,4,false,clean
fruitfly_4_021018049111106_1-rectangle,4,false,clean
fruitfly_4_021018049111107_1-rectangle,4,false,clean
fruitfly_4_021018049111108_1-rectangle,4,false,clean
fruitfly_4_021018049111109_1-rectangle,4,false,clean
fruitfly_4_021018049111110_1-rectangle,4,false,clean
fruitfly_4_021018049111111_1-rectangle,4,false,clean
fruitfly_4_021018049111112_1-rectangle,4,false,clean
fruitfly_4_021018049111113_1-rectangle,4,false,clean
fruitfly_4_021018049111114_1-rectangle,4,false,clean
fruitfly_4_021018049111115_1-rectangle,4,false,clean
fruitfly_4_021018049111116_1-rectangle,4,false,clean
fruitfly_4_021018049111117_1-rectangle,4,false,clean
fruitfly_4_021018049111118_1-rectangle,4,false,clean
fruitfly_4_021018049111119_1-rectangle,4,false,clean
fruitfly_4_021018049111120_1-rectangle,4,false,clean
fruitfly_4_021018050111101_1-rectangle,4,true,label_flip_10
fruitfly_4_021018050111102_1-rectangle,4,true,label_flip_10
fruitfly_4_021018050111103_1-rectangle,4,false,clean
fruitfly_4_021018050111104_1-rectangle,4,false,clean
fruitfly_4_021018050111105_1-rectangle,4,false,clean
fruitfly_4_021018050111106_1-rectangle,4,false,clean
fruitfly_4_021018050111107_1-rectangle,4,false,clean
fruitfly_4_021018050111108_1-rectangle,4,false,clean
fruitfly_4_021018050111109_1-rectangle,4,false,clean
fruitfly_4_021018050111110_1-rectangle,4,false,clean
fruitfly_4_021018050111111_1-rectangle,4,false,clean
fruitfly_4_021018050111112_1-rectangle,4,false,clean
fruitfly_4_021018050111113_1-rectangle,4,false,clean
fruitfly_4_021018050111114_1-rectangle,4,false,clean
fruitfly_4_021018050111115_1-rectangle,4,false,clean
fruitfly_4_021018050111116_1-rectangle,4,false,clean
fruitfly_4_021018050111117_1-rectangle,4,false,clean
fruitfly_4_021018050111118_1-rectangle,4,false,clean
fruitfly_4_021018050111119_1-rectangle,4,false,clean
fruitfly_4_021018051111101_1-rectangle,4,false,clean
fruitfly_4_021018051111102_1-rectangle,4,false,clean
fruitfly_4_021018051111103_1-rectangle,4,false,clean
fruitfly_4_021018051111104_1-rectangle,4,true,label_flip_10
fruitfly_4_021018051111105_1-rectangle,4,false,clean
fruitfly_4_021018051111106_1-rectangle,4,false,clean
fruitfly_4_021018051111107_1-rectangle,4,true,label_flip_10
fruitfly_4_021018051111108_1-rectangle,4,false,clean
fruitfly_4_021018051111109_1-rectangle,4,false,clean
fruitfly_4_021018051111110_1-rectangle,4,false,clean
fruitfly_4_021018051111111_1-rectangle,4,false,clean
fruitfly_4_021018051111112_1-rectangle,4,false,clean
fruitfly_4_021018051111113_1-rectangle,4,false,clean
fruitfly_4_021018051111114_1-rectangle,4,false,clean
fruitfly_4_021018051111115_1-rectangle,4,false,clean
fruitfly_4_021018051111116_1-rectangle,4,false,clean
fruitfly_4_021018051111117_1-rectangle,4,false,clean
fruitfly_4_021018052111101_1-rectangle,4,false,clean
fruitfly_4_021018052111102_1-rectangle,4,false,clean
fruitfly_4_021018052111103_1-rectangle,4,false,clean
fruitfly_4_021018052111104_1-rectangle,4,false,clean
fruitfly_4_021018052111105_1-rectangle,4,false,clean
fruitfly_4_021018052111106_1-rectangle,4,false,clean
fruitfly_4_021018052111107_1-rectangle,4,false,clean
fruitfly_4_021018052111108_1-rectangle,4,false,clean
fruitfly_4_021018052111109_1-rectangle,4,false,clean
fruitfly_4_021018052111110_1-rectangle,4,false,clean
fruitfly_4_021018052111111_1-rectangle,4,false,clean
fruitfly_4_021018052111112_1-rectangle,4,true,label_flip_10
fruitfly_4_021018052111113_1-rectangle,4,false,clean
fruitfly_4_021018052111114_1-rectangle,4,false,clean
fruitfly_4_021018052111115_1-rectangle,4,false,clean
fruitfly_4_021018052111116_1-rectangle,4,false,clean
fruitfly_4_021018052111117_1-rectangle,4,false,clean
fruitfly_4_021018052111118_1-rectangle,4,false,clean
fruitfly_4_021018053111101_1-rectangle,4,false,clean
fruitfly_4_021018053111102_1-rectangle,4,false,clean
fruitfly_4_021018053111103_1-rectangle,4,false,clean
fruitfly_4_021018053111104_1-rectangle,4,false,clean
fruitfly_4_021018053111105_1-rectangle,4,false,clean
fruitfly_4_021018053111106_1-rectangle,4,false,clean
fruitfly_4_021018053111107_1-rectangle,4,false,clean
fruitfly_4_021018053111108_1-rectangle,4,false,clean
fruitfly_4_021018053111109_1-rectangle,4,false,clean
fruitfly_4_021018053111110_1-rectangle,4,false,clean
fruitfly_4_021018053111111_1-rectangle,4,false,clean
fruitfly_4_021018053111112_1-rectangle,4,false,clean
fruitfly_4_021018053111113_1-rectangle,4,false,clean
fruitfly_4_021018053111114_1-rectangle,4,true,label_flip_10
fruitfly_4_021018053111115_1-rectangle,4,false,clean
fruitfly_4_021018053111116_1-rectangle,4,false,clean
fruitfly_4_021018053111117_1-rectangle,4,false,clean
fruitfly_4_021018053111118_1-rectangle,4,false,clean
fruitfly_4_021018053111119_1-rectangle,4,false,clean
fruitfly_4_021018053111120_1-rectangle,4,false,clean
fruitfly_4_021018053111121_1-rectangle,4,false,clean
fruitfly_4_021018054111101_1-rectangle,4,false,clean
fruitfly_4_021018054111102_1-rectangle,4,false,clean
fruitfly_4_021018054111103_1-rectangle,4,false,clean
fruitfly_4_021018054111104_1-rectangle,4,false,clean
fruitfly_4_021018054111105_1-rectangle,4,false,clean
fruitfly_4_021018054111106_1-rectangle,4,true,label_flip_10
fruitfly_4_021018054111107_1-rectangle,4,false,clean
fruitfly_4_021018054111108_1-rectangle,4,false,clean
fruitfly_4_021018054111109_1-rectangle,4,false,clean
fruitfly_4_021018054111110_1-rectangle,4,false,clean
fruitfly_4_021018054111111_1-rectangle,4,false,clean
fruitfly_4_021018054111112_1-rectangle,4,false,clean
fruitfly_4_021018054111113_1-rectangle,4,false,clean
fruitfly_4_021018054111114_1-rectangle,4,false,clean
fruitfly_4_021018054111115_1-rectangle,4,false,clean
fruitfly_4_021018054111116_1-rectangle,4,false,clean
fruitfly_4_021018054111117_1-rectangle,4,false,clean
fruitfly_4_021018054111118_1-rectangle,4,false,clean
fruitfly_4_021018054111119_1-rectangle,4,true,label_flip_10
fruitfly_4_021018054111120_1-rectangle,4,false,clean
fruitfly_4_021018054111121_1-rectangle,4,false,clean
fruitfly_4_021018054111122_1-rectangle,4,false,clean
fruitfly_4_021018054111123_1-rectangle,4,true,label_flip_10
fruitfly_4_021018054111124_1-rectangle,4,false,clean
fruitfly_4_021018055111101_1-rectangle,4,true,label_flip_10
fruitfly_4_021018055111102_1-rectangle,4,false,clean
fruitfly_4_021018055111103_1-rectangle,4,false,clean
fruitfly_4_021018055111104_1-rectangle,4,false,clean
fruitfly_4_021018055111105_1-rectangle,4,false,clean
fruitfly_4_021018055111106_1-rectangle,4,false,clean
fruitfly_4_021018055111107_1-rectangle,4,false,clean
fruitfly_4_021018055111108_1-rectangle,4,false,clean
fruitfly_4_021018055111109_1-rectangle,4,false,clean
fruitfly_4_021018055111110_1-rectangle,4,false,clean
fruitfly_4_021018055111111_1-rectangle,4,false,clean
fruitfly_4_021018055111112_1-rectangle,4,false,clean
fruitfly_4_021018055111113_1-rectangle,4,false,clean
fruitfly_4_021018055111114_1-rectangle,4,false,clean
fruitfly_4_021018055111115_1-rectangle,4,false,clean
fruitfly_4_021018055111116_1-rectangle,4,false,clean
fruitfly_4_021018055111117_1-rectangle,4,false,clean
fruitfly_4_021018055111118_1-rectangle,4,false,clean
fruitfly_4_021018055111119_1-rectangle,4,false,clean
fruitfly_4_021018055111120_1-rectangle,4,false,clean
fruitfly_4_021018055111121_1-rectangle,4,false,clean
fruitfly_4_021018055111122_1-rectangle,4,true,label_flip_10
fruitfly_4_021018055111123_1-rectangle,4,false,clean
fruitfly_4_021018056111101_1-rectangle,4,false,clean
fruitfly_4_021018056111102_1-rectangle,4,false,clean
fruitfly_4_021018056111103_1-rectangle,4,false,clean
fruitfly_4_021018056111104_1-rectangle,4,false,clean
fruitfly_4_021018056111105_1-rectangle,4,false,clean
fruitfly_4_021018056111106_1-rectangle,4,false,clean
fruitfly_4_021018056111107_1-rectangle,4,false,clean
fruitfly_4_021018056111108_1-rectangle,4,false,clean
fruitfly_4_021018056111109_1-rectangle,4,false,clean
fruitfly_4_021018056111110_1-rectangle,4,false,clean
fruitfly_4_021018056111111_1-rectangle,4,false,clean
fruitfly_4_021018056111112_1-rectangle,4,false,clean
fruitfly_4_021018056111113_1-rectangle,4,false,clean
fruitfly_4_021018056111114_1-rectangle,4,false,clean
fruitfly_4_021018056111115_1-rectangle,4,false,clean
fruitfly_4_021018056111116_1-rectangle,4,false,clean
fruitfly_4_021018056111117_1-rectangle,4,false,clean
fruitfly_4_021018056111118_1-rectangle,4,false,clean
fruitfly_4_021018056111119_1-rectangle,4,false,clean
fruitfly_4_021018056111120_1-rectangle,4,false,clean
fruitfly_4_021018056111121_1-rectangle,4,false,clean
fruitfly_4_021018056111122_1-rectangle,4,false,clean
fruitfly_4_021018056111123_1-rectangle,4,false,clean
fruitfly_4_021018057111101_1-rectangle,4,false,clean
fruitfly_4_021018057111102_1-rectangle,4,false,clean
fruitfly_4_021018057111103_1-rectangle,4,false,clean
fruitfly_4_021018057111104_1-rectangle,4,false,clean
fruitfly_4_021018057111105_1-rectangle,4,false,clean
fruitfly_4_021018057111106_1-rectangle,4,true,label_flip_10
fruitfly_4_021018057111107_1-rectangle,4,true,label_flip_10
fruitfly_4_021018057111108_1-rectangle,4,false,clean
fruitfly_4_021018057111109_1-rectangle,4,false,clean
fruitfly_4_021018057111110_1-rectangle,4,false,clean
fruitfly_4_021018057111111_1-rectangle,4,false,clean
fruitfly_4_021018057111112_1-rectangle,4,false,clean
fruitfly_4_021018057111113_1-rectangle,4,false,clean
fruitfly_4_021018057111114_1-rectangle,4,false,clean
fruitfly_4_021018057111115_1-rectangle,4,false,clean
fruitfly_4_021018057111116_1-rectangle,4,false,clean
fruitfly_4_021018057111117_1-rectangle,4,false,clean
fruitfly_4_021018057111118_1-rectangle,4,false,clean
fruitfly_4_021018057111119_1-rectangle,4,false,clean
fruitfly_4_021018057111120_1-rectangle,4,false,clean
fruitfly_4_021018057111121_1-rectangle,4,false,clean
fruitfly_4_021018057111122_1-rectangle,4,false,clean
fruitfly_4_021018057111123_1-rectangle,4,false,clean
fruitfly_4_021018058111101_1-rectangle,4,false,clean
fruitfly_4_021018058111102_1-rectangle,4,false,clean
fruitfly_4_021018058111103_1-rectangle,4,false,clean
fruitfly_4_021018058111104_1-rectangle,4,false,clean
fruitfly_4_021018058111105_1-rectangle,4,false,clean
fruitfly_4_021018058111106_1-rectangle,4,false,clean
fruitfly_4_021018058111107_1-rectangle,4,false,clean
fruitfly_4_021018058111108_1-rectangle,4,false,clean
fruitfly_4_021018058111109_1-rectangle,4,false,clean
fruitfly_4_021018058111110_1-rectangle,4,true,label_flip_10
fruitfly_4_021018058111111_1-rectangle,4,false,clean
fruitfly_4_021018058111112_1-rectangle,4,false,clean
fruitfly_4_021018058111113_1-rectangle,4,true,label_flip_10
fruitfly_4_021018058111114_1-rectangle,4,true,label_flip_10
fruitfly_4_021018058111115_1-rectangle,4,false,clean
fruitfly_4_021018058111116_1-rectangle,4,false,clean
fruitfly_4_021018058111117_1-rectangle,4,false,clean
fruitfly_4_021018058111118_1-rectangle,4,true,label_flip_10
fruitfly_4_021018058111119_1-rectangle,4,false,clean
fruitfly_4_021018058111120_1-rectangle,4,false,clean
fruitfly_4_021018058111121_1-rectangle,4,false,clean
fruitfly_4_021018058111122_1-rectangle,4,false,clean
fruitfly_4_021018058111123_1-rectangle,4,false,clean
fruitfly_4_021018058111124_1-rectangle,4,false,clean
fruitfly_4_021018058111125_1-rectangle,4,true,label_flip_10
fruitfly_4_021018058111126_1-rectangle,4,false,clean
fruitfly_4_021018058111127_1-rectangle,4,false,clean
fruitfly_4_021018059111101_1-rectangle,4,true,label_flip_10
fruitfly_4_021018059111102_1-rectangle,4,true,label_flip_10
fruitfly_4_021018059111103_1-rectangle,4,false,clean
fruitfly_4_021018059111104_1-rectangle,4,false,clean
fruitfly_4_021018059111105_1-rectangle,4,false,clean
fruitfly_4_021018059111106_1-rectangle,4,false,clean
fruitfly_4_021018059111107_1-rectangle,4,false,clean
fruitfly_4_021018059111108_1-rectangle,4,true,label_flip_10
fruitfly_4_021018059111109_1-rectangle,4,true,label_flip_10
fruitfly_4_021018059111110_1-rectangle,4,false,clean
fruitfly_4_021018059111111_1-rectangle,4,false,clean
fruitfly_4_021018059111112_1-rectangle,4,false,clean
fruitfly_4_021018059111113_1-rectangle,4,false,clean
fruitfly_4_021018059111114_1-rectangle,4,false,clean
fruitfly_4_021018059111115_1-rectangle,4,false,clean
fruitfly_4_021018059111116_1-rectangle,4,false,clean
fruitfly_4_021018059111117_1-rectangle,4,false,clean
fruitfly_4_021018059111118_1-rectangle,4,false,clean
fruitfly_4_021018059111119_1-rectangle,4,false,clean
fruitfly_4_021018059111120_1-rectangle,4,false,clean
fruitfly_4_021018059111121_1-rectangle,4,false,clean
fruitfly_4_021018059111122_1-rectangle,4,false,clean
fruitfly_4_021018059111123_1-rectangle,4,false,clean
fruitfly_4_021018060111101_1-rectangle,4,false,clean
fruitfly_4_021018060111102_1-rectangle,4,false,clean
fruitfly_4_021018060111103_1-rectangle,4,false,clean
fruitfly_4_021018060111104_1-rectangle,4,false,clean
fruitfly_4_021018060111105_1-rectangle,4,false,clean
fruitfly_4_021018060111106_1-rectangle,4,false,clean
fruitfly_4_021018060111107_1-rectangle,4,false,clean
fruitfly_4_021018060111108_1-rectangle,4,false,clean
fruitfly_4_021018060111109_1-rectangle,4,false,clean
fruitfly_4_021018060111110_1-rectangle,4,false,clean
fruitfly_4_021018060111111_1-rectangle,4,false,clean
fruitfly_4_021018060111112_1-rectangle,4,true,label_flip_10
fruitfly_4_021018060111113_1-rectangle,4,false,clean
fruitfly_4_021018060111114_1-rectangle,4,false,clean
fruitfly_4_021018060111115_1-rectangle,4,false,clean
fruitfly_4_021018060111116_1-rectangle,4,false,clean
fruitfly_4_021018060111117_1-rectangle,4,false,clean
fruitfly_4_021018060111118_1-rectangle,4,false,clean
fruitfly_4_021018060111119_1-rectangle,4,false,clean
fruitfly_4_021018060111120_1-rectangle,4,false,clean
fruitfly_4_021018060111121_1-rectangle,4,true,label_flip_10
fruitfly_4_021018060111122_1-rectangle,4,false,clean
fruitfly_4_021018060111123_1-rectangle,4,false,clean
fruitfly_4_021018060111124_1-rectangle,4,true,label_flip_10
fruitfly_4_021018061111101_1-rectangle,4,false,clean
fruitfly_4_021018061111102_1-rectangle,4,false,clean
fruitfly_4_021018061111103_1-rectangle,4,true,label_flip_10
fruitfly_4_021018061111104_1-rectangle,4,false,clean
fruitfly_4_021018061111105_1-rectangle,4,false,clean
fruitfly_4_021018061111106_1-rectangle,4,false,clean
fruitfly_4_021018061111107_1-rectangle,4,false,clean
fruitfly_4_021018061111108_1-rectangle,4,false,clean
fruitfly_4_021018061111109_1-rectangle,4,true,label_flip_10
fruitfly_4_021018061111110_1-rectangle,4,false,clean
fruitfly_4_021018061111111_1-rectangle,4,false,clean
fruitfly_4_021018061111112_1-rectangle,4,false,clean
fruitfly_4_021018061111113_1-rectangle,4,false,clean
fruitfly_4_021018061111114_1-rectangle,4,false,clean
fruitfly_4_021018061111115_1-rectangle,4,false,clean
fruitfly_4_021018061111116_1-rectangle,4,false,clean
fruitfly_4_021018061111117_1-rectangle,4,false,clean
fruitfly_4_021018061111118_1-rectangle,4,false,clean
fruitfly_4_021018061111119_1-rectangle,4,false,clean
fruitfly_4_021018061111120_1-rectangle,4,false,clean
fruitfly_4_021018061111121_1-rectangle,4,false,clean
fruitfly_4_021018061111122_1-rectangle,4,false,clean
fruitfly_4_021018061111123_1-rectangle,4,false,clean
fruitfly_4_021018061111124_1-rectangle,4,false,clean
fruitfly_4_021018061111125_1-rectangle,4,false,clean
fruitfly_4_021018061111126_1-rectangle,4,false,clean
fruitfly_4_021018061111127_1-rectangle,4,false,clean
fruitfly_4_021018061111128_1-rectangle,4,false,clean
fruitfly_4_021018061111129_1-rectangle,4,false,clean
fruitfly_4_021018061111130_1-rectangle,4,false,clean
fruitfly_4_021018061111131_1-rectangle,4,false,clean
fruitfly_4_021018061111132_1-rectangle,4,false,clean
fruitfly_4_021018061111133_1-rectangle,4,false,clean
fruitfly_4_021018064111101_1-rectangle,4,false,clean
fruitfly_4_021018064111102_1-rectangle,4,false,clean
fruitfly_4_021018064111103_1-rectangle,4,false,clean
fruitfly_4_021018064111104_1-rectangle,4,false,clean
fruitfly_4_021018064111105_1-rectangle,4,true,label_flip_10
fruitfly_4_021018064111106_1-rectangle,4,false,clean
fruitfly_4_021018064111107_1-rectangle,4,false,clean
fruitfly_4_021018064111108_1-rectangle,4,false,clean
fruitfly_4_021018064111109_1-rectangle,4,true,label_flip_10
fruitfly_4_021018064111110_1-rectangle,4,false,clean
fruitfly_4_021018064111111_1-rectangle,4,false,clean
fruitfly_4_021018064111112_1-rectangle,4,false,clean
fruitfly_4_021018064111113_1-rectangle,4,false,clean
fruitfly_4_021018064111114_1-rectangle,4,false,clean
fruitfly_4_021018064111115_1-rectangle,4,false,clean
fruitfly_4_021018064111116_1-rectangle,4,true,label_flip_10
fruitfly_4_021018064111117_1-rectangle,4,false,clean
fruitfly_4_021018064111118_1-rectangle,4,false,clean
fruitfly_4_021018064111119_1-rectangle,4,false,clean
fruitfly_4_021018064111120_1-rectangle,4,false,clean
fruitfly_4_021018064111121_1-rectangle,4,false,clean
fruitfly_4_021018064111122_1-rectangle,4,false,clean
fruitfly_4_021018064111123_1-rectangle,4,false,clean
fruitfly_4_021018064111124_1-rectangle,4,false,clean
fruitfly_4_021018064111125_1-rectangle,4,false,clean
fruitfly_4_021018065111101_1-rectangle,4,false,clean
fruitfly_4_021018065111102_1-rectangle,4,false,clean
fruitfly_4_021018065111103_1-rectangle,4,false,clean
fruitfly_4_021018065111104_1-rectangle,4,false,clean
fruitfly_4_021018065111105_1-rectangle,4,false,clean
fruitfly_4_021018065111106_1-rectangle,4,false,clean
fruitfly_4_021018065111107_1-rectangle,4,false,clean
fruitfly_4_021018065111108_1-rectangle,4,false,clean
fruitfly_4_021018065111109_1-rectangle,4,false,clean
fruitfly_4_021018065111110_1-rectangle,4,false,clean
fruitfly_4_021018065111111_1-rectangle,4,false,clean
fruitfly_4_021018065111112_1-rectangle,4,true,label_flip_10
fruitfly_4_021018065111113_1-rectangle,4,false,clean
fruitfly_4_021018065111114_1-rectangle,4,false,clean
fruitfly_4_021018065111115_1-rectangle,4,false,clean
fruitfly_4_021018065111116_1-rectangle,4,true,label_flip_10
fruitfly_4_021018065111117_1-rectangle,4,false,clean
fruitfly_4_021018065111118_1-rectangle,4,false,clean
fruitfly_4_021018065111119_1-rectangle,4,false,clean
fruitfly_4_021018065111120_1-rectangle,4,false,clean
fruitfly_4_021018065111121_1-rectangle,4,false,clean
fruitfly_4_021018065111122_1-rectangle,4,false,clean
fruitfly_4_021018065111123_1-rectangle,4,false,clean
fruitfly_4_021018065111124_1-rectangle,4,false,clean
fruitfly_4_021018065111125_1-rectangle,4,false,clean
fruitfly_4_021018066111101_1-rectangle,4,false,clean
fruitfly_4_021018066111102_1-rectangle,4,false,clean
fruitfly_4_021018066111103_1-rectangle,4,false,clean
fruitfly_4_021018066111104_1-rectangle,4,true,label_flip_10
fruitfly_4_021018066111105_1-rectangle,4,false,clean
fruitfly_4_021018066111106_1-rectangle,4,false,clean
fruitfly_4_021018066111107_1-rectangle,4,false,clean
fruitfly_4_021018066111108_1-rectangle,4,false,clean
fruitfly_4_021018066111109_1-rectangle,4,false,clean
fruitfly_4_021018066111110_1-rectangle,4,false,clean
fruitfly_4_021018066111111_1-rectangle,4,false,clean
fruitfly_4_021018066111112_1-rectangle,4,false,clean
fruitfly_4_021018066111113_1-rectangle,4,false,clean
fruitfly_4_021018066111114_1-rectangle,4,false,clean
fruitfly_4_021018066111115_1-rectangle,4,false,clean
fruitfly_4_021018066111116_1-rectangle,4,false,clean
fruitfly_4_021018066111117_1-rectangle,4,false,clean
fruitfly_4_021018066111118_1-rectangle,4,false,clean
fruitfly_4_021018066111119_1-rectangle,4,false,clean
fruitfly_4_021018066111120_1-rectangle,4,false,clean
fruitfly_4_021018066111121_1-rectangle,4,false,clean
fruitfly_4_021018066111122_1-rectangle,4,false,clean
fruitfly_4_021018066111123_1-rectangle,4,false,clean
fruitfly_4_021018067111101_1-rectangle,4,false,clean
fruitfly_4_021018067111102_1-rectangle,4,false,clean
fruitfly_4_021018067111103_1-rectangle,4,false,clean
fruitfly_4_021018067111104_1-rectangle,4,true,label_flip_10
fruitfly_4_021018067111105_1-rectangle,4,false,clean
fruitfly_4_021018067111106_1-rectangle,4,false,clean
fruitfly_4_021018067111107_1-rectangle,4,false,clean
fruitfly_4_021018067111108_1-rectangle,4,false,clean
fruitfly_4_021018067111109_1-rectangle,4,false,clean
fruitfly_4_021018067111110_1-rectangle,4,false,clean
fruitfly_4_021018067111111_1-rectangle,4,false,clean
fruitfly_4_021018067111112_1-rectangle,4,false,clean
fruitfly_4_021018067111113_1-rectangle,4,false,clean
fruitfly_4_021018067111114_1-rectangle,4,false,clean
fruitfly_4_021018067111115_1-rectangle,4,false,clean
fruitfly_4_021018067111116_1-rectangle,4,false,clean
fruitfly_4_021018067111117_1-rectangle,4,false,clean
fruitfly_4_021018067111118_1-rectangle,4,false,clean
fruitfly_4_021018067111119_1-rectangle,4,false,clean
fruitfly_4_021018067111120_1-rectangle,4,true,label_flip_10
fruitfly_4_021018067111121_1-rectangle,4,false,clean
fruitfly_4_021018067111122_1-rectangle,4,false,clean
fruitfly_4_021018068111101_1-rectangle,4,false,clean
fruitfly_4_021018068111102_1-rectangle,4,false,clean
fruitfly_4_021018068111103_1-rectangle,4,false,clean
fruitfly_4_021018068111104_1-rectangle,4,false,clean
fruitfly_4_021018068111105_1-rectangle,4,false,clean
fruitfly_4_021018068111106_1-rectangle,4,false,clean
fruitfly_4_021018068111107_1-rectangle,4,false,clean
fruitfly_4_021018068111108_1-rectangle,4,false,clean
fruitfly_4_021018068111109_1-rectangle,4,false,clean
fruitfly_4_021018068111110_1-rectangle,4,false,clean
fruitfly_4_021018068111111_1-rectangle,4,false,clean
fruitfly_4_021018068111112_1-rectangle,4,false,clean
fruitfly_4_021018068111113_1-rectangle,4,false,clean
fruitfly_4_021018068111114_1-rectangle,4,false,clean
fruitfly_4_021018068111115_1-rectangle,4,false,clean
fruitfly_4_021018068111116_1-rectangle,4,true,label_flip_10
fruitfly_4_021018068111117_1-rectangle,4,false,clean
fruitfly_4_021018068111118_1-rectangle,4,false,clean
fruitfly_4_021018068111119_1-rectangle,4,false,clean
fruitfly_4_021018068111120_1-rectangle,4,false,clean
fruitfly_4_021018068111121_1-rectangle,4,false,clean
fruitfly_4_021018068111122_1-rectangle,4,false,clean
fruitfly_4_021018070111101_1-rectangle,4,false,clean
fruitfly_4_021018070111102_1-rectangle,4,false,clean
fruitfly_4_021018070111103_1-rectangle,4,false,clean
fruitfly_4_021018070111104_1-rectangle,4,false,clean
fruitfly_4_021018070111105_1-rectangle,4,false,clean
fruitfly_4_021018070111106_1-rectangle,4,false,clean
fruitfly_4_021018070111107_1-rectangle,4,false,clean
fruitfly_4_021018070111108_1-rectangle,4,false,clean
fruitfly_4_021018070111109_1-rectangle,4,false,clean
fruitfly_4_021018070111110_1-rectangle,4,false,clean
fruitfly_4_021018070111111_1-rectangle,4,false,clean
fruitfly_4_021018070111112_1-rectangle,4,false,clean
fruitfly_4_021018070111113_1-rectangle,4,false,clean
fruitfly_4_021018070111114_1-rectangle,4,false,clean
fruitfly_4_021018070111115_1-rectangle,4,false,clean
fruitfly_4_021018070111116_1-rectangle,4,false,clean
fruitfly_4_021018070111117_1-rectangle,4,false,clean
fruitfly_4_021018070111118_1-rectangle,4,false,clean
fruitfly_4_021018070111119_1-rectangle,4,false,clean
fruitfly_4_021018070111120_1-rectangle,4,false,clean
fruitfly_4_021018070111121_1-rectangle,4,false,clean
fruitfly_4_021018070111122_1-rectangle,4,false,clean
fruitfly_4_021018070111123_1-rectangle,4,true,label_flip_10
fruitfly_4_021018070111124_1-rectangle,4,false,clean
fruitfly_4_021018070111125_1-rectangle,4,false,clean
fruitfly_4_021018070111126_1-rectangle,4,false,clean
fruitfly_4_021018071111101_1-rectangle,4,false,clean
fruitfly_4_021018071111102_1-rectangle,4,false,clean
fruitfly_4_021018071111103_1-rectangle,4,false,clean
fruitfly_4_021018071111104_1-rectangle,4,false,clean
fruitfly_4_021018071111105_1-rectangle,4,false,clean
fruitfly_4_021018071111106_1-rectangle,4,false,clean
fruitfly_4_021018071111107_1-rectangle,4,false,clean
fruitfly_4_021018071111108_1-rectangle,4,false,clean
fruitfly_4_021018071111109_1-rectangle,4,false,clean
fruitfly_4_021018071111110_1-rectangle,4,false,clean
fruitfly_4_021018071111111_1-rectangle,4,false,clean
fruitfly_4_021018071111112_1-rectangle,4,false,clean
fruitfly_4_021018071111113_1-rectangle,4,false,clean
fruitfly_4_021018071111114_1-rectangle,4,true,label_flip_10
fruitfly_4_021018071111115_1-rectangle,4,false,clean
fruitfly_4_021018071111116_1-rectangle,4,false,clean
fruitfly_4_021018071111117_1-rectangle,4,false,clean
fruitfly_4_021018071111118_1-rectangle,4,false,clean
fruitfly_4_021018071111119_1-rectangle,4,false,clean
fruitfly_4_021018071111120_1-rectangle,4,true,label_flip_10
fruitfly_4_021018071111121_1-rectangle,4,false,clean
fruitfly_4_021018071111122_1-rectangle,4,false,clean
fruitfly_4_021018071111123_1-rectangle,4,false,clean
fruitfly_4_021018071111124_1-rectangle,4,false,clean
fruitfly_4_021018071111125_1-rectangle,4,false,clean
fruitfly_4_021018071111126_1-rectangle,4,false,clean
fruitfly_4_021018071111127_1-rectangle,4,false,clean
fruitfly_4_021018071111128_1-rectangle,4,false,clean
fruitfly_4_021018072111101_1-rectangle,4,true,label_flip_10
fruitfly_4_021018072111102_1-rectangle,4,false,clean
fruitfly_4_021018072111103_1-rectangle,4,false,clean
fruitfly_4_021018072111104_1-rectangle,4,false,clean
fruitfly_4_021018072111105_1-rectangle,4,true,label_flip_10
fruitfly_4_021018072111106_1-rectangle,4,false,clean
fruitfly_4_021018072111107_1-rectangle,4,false,clean
fruitfly_4_021018072111108_1-rectangle,4,false,clean
fruitfly_4_021018072111109_1-rectangle,4,false,clean
fruitfly_4_021018072111110_1-rectangle,4,false,clean
fruitfly_4_021018072111111_1-rectangle,4,false,clean
fruitfly_4_021018072111112_1-rectangle,4,false,clean
fruitfly_4_021018072111113_1-rectangle,4,false,clean
fruitfly_4_021018072111114_1-rectangle,4,false,clean
fruitfly_4_021018072111115_1-rectangle,4,false,clean
fruitfly_4_021018072111116_1-rectangle,4,false,clean
fruitfly_4_021018072111117_1-rectangle,4,false,clean
fruitfly_4_021018072111118_1-rectangle,4,false,clean
fruitfly_4_021018072111119_1-rectangle,4,false,clean
fruitfly_4_021018072111120_1-rectangle,4,false,clean
fruitfly_4_021018072111121_1-rectangle,4,false,clean
fruitfly_4_021018072111122_1-rectangle,4,false,clean
fruitfly_4_021018072111123_1-rectangle,4,false,clean
fruitfly_4_021018072111124_1-rectangle,4,false,clean
fruitfly_4_021018072111125_1-rectangle,4,false,clean
fruitfly_4_021018072111126_1-rectangle,4,false,clean
fruitfly_4_021018075111101_1-rectangle,4,true,label_flip_10
fruitfly_4_021018075111102_1-rectangle,4,false,clean
fruitfly_4_021018075111103_1-rectangle,4,false,clean
fruitfly_4_021018075111104_1-rectangle,4,false,clean
fruitfly_4_021018075111105_1-rectangle,4,false,clean
fruitfly_4_021018075111106_1-rectangle,4,false,clean
fruitfly_4_021018075111107_1-rectangle,4,false,clean
fruitfly_4_021018075111108_1-rectangle,4,true,label_flip_10
fruitfly_4_021018075111109_1-rectangle,4,false,clean
fruitfly_4_021018075111110_1-rectangle,4,true,label_flip_10
fruitfly_4_021018075111111_1-rectangle,4,false,clean
fruitfly_4_021018075111112_1-rectangle,4,false,clean
fruitfly_4_021018075111113_1-rectangle,4,false,clean
fruitfly_4_021018075111114_1-rectangle,4,false,clean
fruitfly_4_021018075111115_1-rectangle,4,true,label_flip_10
fruitfly_4_021018075111116_1-rectangle,4,false,clean
fruitfly_4_021018075111117_1-rectangle,4,false,clean
fruitfly_4_021018075111118_1-rectangle,4,false,clean
fruitfly_4_021018075111119_1-rectangle,4,false,clean
fruitfly_4_021018075111120_1-rectangle,4,false,clean
fruitfly_4_021018075111121_1-rectangle,4,false,clean
fruitfly_4_021018075111122_1-rectangle,4,false,clean
fruitfly_4_021018075111123_1-rectangle,4,false,clean
fruitfly_4_021018075111124_1-rectangle,4,false,clean
fruitfly_4_021018075111125_1-rectangle,4,false,clean
fruitfly_4_021018076111101_1-rectangle,4,false,clean
fruitfly_4_021018076111102_1-rectangle,4,false,clean
fruitfly_4_021018076111103_1-rectangle,4,false,clean
fruitfly_4_021018076111104_1-rectangle,4,false,clean
fruitfly_4_021018076111105_1-rectangle,4,false,clean
fruitfly_4_021018076111106_1-rectangle,4,false,clean
fruitfly_4_021018076111107_1-rectangle,4,false,clean
fruitfly_4_021018076111108_1-rectangle,4,false,clean
fruitfly_4_021018076111109_1-rectangle,4,false,clean
fruitfly_4_021018076111110_1-rectangle,4,false,clean
fruitfly_4_021018076111111_1-rectangle,4,false,clean
fruitfly_4_021018076111112_1-rectangle,4,true,label_flip_10
fruitfly_4_021018076111113_1-rectangle,4,true,label_flip_10
fruitfly_4_021018076111114_1-rectangle,4,false,clean
fruitfly_4_021018076111115_1-rectangle,4,false,clean
fruitfly_4_021018076111116_1-rectangle,4,false,clean
fruitfly_4_021018076111117_1-rectangle,4,false,clean
fruitfly_4_021018076111118_1-rectangle,4,false,clean
fruitfly_4_021018076111119_1-rectangle,4,false,clean
fruitfly_4_021018076111120_1-rectangle,4,false,clean
fruitfly_4_021018076111121_1-rectangle,4,false,clean
fruitfly_4_021018076111122_1-rectangle,4,false,clean
fruitfly_4_021018076111123_1-rectangle,4,false,clean
fruitfly_4_021018076111124_1-rectangle,4,false,clean
fruitfly_4_021018076111125_1-rectangle,4,false,clean
fruitfly_4_021018076111126_1-rectangle,4,false,clean
fruitfly_4_021018076111127_1-rectangle,4,false,clean
fruitfly_4_021018076111128_1-rectangle,4,false,clean
fruitfly_4_021018077111101_1-rectangle,4,false,clean
fruitfly_4_021018077111102_1-rectangle,4,false,clean
fruitfly_4_021018077111103_1-rectangle,4,false,clean
fruitfly_4_021018077111104_1-rectangle,4,false,clean
fruitfly_4_021018077111105_1-rectangle,4,false,clean
fruitfly_4_021018077111106_1-rectangle,4,false,clean
fruitfly_4_021018077111107_1-rectangle,4,false,clean
fruitfly_4_021018077111108_1-rectangle,4,false,clean
fruitfly_4_021018077111109_1-rectangle,4,true,label_flip_10
fruitfly_4_021018077111110_1-rectangle,4,false,clean
fruitfly_4_021018077111111_1-rectangle,4,false,clean
fruitfly_4_021018077111112_1-rectangle,4,false,clean
fruitfly_4_021018077111113_1-rectangle,4,false,clean
fruitfly_4_021018077111114_1-rectangle,4,false,clean
fruitfly_4_021018077111115_1-rectangle,4,false,clean
fruitfly_4_021018077111116_1-rectangle,4,false,clean
fruitfly_4_021018077111117_1-rectangle,4,false,clean
fruitfly_4_021018077111118_1-rectangle,4,false,clean
fruitfly_4_021018077111119_1-rectangle,4,false,clean
fruitfly_4_021018077111120_1-rectangle,4,false,clean
fruitfly_4_021018077111121_1-rectangle,4,true,label_flip_10
fruitfly_4_021018077111122_1-rectangle,4,false,clean
fruitfly_4_021018077111123_1-rectangle,4,false,clean
fruitfly_4_021018077111124_1-rectangle,4,false,clean
fruitfly_4_021018077111125_1-rectangle,4,false,clean
fruitfly_4_021018078111101_1-rectangle,4,false,clean
fruitfly_4_021018078111102_1-rectangle,4,false,clean
fruitfly_4_021018078111103_1-rectangle,4,false,clean
fruitfly_4_021018078111104_1-rectangle,4,false,clean
fruitfly_4_021018078111105_1-rectangle,4,false,clean
fruitfly_4_021018078111106_1-rectangle,4,false,clean
fruitfly_4_021018078111107_1-rectangle,4,false,clean
fruitfly_4_021018078111108_1-rectangle,4,false,clean
fruitfly_4_021018078111109_1-rectangle,4,false,clean
fruitfly_4_021018078111110_1-rectangle,4,false,clean
fruitfly_4_021018078111111_1-rectangle,4,false,clean
fruitfly_4_021018078111112_1-rectangle,4,false,clean
fruitfly_4_021018078111113_1-rectangle,4,false,clean
fruitfly_4_021018078111114_1-rectangle,4,false,clean
fruitfly_4_021018078111115_1-rectangle,4,false,clean
fruitfly_4_021018078111116_1-rectangle,4,false,clean
fruitfly_4_021018078111117_1-rectangle,4,false,clean
fruitfly_4_021018078111118_1-rectangle,4,false,clean
fruitfly_4_021018078111119_1-rectangle,4,false,clean
fruitfly_4_021018078111120_1-rectangle,4,false,clean
fruitfly_4_021018078111121_1-rectangle,4,false,clean
fruitfly_4_021018078111122_1-rectangle,4,false,clean
fruitfly_4_021018078111123_1-rectangle,4,false,clean
fruitfly_4_021018079111101_1-rectangle,4,false,clean
fruitfly_4_021018079111102_1-rectangle,4,false,clean
fruitfly_4_021018079111103_1-rectangle,4,false,clean
fruitfly_4_021018079111104_1-rectangle,4,false,clean
fruitfly_4_021018079111105_1-rectangle,4,false,clean
fruitfly_4_021018079111106_1-rectangle,4,false,clean
fruitfly_4_021018079111107_1-rectangle,4,false,clean
fruitfly_4_021018079111108_1-rectangle,4,false,clean
fruitfly_4_021018079111109_1-rectangle,4,false,clean
fruitfly_4_021018079111110_1-rectangle,4,false,clean
fruitfly_4_021018079111111_1-rectangle,4,false,clean
fruitfly_4_021018079111112_1-rectangle,4,false,clean
fruitfly_4_021018079111113_1-rectangle,4,false,clean
fruitfly_4_021018079111114_1-rectangle,4,false,clean
fruitfly_4_021018079111115_1-rectangle,4,false,clean
fruitfly_4_021018079111116_1-rectangle,4,false,clean
fruitfly_4_021018079111117_1-rectangle,4,false,clean
fruitfly_4_021018079111118_1-rectangle,4,false,clean
fruitfly_4_021018079111119_1-rectangle,4,false,clean
fruitfly_4_021018079111120_1-rectangle,4,false,clean
fruitfly_4_021018079111121_1-rectangle,4,false,clean
fruitfly_4_021018079111122_1-rectangle,4,false,clean
fruitfly_4_021018080111101_1-rectangle,4,false,clean
fruitfly_4_021018080111102_1-rectangle,4,false,clean
fruitfly_4_021018080111103_1-rectangle,4,false,clean
fruitfly_4_021018080111104_1-rectangle,4,false,clean
fruitfly_4_021018080111105_1-rectangle,4,false,clean
fruitfly_4_021018080111106_1-rectangle,4,true,label_flip_10
fruitfly_4_021018080111107_1-rectangle,4,false,clean
fruitfly_4_021018080111108_1-rectangle,4,false,clean
fruitfly_4_021018080111109_1-rectangle,4,false,clean
fruitfly_4_021018080111110_1-rectangle,4,false,clean
fruitfly_4_021018080111111_1-rectangle,4,false,clean
fruitfly_4_021018080111112_1-rectangle,4,false,clean
fruitfly_4_021018080111113_1-rectangle,4,true,label_flip_10
fruitfly_4_021018080111114_1-rectangle,4,true,label_flip_10
fruitfly_4_021018080111115_1-rectangle,4,false,clean
fruitfly_4_021018080111116_1-rectangle,4,false,clean
fruitfly_4_021018080111117_1-rectangle,4,false,clean
fruitfly_4_021018080111118_1-rectangle,4,false,clean
fruitfly_4_021018080111119_1-rectangle,4,false,clean
fruitfly_4_021018080111120_1-rectangle,4,false,clean
fruitfly_4_021018080111121_1-rectangle,4,false,clean
fruitfly_4_021018080111122_1-rectangle,4,false,clean
fruitfly_4_021018080111123_1-rectangle,4,true,label_flip_10
fruitfly_4_021018080111124_1-rectangle,4,false,clean
fruitfly_4_021018080111125_1-rectangle,4,true,label_flip_10
fruitfly_4_021018080111126_1-rectangle,4,false,clean
fruitfly_4_021018081111101_1-rectangle,4,false,clean
fruitfly_4_021018081111102_1-rectangle,4,false,clean
fruitfly_4_021018081111103_1-rectangle,4,false,clean
fruitfly_4_021018081111104_1-rectangle,4,false,clean
fruitfly_4_021018081111105_1-rectangle,4,false,clean
fruitfly_4_021018081111106_1-rectangle,4,false,clean
fruitfly_4_021018081111107_1-rectangle,4,true,label_flip_10
fruitfly_4_021018081111108_1-rectangle,4,false,clean
fruitfly_4_021018081111109_1-rectangle,4,false,clean
fruitfly_4_021018081111110_1-rectangle,4,true,label_flip_10
fruitfly_4_021018081111111_1-rectangle,4,true,label_flip_10
fruitfly_4_021018081111112_1-rectangle,4,false,clean
fruitfly_4_021018081111113_1-rectangle,4,false,clean
fruitfly_4_021018081111114_1-rectangle,4,false,clean
fruitfly_4_021018081111115_1-rectangle,4,false,clean
fruitfly_4_021018081111116_1-rectangle,4,false,clean
fruitfly_4_021018081111117_1-rectangle,4,false,clean
fruitfly_4_021018081111118_1-rectangle,4,false,clean
fruitfly_4_021018081111119_1-rectangle,4,false,clean
fruitfly_4_021018081111120_1-rectangle,4,false,clean
fruitfly_4_021018083111101_1-rectangle,4,false,clean
fruitfly_4_021018083111102_1-rectangle,4,false,clean
fruitfly_4_021018083111103_1-rectangle,4,false,clean
fruitfly_4_021018083111104_1-rectangle,4,false,clean
fruitfly_4_021018083111105_1-rectangle,4,false,clean
fruitfly_4_021018083111106_1-rectangle,4,false,clean
fruitfly_4_021018083111107_1-rectangle,4,false,clean
fruitfly_4_021018083111108_1-rectangle,4,false,clean
fruitfly_4_021018083111109_1-rectangle,4,false,clean
fruitfly_4_021018083111110_1-rectangle,4,false,clean
fruitfly_4_021018083111111_1-rectangle,4,false,clean
fruitfly_4_021018083111112_1-rectangle,4,false,clean
fruitfly_4_021018083111113_1-rectangle,4,false,clean
fruitfly_4_021018083111114_1-rectangle,4,true,label_flip_10
fruitfly_4_021018083111115_1-rectangle,4,false,clean
fruitfly_4_021018083111116_1-rectangle,4,false,clean
fruitfly_4_021018083111117_1-rectangle,4,false,clean
fruitfly_4_021018083111118_1-rectangle,4,false,clean
fruitfly_4_021018083111119_1-rectangle,4,false,clean
fruitfly_4_021018083111120_1-rectangle,4,true,label_flip_10
fruitfly_4_021018083111121_1-rectangle,4,false,clean
fruitfly_4_021018083111122_1-rectangle,4,false,clean
fruitfly_4_021018085111101_1-rectangle,4,false,clean
fruitfly_4_021018085111102_1-rectangle,4,false,clean
fruitfly_4_021018085111103_1-rectangle,4,false,clean
fruitfly_4_021018085111104_1-rectangle,4,false,clean
fruitfly_4_021018085111105_1-rectangle,4,false,clean
fruitfly_4_021018085111106_1-rectangle,4,false,clean
fruitfly_4_021018085111107_1-rectangle,4,false,clean
fruitfly_4_021018085111108_1-rectangle,4,false,clean
fruitfly_4_021018085111109_1-rectangle,4,false,clean
fruitfly_4_021018085111110_1-rectangle,4,false,clean
fruitfly_4_021018085111111_1-rectangle,4,false,clean
fruitfly_4_021018085111112_1-rectangle,4,false,clean
fruitfly_4_021018085111113_1-rectangle,4,true,label_flip_10
fruitfly_4_021018085111114_1-rectangle,4,false,clean
fruitfly_4_021018085111115_1-rectangle,4,false,clean
fruitfly_4_021018085111116_1-rectangle,4,false,clean
fruitfly_4_021018085111117_1-rectangle,4,false,clean
fruitfly_4_021018085111118_1-rectangle,4,false,clean
fruitfly_4_021018085111119_1-rectangle,4,false,clean
fruitfly_4_021018085111120_1-rectangle,4,false,clean
fruitfly_4_021018085111121_1-rectangle,4,false,clean
fruitfly_4_021018085111122_1-rectangle,4,false,clean
fruitfly_4_021018085111123_1-rectangle,4,false,clean
fruitfly_4_021018086111101_1-rectangle,4,false,clean
fruitfly_4_021018086111102_1-rectangle,4,true,label_flip_10
fruitfly_4_021018086111103_1-rectangle,4,true,label_flip_10
fruitfly_4_021018086111104_1-rectangle,4,false,clean
fruitfly_4_021018086111105_1-rectangle,4,true,label_flip_10
fruitfly_4_021018086111106_1-rectangle,4,false,clean
fruitfly_4_021018086111107_1-rectangle,4,false,clean
fruitfly_4_021018086111108_1-rectangle,4,false,clean
fruitfly_4_021018086111109_1-rectangle,4,false,clean
fruitfly_4_021018086111110_1-rectangle,4,false,clean
fruitfly_4_021018086111111_1-rectangle,4,false,clean
fruitfly_4_021018086111112_1-rectangle,4,false,clean
fruitfly_4_021018086111113_1-rectangle,4,false,clean
fruitfly_4_021018086111114_1-rectangle,4,false,clean
fruitfly_4_021018086111115_1-rectangle,4,false,clean
fruitfly_4_021018086111116_1-rectangle,4,false,clean
fruitfly_4_021018086111117_1-rectangle,4,false,clean
fruitfly_4_021018086111118_1-rectangle,4,false,clean
fruitfly_4_021018086111119_1-rectangle,4,false,clean
fruitfly_4_021018086111120_1-rectangle,4,false,clean
fruitfly_4_021018086111121_1-rectangle,4,false,clean
fruitfly_4_021018086111122_1-rectangle,4,false,clean
fruitfly_4_021018086111123_1-rectangle,4,true,label_flip_10
fruitfly_4_021018086111124_1-rectangle,4,false,clean
fruitfly_4_021018086111125_1-rectangle,4,false,clean
fruitfly_4_021018088111101_1-rectangle,4,false,clean
fruitfly_4_021018088111102_1-rectangle,4,false,clean
fruitfly_4_021018088111103_1-rectangle,4,false,clean
fruitfly_4_021018088111104_1-rectangle,4,true,label_flip_10
fruitfly_4_021018088111105_1-rectangle,4,false,clean
fruitfly_4_021018088111106_1-rectangle,4,false,clean
fruitfly_4_021018088111107_1-rectangle,4,false,clean
fruitfly_4_021018088111108_1-rectangle,4,true,label_flip_10
fruitfly_4_021018088111109_1-rectangle,4,false,clean
fruitfly_4_021018088111110_1-rectangle,4,false,clean
fruitfly_4_021018088111111_1-rectangle,4,false,clean
fruitfly_4_021018088111112_1-rectangle,4,false,clean
fruitfly_4_021018088111113_1-rectangle,4,false,clean
fruitfly_4_021018088111114_1-rectangle,4,false,clean
fruitfly_4_021018088111115_1-rectangle,4,false,clean
fruitfly_4_021018088111116_1-rectangle,4,false,clean
fruitfly_4_021018088111117_1-rectangle,4,false,clean
fruitfly_4_021018088111118_1-rectangle,4,false,clean
fruitfly_4_021018088111119_1-rectangle,4,true,label_flip_10
fruitfly_4_021018089111101_1-rectangle,4,false,clean
fruitfly_4_021018089111102_1-rectangle,4,false,clean
fruitfly_4_021018089111103_1-rectangle,4,false,clean
fruitfly_4_021018089111104_1-rectangle,4,false,clean
fruitfly_4_021018089111105_1-rectangle,4,false,clean
fruitfly_4_021018089111106_1-rectangle,4,false,clean
fruitfly_4_021018089111107_1-rectangle,4,true,label_flip_10
fruitfly_4_021018089111108_1-rectangle,4,false,clean
fruitfly_4_021018089111109_1-rectangle,4,false,clean
fruitfly_4_021018089111110_1-rectangle,4,false,clean
fruitfly_4_021018089111111_1-rectangle,4,false,clean
fruitfly_4_021018089111112_1-rectangle,4,false,clean
fruitfly_4_021018089111113_1-rectangle,4,false,clean
fruitfly_4_021018089111114_1-rectangle,4,true,label_flip_10
fruitfly_4_021018089111115_1-rectangle,4,true,label_flip_10
fruitfly_4_021018089111116_1-rectangle,4,false,clean
fruitfly_4_021018089111117_1-rectangle,4,false,clean
fruitfly_4_021018089111118_1-rectangle,4,false,clean
fruitfly_4_021018090111101_1-rectangle,4,false,clean
fruitfly_4_021018090111102_1-rectangle,4,false,clean
fruitfly_4_021018090111103_1-rectangle,4,false,clean
fruitfly_4_021018090111104_1-rectangle,4,false,clean
fruitfly_4_021018090111105_1-rectangle,4,false,clean
fruitfly_4_021018090111106_1-rectangle,4,false,clean
fruitfly_4_021018090111107_1-rectangle,4,false,clean
fruitfly_4_021018090111108_1-rectangle,4,false,clean
fruitfly_4_021018090111109_1-rectangle,4,false,clean
fruitfly_4_021018090111110_1-rectangle,4,false,clean
fruitfly_4_021018090111111_1-rectangle,4,true,label_flip_10
fruitfly_4_021018090111112_1-rectangle,4,false,clean
fruitfly_4_021018090111113_1-rectangle,4,false,clean
fruitfly_4_021018090111114_1-rectangle,4,true,label_flip_10
fruitfly_4_021018090111115_1-rectangle,4,false,clean
fruitfly_4_021018090111116_1-rectangle,4,false,clean
fruitfly_4_021018090111117_1-rectangle,4,false,clean
fruitfly_4_021018090111118_1-rectangle,4,false,clean
fruitfly_4_021018090111119_1-rectangle,4,false,clean
fruitfly_4_021018090111120_1-rectangle,4,false,clean
fruitfly_4_021018090111121_1-rectangle,4,false,clean
fruitfly_4_021018093111101_1-rectangle,4,false,clean
fruitfly_4_021018093111102_1-rectangle,4,true,label_flip_10
fruitfly_4_021018093111103_1-rectangle,4,false,clean
fruitfly_4_021018093111104_1-rectangle,4,false,clean
fruitfly_4_021018093111105_1-rectangle,4,false,clean
fruitfly_4_021018093111106_1-rectangle,4,false,clean
fruitfly_4_021018093111107_1-rectangle,4,false,clean
fruitfly_4_021018093111108_1-rectangle,4,true,label_flip_10
fruitfly_4_021018093111109_1-rectangle,4,false,clean
fruitfly_4_021018093111110_1-rectangle,4,false,clean
fruitfly_4_021018093111111_1-rectangle,4,false,clean
fruitfly_4_021018093111112_1-rectangle,4,false,clean
fruitfly_4_021018093111113_1-rectangle,4,false,clean
fruitfly_4_021018093111114_1-rectangle,4,false,clean
fruitfly_4_021018093111115_1-rectangle,4,false,clean
fruitfly_4_021018093111116_1-rectangle,4,false,clean
fruitfly_4_021018093111117_1-rectangle,4,false,clean
fruitfly_4_021018093111118_1-rectangle,4,false,clean
fruitfly_4_021018093111119_1-rectangle,4,true,label_flip_10
fruitfly_4_021018094111101_1-rectangle,4,false,clean
fruitfly_4_021018094111102_1-rectangle,4,false,clean
fruitfly_4_021018094111103_1-rectangle,4,false,clean
fruitfly_4_021018094111104_1-rectangle,4,false,clean
fruitfly_4_021018094111105_1-rectangle,4,false,clean
fruitfly_4_021018094111106_1-rectangle,4,false,clean
fruitfly_4_021018094111107_1-rectangle,4,false,clean
fruitfly_4_021018094111108_1-rectangle,4,false,clean
fruitfly_4_021018094111109_1-rectangle,4,false,clean
fruitfly_4_021018094111110_1-rectangle,4,false,clean
fruitfly_4_021018094111111_1-rectangle,4,false,clean
fruitfly_4_021018094111112_1-rectangle,4,false,clean
fruitfly_4_021018094111113_1-rectangle,4,true,label_flip_10
fruitfly_4_021018094111114_1-rectangle,4,false,clean
fruitfly_4_021018094111115_1-rectangle,4,false,clean
fruitfly_4_021018094111116_1-rectangle,4,false,clean
fruitfly_4_021018094111117_1-rectangle,4,false,clean
fruitfly_4_021018094111118_1-rectangle,4,false,clean
fruitfly_4_021018094111119_1-rectangle,4,false,clean
fruitfly_4_021018094111120_1-rectangle,4,false,clean
fruitfly_4_021018097111101_1-rectangle,4,false,clean
fruitfly_4_021018097111102_1-rectangle,4,false,clean
fruitfly_4_021018097111103_1-rectangle,4,false,clean
fruitfly_4_021018097111104_1-rectangle,4,false,clean
fruitfly_4_021018097111105_1-rectangle,4,false,clean
fruitfly_4_021018097111106_1-rectangle,4,true,label_flip_10
fruitfly_4_021018097111107_1-rectangle,4,false,clean
fruitfly_4_021018097111108_1-rectangle,4,false,clean
fruitfly_4_021018097111109_1-rectangle,4,false,clean
fruitfly_4_021018097111110_1-rectangle,4,false,clean
fruitfly_4_021018097111111_1-rectangle,4,false,clean
fruitfly_4_021018097111112_1-rectangle,4,false,clean
fruitfly_4_021018097111113_1-rectangle,4,false,clean
fruitfly_4_021018097111114_1-rectangle,4,false,clean
fruitfly_4_021018097111115_1-rectangle,4,false,clean
fruitfly_4_021018097111116_1-rectangle,4,false,clean
fruitfly_4_021018097111117_1-rectangle,4,false,clean
fruitfly_4_021018097111118_1-rectangle,4,false,clean
fruitfly_4_021018097111119_1-rectangle,4,false,clean
fruitfly_4_021018097111120_1-rectangle,4,false,clean
fruitfly_4_021018097111121_1-rectangle,4,false,clean
fruitfly_4_021018097111122_1-rectangle,4,true,label_flip_10
fruitfly_4_021018097111123_1-rectangle,4,false,clean
fruitfly_4_021018097111124_1-rectangle,4,false,clean
fruitfly_4_021018102111101_1-rectangle,4,false,clean
fruitfly_4_021018102111102_1-rectangle,4,false,clean
fruitfly_4_021018102111103_1-rectangle,4,false,clean
fruitfly_4_021018102111104_1-rectangle,4,false,clean
fruitfly_4_021018102111105_1-rectangle,4,false,clean
fruitfly_4_021018102111106_1-rectangle,4,false,clean
fruitfly_4_021018102111107_1-rectangle,4,false,clean
fruitfly_4_021018102111108_1-rectangle,4,false,clean
fruitfly_4_021018102111109_1-rectangle,4,false,clean
fruitfly_4_021018102111110_1-rectangle,4,false,clean
fruitfly_4_021018102111111_1-rectangle,4,true,label_flip_10
fruitfly_4_021018102111112_1-rectangle,4,false,clean
fruitfly_4_021018102111113_1-rectangle,4,false,clean
fruitfly_4_021018102111114_1-rectangle,4,false,clean
fruitfly_4_021018102111115_1-rectangle,4,false,clean
fruitfly_4_021018102111116_1-rectangle,4,false,clean
fruitfly_4_021018102111117_1-rectangle,4,false,clean
fruitfly_4_021018102111118_1-rectangle,4,false,clean
fruitfly_4_021018102111119_1-rectangle,4,false,clean
fruitfly_4_021018102111120_1-rectangle,4,false,clean
fruitfly_4_021018102111121_1-rectangle,4,true,label_flip_10
fruitfly_4_021018102111122_1-rectangle,4,true,label_flip_10
fruitfly_4_021018102111123_1-rectangle,4,false,clean
fruitfly_4_021018102111124_1-rectangle,4,false,clean
fruitfly_4_021018102111125_1-rectangle,4,false,clean
fruitfly_4_021018102111126_1-rectangle,4,false,clean
